id;nome;cod;categoria;subcategoria;und;peso_kg;foto;ncm;gtin;ativo;tipo_anilha;tipo_furo;acabamento;pegada;peso_faixa;barra_acabamento;bojo_formato;dumbell_tipo;piso_espessura_mm;piso_formato;peso_peca;tijolinho_tipo;tijolinho_torre;peso_fracionado;google_category;descricao_padrao
6a3de23b8b89cf4f585771a9;Anilha Tradicional Texturizado Olímpica 20kg;ATTO20;Anilhas;Tradicional;peça;20;;9506.91.00;;true;;Olímpico;Texturizado;;;;;;;;;;;false;3164;
6a3de23b8b89cf4f585771aa;Anilha Tradicional Texturizado Olímpica 25kg;ATTO25;Anilhas;Tradicional;peça;25;;9506.91.00;;true;;Olímpico;Texturizado;;;;;;;;;;;false;3164;
6a3de23b8b89cf4f585771ab;Anilha Tradicional Injetado 1kg;ATI1;Anilhas;Tradicional;peça;1;;9506.91.00;;true;;Padrão;Injetado;;;;;;;;;;;false;3164;
6a3de23b8b89cf4f585771ac;Anilha Tradicional Injetado 2kg;ATI2;Anilhas;Tradicional;peça;2;;9506.91.00;;true;;Padrão;Injetado;;;;;;;;;;;false;3164;
6a3de23b8b89cf4f585771ad;Anilha Tradicional Injetado 3kg;ATI3;Anilhas;Tradicional;peça;3;;9506.91.00;;true;;Padrão;Injetado;;;;;;;;;;;false;3164;
6a3de23b8b89cf4f585771ae;Anilha Tradicional Injetado 4kg;ATI4;Anilhas;Tradicional;peça;4;;9506.91.00;;true;;Padrão;Injetado;;;;;;;;;;;false;3164;
6a3de23b8b89cf4f585771af;Anilha Tradicional Injetado 5kg;ATI5;Anilhas;Tradicional;peça;5;;9506.91.00;;true;;Padrão;Injetado;;;;;;;;;;;false;3164;
6a3de23b8b89cf4f585771b0;Anilha Tradicional Injetado 10kg;ATI10;Anilhas;Tradicional;peça;10;;9506.91.00;;true;;Padrão;Injetado;;;;;;;;;;;false;3164;
6a3de23b8b89cf4f585771b1;Anilha Tradicional Injetado 15kg;ATI15;Anilhas;Tradicional;peça;15;;9506.91.00;;true;;Padrão;Injetado;;;;;;;;;;;false;3164;
6a3de23b8b89cf4f585771b2;Anilha Tradicional Injetado 20kg;ATI20;Anilhas;Tradicional;peça;20;;9506.91.00;;true;;Padrão;Injetado;;;;;;;;;;;false;3164;
6a3de23b8b89cf4f585771b3;Anilha Tradicional Injetado 25kg;ATI25;Anilhas;Tradicional;peça;25;;9506.91.00;;true;;Padrão;Injetado;;;;;;;;;;;false;3164;
6a3de23b8b89cf4f585771b4;Anilha Tradicional Injetado Olímpica 1kg;ATIO1;Anilhas;Tradicional;peça;1;;9506.91.00;;true;;Olímpico;Injetado;;;;;;;;;;;false;3164;
6a3de23b8b89cf4f585771b5;Anilha Tradicional Injetado Olímpica 2kg;ATIO2;Anilhas;Tradicional;peça;2;;9506.91.00;;true;;Olímpico;Injetado;;;;;;;;;;;false;3164;
6a3de23b8b89cf4f585771b6;Anilha Tradicional Injetado Olímpica 3kg;ATIO3;Anilhas;Tradicional;peça;3;;9506.91.00;;true;;Olímpico;Injetado;;;;;;;;;;;false;3164;
6a3de23b8b89cf4f585771b7;Anilha Tradicional Injetado Olímpica 4kg;ATIO4;Anilhas;Tradicional;peça;4;;9506.91.00;;true;;Olímpico;Injetado;;;;;;;;;;;false;3164;
6a3de23b8b89cf4f585771b8;Anilha Tradicional Injetado Olímpica 5kg;ATIO5;Anilhas;Tradicional;peça;5;;9506.91.00;;true;;Olímpico;Injetado;;;;;;;;;;;false;3164;
6a3de23b8b89cf4f585771b9;Anilha Tradicional Injetado Olímpica 10kg;ATIO10;Anilhas;Tradicional;peça;10;;9506.91.00;;true;;Olímpico;Injetado;;;;;;;;;;;false;3164;
6a3de23b8b89cf4f585771ba;Anilha Tradicional Injetado Olímpica 15kg;ATIO15;Anilhas;Tradicional;peça;15;;9506.91.00;;true;;Olímpico;Injetado;;;;;;;;;;;false;3164;
6a3de23b8b89cf4f585771bb;Anilha Tradicional Injetado Olímpica 20kg;ATIO20;Anilhas;Tradicional;peça;20;;9506.91.00;;true;;Olímpico;Injetado;;;;;;;;;;;false;3164;
6a3de23b8b89cf4f585771bc;Anilha Tradicional Injetado Olímpica 25kg;ATIO25;Anilhas;Tradicional;peça;25;;9506.91.00;;true;;Olímpico;Injetado;;;;;;;;;;;false;3164;
6a3de23b8b89cf4f585771bd;Anilha Bumper Olímpica 1kg;ABO1;Anilhas;Bumper;peça;1;https://base44.app/api/apps/68c9d5dd3cf0f8fd8a834875/files/mp/public/68c9d5dd3cf0f8fd8a834875/3ae1f8b1d_anilha-bumper-mini-furo-olimpico.jpg;9506.91.00;;true;;Olímpico;;;;;;;;;;;;false;3164;
6a3de23b8b89cf4f585771be;Anilha Bumper Olímpica 1,5kg;ABO1.5;Anilhas;Bumper;peça;1.5;https://base44.app/api/apps/68c9d5dd3cf0f8fd8a834875/files/mp/public/68c9d5dd3cf0f8fd8a834875/3ae1f8b1d_anilha-bumper-mini-furo-olimpico.jpg;9506.91.00;;true;;Olímpico;;;;;;;;;;;;true;3164;
6a3de23b8b89cf4f585771bf;Anilha Bumper Olímpica 2kg;ABO2;Anilhas;Bumper;peça;2;https://base44.app/api/apps/68c9d5dd3cf0f8fd8a834875/files/mp/public/68c9d5dd3cf0f8fd8a834875/3ae1f8b1d_anilha-bumper-mini-furo-olimpico.jpg;9506.91.00;;true;;Olímpico;;;;;;;;;;;;false;3164;
6a3de23b8b89cf4f585771c0;Anilha Bumper Olímpica 2,5kg;ABO2.5;Anilhas;Bumper;peça;2.5;https://base44.app/api/apps/68c9d5dd3cf0f8fd8a834875/files/mp/public/68c9d5dd3cf0f8fd8a834875/3ae1f8b1d_anilha-bumper-mini-furo-olimpico.jpg;9506.91.00;;true;;Olímpico;;;;;;;;;;;;true;3164;
6a3de23bc03bf79c138cbbec;Anilha Vazada Sem acabamento 1kg;AVB1;Anilhas;Vazada;peça;1;;9506.91.00;;true;;Padrão;Sem acabamento;;;;;;;;;;;false;3164;
6a3de23bc03bf79c138cbbed;Anilha Vazada Sem acabamento 2kg;AVB2;Anilhas;Vazada;peça;2;;9506.91.00;;true;;Padrão;Sem acabamento;;;;;;;;;;;false;3164;
6a3de23bc03bf79c138cbbee;Anilha Vazada Sem acabamento 3kg;AVB3;Anilhas;Vazada;peça;3;;9506.91.00;;true;;Padrão;Sem acabamento;;;;;;;;;;;false;3164;
6a3de23bc03bf79c138cbbef;Anilha Vazada Sem acabamento 4kg;AVB4;Anilhas;Vazada;peça;4;;9506.91.00;;true;;Padrão;Sem acabamento;;;;;;;;;;;false;3164;
6a3de23bc03bf79c138cbbf0;Anilha Vazada Sem acabamento 5kg;AVB5;Anilhas;Vazada;peça;5;;9506.91.00;;true;;Padrão;Sem acabamento;;;;;;;;;;;false;3164;
6a3de23bc03bf79c138cbbf1;Anilha Vazada Sem acabamento 10kg;AVB10;Anilhas;Vazada;peça;10;;9506.91.00;;true;;Padrão;Sem acabamento;;;;;;;;;;;false;3164;
6a3de23bc03bf79c138cbbf2;Anilha Vazada Sem acabamento 15kg;AVB15;Anilhas;Vazada;peça;15;;9506.91.00;;true;;Padrão;Sem acabamento;;;;;;;;;;;false;3164;
6a3de23bc03bf79c138cbbf3;Anilha Vazada Sem acabamento 20kg;AVB20;Anilhas;Vazada;peça;20;;9506.91.00;;true;;Padrão;Sem acabamento;;;;;;;;;;;false;3164;
6a3de23bc03bf79c138cbbf4;Anilha Vazada Sem acabamento 25kg;AVB25;Anilhas;Vazada;peça;25;;9506.91.00;;true;;Padrão;Sem acabamento;;;;;;;;;;;false;3164;
6a3de23bc03bf79c138cbbf5;Anilha Vazada Sem acabamento Olímpica 1kg;AVBO1;Anilhas;Vazada;peça;1;;9506.91.00;;true;;Olímpico;Sem acabamento;;;;;;;;;;;false;3164;
6a3de23bc03bf79c138cbbf6;Anilha Vazada Sem acabamento Olímpica 2kg;AVBO2;Anilhas;Vazada;peça;2;;9506.91.00;;true;;Olímpico;Sem acabamento;;;;;;;;;;;false;3164;
6a3de23bc03bf79c138cbbf7;Anilha Vazada Sem acabamento Olímpica 3kg;AVBO3;Anilhas;Vazada;peça;3;;9506.91.00;;true;;Olímpico;Sem acabamento;;;;;;;;;;;false;3164;
6a3de23bc03bf79c138cbbf8;Anilha Vazada Sem acabamento Olímpica 4kg;AVBO4;Anilhas;Vazada;peça;4;;9506.91.00;;true;;Olímpico;Sem acabamento;;;;;;;;;;;false;3164;
6a3de23bc03bf79c138cbbf9;Anilha Vazada Sem acabamento Olímpica 5kg;AVBO5;Anilhas;Vazada;peça;5;;9506.91.00;;true;;Olímpico;Sem acabamento;;;;;;;;;;;false;3164;
6a3de23bc03bf79c138cbbfa;Anilha Vazada Sem acabamento Olímpica 10kg;AVBO10;Anilhas;Vazada;peça;10;;9506.91.00;;true;;Olímpico;Sem acabamento;;;;;;;;;;;false;3164;
6a3de23bc03bf79c138cbbfb;Anilha Vazada Sem acabamento Olímpica 15kg;AVBO15;Anilhas;Vazada;peça;15;;9506.91.00;;true;;Olímpico;Sem acabamento;;;;;;;;;;;false;3164;
6a3de23bc03bf79c138cbbfc;Anilha Vazada Sem acabamento Olímpica 20kg;AVBO20;Anilhas;Vazada;peça;20;;9506.91.00;;true;;Olímpico;Sem acabamento;;;;;;;;;;;false;3164;
6a3de23bc03bf79c138cbbfd;Anilha Vazada Sem acabamento Olímpica 25kg;AVBO25;Anilhas;Vazada;peça;25;;9506.91.00;;true;;Olímpico;Sem acabamento;;;;;;;;;;;false;3164;
6a3de23bc03bf79c138cbbfe;Anilha Vazada Pintado 1kg;AVP1;Anilhas;Vazada;peça;1;https://base44.app/api/apps/68c9d5dd3cf0f8fd8a834875/files/mp/public/68c9d5dd3cf0f8fd8a834875/e5be524d3_anilha-vazada-pintada-furo-normal.jpg;9506.91.00;;true;;Padrão;Pintado;;;;;;;;;;;false;3164;
6a3de23bc03bf79c138cbbff;Anilha Vazada Pintado 2kg;AVP2;Anilhas;Vazada;peça;2;https://base44.app/api/apps/68c9d5dd3cf0f8fd8a834875/files/mp/public/68c9d5dd3cf0f8fd8a834875/e5be524d3_anilha-vazada-pintada-furo-normal.jpg;9506.91.00;;true;;Padrão;Pintado;;;;;;;;;;;false;3164;
6a3de23bc03bf79c138cbc00;Anilha Vazada Pintado 3kg;AVP3;Anilhas;Vazada;peça;3;https://base44.app/api/apps/68c9d5dd3cf0f8fd8a834875/files/mp/public/68c9d5dd3cf0f8fd8a834875/e5be524d3_anilha-vazada-pintada-furo-normal.jpg;9506.91.00;;true;;Padrão;Pintado;;;;;;;;;;;false;3164;
6a3de23bc03bf79c138cbc01;Anilha Vazada Pintado 4kg;AVP4;Anilhas;Vazada;peça;4;https://base44.app/api/apps/68c9d5dd3cf0f8fd8a834875/files/mp/public/68c9d5dd3cf0f8fd8a834875/e5be524d3_anilha-vazada-pintada-furo-normal.jpg;9506.91.00;;true;;Padrão;Pintado;;;;;;;;;;;false;3164;
6a3de23bc03bf79c138cbc02;Anilha Vazada Pintado 5kg;AVP5;Anilhas;Vazada;peça;5;https://base44.app/api/apps/68c9d5dd3cf0f8fd8a834875/files/mp/public/68c9d5dd3cf0f8fd8a834875/e5be524d3_anilha-vazada-pintada-furo-normal.jpg;9506.91.00;;true;;Padrão;Pintado;;;;;;;;;;;false;3164;
6a3de23bc03bf79c138cbc03;Anilha Vazada Pintado 10kg;AVP10;Anilhas;Vazada;peça;10;https://base44.app/api/apps/68c9d5dd3cf0f8fd8a834875/files/mp/public/68c9d5dd3cf0f8fd8a834875/e5be524d3_anilha-vazada-pintada-furo-normal.jpg;9506.91.00;;true;;Padrão;Pintado;;;;;;;;;;;false;3164;
6a3de23bc03bf79c138cbc04;Anilha Vazada Pintado 15kg;AVP15;Anilhas;Vazada;peça;15;https://base44.app/api/apps/68c9d5dd3cf0f8fd8a834875/files/mp/public/68c9d5dd3cf0f8fd8a834875/e5be524d3_anilha-vazada-pintada-furo-normal.jpg;9506.91.00;;true;;Padrão;Pintado;;;;;;;;;;;false;3164;
6a3de23bc03bf79c138cbc05;Anilha Vazada Pintado 20kg;AVP20;Anilhas;Vazada;peça;20;https://base44.app/api/apps/68c9d5dd3cf0f8fd8a834875/files/mp/public/68c9d5dd3cf0f8fd8a834875/e5be524d3_anilha-vazada-pintada-furo-normal.jpg;9506.91.00;;true;;Padrão;Pintado;;;;;;;;;;;false;3164;
6a3de23bc03bf79c138cbc06;Anilha Vazada Pintado 25kg;AVP25;Anilhas;Vazada;peça;25;https://base44.app/api/apps/68c9d5dd3cf0f8fd8a834875/files/mp/public/68c9d5dd3cf0f8fd8a834875/e5be524d3_anilha-vazada-pintada-furo-normal.jpg;9506.91.00;;true;;Padrão;Pintado;;;;;;;;;;;false;3164;
6a3de23bc03bf79c138cbc07;Anilha Vazada Pintado Olímpica 1kg;AVPO1;Anilhas;Vazada;peça;1;https://base44.app/api/apps/68c9d5dd3cf0f8fd8a834875/files/mp/public/68c9d5dd3cf0f8fd8a834875/3a4ba5138_1-vazada_pintada.jpg;9506.91.00;;true;;Olímpico;Pintado;;;;;;;;;;;false;3164;
6a3de23bc03bf79c138cbc08;Anilha Vazada Pintado Olímpica 2kg;AVPO2;Anilhas;Vazada;peça;2;https://base44.app/api/apps/68c9d5dd3cf0f8fd8a834875/files/mp/public/68c9d5dd3cf0f8fd8a834875/3a4ba5138_1-vazada_pintada.jpg;9506.91.00;;true;;Olímpico;Pintado;;;;;;;;;;;false;3164;
6a3de23bc03bf79c138cbc09;Anilha Vazada Pintado Olímpica 3kg;AVPO3;Anilhas;Vazada;peça;3;https://base44.app/api/apps/68c9d5dd3cf0f8fd8a834875/files/mp/public/68c9d5dd3cf0f8fd8a834875/3a4ba5138_1-vazada_pintada.jpg;9506.91.00;;true;;Olímpico;Pintado;;;;;;;;;;;false;3164;
6a3de23bc03bf79c138cbc0a;Anilha Vazada Pintado Olímpica 4kg;AVPO4;Anilhas;Vazada;peça;4;https://base44.app/api/apps/68c9d5dd3cf0f8fd8a834875/files/mp/public/68c9d5dd3cf0f8fd8a834875/3a4ba5138_1-vazada_pintada.jpg;9506.91.00;;true;;Olímpico;Pintado;;;;;;;;;;;false;3164;
6a3de23bc03bf79c138cbc0b;Anilha Vazada Pintado Olímpica 5kg;AVPO5;Anilhas;Vazada;peça;5;https://base44.app/api/apps/68c9d5dd3cf0f8fd8a834875/files/mp/public/68c9d5dd3cf0f8fd8a834875/3a4ba5138_1-vazada_pintada.jpg;9506.91.00;;true;;Olímpico;Pintado;;;;;;;;;;;false;3164;
6a3de23bc03bf79c138cbc0c;Anilha Vazada Pintado Olímpica 10kg;AVPO10;Anilhas;Vazada;peça;10;https://base44.app/api/apps/68c9d5dd3cf0f8fd8a834875/files/mp/public/68c9d5dd3cf0f8fd8a834875/3a4ba5138_1-vazada_pintada.jpg;9506.91.00;;true;;Olímpico;Pintado;;;;;;;;;;;false;3164;
6a3de23bc03bf79c138cbc0d;Anilha Vazada Pintado Olímpica 15kg;AVPO15;Anilhas;Vazada;peça;15;https://base44.app/api/apps/68c9d5dd3cf0f8fd8a834875/files/mp/public/68c9d5dd3cf0f8fd8a834875/3a4ba5138_1-vazada_pintada.jpg;9506.91.00;;true;;Olímpico;Pintado;;;;;;;;;;;false;3164;
6a3de23bc03bf79c138cbc0e;Anilha Vazada Pintado Olímpica 20kg;AVPO20;Anilhas;Vazada;peça;20;https://base44.app/api/apps/68c9d5dd3cf0f8fd8a834875/files/mp/public/68c9d5dd3cf0f8fd8a834875/3a4ba5138_1-vazada_pintada.jpg;9506.91.00;;true;;Olímpico;Pintado;;;;;;;;;;;false;3164;
6a3de23bc03bf79c138cbc0f;Anilha Vazada Pintado Olímpica 25kg;AVPO25;Anilhas;Vazada;peça;25;https://base44.app/api/apps/68c9d5dd3cf0f8fd8a834875/files/mp/public/68c9d5dd3cf0f8fd8a834875/3a4ba5138_1-vazada_pintada.jpg;9506.91.00;;true;;Olímpico;Pintado;;;;;;;;;;;false;3164;
6a3de23bc03bf79c138cbc10;Anilha Vazada Emborrachada 1kg;AVR1;Anilhas;Vazada;peça;1;https://base44.app/api/apps/68c9d5dd3cf0f8fd8a834875/files/mp/public/68c9d5dd3cf0f8fd8a834875/d3ff73bda_anilha-vazada-emborrachada-furo-normal.jpg;9506.91.00;;true;;Padrão;Emborrachada;;;;;;;;;;;false;3164;
6a3de23bc03bf79c138cbc11;Anilha Vazada Emborrachada 2kg;AVR2;Anilhas;Vazada;peça;2;https://base44.app/api/apps/68c9d5dd3cf0f8fd8a834875/files/mp/public/68c9d5dd3cf0f8fd8a834875/d3ff73bda_anilha-vazada-emborrachada-furo-normal.jpg;9506.91.00;;true;;Padrão;Emborrachada;;;;;;;;;;;false;3164;
6a3de23bc03bf79c138cbc12;Anilha Vazada Emborrachada 3kg;AVR3;Anilhas;Vazada;peça;3;https://base44.app/api/apps/68c9d5dd3cf0f8fd8a834875/files/mp/public/68c9d5dd3cf0f8fd8a834875/d3ff73bda_anilha-vazada-emborrachada-furo-normal.jpg;9506.91.00;;true;;Padrão;Emborrachada;;;;;;;;;;;false;3164;
6a3de23bc03bf79c138cbc13;Anilha Vazada Emborrachada 4kg;AVR4;Anilhas;Vazada;peça;4;https://base44.app/api/apps/68c9d5dd3cf0f8fd8a834875/files/mp/public/68c9d5dd3cf0f8fd8a834875/d3ff73bda_anilha-vazada-emborrachada-furo-normal.jpg;9506.91.00;;true;;Padrão;Emborrachada;;;;;;;;;;;false;3164;
6a3de23bc03bf79c138cbc14;Anilha Vazada Emborrachada 5kg;AVR5;Anilhas;Vazada;peça;5;https://base44.app/api/apps/68c9d5dd3cf0f8fd8a834875/files/mp/public/68c9d5dd3cf0f8fd8a834875/d3ff73bda_anilha-vazada-emborrachada-furo-normal.jpg;9506.91.00;;true;;Padrão;Emborrachada;;;;;;;;;;;false;3164;
6a3de23bc03bf79c138cbc15;Anilha Vazada Emborrachada 10kg;AVR10;Anilhas;Vazada;peça;10;https://base44.app/api/apps/68c9d5dd3cf0f8fd8a834875/files/mp/public/68c9d5dd3cf0f8fd8a834875/d3ff73bda_anilha-vazada-emborrachada-furo-normal.jpg;9506.91.00;;true;;Padrão;Emborrachada;;;;;;;;;;;false;3164;
6a3de23bc03bf79c138cbc16;Anilha Vazada Emborrachada 15kg;AVR15;Anilhas;Vazada;peça;15;https://base44.app/api/apps/68c9d5dd3cf0f8fd8a834875/files/mp/public/68c9d5dd3cf0f8fd8a834875/d3ff73bda_anilha-vazada-emborrachada-furo-normal.jpg;9506.91.00;;true;;Padrão;Emborrachada;;;;;;;;;;;false;3164;
6a3de23bc03bf79c138cbc17;Anilha Vazada Emborrachada 20kg;AVR20;Anilhas;Vazada;peça;20;https://base44.app/api/apps/68c9d5dd3cf0f8fd8a834875/files/mp/public/68c9d5dd3cf0f8fd8a834875/d3ff73bda_anilha-vazada-emborrachada-furo-normal.jpg;9506.91.00;;true;;Padrão;Emborrachada;;;;;;;;;;;false;3164;
6a3de23bc03bf79c138cbc18;Anilha Vazada Emborrachada 25kg;AVR25;Anilhas;Vazada;peça;25;https://base44.app/api/apps/68c9d5dd3cf0f8fd8a834875/files/mp/public/68c9d5dd3cf0f8fd8a834875/d3ff73bda_anilha-vazada-emborrachada-furo-normal.jpg;9506.91.00;;true;;Padrão;Emborrachada;;;;;;;;;;;false;3164;
6a3de23bc03bf79c138cbc19;Anilha Vazada Emborrachada Olímpica 1kg;AVRO1;Anilhas;Vazada;peça;1;https://base44.app/api/apps/68c9d5dd3cf0f8fd8a834875/files/mp/public/68c9d5dd3cf0f8fd8a834875/3389b01e9_2-vazada_emborrachada.jpg;9506.91.00;;true;;Olímpico;Emborrachada;;;;;;;;;;;false;3164;
6a3de23bc03bf79c138cbc1a;Anilha Vazada Emborrachada Olímpica 2kg;AVRO2;Anilhas;Vazada;peça;2;https://base44.app/api/apps/68c9d5dd3cf0f8fd8a834875/files/mp/public/68c9d5dd3cf0f8fd8a834875/3389b01e9_2-vazada_emborrachada.jpg;9506.91.00;;true;;Olímpico;Emborrachada;;;;;;;;;;;false;3164;
6a3de23bc03bf79c138cbc1b;Anilha Vazada Emborrachada Olímpica 3kg;AVRO3;Anilhas;Vazada;peça;3;https://base44.app/api/apps/68c9d5dd3cf0f8fd8a834875/files/mp/public/68c9d5dd3cf0f8fd8a834875/3389b01e9_2-vazada_emborrachada.jpg;9506.91.00;;true;;Olímpico;Emborrachada;;;;;;;;;;;false;3164;
6a3de23bc03bf79c138cbc1c;Anilha Vazada Emborrachada Olímpica 4kg;AVRO4;Anilhas;Vazada;peça;4;https://base44.app/api/apps/68c9d5dd3cf0f8fd8a834875/files/mp/public/68c9d5dd3cf0f8fd8a834875/3389b01e9_2-vazada_emborrachada.jpg;9506.91.00;;true;;Olímpico;Emborrachada;;;;;;;;;;;false;3164;
6a3de23bc03bf79c138cbc1d;Anilha Vazada Emborrachada Olímpica 5kg;AVRO5;Anilhas;Vazada;peça;5;https://base44.app/api/apps/68c9d5dd3cf0f8fd8a834875/files/mp/public/68c9d5dd3cf0f8fd8a834875/3389b01e9_2-vazada_emborrachada.jpg;9506.91.00;;true;;Olímpico;Emborrachada;;;;;;;;;;;false;3164;
6a3de23bc03bf79c138cbc1e;Anilha Vazada Emborrachada Olímpica 10kg;AVRO10;Anilhas;Vazada;peça;10;https://base44.app/api/apps/68c9d5dd3cf0f8fd8a834875/files/mp/public/68c9d5dd3cf0f8fd8a834875/3389b01e9_2-vazada_emborrachada.jpg;9506.91.00;;true;;Olímpico;Emborrachada;;;;;;;;;;;false;3164;
6a3de23bc03bf79c138cbc1f;Anilha Vazada Emborrachada Olímpica 15kg;AVRO15;Anilhas;Vazada;peça;15;https://base44.app/api/apps/68c9d5dd3cf0f8fd8a834875/files/mp/public/68c9d5dd3cf0f8fd8a834875/3389b01e9_2-vazada_emborrachada.jpg;9506.91.00;;true;;Olímpico;Emborrachada;;;;;;;;;;;false;3164;
6a3de23bc03bf79c138cbc20;Anilha Vazada Emborrachada Olímpica 20kg;AVRO20;Anilhas;Vazada;peça;20;https://base44.app/api/apps/68c9d5dd3cf0f8fd8a834875/files/mp/public/68c9d5dd3cf0f8fd8a834875/3389b01e9_2-vazada_emborrachada.jpg;9506.91.00;;true;;Olímpico;Emborrachada;;;;;;;;;;;false;3164;
6a3de23bc03bf79c138cbc21;Anilha Vazada Emborrachada Olímpica 25kg;AVRO25;Anilhas;Vazada;peça;25;https://base44.app/api/apps/68c9d5dd3cf0f8fd8a834875/files/mp/public/68c9d5dd3cf0f8fd8a834875/3389b01e9_2-vazada_emborrachada.jpg;9506.91.00;;true;;Olímpico;Emborrachada;;;;;;;;;;;false;3164;
6a3de23bc03bf79c138cbc22;Anilha Vazada Texturizado 1kg;AVT1;Anilhas;Vazada;peça;1;;9506.91.00;;true;;Padrão;Texturizado;;;;;;;;;;;false;3164;
6a3de23bc03bf79c138cbc23;Anilha Vazada Texturizado 2kg;AVT2;Anilhas;Vazada;peça;2;;9506.91.00;;true;;Padrão;Texturizado;;;;;;;;;;;false;3164;
6a3de23bc03bf79c138cbc24;Anilha Vazada Texturizado 3kg;AVT3;Anilhas;Vazada;peça;3;;9506.91.00;;true;;Padrão;Texturizado;;;;;;;;;;;false;3164;
6a3de23bc03bf79c138cbc25;Anilha Vazada Texturizado 4kg;AVT4;Anilhas;Vazada;peça;4;;9506.91.00;;true;;Padrão;Texturizado;;;;;;;;;;;false;3164;
6a3de23bc03bf79c138cbc26;Anilha Vazada Texturizado 5kg;AVT5;Anilhas;Vazada;peça;5;;9506.91.00;;true;;Padrão;Texturizado;;;;;;;;;;;false;3164;
6a3de23bc03bf79c138cbc27;Anilha Vazada Texturizado 10kg;AVT10;Anilhas;Vazada;peça;10;;9506.91.00;;true;;Padrão;Texturizado;;;;;;;;;;;false;3164;
6a3de23bc03bf79c138cbc28;Anilha Vazada Texturizado 15kg;AVT15;Anilhas;Vazada;peça;15;;9506.91.00;;true;;Padrão;Texturizado;;;;;;;;;;;false;3164;
6a3de23bc03bf79c138cbc29;Anilha Vazada Texturizado 20kg;AVT20;Anilhas;Vazada;peça;20;;9506.91.00;;true;;Padrão;Texturizado;;;;;;;;;;;false;3164;
6a3de23bc03bf79c138cbc2a;Anilha Vazada Texturizado 25kg;AVT25;Anilhas;Vazada;peça;25;;9506.91.00;;true;;Padrão;Texturizado;;;;;;;;;;;false;3164;
6a3de23bc03bf79c138cbc2b;Anilha Vazada Texturizado Olímpica 1kg;AVTO1;Anilhas;Vazada;peça;1;;9506.91.00;;true;;Olímpico;Texturizado;;;;;;;;;;;false;3164;
6a3de23bc03bf79c138cbc2c;Anilha Vazada Texturizado Olímpica 2kg;AVTO2;Anilhas;Vazada;peça;2;;9506.91.00;;true;;Olímpico;Texturizado;;;;;;;;;;;false;3164;
6a3de23bc03bf79c138cbc2d;Anilha Vazada Texturizado Olímpica 3kg;AVTO3;Anilhas;Vazada;peça;3;;9506.91.00;;true;;Olímpico;Texturizado;;;;;;;;;;;false;3164;
6a3de23bc03bf79c138cbc2e;Anilha Vazada Texturizado Olímpica 4kg;AVTO4;Anilhas;Vazada;peça;4;;9506.91.00;;true;;Olímpico;Texturizado;;;;;;;;;;;false;3164;
6a3de23bc03bf79c138cbc2f;Anilha Vazada Texturizado Olímpica 5kg;AVTO5;Anilhas;Vazada;peça;5;;9506.91.00;;true;;Olímpico;Texturizado;;;;;;;;;;;false;3164;
6a3de23bc03bf79c138cbc30;Anilha Vazada Texturizado Olímpica 10kg;AVTO10;Anilhas;Vazada;peça;10;;9506.91.00;;true;;Olímpico;Texturizado;;;;;;;;;;;false;3164;
6a3de23bc03bf79c138cbc31;Anilha Vazada Texturizado Olímpica 15kg;AVTO15;Anilhas;Vazada;peça;15;;9506.91.00;;true;;Olímpico;Texturizado;;;;;;;;;;;false;3164;
6a3de23bc03bf79c138cbc32;Anilha Vazada Texturizado Olímpica 20kg;AVTO20;Anilhas;Vazada;peça;20;;9506.91.00;;true;;Olímpico;Texturizado;;;;;;;;;;;false;3164;
6a3de23bc03bf79c138cbc33;Anilha Vazada Texturizado Olímpica 25kg;AVTO25;Anilhas;Vazada;peça;25;;9506.91.00;;true;;Olímpico;Texturizado;;;;;;;;;;;false;3164;
6a3de23bc03bf79c138cbc34;Anilha Vazada Injetado 1kg;AVI1;Anilhas;Vazada;peça;1;https://base44.app/api/apps/68c9d5dd3cf0f8fd8a834875/files/mp/public/68c9d5dd3cf0f8fd8a834875/9a44d3a32_anilha-injetada-furo-normal.jpg;9506.91.00;;true;;Padrão;Injetado;;;;;;;;;;;false;3164;
6a3de23bc03bf79c138cbc35;Anilha Vazada Injetado 2kg;AVI2;Anilhas;Vazada;peça;2;https://base44.app/api/apps/68c9d5dd3cf0f8fd8a834875/files/mp/public/68c9d5dd3cf0f8fd8a834875/9a44d3a32_anilha-injetada-furo-normal.jpg;9506.91.00;;true;;Padrão;Injetado;;;;;;;;;;;false;3164;
6a3de23bc03bf79c138cbc36;Anilha Vazada Injetado 3kg;AVI3;Anilhas;Vazada;peça;3;https://base44.app/api/apps/68c9d5dd3cf0f8fd8a834875/files/mp/public/68c9d5dd3cf0f8fd8a834875/9a44d3a32_anilha-injetada-furo-normal.jpg;9506.91.00;;true;;Padrão;Injetado;;;;;;;;;;;false;3164;
6a3de23bc03bf79c138cbc37;Anilha Vazada Injetado 4kg;AVI4;Anilhas;Vazada;peça;4;https://base44.app/api/apps/68c9d5dd3cf0f8fd8a834875/files/mp/public/68c9d5dd3cf0f8fd8a834875/9a44d3a32_anilha-injetada-furo-normal.jpg;9506.91.00;;true;;Padrão;Injetado;;;;;;;;;;;false;3164;
6a3de23bc03bf79c138cbc38;Anilha Vazada Injetado 5kg;AVI5;Anilhas;Vazada;peça;5;https://base44.app/api/apps/68c9d5dd3cf0f8fd8a834875/files/mp/public/68c9d5dd3cf0f8fd8a834875/9a44d3a32_anilha-injetada-furo-normal.jpg;9506.91.00;;true;;Padrão;Injetado;;;;;;;;;;;false;3164;
6a3de23bc03bf79c138cbc39;Anilha Vazada Injetado 10kg;AVI10;Anilhas;Vazada;peça;10;https://base44.app/api/apps/68c9d5dd3cf0f8fd8a834875/files/mp/public/68c9d5dd3cf0f8fd8a834875/9a44d3a32_anilha-injetada-furo-normal.jpg;9506.91.00;;true;;Padrão;Injetado;;;;;;;;;;;false;3164;
6a3de23bc03bf79c138cbc3a;Anilha Vazada Injetado 15kg;AVI15;Anilhas;Vazada;peça;15;https://base44.app/api/apps/68c9d5dd3cf0f8fd8a834875/files/mp/public/68c9d5dd3cf0f8fd8a834875/9a44d3a32_anilha-injetada-furo-normal.jpg;9506.91.00;;true;;Padrão;Injetado;;;;;;;;;;;false;3164;
6a3de23bc03bf79c138cbc3b;Anilha Vazada Injetado 20kg;AVI20;Anilhas;Vazada;peça;20;https://base44.app/api/apps/68c9d5dd3cf0f8fd8a834875/files/mp/public/68c9d5dd3cf0f8fd8a834875/9a44d3a32_anilha-injetada-furo-normal.jpg;9506.91.00;;true;;Padrão;Injetado;;;;;;;;;;;false;3164;
6a3de23bc03bf79c138cbc3c;Anilha Vazada Injetado 25kg;AVI25;Anilhas;Vazada;peça;25;https://base44.app/api/apps/68c9d5dd3cf0f8fd8a834875/files/mp/public/68c9d5dd3cf0f8fd8a834875/9a44d3a32_anilha-injetada-furo-normal.jpg;9506.91.00;;true;;Padrão;Injetado;;;;;;;;;;;false;3164;
6a3de23bc03bf79c138cbc3d;Anilha Vazada Injetado Olímpica 1kg;AVIO1;Anilhas;Vazada;peça;1;https://base44.app/api/apps/68c9d5dd3cf0f8fd8a834875/files/mp/public/68c9d5dd3cf0f8fd8a834875/933e511fc_anilha-injetada-furo-olimpico.jpg;9506.91.00;;true;;Olímpico;Injetado;;;;;;;;;;;false;3164;
6a3de23bc03bf79c138cbc3e;Anilha Vazada Injetado Olímpica 2kg;AVIO2;Anilhas;Vazada;peça;2;https://base44.app/api/apps/68c9d5dd3cf0f8fd8a834875/files/mp/public/68c9d5dd3cf0f8fd8a834875/933e511fc_anilha-injetada-furo-olimpico.jpg;9506.91.00;;true;;Olímpico;Injetado;;;;;;;;;;;false;3164;
6a3de23bc03bf79c138cbc3f;Anilha Vazada Injetado Olímpica 3kg;AVIO3;Anilhas;Vazada;peça;3;https://base44.app/api/apps/68c9d5dd3cf0f8fd8a834875/files/mp/public/68c9d5dd3cf0f8fd8a834875/933e511fc_anilha-injetada-furo-olimpico.jpg;9506.91.00;;true;;Olímpico;Injetado;;;;;;;;;;;false;3164;
6a3de23bc03bf79c138cbc40;Anilha Vazada Injetado Olímpica 4kg;AVIO4;Anilhas;Vazada;peça;4;https://base44.app/api/apps/68c9d5dd3cf0f8fd8a834875/files/mp/public/68c9d5dd3cf0f8fd8a834875/933e511fc_anilha-injetada-furo-olimpico.jpg;9506.91.00;;true;;Olímpico;Injetado;;;;;;;;;;;false;3164;
6a3de23bc03bf79c138cbc41;Anilha Vazada Injetado Olímpica 5kg;AVIO5;Anilhas;Vazada;peça;5;https://base44.app/api/apps/68c9d5dd3cf0f8fd8a834875/files/mp/public/68c9d5dd3cf0f8fd8a834875/933e511fc_anilha-injetada-furo-olimpico.jpg;9506.91.00;;true;;Olímpico;Injetado;;;;;;;;;;;false;3164;
6a3de23bc03bf79c138cbc42;Anilha Vazada Injetado Olímpica 10kg;AVIO10;Anilhas;Vazada;peça;10;https://base44.app/api/apps/68c9d5dd3cf0f8fd8a834875/files/mp/public/68c9d5dd3cf0f8fd8a834875/933e511fc_anilha-injetada-furo-olimpico.jpg;9506.91.00;;true;;Olímpico;Injetado;;;;;;;;;;;false;3164;
6a3de23bc03bf79c138cbc43;Anilha Vazada Injetado Olímpica 15kg;AVIO15;Anilhas;Vazada;peça;15;https://base44.app/api/apps/68c9d5dd3cf0f8fd8a834875/files/mp/public/68c9d5dd3cf0f8fd8a834875/933e511fc_anilha-injetada-furo-olimpico.jpg;9506.91.00;;true;;Olímpico;Injetado;;;;;;;;;;;false;3164;
6a3de23bc03bf79c138cbc44;Anilha Vazada Injetado Olímpica 20kg;AVIO20;Anilhas;Vazada;peça;20;https://base44.app/api/apps/68c9d5dd3cf0f8fd8a834875/files/mp/public/68c9d5dd3cf0f8fd8a834875/933e511fc_anilha-injetada-furo-olimpico.jpg;9506.91.00;;true;;Olímpico;Injetado;;;;;;;;;;;false;3164;
6a3de23bc03bf79c138cbc45;Anilha Vazada Injetado Olímpica 25kg;AVIO25;Anilhas;Vazada;peça;25;https://base44.app/api/apps/68c9d5dd3cf0f8fd8a834875/files/mp/public/68c9d5dd3cf0f8fd8a834875/933e511fc_anilha-injetada-furo-olimpico.jpg;9506.91.00;;true;;Olímpico;Injetado;;;;;;;;;;;false;3164;
6a3de23bc03bf79c138cbc46;Anilha Sport Sem acabamento 1kg;ASB1;Anilhas;Sport;peça;1;;9506.91.00;;true;;Padrão;Sem acabamento;;;;;;;;;;;false;3164;
6a3de23bc03bf79c138cbc47;Anilha Sport Sem acabamento 2kg;ASB2;Anilhas;Sport;peça;2;;9506.91.00;;true;;Padrão;Sem acabamento;;;;;;;;;;;false;3164;
6a3de23bc03bf79c138cbc48;Anilha Sport Sem acabamento 3kg;ASB3;Anilhas;Sport;peça;3;;9506.91.00;;true;;Padrão;Sem acabamento;;;;;;;;;;;false;3164;
6a3de23bc03bf79c138cbc49;Anilha Sport Sem acabamento 4kg;ASB4;Anilhas;Sport;peça;4;;9506.91.00;;true;;Padrão;Sem acabamento;;;;;;;;;;;false;3164;
6a3de23bc03bf79c138cbc4a;Anilha Sport Sem acabamento 5kg;ASB5;Anilhas;Sport;peça;5;;9506.91.00;;true;;Padrão;Sem acabamento;;;;;;;;;;;false;3164;
6a3de23bc03bf79c138cbc4b;Anilha Sport Sem acabamento 10kg;ASB10;Anilhas;Sport;peça;10;;9506.91.00;;true;;Padrão;Sem acabamento;;;;;;;;;;;false;3164;
6a3de23bc03bf79c138cbc4c;Anilha Sport Sem acabamento 15kg;ASB15;Anilhas;Sport;peça;15;;9506.91.00;;true;;Padrão;Sem acabamento;;;;;;;;;;;false;3164;
6a3de23bc03bf79c138cbc4d;Anilha Sport Sem acabamento 20kg;ASB20;Anilhas;Sport;peça;20;;9506.91.00;;true;;Padrão;Sem acabamento;;;;;;;;;;;false;3164;
6a3de23bc03bf79c138cbc4e;Anilha Sport Sem acabamento 25kg;ASB25;Anilhas;Sport;peça;25;;9506.91.00;;true;;Padrão;Sem acabamento;;;;;;;;;;;false;3164;
6a3de23bc03bf79c138cbc4f;Anilha Sport Sem acabamento Olímpica 1kg;ASBO1;Anilhas;Sport;peça;1;;9506.91.00;;true;;Olímpico;Sem acabamento;;;;;;;;;;;false;3164;
6a3de23bc03bf79c138cbc50;Anilha Sport Sem acabamento Olímpica 2kg;ASBO2;Anilhas;Sport;peça;2;;9506.91.00;;true;;Olímpico;Sem acabamento;;;;;;;;;;;false;3164;
6a3de23bc03bf79c138cbc51;Anilha Sport Sem acabamento Olímpica 3kg;ASBO3;Anilhas;Sport;peça;3;;9506.91.00;;true;;Olímpico;Sem acabamento;;;;;;;;;;;false;3164;
6a3de23bc03bf79c138cbc52;Anilha Sport Sem acabamento Olímpica 4kg;ASBO4;Anilhas;Sport;peça;4;;9506.91.00;;true;;Olímpico;Sem acabamento;;;;;;;;;;;false;3164;
6a3de23bc03bf79c138cbc53;Anilha Sport Sem acabamento Olímpica 5kg;ASBO5;Anilhas;Sport;peça;5;;9506.91.00;;true;;Olímpico;Sem acabamento;;;;;;;;;;;false;3164;
6a3de23bc03bf79c138cbc54;Anilha Sport Sem acabamento Olímpica 10kg;ASBO10;Anilhas;Sport;peça;10;;9506.91.00;;true;;Olímpico;Sem acabamento;;;;;;;;;;;false;3164;
6a3de23bc03bf79c138cbc55;Anilha Sport Sem acabamento Olímpica 15kg;ASBO15;Anilhas;Sport;peça;15;;9506.91.00;;true;;Olímpico;Sem acabamento;;;;;;;;;;;false;3164;
6a3de23bc03bf79c138cbc56;Anilha Sport Sem acabamento Olímpica 20kg;ASBO20;Anilhas;Sport;peça;20;;9506.91.00;;true;;Olímpico;Sem acabamento;;;;;;;;;;;false;3164;
6a3de23bc03bf79c138cbc57;Anilha Sport Sem acabamento Olímpica 25kg;ASBO25;Anilhas;Sport;peça;25;;9506.91.00;;true;;Olímpico;Sem acabamento;;;;;;;;;;;false;3164;
6a3de23bc03bf79c138cbc58;Anilha Sport Pintado 1kg;ASP1;Anilhas;Sport;peça;1;https://base44.app/api/apps/68c9d5dd3cf0f8fd8a834875/files/mp/public/68c9d5dd3cf0f8fd8a834875/ebd91bb79_anilha-sport-pintada-furo-normal.webp;9506.91.00;;true;;Padrão;Pintado;;;;;;;;;;;false;3164;
6a3de23bc03bf79c138cbc59;Anilha Sport Pintado 2kg;ASP2;Anilhas;Sport;peça;2;https://base44.app/api/apps/68c9d5dd3cf0f8fd8a834875/files/mp/public/68c9d5dd3cf0f8fd8a834875/ebd91bb79_anilha-sport-pintada-furo-normal.webp;9506.91.00;;true;;Padrão;Pintado;;;;;;;;;;;false;3164;
6a3de23bc03bf79c138cbc5a;Anilha Sport Pintado 3kg;ASP3;Anilhas;Sport;peça;3;https://base44.app/api/apps/68c9d5dd3cf0f8fd8a834875/files/mp/public/68c9d5dd3cf0f8fd8a834875/ebd91bb79_anilha-sport-pintada-furo-normal.webp;9506.91.00;;true;;Padrão;Pintado;;;;;;;;;;;false;3164;
6a3de23bc03bf79c138cbc5b;Anilha Sport Pintado 4kg;ASP4;Anilhas;Sport;peça;4;https://base44.app/api/apps/68c9d5dd3cf0f8fd8a834875/files/mp/public/68c9d5dd3cf0f8fd8a834875/ebd91bb79_anilha-sport-pintada-furo-normal.webp;9506.91.00;;true;;Padrão;Pintado;;;;;;;;;;;false;3164;
6a3de23bc03bf79c138cbc5c;Anilha Sport Pintado 5kg;ASP5;Anilhas;Sport;peça;5;https://base44.app/api/apps/68c9d5dd3cf0f8fd8a834875/files/mp/public/68c9d5dd3cf0f8fd8a834875/ebd91bb79_anilha-sport-pintada-furo-normal.webp;9506.91.00;;true;;Padrão;Pintado;;;;;;;;;;;false;3164;
6a3de23bc03bf79c138cbc5d;Anilha Sport Pintado 10kg;ASP10;Anilhas;Sport;peça;10;https://base44.app/api/apps/68c9d5dd3cf0f8fd8a834875/files/mp/public/68c9d5dd3cf0f8fd8a834875/ebd91bb79_anilha-sport-pintada-furo-normal.webp;9506.91.00;;true;;Padrão;Pintado;;;;;;;;;;;false;3164;
6a3de23bc03bf79c138cbc5e;Anilha Sport Pintado 15kg;ASP15;Anilhas;Sport;peça;15;https://base44.app/api/apps/68c9d5dd3cf0f8fd8a834875/files/mp/public/68c9d5dd3cf0f8fd8a834875/ebd91bb79_anilha-sport-pintada-furo-normal.webp;9506.91.00;;true;;Padrão;Pintado;;;;;;;;;;;false;3164;
6a3de23bc03bf79c138cbc5f;Anilha Sport Pintado 20kg;ASP20;Anilhas;Sport;peça;20;https://base44.app/api/apps/68c9d5dd3cf0f8fd8a834875/files/mp/public/68c9d5dd3cf0f8fd8a834875/ebd91bb79_anilha-sport-pintada-furo-normal.webp;9506.91.00;;true;;Padrão;Pintado;;;;;;;;;;;false;3164;
6a3de23bc03bf79c138cbc60;Anilha Sport Pintado 25kg;ASP25;Anilhas;Sport;peça;25;https://base44.app/api/apps/68c9d5dd3cf0f8fd8a834875/files/mp/public/68c9d5dd3cf0f8fd8a834875/ebd91bb79_anilha-sport-pintada-furo-normal.webp;9506.91.00;;true;;Padrão;Pintado;;;;;;;;;;;false;3164;
6a3de23bc03bf79c138cbc61;Anilha Sport Pintado Olímpica 1kg;ASPO1;Anilhas;Sport;peça;1;https://base44.app/api/apps/68c9d5dd3cf0f8fd8a834875/files/mp/public/68c9d5dd3cf0f8fd8a834875/0ac78e9c3_7-p04_045.jpg;9506.91.00;;true;;Olímpico;Pintado;;;;;;;;;;;false;3164;
6a3de23bc03bf79c138cbc62;Anilha Sport Pintado Olímpica 2kg;ASPO2;Anilhas;Sport;peça;2;https://base44.app/api/apps/68c9d5dd3cf0f8fd8a834875/files/mp/public/68c9d5dd3cf0f8fd8a834875/0ac78e9c3_7-p04_045.jpg;9506.91.00;;true;;Olímpico;Pintado;;;;;;;;;;;false;3164;
6a3de23bc03bf79c138cbc63;Anilha Sport Pintado Olímpica 3kg;ASPO3;Anilhas;Sport;peça;3;https://base44.app/api/apps/68c9d5dd3cf0f8fd8a834875/files/mp/public/68c9d5dd3cf0f8fd8a834875/0ac78e9c3_7-p04_045.jpg;9506.91.00;;true;;Olímpico;Pintado;;;;;;;;;;;false;3164;
6a3de23bc03bf79c138cbc64;Anilha Sport Pintado Olímpica 4kg;ASPO4;Anilhas;Sport;peça;4;https://base44.app/api/apps/68c9d5dd3cf0f8fd8a834875/files/mp/public/68c9d5dd3cf0f8fd8a834875/0ac78e9c3_7-p04_045.jpg;9506.91.00;;true;;Olímpico;Pintado;;;;;;;;;;;false;3164;
6a3de23bc03bf79c138cbc65;Anilha Sport Pintado Olímpica 5kg;ASPO5;Anilhas;Sport;peça;5;https://base44.app/api/apps/68c9d5dd3cf0f8fd8a834875/files/mp/public/68c9d5dd3cf0f8fd8a834875/0ac78e9c3_7-p04_045.jpg;9506.91.00;;true;;Olímpico;Pintado;;;;;;;;;;;false;3164;
6a3de23bc03bf79c138cbc66;Anilha Sport Pintado Olímpica 10kg;ASPO10;Anilhas;Sport;peça;10;https://base44.app/api/apps/68c9d5dd3cf0f8fd8a834875/files/mp/public/68c9d5dd3cf0f8fd8a834875/0ac78e9c3_7-p04_045.jpg;9506.91.00;;true;;Olímpico;Pintado;;;;;;;;;;;false;3164;
6a3de23bc03bf79c138cbc67;Anilha Sport Pintado Olímpica 15kg;ASPO15;Anilhas;Sport;peça;15;https://base44.app/api/apps/68c9d5dd3cf0f8fd8a834875/files/mp/public/68c9d5dd3cf0f8fd8a834875/0ac78e9c3_7-p04_045.jpg;9506.91.00;;true;;Olímpico;Pintado;;;;;;;;;;;false;3164;
6a3de23bc03bf79c138cbc68;Anilha Sport Pintado Olímpica 20kg;ASPO20;Anilhas;Sport;peça;20;https://base44.app/api/apps/68c9d5dd3cf0f8fd8a834875/files/mp/public/68c9d5dd3cf0f8fd8a834875/0ac78e9c3_7-p04_045.jpg;9506.91.00;;true;;Olímpico;Pintado;;;;;;;;;;;false;3164;
6a3de23bc03bf79c138cbc69;Anilha Sport Pintado Olímpica 25kg;ASPO25;Anilhas;Sport;peça;25;https://base44.app/api/apps/68c9d5dd3cf0f8fd8a834875/files/mp/public/68c9d5dd3cf0f8fd8a834875/0ac78e9c3_7-p04_045.jpg;9506.91.00;;true;;Olímpico;Pintado;;;;;;;;;;;false;3164;
6a3de23bc03bf79c138cbc6a;Anilha Sport Emborrachada 1kg;ASR1;Anilhas;Sport;peça;1;https://base44.app/api/apps/68c9d5dd3cf0f8fd8a834875/files/mp/public/68c9d5dd3cf0f8fd8a834875/8f46f4aaa_anilha-sport-emborrachada-furo-normal.jpg;9506.91.00;;true;;Padrão;Emborrachada;;;;;;;;;;;false;3164;
6a3de23bc03bf79c138cbc6b;Anilha Sport Emborrachada 2kg;ASR2;Anilhas;Sport;peça;2;https://base44.app/api/apps/68c9d5dd3cf0f8fd8a834875/files/mp/public/68c9d5dd3cf0f8fd8a834875/8f46f4aaa_anilha-sport-emborrachada-furo-normal.jpg;9506.91.00;;true;;Padrão;Emborrachada;;;;;;;;;;;false;3164;
6a3de23bc03bf79c138cbc6c;Anilha Sport Emborrachada 3kg;ASR3;Anilhas;Sport;peça;3;https://base44.app/api/apps/68c9d5dd3cf0f8fd8a834875/files/mp/public/68c9d5dd3cf0f8fd8a834875/8f46f4aaa_anilha-sport-emborrachada-furo-normal.jpg;9506.91.00;;true;;Padrão;Emborrachada;;;;;;;;;;;false;3164;
6a3de23bc03bf79c138cbc6d;Anilha Sport Emborrachada 4kg;ASR4;Anilhas;Sport;peça;4;https://base44.app/api/apps/68c9d5dd3cf0f8fd8a834875/files/mp/public/68c9d5dd3cf0f8fd8a834875/8f46f4aaa_anilha-sport-emborrachada-furo-normal.jpg;9506.91.00;;true;;Padrão;Emborrachada;;;;;;;;;;;false;3164;
6a3de23bc03bf79c138cbc6e;Anilha Sport Emborrachada 5kg;ASR5;Anilhas;Sport;peça;5;https://base44.app/api/apps/68c9d5dd3cf0f8fd8a834875/files/mp/public/68c9d5dd3cf0f8fd8a834875/8f46f4aaa_anilha-sport-emborrachada-furo-normal.jpg;9506.91.00;;true;;Padrão;Emborrachada;;;;;;;;;;;false;3164;
6a3de23bc03bf79c138cbc6f;Anilha Sport Emborrachada 10kg;ASR10;Anilhas;Sport;peça;10;https://base44.app/api/apps/68c9d5dd3cf0f8fd8a834875/files/mp/public/68c9d5dd3cf0f8fd8a834875/8f46f4aaa_anilha-sport-emborrachada-furo-normal.jpg;9506.91.00;;true;;Padrão;Emborrachada;;;;;;;;;;;false;3164;
6a3de23bc03bf79c138cbc70;Anilha Sport Emborrachada 15kg;ASR15;Anilhas;Sport;peça;15;https://base44.app/api/apps/68c9d5dd3cf0f8fd8a834875/files/mp/public/68c9d5dd3cf0f8fd8a834875/8f46f4aaa_anilha-sport-emborrachada-furo-normal.jpg;9506.91.00;;true;;Padrão;Emborrachada;;;;;;;;;;;false;3164;
6a3de23bc03bf79c138cbc71;Anilha Sport Emborrachada 20kg;ASR20;Anilhas;Sport;peça;20;https://base44.app/api/apps/68c9d5dd3cf0f8fd8a834875/files/mp/public/68c9d5dd3cf0f8fd8a834875/8f46f4aaa_anilha-sport-emborrachada-furo-normal.jpg;9506.91.00;;true;;Padrão;Emborrachada;;;;;;;;;;;false;3164;
6a3de23bc03bf79c138cbc72;Anilha Sport Emborrachada 25kg;ASR25;Anilhas;Sport;peça;25;https://base44.app/api/apps/68c9d5dd3cf0f8fd8a834875/files/mp/public/68c9d5dd3cf0f8fd8a834875/8f46f4aaa_anilha-sport-emborrachada-furo-normal.jpg;9506.91.00;;true;;Padrão;Emborrachada;;;;;;;;;;;false;3164;
6a3de23bc03bf79c138cbc73;Anilha Sport Emborrachada Olímpica 1kg;ASRO1;Anilhas;Sport;peça;1;https://base44.app/api/apps/68c9d5dd3cf0f8fd8a834875/files/mp/public/68c9d5dd3cf0f8fd8a834875/ffef2c609_2-p04_051.jpg;9506.91.00;;true;;Olímpico;Emborrachada;;;;;;;;;;;false;3164;
6a3de23bc03bf79c138cbc74;Anilha Sport Emborrachada Olímpica 2kg;ASRO2;Anilhas;Sport;peça;2;https://base44.app/api/apps/68c9d5dd3cf0f8fd8a834875/files/mp/public/68c9d5dd3cf0f8fd8a834875/ffef2c609_2-p04_051.jpg;9506.91.00;;true;;Olímpico;Emborrachada;;;;;;;;;;;false;3164;
6a3de23bc03bf79c138cbc75;Anilha Sport Emborrachada Olímpica 3kg;ASRO3;Anilhas;Sport;peça;3;https://base44.app/api/apps/68c9d5dd3cf0f8fd8a834875/files/mp/public/68c9d5dd3cf0f8fd8a834875/ffef2c609_2-p04_051.jpg;9506.91.00;;true;;Olímpico;Emborrachada;;;;;;;;;;;false;3164;
6a3de23bc03bf79c138cbc76;Anilha Sport Emborrachada Olímpica 4kg;ASRO4;Anilhas;Sport;peça;4;https://base44.app/api/apps/68c9d5dd3cf0f8fd8a834875/files/mp/public/68c9d5dd3cf0f8fd8a834875/ffef2c609_2-p04_051.jpg;9506.91.00;;true;;Olímpico;Emborrachada;;;;;;;;;;;false;3164;
6a3de23bc03bf79c138cbc77;Anilha Sport Emborrachada Olímpica 5kg;ASRO5;Anilhas;Sport;peça;5;https://base44.app/api/apps/68c9d5dd3cf0f8fd8a834875/files/mp/public/68c9d5dd3cf0f8fd8a834875/ffef2c609_2-p04_051.jpg;9506.91.00;;true;;Olímpico;Emborrachada;;;;;;;;;;;false;3164;
6a3de23bc03bf79c138cbc78;Anilha Sport Emborrachada Olímpica 10kg;ASRO10;Anilhas;Sport;peça;10;https://base44.app/api/apps/68c9d5dd3cf0f8fd8a834875/files/mp/public/68c9d5dd3cf0f8fd8a834875/ffef2c609_2-p04_051.jpg;9506.91.00;;true;;Olímpico;Emborrachada;;;;;;;;;;;false;3164;
6a3de23bc03bf79c138cbc79;Anilha Sport Emborrachada Olímpica 15kg;ASRO15;Anilhas;Sport;peça;15;https://base44.app/api/apps/68c9d5dd3cf0f8fd8a834875/files/mp/public/68c9d5dd3cf0f8fd8a834875/ffef2c609_2-p04_051.jpg;9506.91.00;;true;;Olímpico;Emborrachada;;;;;;;;;;;false;3164;
6a3de23bc03bf79c138cbc7a;Anilha Sport Emborrachada Olímpica 20kg;ASRO20;Anilhas;Sport;peça;20;https://base44.app/api/apps/68c9d5dd3cf0f8fd8a834875/files/mp/public/68c9d5dd3cf0f8fd8a834875/ffef2c609_2-p04_051.jpg;9506.91.00;;true;;Olímpico;Emborrachada;;;;;;;;;;;false;3164;
6a3de23bc03bf79c138cbc7b;Anilha Sport Emborrachada Olímpica 25kg;ASRO25;Anilhas;Sport;peça;25;https://base44.app/api/apps/68c9d5dd3cf0f8fd8a834875/files/mp/public/68c9d5dd3cf0f8fd8a834875/ffef2c609_2-p04_051.jpg;9506.91.00;;true;;Olímpico;Emborrachada;;;;;;;;;;;false;3164;
6a3de23bc03bf79c138cbc7c;Anilha Sport Texturizado 1kg;AST1;Anilhas;Sport;peça;1;;9506.91.00;;true;;Padrão;Texturizado;;;;;;;;;;;false;3164;
6a3de23bc03bf79c138cbc7d;Anilha Sport Texturizado 2kg;AST2;Anilhas;Sport;peça;2;;9506.91.00;;true;;Padrão;Texturizado;;;;;;;;;;;false;3164;
6a3de23bc03bf79c138cbc7e;Anilha Sport Texturizado 3kg;AST3;Anilhas;Sport;peça;3;;9506.91.00;;true;;Padrão;Texturizado;;;;;;;;;;;false;3164;
6a3de23bc03bf79c138cbc7f;Anilha Sport Texturizado 4kg;AST4;Anilhas;Sport;peça;4;;9506.91.00;;true;;Padrão;Texturizado;;;;;;;;;;;false;3164;
6a3de23bc03bf79c138cbc80;Anilha Sport Texturizado 5kg;AST5;Anilhas;Sport;peça;5;;9506.91.00;;true;;Padrão;Texturizado;;;;;;;;;;;false;3164;
6a3de23bc03bf79c138cbc81;Anilha Sport Texturizado 10kg;AST10;Anilhas;Sport;peça;10;;9506.91.00;;true;;Padrão;Texturizado;;;;;;;;;;;false;3164;
6a3de23bc03bf79c138cbc82;Anilha Sport Texturizado 15kg;AST15;Anilhas;Sport;peça;15;;9506.91.00;;true;;Padrão;Texturizado;;;;;;;;;;;false;3164;
6a3de23bc03bf79c138cbc83;Anilha Sport Texturizado 20kg;AST20;Anilhas;Sport;peça;20;;9506.91.00;;true;;Padrão;Texturizado;;;;;;;;;;;false;3164;
6a3de23bc03bf79c138cbc84;Anilha Sport Texturizado 25kg;AST25;Anilhas;Sport;peça;25;;9506.91.00;;true;;Padrão;Texturizado;;;;;;;;;;;false;3164;
6a3de23bc03bf79c138cbc85;Anilha Sport Texturizado Olímpica 1kg;ASTO1;Anilhas;Sport;peça;1;;9506.91.00;;true;;Olímpico;Texturizado;;;;;;;;;;;false;3164;
6a3de23bc03bf79c138cbc86;Anilha Sport Texturizado Olímpica 2kg;ASTO2;Anilhas;Sport;peça;2;;9506.91.00;;true;;Olímpico;Texturizado;;;;;;;;;;;false;3164;
6a3de23bc03bf79c138cbc87;Anilha Sport Texturizado Olímpica 3kg;ASTO3;Anilhas;Sport;peça;3;;9506.91.00;;true;;Olímpico;Texturizado;;;;;;;;;;;false;3164;
6a3de23bc03bf79c138cbc88;Anilha Sport Texturizado Olímpica 4kg;ASTO4;Anilhas;Sport;peça;4;;9506.91.00;;true;;Olímpico;Texturizado;;;;;;;;;;;false;3164;
6a3de23bc03bf79c138cbc89;Anilha Sport Texturizado Olímpica 5kg;ASTO5;Anilhas;Sport;peça;5;;9506.91.00;;true;;Olímpico;Texturizado;;;;;;;;;;;false;3164;
6a3de23bc03bf79c138cbc8a;Anilha Sport Texturizado Olímpica 10kg;ASTO10;Anilhas;Sport;peça;10;;9506.91.00;;true;;Olímpico;Texturizado;;;;;;;;;;;false;3164;
6a3de23bc03bf79c138cbc8b;Anilha Sport Texturizado Olímpica 15kg;ASTO15;Anilhas;Sport;peça;15;;9506.91.00;;true;;Olímpico;Texturizado;;;;;;;;;;;false;3164;
6a3de23bc03bf79c138cbc8c;Anilha Sport Texturizado Olímpica 20kg;ASTO20;Anilhas;Sport;peça;20;;9506.91.00;;true;;Olímpico;Texturizado;;;;;;;;;;;false;3164;
6a3de23bc03bf79c138cbc8d;Anilha Sport Texturizado Olímpica 25kg;ASTO25;Anilhas;Sport;peça;25;;9506.91.00;;true;;Olímpico;Texturizado;;;;;;;;;;;false;3164;
6a3de23bc03bf79c138cbc8e;Anilha Sport Injetado 1kg;ASI1;Anilhas;Sport;peça;1;https://base44.app/api/apps/68c9d5dd3cf0f8fd8a834875/files/mp/public/68c9d5dd3cf0f8fd8a834875/e53191a71_anilha-sport-injetada-furo-normal1.jpg;9506.91.00;;true;;Padrão;Injetado;;;;;;;;;;;false;3164;
6a3de23bc03bf79c138cbc8f;Anilha Sport Injetado 2kg;ASI2;Anilhas;Sport;peça;2;https://base44.app/api/apps/68c9d5dd3cf0f8fd8a834875/files/mp/public/68c9d5dd3cf0f8fd8a834875/e53191a71_anilha-sport-injetada-furo-normal1.jpg;9506.91.00;;true;;Padrão;Injetado;;;;;;;;;;;false;3164;
6a3de23bc03bf79c138cbc90;Anilha Sport Injetado 3kg;ASI3;Anilhas;Sport;peça;3;https://base44.app/api/apps/68c9d5dd3cf0f8fd8a834875/files/mp/public/68c9d5dd3cf0f8fd8a834875/e53191a71_anilha-sport-injetada-furo-normal1.jpg;9506.91.00;;true;;Padrão;Injetado;;;;;;;;;;;false;3164;
6a3de23bc03bf79c138cbc91;Anilha Sport Injetado 4kg;ASI4;Anilhas;Sport;peça;4;https://base44.app/api/apps/68c9d5dd3cf0f8fd8a834875/files/mp/public/68c9d5dd3cf0f8fd8a834875/e53191a71_anilha-sport-injetada-furo-normal1.jpg;9506.91.00;;true;;Padrão;Injetado;;;;;;;;;;;false;3164;
6a3de23bc03bf79c138cbc92;Anilha Sport Injetado 5kg;ASI5;Anilhas;Sport;peça;5;https://base44.app/api/apps/68c9d5dd3cf0f8fd8a834875/files/mp/public/68c9d5dd3cf0f8fd8a834875/e53191a71_anilha-sport-injetada-furo-normal1.jpg;9506.91.00;;true;;Padrão;Injetado;;;;;;;;;;;false;3164;
6a3de23bc03bf79c138cbc93;Anilha Sport Injetado 10kg;ASI10;Anilhas;Sport;peça;10;https://base44.app/api/apps/68c9d5dd3cf0f8fd8a834875/files/mp/public/68c9d5dd3cf0f8fd8a834875/e53191a71_anilha-sport-injetada-furo-normal1.jpg;9506.91.00;;true;;Padrão;Injetado;;;;;;;;;;;false;3164;
6a3de23bc03bf79c138cbc94;Anilha Sport Injetado 15kg;ASI15;Anilhas;Sport;peça;15;https://base44.app/api/apps/68c9d5dd3cf0f8fd8a834875/files/mp/public/68c9d5dd3cf0f8fd8a834875/e53191a71_anilha-sport-injetada-furo-normal1.jpg;9506.91.00;;true;;Padrão;Injetado;;;;;;;;;;;false;3164;
6a3de23bc03bf79c138cbc95;Anilha Sport Injetado 20kg;ASI20;Anilhas;Sport;peça;20;https://base44.app/api/apps/68c9d5dd3cf0f8fd8a834875/files/mp/public/68c9d5dd3cf0f8fd8a834875/e53191a71_anilha-sport-injetada-furo-normal1.jpg;9506.91.00;;true;;Padrão;Injetado;;;;;;;;;;;false;3164;
6a3de23bc03bf79c138cbc96;Anilha Sport Injetado 25kg;ASI25;Anilhas;Sport;peça;25;https://base44.app/api/apps/68c9d5dd3cf0f8fd8a834875/files/mp/public/68c9d5dd3cf0f8fd8a834875/e53191a71_anilha-sport-injetada-furo-normal1.jpg;9506.91.00;;true;;Padrão;Injetado;;;;;;;;;;;false;3164;
6a3de23bc03bf79c138cbc97;Anilha Sport Injetado Olímpica 1kg;ASIO1;Anilhas;Sport;peça;1;https://base44.app/api/apps/68c9d5dd3cf0f8fd8a834875/files/mp/public/68c9d5dd3cf0f8fd8a834875/c68b51cec_anilha-sport-injetada-furo-olimpico-sem-anel.jpg;9506.91.00;;true;;Olímpico;Injetado;;;;;;;;;;;false;3164;
6a3de23bc03bf79c138cbc98;Anilha Sport Injetado Olímpica 2kg;ASIO2;Anilhas;Sport;peça;2;https://base44.app/api/apps/68c9d5dd3cf0f8fd8a834875/files/mp/public/68c9d5dd3cf0f8fd8a834875/c68b51cec_anilha-sport-injetada-furo-olimpico-sem-anel.jpg;9506.91.00;;true;;Olímpico;Injetado;;;;;;;;;;;false;3164;
6a3de23bc03bf79c138cbc99;Anilha Sport Injetado Olímpica 3kg;ASIO3;Anilhas;Sport;peça;3;https://base44.app/api/apps/68c9d5dd3cf0f8fd8a834875/files/mp/public/68c9d5dd3cf0f8fd8a834875/c68b51cec_anilha-sport-injetada-furo-olimpico-sem-anel.jpg;9506.91.00;;true;;Olímpico;Injetado;;;;;;;;;;;false;3164;
6a3de23bc03bf79c138cbc9a;Anilha Sport Injetado Olímpica 4kg;ASIO4;Anilhas;Sport;peça;4;https://base44.app/api/apps/68c9d5dd3cf0f8fd8a834875/files/mp/public/68c9d5dd3cf0f8fd8a834875/c68b51cec_anilha-sport-injetada-furo-olimpico-sem-anel.jpg;9506.91.00;;true;;Olímpico;Injetado;;;;;;;;;;;false;3164;
6a3de23bc03bf79c138cbc9b;Anilha Sport Injetado Olímpica 5kg;ASIO5;Anilhas;Sport;peça;5;https://base44.app/api/apps/68c9d5dd3cf0f8fd8a834875/files/mp/public/68c9d5dd3cf0f8fd8a834875/c68b51cec_anilha-sport-injetada-furo-olimpico-sem-anel.jpg;9506.91.00;;true;;Olímpico;Injetado;;;;;;;;;;;false;3164;
6a3de23bc03bf79c138cbc9c;Anilha Sport Injetado Olímpica 10kg;ASIO10;Anilhas;Sport;peça;10;https://base44.app/api/apps/68c9d5dd3cf0f8fd8a834875/files/mp/public/68c9d5dd3cf0f8fd8a834875/c68b51cec_anilha-sport-injetada-furo-olimpico-sem-anel.jpg;9506.91.00;;true;;Olímpico;Injetado;;;;;;;;;;;false;3164;
6a3de23bc03bf79c138cbc9d;Anilha Sport Injetado Olímpica 15kg;ASIO15;Anilhas;Sport;peça;15;https://base44.app/api/apps/68c9d5dd3cf0f8fd8a834875/files/mp/public/68c9d5dd3cf0f8fd8a834875/c68b51cec_anilha-sport-injetada-furo-olimpico-sem-anel.jpg;9506.91.00;;true;;Olímpico;Injetado;;;;;;;;;;;false;3164;
6a3de23bc03bf79c138cbc9e;Anilha Sport Injetado Olímpica 20kg;ASIO20;Anilhas;Sport;peça;20;https://base44.app/api/apps/68c9d5dd3cf0f8fd8a834875/files/mp/public/68c9d5dd3cf0f8fd8a834875/c68b51cec_anilha-sport-injetada-furo-olimpico-sem-anel.jpg;9506.91.00;;true;;Olímpico;Injetado;;;;;;;;;;;false;3164;
6a3de23bc03bf79c138cbc9f;Anilha Sport Injetado Olímpica 25kg;ASIO25;Anilhas;Sport;peça;25;https://base44.app/api/apps/68c9d5dd3cf0f8fd8a834875/files/mp/public/68c9d5dd3cf0f8fd8a834875/c68b51cec_anilha-sport-injetada-furo-olimpico-sem-anel.jpg;9506.91.00;;true;;Olímpico;Injetado;;;;;;;;;;;false;3164;
6a3de23bc03bf79c138cbca0;Anilha Tradicional Sem acabamento 1kg;ATB1;Anilhas;Tradicional;peça;1;;9506.91.00;;true;;Padrão;Sem acabamento;;;;;;;;;;;false;3164;
6a3de23bc03bf79c138cbca1;Anilha Tradicional Sem acabamento 2kg;ATB2;Anilhas;Tradicional;peça;2;;9506.91.00;;true;;Padrão;Sem acabamento;;;;;;;;;;;false;3164;
6a3de23bc03bf79c138cbca2;Anilha Tradicional Sem acabamento 3kg;ATB3;Anilhas;Tradicional;peça;3;;9506.91.00;;true;;Padrão;Sem acabamento;;;;;;;;;;;false;3164;
6a3de23bc03bf79c138cbca3;Anilha Tradicional Sem acabamento 4kg;ATB4;Anilhas;Tradicional;peça;4;;9506.91.00;;true;;Padrão;Sem acabamento;;;;;;;;;;;false;3164;
6a3de23bc03bf79c138cbca4;Anilha Tradicional Sem acabamento 5kg;ATB5;Anilhas;Tradicional;peça;5;;9506.91.00;;true;;Padrão;Sem acabamento;;;;;;;;;;;false;3164;
6a3de23bc03bf79c138cbca5;Anilha Tradicional Sem acabamento 10kg;ATB10;Anilhas;Tradicional;peça;10;;9506.91.00;;true;;Padrão;Sem acabamento;;;;;;;;;;;false;3164;
6a3de23bc03bf79c138cbca6;Anilha Tradicional Sem acabamento 15kg;ATB15;Anilhas;Tradicional;peça;15;;9506.91.00;;true;;Padrão;Sem acabamento;;;;;;;;;;;false;3164;
6a3de23bc03bf79c138cbca7;Anilha Tradicional Sem acabamento 20kg;ATB20;Anilhas;Tradicional;peça;20;;9506.91.00;;true;;Padrão;Sem acabamento;;;;;;;;;;;false;3164;
6a3de23bc03bf79c138cbca8;Anilha Tradicional Sem acabamento 25kg;ATB25;Anilhas;Tradicional;peça;25;;9506.91.00;;true;;Padrão;Sem acabamento;;;;;;;;;;;false;3164;
6a3de23bc03bf79c138cbca9;Anilha Tradicional Sem acabamento Olímpica 1kg;ATBO1;Anilhas;Tradicional;peça;1;;9506.91.00;;true;;Olímpico;Sem acabamento;;;;;;;;;;;false;3164;
6a3de23bc03bf79c138cbcaa;Anilha Tradicional Sem acabamento Olímpica 2kg;ATBO2;Anilhas;Tradicional;peça;2;;9506.91.00;;true;;Olímpico;Sem acabamento;;;;;;;;;;;false;3164;
6a3de23bc03bf79c138cbcab;Anilha Tradicional Sem acabamento Olímpica 3kg;ATBO3;Anilhas;Tradicional;peça;3;;9506.91.00;;true;;Olímpico;Sem acabamento;;;;;;;;;;;false;3164;
6a3de23bc03bf79c138cbcac;Anilha Tradicional Sem acabamento Olímpica 4kg;ATBO4;Anilhas;Tradicional;peça;4;;9506.91.00;;true;;Olímpico;Sem acabamento;;;;;;;;;;;false;3164;
6a3de23bc03bf79c138cbcad;Anilha Tradicional Sem acabamento Olímpica 5kg;ATBO5;Anilhas;Tradicional;peça;5;;9506.91.00;;true;;Olímpico;Sem acabamento;;;;;;;;;;;false;3164;
6a3de23bc03bf79c138cbcae;Anilha Tradicional Sem acabamento Olímpica 10kg;ATBO10;Anilhas;Tradicional;peça;10;;9506.91.00;;true;;Olímpico;Sem acabamento;;;;;;;;;;;false;3164;
6a3de23bc03bf79c138cbcaf;Anilha Tradicional Sem acabamento Olímpica 15kg;ATBO15;Anilhas;Tradicional;peça;15;;9506.91.00;;true;;Olímpico;Sem acabamento;;;;;;;;;;;false;3164;
6a3de23bc03bf79c138cbcb0;Anilha Tradicional Sem acabamento Olímpica 20kg;ATBO20;Anilhas;Tradicional;peça;20;;9506.91.00;;true;;Olímpico;Sem acabamento;;;;;;;;;;;false;3164;
6a3de23bc03bf79c138cbcb1;Anilha Tradicional Sem acabamento Olímpica 25kg;ATBO25;Anilhas;Tradicional;peça;25;;9506.91.00;;true;;Olímpico;Sem acabamento;;;;;;;;;;;false;3164;
6a3de23bc03bf79c138cbcb2;Anilha Tradicional Pintado 1kg;ATP1;Anilhas;Tradicional;peça;1;;9506.91.00;;true;;Padrão;Pintado;;;;;;;;;;;false;3164;
6a3de23bc03bf79c138cbcb3;Anilha Tradicional Pintado 2kg;ATP2;Anilhas;Tradicional;peça;2;;9506.91.00;;true;;Padrão;Pintado;;;;;;;;;;;false;3164;
6a3de23bc03bf79c138cbcb4;Anilha Tradicional Pintado 3kg;ATP3;Anilhas;Tradicional;peça;3;;9506.91.00;;true;;Padrão;Pintado;;;;;;;;;;;false;3164;
6a3de23bc03bf79c138cbcb5;Anilha Tradicional Pintado 4kg;ATP4;Anilhas;Tradicional;peça;4;;9506.91.00;;true;;Padrão;Pintado;;;;;;;;;;;false;3164;
6a3de23bc03bf79c138cbcb6;Anilha Tradicional Pintado 5kg;ATP5;Anilhas;Tradicional;peça;5;;9506.91.00;;true;;Padrão;Pintado;;;;;;;;;;;false;3164;
6a3de23bc03bf79c138cbcb7;Anilha Tradicional Pintado 10kg;ATP10;Anilhas;Tradicional;peça;10;;9506.91.00;;true;;Padrão;Pintado;;;;;;;;;;;false;3164;
6a3de23bc03bf79c138cbcb8;Anilha Tradicional Pintado 15kg;ATP15;Anilhas;Tradicional;peça;15;;9506.91.00;;true;;Padrão;Pintado;;;;;;;;;;;false;3164;
6a3de23bc03bf79c138cbcb9;Anilha Tradicional Pintado 20kg;ATP20;Anilhas;Tradicional;peça;20;;9506.91.00;;true;;Padrão;Pintado;;;;;;;;;;;false;3164;
6a3de23bc03bf79c138cbcba;Anilha Tradicional Pintado 25kg;ATP25;Anilhas;Tradicional;peça;25;;9506.91.00;;true;;Padrão;Pintado;;;;;;;;;;;false;3164;
6a3de23bc03bf79c138cbcbb;Anilha Tradicional Pintado Olímpica 1kg;ATPO1;Anilhas;Tradicional;peça;1;https://base44.app/api/apps/68c9d5dd3cf0f8fd8a834875/files/mp/public/68c9d5dd3cf0f8fd8a834875/1bd09b7ef_anilha-olimpica-tradicional2.jpg;9506.91.00;;true;;Olímpico;Pintado;;;;;;;;;;;false;3164;
6a3de23bc03bf79c138cbcbc;Anilha Tradicional Pintado Olímpica 2kg;ATPO2;Anilhas;Tradicional;peça;2;https://base44.app/api/apps/68c9d5dd3cf0f8fd8a834875/files/mp/public/68c9d5dd3cf0f8fd8a834875/1bd09b7ef_anilha-olimpica-tradicional2.jpg;9506.91.00;;true;;Olímpico;Pintado;;;;;;;;;;;false;3164;
6a3de23bc03bf79c138cbcbd;Anilha Tradicional Pintado Olímpica 3kg;ATPO3;Anilhas;Tradicional;peça;3;https://base44.app/api/apps/68c9d5dd3cf0f8fd8a834875/files/mp/public/68c9d5dd3cf0f8fd8a834875/1bd09b7ef_anilha-olimpica-tradicional2.jpg;9506.91.00;;true;;Olímpico;Pintado;;;;;;;;;;;false;3164;
6a3de23bc03bf79c138cbcbe;Anilha Tradicional Pintado Olímpica 4kg;ATPO4;Anilhas;Tradicional;peça;4;https://base44.app/api/apps/68c9d5dd3cf0f8fd8a834875/files/mp/public/68c9d5dd3cf0f8fd8a834875/1bd09b7ef_anilha-olimpica-tradicional2.jpg;9506.91.00;;true;;Olímpico;Pintado;;;;;;;;;;;false;3164;
6a3de23bc03bf79c138cbcbf;Anilha Tradicional Pintado Olímpica 5kg;ATPO5;Anilhas;Tradicional;peça;5;https://base44.app/api/apps/68c9d5dd3cf0f8fd8a834875/files/mp/public/68c9d5dd3cf0f8fd8a834875/1bd09b7ef_anilha-olimpica-tradicional2.jpg;9506.91.00;;true;;Olímpico;Pintado;;;;;;;;;;;false;3164;
6a3de23bc03bf79c138cbcc0;Anilha Tradicional Pintado Olímpica 10kg;ATPO10;Anilhas;Tradicional;peça;10;https://base44.app/api/apps/68c9d5dd3cf0f8fd8a834875/files/mp/public/68c9d5dd3cf0f8fd8a834875/1bd09b7ef_anilha-olimpica-tradicional2.jpg;9506.91.00;;true;;Olímpico;Pintado;;;;;;;;;;;false;3164;
6a3de23bc03bf79c138cbcc1;Anilha Tradicional Pintado Olímpica 15kg;ATPO15;Anilhas;Tradicional;peça;15;https://base44.app/api/apps/68c9d5dd3cf0f8fd8a834875/files/mp/public/68c9d5dd3cf0f8fd8a834875/1bd09b7ef_anilha-olimpica-tradicional2.jpg;9506.91.00;;true;;Olímpico;Pintado;;;;;;;;;;;false;3164;
6a3de23bc03bf79c138cbcc2;Anilha Tradicional Pintado Olímpica 20kg;ATPO20;Anilhas;Tradicional;peça;20;https://base44.app/api/apps/68c9d5dd3cf0f8fd8a834875/files/mp/public/68c9d5dd3cf0f8fd8a834875/1bd09b7ef_anilha-olimpica-tradicional2.jpg;9506.91.00;;true;;Olímpico;Pintado;;;;;;;;;;;false;3164;
6a3de23bc03bf79c138cbcc3;Anilha Tradicional Pintado Olímpica 25kg;ATPO25;Anilhas;Tradicional;peça;25;https://base44.app/api/apps/68c9d5dd3cf0f8fd8a834875/files/mp/public/68c9d5dd3cf0f8fd8a834875/1bd09b7ef_anilha-olimpica-tradicional2.jpg;9506.91.00;;true;;Olímpico;Pintado;;;;;;;;;;;false;3164;
6a3de23bc03bf79c138cbcc4;Anilha Tradicional Emborrachada 1kg;ATR1;Anilhas;Tradicional;peça;1;;9506.91.00;;true;;Padrão;Emborrachada;;;;;;;;;;;false;3164;
6a3de23bc03bf79c138cbcc5;Anilha Tradicional Emborrachada 2kg;ATR2;Anilhas;Tradicional;peça;2;;9506.91.00;;true;;Padrão;Emborrachada;;;;;;;;;;;false;3164;
6a3de23bc03bf79c138cbcc6;Anilha Tradicional Emborrachada 3kg;ATR3;Anilhas;Tradicional;peça;3;;9506.91.00;;true;;Padrão;Emborrachada;;;;;;;;;;;false;3164;
6a3de23bc03bf79c138cbcc7;Anilha Tradicional Emborrachada 4kg;ATR4;Anilhas;Tradicional;peça;4;;9506.91.00;;true;;Padrão;Emborrachada;;;;;;;;;;;false;3164;
6a3de23bc03bf79c138cbcc8;Anilha Tradicional Emborrachada 5kg;ATR5;Anilhas;Tradicional;peça;5;;9506.91.00;;true;;Padrão;Emborrachada;;;;;;;;;;;false;3164;
6a3de23bc03bf79c138cbcc9;Anilha Tradicional Emborrachada 10kg;ATR10;Anilhas;Tradicional;peça;10;;9506.91.00;;true;;Padrão;Emborrachada;;;;;;;;;;;false;3164;
6a3de23bc03bf79c138cbcca;Anilha Tradicional Emborrachada 15kg;ATR15;Anilhas;Tradicional;peça;15;;9506.91.00;;true;;Padrão;Emborrachada;;;;;;;;;;;false;3164;
6a3de23bc03bf79c138cbccb;Anilha Tradicional Emborrachada 20kg;ATR20;Anilhas;Tradicional;peça;20;;9506.91.00;;true;;Padrão;Emborrachada;;;;;;;;;;;false;3164;
6a3de23bc03bf79c138cbccc;Anilha Tradicional Emborrachada 25kg;ATR25;Anilhas;Tradicional;peça;25;;9506.91.00;;true;;Padrão;Emborrachada;;;;;;;;;;;false;3164;
6a3de23bc03bf79c138cbccd;Anilha Tradicional Emborrachada Olímpica 1kg;ATRO1;Anilhas;Tradicional;peça;1;;9506.91.00;;true;;Olímpico;Emborrachada;;;;;;;;;;;false;3164;
6a3de23bc03bf79c138cbcce;Anilha Tradicional Emborrachada Olímpica 2kg;ATRO2;Anilhas;Tradicional;peça;2;;9506.91.00;;true;;Olímpico;Emborrachada;;;;;;;;;;;false;3164;
6a3de23bc03bf79c138cbccf;Anilha Tradicional Emborrachada Olímpica 3kg;ATRO3;Anilhas;Tradicional;peça;3;;9506.91.00;;true;;Olímpico;Emborrachada;;;;;;;;;;;false;3164;
6a3de23bc03bf79c138cbcd0;Anilha Tradicional Emborrachada Olímpica 4kg;ATRO4;Anilhas;Tradicional;peça;4;;9506.91.00;;true;;Olímpico;Emborrachada;;;;;;;;;;;false;3164;
6a3de23bc03bf79c138cbcd1;Anilha Tradicional Emborrachada Olímpica 5kg;ATRO5;Anilhas;Tradicional;peça;5;;9506.91.00;;true;;Olímpico;Emborrachada;;;;;;;;;;;false;3164;
6a3de23bc03bf79c138cbcd2;Anilha Tradicional Emborrachada Olímpica 10kg;ATRO10;Anilhas;Tradicional;peça;10;;9506.91.00;;true;;Olímpico;Emborrachada;;;;;;;;;;;false;3164;
6a3de23bc03bf79c138cbcd3;Anilha Tradicional Emborrachada Olímpica 15kg;ATRO15;Anilhas;Tradicional;peça;15;;9506.91.00;;true;;Olímpico;Emborrachada;;;;;;;;;;;false;3164;
6a3de23bc03bf79c138cbcd4;Anilha Tradicional Emborrachada Olímpica 20kg;ATRO20;Anilhas;Tradicional;peça;20;;9506.91.00;;true;;Olímpico;Emborrachada;;;;;;;;;;;false;3164;
6a3de23bc03bf79c138cbcd5;Anilha Tradicional Emborrachada Olímpica 25kg;ATRO25;Anilhas;Tradicional;peça;25;;9506.91.00;;true;;Olímpico;Emborrachada;;;;;;;;;;;false;3164;
6a3de23bc03bf79c138cbcd6;Anilha Tradicional Texturizado 1kg;ATT1;Anilhas;Tradicional;peça;1;;9506.91.00;;true;;Padrão;Texturizado;;;;;;;;;;;false;3164;
6a3de23bc03bf79c138cbcd7;Anilha Tradicional Texturizado 2kg;ATT2;Anilhas;Tradicional;peça;2;;9506.91.00;;true;;Padrão;Texturizado;;;;;;;;;;;false;3164;
6a3de23bc03bf79c138cbcd8;Anilha Tradicional Texturizado 3kg;ATT3;Anilhas;Tradicional;peça;3;;9506.91.00;;true;;Padrão;Texturizado;;;;;;;;;;;false;3164;
6a3de23bc03bf79c138cbcd9;Anilha Tradicional Texturizado 4kg;ATT4;Anilhas;Tradicional;peça;4;;9506.91.00;;true;;Padrão;Texturizado;;;;;;;;;;;false;3164;
6a3de23bc03bf79c138cbcda;Anilha Tradicional Texturizado 5kg;ATT5;Anilhas;Tradicional;peça;5;;9506.91.00;;true;;Padrão;Texturizado;;;;;;;;;;;false;3164;
6a3de23bc03bf79c138cbcdb;Anilha Tradicional Texturizado 10kg;ATT10;Anilhas;Tradicional;peça;10;;9506.91.00;;true;;Padrão;Texturizado;;;;;;;;;;;false;3164;
6a3de23bc03bf79c138cbcdc;Anilha Tradicional Texturizado 15kg;ATT15;Anilhas;Tradicional;peça;15;;9506.91.00;;true;;Padrão;Texturizado;;;;;;;;;;;false;3164;
6a3de23bc03bf79c138cbcdd;Anilha Tradicional Texturizado 20kg;ATT20;Anilhas;Tradicional;peça;20;;9506.91.00;;true;;Padrão;Texturizado;;;;;;;;;;;false;3164;
6a3de23bc03bf79c138cbcde;Anilha Tradicional Texturizado 25kg;ATT25;Anilhas;Tradicional;peça;25;;9506.91.00;;true;;Padrão;Texturizado;;;;;;;;;;;false;3164;
6a3de23bc03bf79c138cbcdf;Anilha Tradicional Texturizado Olímpica 1kg;ATTO1;Anilhas;Tradicional;peça;1;;9506.91.00;;true;;Olímpico;Texturizado;;;;;;;;;;;false;3164;
6a3de23bc03bf79c138cbce0;Anilha Tradicional Texturizado Olímpica 2kg;ATTO2;Anilhas;Tradicional;peça;2;;9506.91.00;;true;;Olímpico;Texturizado;;;;;;;;;;;false;3164;
6a3de23bc03bf79c138cbce1;Anilha Tradicional Texturizado Olímpica 3kg;ATTO3;Anilhas;Tradicional;peça;3;;9506.91.00;;true;;Olímpico;Texturizado;;;;;;;;;;;false;3164;
6a3de23bc03bf79c138cbce2;Anilha Tradicional Texturizado Olímpica 4kg;ATTO4;Anilhas;Tradicional;peça;4;;9506.91.00;;true;;Olímpico;Texturizado;;;;;;;;;;;false;3164;
6a3de23bc03bf79c138cbce3;Anilha Tradicional Texturizado Olímpica 5kg;ATTO5;Anilhas;Tradicional;peça;5;;9506.91.00;;true;;Olímpico;Texturizado;;;;;;;;;;;false;3164;
6a3de23bc03bf79c138cbce4;Anilha Tradicional Texturizado Olímpica 10kg;ATTO10;Anilhas;Tradicional;peça;10;;9506.91.00;;true;;Olímpico;Texturizado;;;;;;;;;;;false;3164;
6a3de23bc03bf79c138cbce5;Anilha Tradicional Texturizado Olímpica 15kg;ATTO15;Anilhas;Tradicional;peça;15;;9506.91.00;;true;;Olímpico;Texturizado;;;;;;;;;;;false;3164;
6a3e9f1164a9e1e30880a27d;Halter Bola Pintado 1kg;HBP1;Halteres;;peça;1;https://base44.app/api/apps/68c9d5dd3cf0f8fd8a834875/files/mp/public/68c9d5dd3cf0f8fd8a834875/f8450e897_halter-bola-pintado.jpg;9506.91.00;;true;;;Pintado;;;;Bola;;;;;;;false;3164;Haltere fixo formato bola, 1kg, acabamento pintado.
6a3e9f1164a9e1e30880a27e;Halter Bola Pintado 2kg;HBP2;Halteres;;peça;2;https://base44.app/api/apps/68c9d5dd3cf0f8fd8a834875/files/mp/public/68c9d5dd3cf0f8fd8a834875/f8450e897_halter-bola-pintado.jpg;9506.91.00;;true;;;Pintado;;;;Bola;;;;;;;false;3164;Haltere fixo formato bola, 2kg, acabamento pintado.
6a3e9f1164a9e1e30880a27f;Halter Bola Pintado 3kg;HBP3;Halteres;;peça;3;https://base44.app/api/apps/68c9d5dd3cf0f8fd8a834875/files/mp/public/68c9d5dd3cf0f8fd8a834875/f8450e897_halter-bola-pintado.jpg;9506.91.00;;true;;;Pintado;;;;Bola;;;;;;;false;3164;Haltere fixo formato bola, 3kg, acabamento pintado.
6a3e9f1164a9e1e30880a280;Halter Bola Pintado 4kg;HBP4;Halteres;;peça;4;https://base44.app/api/apps/68c9d5dd3cf0f8fd8a834875/files/mp/public/68c9d5dd3cf0f8fd8a834875/f8450e897_halter-bola-pintado.jpg;9506.91.00;;true;;;Pintado;;;;Bola;;;;;;;false;3164;Haltere fixo formato bola, 4kg, acabamento pintado.
6a3e9f1164a9e1e30880a281;Halter Bola Pintado 5kg;HBP5;Halteres;;peça;5;https://base44.app/api/apps/68c9d5dd3cf0f8fd8a834875/files/mp/public/68c9d5dd3cf0f8fd8a834875/f8450e897_halter-bola-pintado.jpg;9506.91.00;;true;;;Pintado;;;;Bola;;;;;;;false;3164;Haltere fixo formato bola, 5kg, acabamento pintado.
6a3e9f1164a9e1e30880a282;Halter Bola Pintado 6kg;HBP6;Halteres;;peça;6;https://base44.app/api/apps/68c9d5dd3cf0f8fd8a834875/files/mp/public/68c9d5dd3cf0f8fd8a834875/f8450e897_halter-bola-pintado.jpg;9506.91.00;;true;;;Pintado;;;;Bola;;;;;;;false;3164;Haltere fixo formato bola, 6kg, acabamento pintado.
6a3e9f1164a9e1e30880a283;Halter Bola Pintado 7kg;HBP7;Halteres;;peça;7;https://base44.app/api/apps/68c9d5dd3cf0f8fd8a834875/files/mp/public/68c9d5dd3cf0f8fd8a834875/f8450e897_halter-bola-pintado.jpg;9506.91.00;;true;;;Pintado;;;;Bola;;;;;;;false;3164;Haltere fixo formato bola, 7kg, acabamento pintado.
6a3e9f1164a9e1e30880a284;Halter Bola Pintado 8kg;HBP8;Halteres;;peça;8;https://base44.app/api/apps/68c9d5dd3cf0f8fd8a834875/files/mp/public/68c9d5dd3cf0f8fd8a834875/f8450e897_halter-bola-pintado.jpg;9506.91.00;;true;;;Pintado;;;;Bola;;;;;;;false;3164;Haltere fixo formato bola, 8kg, acabamento pintado.
6a3e9f1164a9e1e30880a285;Halter Bola Pintado 9kg;HBP9;Halteres;;peça;9;https://base44.app/api/apps/68c9d5dd3cf0f8fd8a834875/files/mp/public/68c9d5dd3cf0f8fd8a834875/f8450e897_halter-bola-pintado.jpg;9506.91.00;;true;;;Pintado;;;;Bola;;;;;;;false;3164;Haltere fixo formato bola, 9kg, acabamento pintado.
6a3e9f1164a9e1e30880a286;Halter Bola Pintado 10kg;HBP10;Halteres;;peça;10;https://base44.app/api/apps/68c9d5dd3cf0f8fd8a834875/files/mp/public/68c9d5dd3cf0f8fd8a834875/f8450e897_halter-bola-pintado.jpg;9506.91.00;;true;;;Pintado;;;;Bola;;;;;;;false;3164;Haltere fixo formato bola, 10kg, acabamento pintado.
6a3e9f1164a9e1e30880a287;Halter Bola Emborrachado 1kg;HBE1;Halteres;;peça;1;https://base44.app/api/apps/68c9d5dd3cf0f8fd8a834875/files/mp/public/68c9d5dd3cf0f8fd8a834875/fd59e0b49_halter-bola-emborrachado.jpg;9506.91.00;;true;;;Emborrachado;;;;Bola;;;;;;;false;3164;Haltere fixo formato bola, 1kg, acabamento emborrachado.
6a3e9f1164a9e1e30880a288;Halter Bola Emborrachado 2kg;HBE2;Halteres;;peça;2;https://base44.app/api/apps/68c9d5dd3cf0f8fd8a834875/files/mp/public/68c9d5dd3cf0f8fd8a834875/fd59e0b49_halter-bola-emborrachado.jpg;9506.91.00;;true;;;Emborrachado;;;;Bola;;;;;;;false;3164;Haltere fixo formato bola, 2kg, acabamento emborrachado.
6a3e9f1164a9e1e30880a289;Halter Bola Emborrachado 3kg;HBE3;Halteres;;peça;3;https://base44.app/api/apps/68c9d5dd3cf0f8fd8a834875/files/mp/public/68c9d5dd3cf0f8fd8a834875/fd59e0b49_halter-bola-emborrachado.jpg;9506.91.00;;true;;;Emborrachado;;;;Bola;;;;;;;false;3164;Haltere fixo formato bola, 3kg, acabamento emborrachado.
6a3e9f1164a9e1e30880a28a;Halter Bola Emborrachado 4kg;HBE4;Halteres;;peça;4;https://base44.app/api/apps/68c9d5dd3cf0f8fd8a834875/files/mp/public/68c9d5dd3cf0f8fd8a834875/fd59e0b49_halter-bola-emborrachado.jpg;9506.91.00;;true;;;Emborrachado;;;;Bola;;;;;;;false;3164;Haltere fixo formato bola, 4kg, acabamento emborrachado.
6a3e9f1164a9e1e30880a28b;Halter Bola Emborrachado 5kg;HBE5;Halteres;;peça;5;https://base44.app/api/apps/68c9d5dd3cf0f8fd8a834875/files/mp/public/68c9d5dd3cf0f8fd8a834875/fd59e0b49_halter-bola-emborrachado.jpg;9506.91.00;;true;;;Emborrachado;;;;Bola;;;;;;;false;3164;Haltere fixo formato bola, 5kg, acabamento emborrachado.
6a3e9f1164a9e1e30880a28c;Halter Bola Emborrachado 6kg;HBE6;Halteres;;peça;6;https://base44.app/api/apps/68c9d5dd3cf0f8fd8a834875/files/mp/public/68c9d5dd3cf0f8fd8a834875/fd59e0b49_halter-bola-emborrachado.jpg;9506.91.00;;true;;;Emborrachado;;;;Bola;;;;;;;false;3164;Haltere fixo formato bola, 6kg, acabamento emborrachado.
6a3e9f1164a9e1e30880a28d;Halter Bola Emborrachado 7kg;HBE7;Halteres;;peça;7;https://base44.app/api/apps/68c9d5dd3cf0f8fd8a834875/files/mp/public/68c9d5dd3cf0f8fd8a834875/fd59e0b49_halter-bola-emborrachado.jpg;9506.91.00;;true;;;Emborrachado;;;;Bola;;;;;;;false;3164;Haltere fixo formato bola, 7kg, acabamento emborrachado.
6a3e9f1164a9e1e30880a28e;Halter Bola Emborrachado 8kg;HBE8;Halteres;;peça;8;https://base44.app/api/apps/68c9d5dd3cf0f8fd8a834875/files/mp/public/68c9d5dd3cf0f8fd8a834875/fd59e0b49_halter-bola-emborrachado.jpg;9506.91.00;;true;;;Emborrachado;;;;Bola;;;;;;;false;3164;Haltere fixo formato bola, 8kg, acabamento emborrachado.
6a3e9f1164a9e1e30880a28f;Halter Bola Emborrachado 9kg;HBE9;Halteres;;peça;9;https://base44.app/api/apps/68c9d5dd3cf0f8fd8a834875/files/mp/public/68c9d5dd3cf0f8fd8a834875/fd59e0b49_halter-bola-emborrachado.jpg;9506.91.00;;true;;;Emborrachado;;;;Bola;;;;;;;false;3164;Haltere fixo formato bola, 9kg, acabamento emborrachado.
6a3e9f1164a9e1e30880a290;Halter Bola Emborrachado 10kg;HBE10;Halteres;;peça;10;https://base44.app/api/apps/68c9d5dd3cf0f8fd8a834875/files/mp/public/68c9d5dd3cf0f8fd8a834875/fd59e0b49_halter-bola-emborrachado.jpg;9506.91.00;;true;;;Emborrachado;;;;Bola;;;;;;;false;3164;Haltere fixo formato bola, 10kg, acabamento emborrachado.
6a3e9f1164a9e1e30880a291;Halter Bola Texturizado 1kg;HBT1;Halteres;;peça;1;https://base44.app/api/apps/68c9d5dd3cf0f8fd8a834875/files/mp/public/68c9d5dd3cf0f8fd8a834875/bdb9e1d34_unibras_HALTER-BOLA_TEXTURIZADO_.jpg;9506.91.00;;true;;;Texturizado;;;;Bola;;;;;;;false;3164;Haltere fixo formato bola, 1kg, acabamento texturizado.
6a3e9f1164a9e1e30880a292;Halter Bola Texturizado 2kg;HBT2;Halteres;;peça;2;https://base44.app/api/apps/68c9d5dd3cf0f8fd8a834875/files/mp/public/68c9d5dd3cf0f8fd8a834875/bdb9e1d34_unibras_HALTER-BOLA_TEXTURIZADO_.jpg;9506.91.00;;true;;;Texturizado;;;;Bola;;;;;;;false;3164;Haltere fixo formato bola, 2kg, acabamento texturizado.
6a3e9f1164a9e1e30880a293;Halter Bola Texturizado 3kg;HBT3;Halteres;;peça;3;https://base44.app/api/apps/68c9d5dd3cf0f8fd8a834875/files/mp/public/68c9d5dd3cf0f8fd8a834875/bdb9e1d34_unibras_HALTER-BOLA_TEXTURIZADO_.jpg;9506.91.00;;true;;;Texturizado;;;;Bola;;;;;;;false;3164;Haltere fixo formato bola, 3kg, acabamento texturizado.
6a3e9f1164a9e1e30880a294;Halter Bola Texturizado 4kg;HBT4;Halteres;;peça;4;https://base44.app/api/apps/68c9d5dd3cf0f8fd8a834875/files/mp/public/68c9d5dd3cf0f8fd8a834875/bdb9e1d34_unibras_HALTER-BOLA_TEXTURIZADO_.jpg;9506.91.00;;true;;;Texturizado;;;;Bola;;;;;;;false;3164;Haltere fixo formato bola, 4kg, acabamento texturizado.
6a3e9f1164a9e1e30880a295;Halter Bola Texturizado 5kg;HBT5;Halteres;;peça;5;https://base44.app/api/apps/68c9d5dd3cf0f8fd8a834875/files/mp/public/68c9d5dd3cf0f8fd8a834875/bdb9e1d34_unibras_HALTER-BOLA_TEXTURIZADO_.jpg;9506.91.00;;true;;;Texturizado;;;;Bola;;;;;;;false;3164;Haltere fixo formato bola, 5kg, acabamento texturizado.
6a3e9f1164a9e1e30880a296;Halter Bola Texturizado 6kg;HBT6;Halteres;;peça;6;https://base44.app/api/apps/68c9d5dd3cf0f8fd8a834875/files/mp/public/68c9d5dd3cf0f8fd8a834875/bdb9e1d34_unibras_HALTER-BOLA_TEXTURIZADO_.jpg;9506.91.00;;true;;;Texturizado;;;;Bola;;;;;;;false;3164;Haltere fixo formato bola, 6kg, acabamento texturizado.
6a3e9f1164a9e1e30880a297;Halter Bola Texturizado 7kg;HBT7;Halteres;;peça;7;https://base44.app/api/apps/68c9d5dd3cf0f8fd8a834875/files/mp/public/68c9d5dd3cf0f8fd8a834875/bdb9e1d34_unibras_HALTER-BOLA_TEXTURIZADO_.jpg;9506.91.00;;true;;;Texturizado;;;;Bola;;;;;;;false;3164;Haltere fixo formato bola, 7kg, acabamento texturizado.
6a3e9f1164a9e1e30880a298;Halter Bola Texturizado 8kg;HBT8;Halteres;;peça;8;https://base44.app/api/apps/68c9d5dd3cf0f8fd8a834875/files/mp/public/68c9d5dd3cf0f8fd8a834875/bdb9e1d34_unibras_HALTER-BOLA_TEXTURIZADO_.jpg;9506.91.00;;true;;;Texturizado;;;;Bola;;;;;;;false;3164;Haltere fixo formato bola, 8kg, acabamento texturizado.
6a3e9f1164a9e1e30880a299;Halter Bola Texturizado 9kg;HBT9;Halteres;;peça;9;https://base44.app/api/apps/68c9d5dd3cf0f8fd8a834875/files/mp/public/68c9d5dd3cf0f8fd8a834875/bdb9e1d34_unibras_HALTER-BOLA_TEXTURIZADO_.jpg;9506.91.00;;true;;;Texturizado;;;;Bola;;;;;;;false;3164;Haltere fixo formato bola, 9kg, acabamento texturizado.
6a3e9f1164a9e1e30880a29a;Halter Bola Texturizado 10kg;HBT10;Halteres;;peça;10;https://base44.app/api/apps/68c9d5dd3cf0f8fd8a834875/files/mp/public/68c9d5dd3cf0f8fd8a834875/bdb9e1d34_unibras_HALTER-BOLA_TEXTURIZADO_.jpg;9506.91.00;;true;;;Texturizado;;;;Bola;;;;;;;false;3164;Haltere fixo formato bola, 10kg, acabamento texturizado.
6a3e9f1164a9e1e30880a29b;Halter Bola Injetado 1kg;HBI1;Halteres;;peça;1;https://base44.app/api/apps/68c9d5dd3cf0f8fd8a834875/files/mp/public/68c9d5dd3cf0f8fd8a834875/41ec023ca_shopping.webp;9506.91.00;;true;;;Injetado;;;;Bola;;;;;;;false;3164;Haltere fixo formato bola, 1kg, acabamento injetado.
6a3e9f1164a9e1e30880a29c;Halter Bola Injetado 2kg;HBI2;Halteres;;peça;2;https://base44.app/api/apps/68c9d5dd3cf0f8fd8a834875/files/mp/public/68c9d5dd3cf0f8fd8a834875/41ec023ca_shopping.webp;9506.91.00;;true;;;Injetado;;;;Bola;;;;;;;false;3164;Haltere fixo formato bola, 2kg, acabamento injetado.
6a3e9f1164a9e1e30880a29d;Halter Bola Injetado 3kg;HBI3;Halteres;;peça;3;https://base44.app/api/apps/68c9d5dd3cf0f8fd8a834875/files/mp/public/68c9d5dd3cf0f8fd8a834875/41ec023ca_shopping.webp;9506.91.00;;true;;;Injetado;;;;Bola;;;;;;;false;3164;Haltere fixo formato bola, 3kg, acabamento injetado.
6a3e9f1164a9e1e30880a29e;Halter Bola Injetado 4kg;HBI4;Halteres;;peça;4;https://base44.app/api/apps/68c9d5dd3cf0f8fd8a834875/files/mp/public/68c9d5dd3cf0f8fd8a834875/41ec023ca_shopping.webp;9506.91.00;;true;;;Injetado;;;;Bola;;;;;;;false;3164;Haltere fixo formato bola, 4kg, acabamento injetado.
6a3e9f1164a9e1e30880a29f;Halter Bola Injetado 5kg;HBI5;Halteres;;peça;5;https://base44.app/api/apps/68c9d5dd3cf0f8fd8a834875/files/mp/public/68c9d5dd3cf0f8fd8a834875/41ec023ca_shopping.webp;9506.91.00;;true;;;Injetado;;;;Bola;;;;;;;false;3164;Haltere fixo formato bola, 5kg, acabamento injetado.
6a3e9f1164a9e1e30880a2a0;Halter Bola Injetado 6kg;HBI6;Halteres;;peça;6;https://base44.app/api/apps/68c9d5dd3cf0f8fd8a834875/files/mp/public/68c9d5dd3cf0f8fd8a834875/41ec023ca_shopping.webp;9506.91.00;;true;;;Injetado;;;;Bola;;;;;;;false;3164;Haltere fixo formato bola, 6kg, acabamento injetado.
6a3e9f1164a9e1e30880a2a1;Halter Bola Injetado 7kg;HBI7;Halteres;;peça;7;https://base44.app/api/apps/68c9d5dd3cf0f8fd8a834875/files/mp/public/68c9d5dd3cf0f8fd8a834875/41ec023ca_shopping.webp;9506.91.00;;true;;;Injetado;;;;Bola;;;;;;;false;3164;Haltere fixo formato bola, 7kg, acabamento injetado.
6a3e9f1164a9e1e30880a2a2;Halter Bola Injetado 8kg;HBI8;Halteres;;peça;8;https://base44.app/api/apps/68c9d5dd3cf0f8fd8a834875/files/mp/public/68c9d5dd3cf0f8fd8a834875/41ec023ca_shopping.webp;9506.91.00;;true;;;Injetado;;;;Bola;;;;;;;false;3164;Haltere fixo formato bola, 8kg, acabamento injetado.
6a3e9f1164a9e1e30880a2a3;Halter Bola Injetado 9kg;HBI9;Halteres;;peça;9;https://base44.app/api/apps/68c9d5dd3cf0f8fd8a834875/files/mp/public/68c9d5dd3cf0f8fd8a834875/41ec023ca_shopping.webp;9506.91.00;;true;;;Injetado;;;;Bola;;;;;;;false;3164;Haltere fixo formato bola, 9kg, acabamento injetado.
6a3e9f1164a9e1e30880a2a4;Halter Bola Injetado 10kg;HBI10;Halteres;;peça;10;https://base44.app/api/apps/68c9d5dd3cf0f8fd8a834875/files/mp/public/68c9d5dd3cf0f8fd8a834875/41ec023ca_shopping.webp;9506.91.00;;true;;;Injetado;;;;Bola;;;;;;;false;3164;Haltere fixo formato bola, 10kg, acabamento injetado.
6a3e9f1164a9e1e30880a2a5;Halter Bola Sem acabamento 1kg;HBS1;Halteres;;peça;1;;9506.91.00;;true;;;Sem acabamento;;;;Bola;;;;;;;false;3164;Haltere fixo formato bola, 1kg, acabamento sem acabamento.
6a3e9f1164a9e1e30880a2a6;Halter Bola Sem acabamento 2kg;HBS2;Halteres;;peça;2;;9506.91.00;;true;;;Sem acabamento;;;;Bola;;;;;;;false;3164;Haltere fixo formato bola, 2kg, acabamento sem acabamento.
6a3e9f1164a9e1e30880a2a7;Halter Bola Sem acabamento 3kg;HBS3;Halteres;;peça;3;;9506.91.00;;true;;;Sem acabamento;;;;Bola;;;;;;;false;3164;Haltere fixo formato bola, 3kg, acabamento sem acabamento.
6a3e9f1164a9e1e30880a2a8;Halter Bola Sem acabamento 4kg;HBS4;Halteres;;peça;4;;9506.91.00;;true;;;Sem acabamento;;;;Bola;;;;;;;false;3164;Haltere fixo formato bola, 4kg, acabamento sem acabamento.
6a3e9f1164a9e1e30880a2a9;Halter Bola Sem acabamento 5kg;HBS5;Halteres;;peça;5;;9506.91.00;;true;;;Sem acabamento;;;;Bola;;;;;;;false;3164;Haltere fixo formato bola, 5kg, acabamento sem acabamento.
6a3e9f1164a9e1e30880a2aa;Halter Bola Sem acabamento 6kg;HBS6;Halteres;;peça;6;;9506.91.00;;true;;;Sem acabamento;;;;Bola;;;;;;;false;3164;Haltere fixo formato bola, 6kg, acabamento sem acabamento.
6a3e9f1164a9e1e30880a2ab;Halter Bola Sem acabamento 7kg;HBS7;Halteres;;peça;7;;9506.91.00;;true;;;Sem acabamento;;;;Bola;;;;;;;false;3164;Haltere fixo formato bola, 7kg, acabamento sem acabamento.
6a3e9f1164a9e1e30880a2ac;Halter Bola Sem acabamento 8kg;HBS8;Halteres;;peça;8;;9506.91.00;;true;;;Sem acabamento;;;;Bola;;;;;;;false;3164;Haltere fixo formato bola, 8kg, acabamento sem acabamento.
6a3e9f1164a9e1e30880a2ad;Halter Bola Sem acabamento 9kg;HBS9;Halteres;;peça;9;;9506.91.00;;true;;;Sem acabamento;;;;Bola;;;;;;;false;3164;Haltere fixo formato bola, 9kg, acabamento sem acabamento.
6a3e9f1164a9e1e30880a2ae;Halter Bola Sem acabamento 10kg;HBS10;Halteres;;peça;10;;9506.91.00;;true;;;Sem acabamento;;;;Bola;;;;;;;false;3164;Haltere fixo formato bola, 10kg, acabamento sem acabamento.
6a3e9f1164a9e1e30880a2af;Halter Sextavado Pintado Pegada Cromada 1kg;HSPC1;Halteres;;peça;1;https://base44.app/api/apps/68c9d5dd3cf0f8fd8a834875/files/mp/public/68c9d5dd3cf0f8fd8a834875/25a73094f_halter-sextavado-pintado-pegada-cromada.jpg;9506.91.00;;true;;;Pintado;Cromada;;;Sextavado;;;;;;;false;3164;Haltere fixo sextavado, 1kg, acabamento pintado, pegada cromada.
6a3e9f1164a9e1e30880a2b0;Halter Sextavado Pintado Pegada Cromada 2kg;HSPC2;Halteres;;peça;2;https://base44.app/api/apps/68c9d5dd3cf0f8fd8a834875/files/mp/public/68c9d5dd3cf0f8fd8a834875/25a73094f_halter-sextavado-pintado-pegada-cromada.jpg;9506.91.00;;true;;;Pintado;Cromada;;;Sextavado;;;;;;;false;3164;Haltere fixo sextavado, 2kg, acabamento pintado, pegada cromada.
6a3e9f1164a9e1e30880a2b1;Halter Sextavado Pintado Pegada Cromada 3kg;HSPC3;Halteres;;peça;3;https://base44.app/api/apps/68c9d5dd3cf0f8fd8a834875/files/mp/public/68c9d5dd3cf0f8fd8a834875/25a73094f_halter-sextavado-pintado-pegada-cromada.jpg;9506.91.00;;true;;;Pintado;Cromada;;;Sextavado;;;;;;;false;3164;Haltere fixo sextavado, 3kg, acabamento pintado, pegada cromada.
6a3e9f1164a9e1e30880a2b2;Halter Sextavado Pintado Pegada Cromada 4kg;HSPC4;Halteres;;peça;4;https://base44.app/api/apps/68c9d5dd3cf0f8fd8a834875/files/mp/public/68c9d5dd3cf0f8fd8a834875/25a73094f_halter-sextavado-pintado-pegada-cromada.jpg;9506.91.00;;true;;;Pintado;Cromada;;;Sextavado;;;;;;;false;3164;Haltere fixo sextavado, 4kg, acabamento pintado, pegada cromada.
6a3e9f1164a9e1e30880a2b3;Halter Sextavado Pintado Pegada Cromada 5kg;HSPC5;Halteres;;peça;5;https://base44.app/api/apps/68c9d5dd3cf0f8fd8a834875/files/mp/public/68c9d5dd3cf0f8fd8a834875/25a73094f_halter-sextavado-pintado-pegada-cromada.jpg;9506.91.00;;true;;;Pintado;Cromada;;;Sextavado;;;;;;;false;3164;Haltere fixo sextavado, 5kg, acabamento pintado, pegada cromada.
6a3e9f1164a9e1e30880a2b4;Halter Sextavado Pintado Pegada Cromada 6kg;HSPC6;Halteres;;peça;6;https://base44.app/api/apps/68c9d5dd3cf0f8fd8a834875/files/mp/public/68c9d5dd3cf0f8fd8a834875/25a73094f_halter-sextavado-pintado-pegada-cromada.jpg;9506.91.00;;true;;;Pintado;Cromada;;;Sextavado;;;;;;;false;3164;Haltere fixo sextavado, 6kg, acabamento pintado, pegada cromada.
6a3e9f1164a9e1e30880a2b5;Halter Sextavado Pintado Pegada Cromada 7kg;HSPC7;Halteres;;peça;7;https://base44.app/api/apps/68c9d5dd3cf0f8fd8a834875/files/mp/public/68c9d5dd3cf0f8fd8a834875/25a73094f_halter-sextavado-pintado-pegada-cromada.jpg;9506.91.00;;true;;;Pintado;Cromada;;;Sextavado;;;;;;;false;3164;Haltere fixo sextavado, 7kg, acabamento pintado, pegada cromada.
6a3e9f1164a9e1e30880a2b6;Halter Sextavado Pintado Pegada Cromada 8kg;HSPC8;Halteres;;peça;8;https://base44.app/api/apps/68c9d5dd3cf0f8fd8a834875/files/mp/public/68c9d5dd3cf0f8fd8a834875/25a73094f_halter-sextavado-pintado-pegada-cromada.jpg;9506.91.00;;true;;;Pintado;Cromada;;;Sextavado;;;;;;;false;3164;Haltere fixo sextavado, 8kg, acabamento pintado, pegada cromada.
6a3e9f1164a9e1e30880a2b7;Halter Sextavado Pintado Pegada Cromada 9kg;HSPC9;Halteres;;peça;9;https://base44.app/api/apps/68c9d5dd3cf0f8fd8a834875/files/mp/public/68c9d5dd3cf0f8fd8a834875/25a73094f_halter-sextavado-pintado-pegada-cromada.jpg;9506.91.00;;true;;;Pintado;Cromada;;;Sextavado;;;;;;;false;3164;Haltere fixo sextavado, 9kg, acabamento pintado, pegada cromada.
6a3e9f1164a9e1e30880a2b8;Halter Sextavado Pintado Pegada Cromada 10kg;HSPC10;Halteres;;peça;10;https://base44.app/api/apps/68c9d5dd3cf0f8fd8a834875/files/mp/public/68c9d5dd3cf0f8fd8a834875/25a73094f_halter-sextavado-pintado-pegada-cromada.jpg;9506.91.00;;true;;;Pintado;Cromada;;;Sextavado;;;;;;;false;3164;Haltere fixo sextavado, 10kg, acabamento pintado, pegada cromada.
6a3e9f1164a9e1e30880a2b9;Halter Sextavado Pintado Pegada Injetada 1kg;HSPI1;Halteres;;peça;1;;9506.91.00;;true;;;Pintado;Injetada;;;Sextavado;;;;;;;false;3164;Haltere fixo sextavado, 1kg, acabamento pintado, pegada injetada.
6a3e9f1164a9e1e30880a2ba;Halter Sextavado Pintado Pegada Injetada 2kg;HSPI2;Halteres;;peça;2;;9506.91.00;;true;;;Pintado;Injetada;;;Sextavado;;;;;;;false;3164;Haltere fixo sextavado, 2kg, acabamento pintado, pegada injetada.
6a3e9f1164a9e1e30880a2bb;Halter Sextavado Pintado Pegada Injetada 3kg;HSPI3;Halteres;;peça;3;;9506.91.00;;true;;;Pintado;Injetada;;;Sextavado;;;;;;;false;3164;Haltere fixo sextavado, 3kg, acabamento pintado, pegada injetada.
6a3e9f1164a9e1e30880a2bc;Halter Sextavado Pintado Pegada Injetada 4kg;HSPI4;Halteres;;peça;4;;9506.91.00;;true;;;Pintado;Injetada;;;Sextavado;;;;;;;false;3164;Haltere fixo sextavado, 4kg, acabamento pintado, pegada injetada.
6a3e9f1164a9e1e30880a2bd;Halter Sextavado Pintado Pegada Injetada 5kg;HSPI5;Halteres;;peça;5;;9506.91.00;;true;;;Pintado;Injetada;;;Sextavado;;;;;;;false;3164;Haltere fixo sextavado, 5kg, acabamento pintado, pegada injetada.
6a3e9f1164a9e1e30880a2be;Halter Sextavado Pintado Pegada Injetada 6kg;HSPI6;Halteres;;peça;6;;9506.91.00;;true;;;Pintado;Injetada;;;Sextavado;;;;;;;false;3164;Haltere fixo sextavado, 6kg, acabamento pintado, pegada injetada.
6a3e9f1164a9e1e30880a2bf;Halter Sextavado Pintado Pegada Injetada 7kg;HSPI7;Halteres;;peça;7;;9506.91.00;;true;;;Pintado;Injetada;;;Sextavado;;;;;;;false;3164;Haltere fixo sextavado, 7kg, acabamento pintado, pegada injetada.
6a3e9f1164a9e1e30880a2c0;Halter Sextavado Pintado Pegada Injetada 8kg;HSPI8;Halteres;;peça;8;;9506.91.00;;true;;;Pintado;Injetada;;;Sextavado;;;;;;;false;3164;Haltere fixo sextavado, 8kg, acabamento pintado, pegada injetada.
6a3e9f1164a9e1e30880a2c1;Halter Sextavado Pintado Pegada Injetada 9kg;HSPI9;Halteres;;peça;9;;9506.91.00;;true;;;Pintado;Injetada;;;Sextavado;;;;;;;false;3164;Haltere fixo sextavado, 9kg, acabamento pintado, pegada injetada.
6a3e9f1164a9e1e30880a2c2;Halter Sextavado Pintado Pegada Injetada 10kg;HSPI10;Halteres;;peça;10;;9506.91.00;;true;;;Pintado;Injetada;;;Sextavado;;;;;;;false;3164;Haltere fixo sextavado, 10kg, acabamento pintado, pegada injetada.
6a3e9f1164a9e1e30880a2c3;Halter Sextavado Emborrachado Pegada Cromada 1kg;HSEC1;Halteres;;peça;1;https://anilhasehalteresbrasil.com.br/wp-content/uploads/2019/11/20191120_162115.jpg;9506.91.00;;true;;;Emborrachado;Cromada;;;Sextavado;;;;;;;false;3164;Haltere fixo sextavado, 1kg, acabamento emborrachado, pegada cromada.
6a3e9f1164a9e1e30880a2c4;Halter Sextavado Emborrachado Pegada Cromada 2kg;HSEC2;Halteres;;peça;2;https://anilhasehalteresbrasil.com.br/wp-content/uploads/2019/11/20191120_162115.jpg;9506.91.00;;true;;;Emborrachado;Cromada;;;Sextavado;;;;;;;false;3164;Haltere fixo sextavado, 2kg, acabamento emborrachado, pegada cromada.
6a3e9f1164a9e1e30880a2c5;Halter Sextavado Emborrachado Pegada Cromada 3kg;HSEC3;Halteres;;peça;3;https://anilhasehalteresbrasil.com.br/wp-content/uploads/2019/11/20191120_162115.jpg;9506.91.00;;true;;;Emborrachado;Cromada;;;Sextavado;;;;;;;false;3164;Haltere fixo sextavado, 3kg, acabamento emborrachado, pegada cromada.
6a3e9f1164a9e1e30880a2c6;Halter Sextavado Emborrachado Pegada Cromada 4kg;HSEC4;Halteres;;peça;4;https://anilhasehalteresbrasil.com.br/wp-content/uploads/2019/11/20191120_162115.jpg;9506.91.00;;true;;;Emborrachado;Cromada;;;Sextavado;;;;;;;false;3164;Haltere fixo sextavado, 4kg, acabamento emborrachado, pegada cromada.
6a3e9f1164a9e1e30880a2c7;Halter Sextavado Emborrachado Pegada Cromada 5kg;HSEC5;Halteres;;peça;5;https://anilhasehalteresbrasil.com.br/wp-content/uploads/2019/11/20191120_162115.jpg;9506.91.00;;true;;;Emborrachado;Cromada;;;Sextavado;;;;;;;false;3164;Haltere fixo sextavado, 5kg, acabamento emborrachado, pegada cromada.
6a3e9f1164a9e1e30880a2c8;Halter Sextavado Emborrachado Pegada Cromada 6kg;HSEC6;Halteres;;peça;6;https://anilhasehalteresbrasil.com.br/wp-content/uploads/2019/11/20191120_162115.jpg;9506.91.00;;true;;;Emborrachado;Cromada;;;Sextavado;;;;;;;false;3164;Haltere fixo sextavado, 6kg, acabamento emborrachado, pegada cromada.
6a3e9f1164a9e1e30880a2c9;Halter Sextavado Emborrachado Pegada Cromada 7kg;HSEC7;Halteres;;peça;7;https://anilhasehalteresbrasil.com.br/wp-content/uploads/2019/11/20191120_162115.jpg;9506.91.00;;true;;;Emborrachado;Cromada;;;Sextavado;;;;;;;false;3164;Haltere fixo sextavado, 7kg, acabamento emborrachado, pegada cromada.
6a3e9f1164a9e1e30880a2ca;Halter Sextavado Emborrachado Pegada Cromada 8kg;HSEC8;Halteres;;peça;8;https://anilhasehalteresbrasil.com.br/wp-content/uploads/2019/11/20191120_162115.jpg;9506.91.00;;true;;;Emborrachado;Cromada;;;Sextavado;;;;;;;false;3164;Haltere fixo sextavado, 8kg, acabamento emborrachado, pegada cromada.
6a3e9f1164a9e1e30880a2cb;Halter Sextavado Emborrachado Pegada Cromada 9kg;HSEC9;Halteres;;peça;9;https://anilhasehalteresbrasil.com.br/wp-content/uploads/2019/11/20191120_162115.jpg;9506.91.00;;true;;;Emborrachado;Cromada;;;Sextavado;;;;;;;false;3164;Haltere fixo sextavado, 9kg, acabamento emborrachado, pegada cromada.
6a3e9f1164a9e1e30880a2cc;Halter Sextavado Emborrachado Pegada Cromada 10kg;HSEC10;Halteres;;peça;10;https://anilhasehalteresbrasil.com.br/wp-content/uploads/2019/11/20191120_162115.jpg;9506.91.00;;true;;;Emborrachado;Cromada;;;Sextavado;;;;;;;false;3164;Haltere fixo sextavado, 10kg, acabamento emborrachado, pegada cromada.
6a3e9f1164a9e1e30880a2cd;Halter Sextavado Emborrachado Pegada Injetada 1kg;HSEI1;Halteres;;peça;1;;9506.91.00;;true;;;Emborrachado;Injetada;;;Sextavado;;;;;;;false;3164;Haltere fixo sextavado, 1kg, acabamento emborrachado, pegada injetada.
6a3e9f1164a9e1e30880a2ce;Halter Sextavado Emborrachado Pegada Injetada 2kg;HSEI2;Halteres;;peça;2;;9506.91.00;;true;;;Emborrachado;Injetada;;;Sextavado;;;;;;;false;3164;Haltere fixo sextavado, 2kg, acabamento emborrachado, pegada injetada.
6a3e9f1164a9e1e30880a2cf;Halter Sextavado Emborrachado Pegada Injetada 3kg;HSEI3;Halteres;;peça;3;;9506.91.00;;true;;;Emborrachado;Injetada;;;Sextavado;;;;;;;false;3164;Haltere fixo sextavado, 3kg, acabamento emborrachado, pegada injetada.
6a3e9f1164a9e1e30880a2d0;Halter Sextavado Emborrachado Pegada Injetada 4kg;HSEI4;Halteres;;peça;4;;9506.91.00;;true;;;Emborrachado;Injetada;;;Sextavado;;;;;;;false;3164;Haltere fixo sextavado, 4kg, acabamento emborrachado, pegada injetada.
6a3e9f1164a9e1e30880a2d1;Halter Sextavado Emborrachado Pegada Injetada 5kg;HSEI5;Halteres;;peça;5;;9506.91.00;;true;;;Emborrachado;Injetada;;;Sextavado;;;;;;;false;3164;Haltere fixo sextavado, 5kg, acabamento emborrachado, pegada injetada.
6a3e9f1164a9e1e30880a2d2;Halter Sextavado Emborrachado Pegada Injetada 6kg;HSEI6;Halteres;;peça;6;;9506.91.00;;true;;;Emborrachado;Injetada;;;Sextavado;;;;;;;false;3164;Haltere fixo sextavado, 6kg, acabamento emborrachado, pegada injetada.
6a3e9f1164a9e1e30880a2d3;Halter Sextavado Emborrachado Pegada Injetada 7kg;HSEI7;Halteres;;peça;7;;9506.91.00;;true;;;Emborrachado;Injetada;;;Sextavado;;;;;;;false;3164;Haltere fixo sextavado, 7kg, acabamento emborrachado, pegada injetada.
6a3e9f1164a9e1e30880a2d4;Halter Sextavado Emborrachado Pegada Injetada 8kg;HSEI8;Halteres;;peça;8;;9506.91.00;;true;;;Emborrachado;Injetada;;;Sextavado;;;;;;;false;3164;Haltere fixo sextavado, 8kg, acabamento emborrachado, pegada injetada.
6a3e9f1164a9e1e30880a2d5;Halter Sextavado Emborrachado Pegada Injetada 9kg;HSEI9;Halteres;;peça;9;;9506.91.00;;true;;;Emborrachado;Injetada;;;Sextavado;;;;;;;false;3164;Haltere fixo sextavado, 9kg, acabamento emborrachado, pegada injetada.
6a3e9f1164a9e1e30880a2d6;Halter Sextavado Emborrachado Pegada Injetada 10kg;HSEI10;Halteres;;peça;10;;9506.91.00;;true;;;Emborrachado;Injetada;;;Sextavado;;;;;;;false;3164;Haltere fixo sextavado, 10kg, acabamento emborrachado, pegada injetada.
6a3e9f1164a9e1e30880a2d7;Halter Sextavado Texturizado Pegada Cromada 1kg;HSTC1;Halteres;;peça;1;https://base44.app/api/apps/68c9d5dd3cf0f8fd8a834875/files/mp/public/68c9d5dd3cf0f8fd8a834875/18fc2265e_halter-sextavado-texturizado-pegada-cromada.jpg;9506.91.00;;true;;;Texturizado;Cromada;;;Sextavado;;;;;;;false;3164;Haltere fixo sextavado, 1kg, acabamento texturizado, pegada cromada.
6a3e9f1164a9e1e30880a2d8;Halter Sextavado Texturizado Pegada Cromada 2kg;HSTC2;Halteres;;peça;2;https://base44.app/api/apps/68c9d5dd3cf0f8fd8a834875/files/mp/public/68c9d5dd3cf0f8fd8a834875/18fc2265e_halter-sextavado-texturizado-pegada-cromada.jpg;9506.91.00;;true;;;Texturizado;Cromada;;;Sextavado;;;;;;;false;3164;Haltere fixo sextavado, 2kg, acabamento texturizado, pegada cromada.
6a3e9f1164a9e1e30880a2d9;Halter Sextavado Texturizado Pegada Cromada 3kg;HSTC3;Halteres;;peça;3;https://base44.app/api/apps/68c9d5dd3cf0f8fd8a834875/files/mp/public/68c9d5dd3cf0f8fd8a834875/18fc2265e_halter-sextavado-texturizado-pegada-cromada.jpg;9506.91.00;;true;;;Texturizado;Cromada;;;Sextavado;;;;;;;false;3164;Haltere fixo sextavado, 3kg, acabamento texturizado, pegada cromada.
6a3e9f1164a9e1e30880a2da;Halter Sextavado Texturizado Pegada Cromada 4kg;HSTC4;Halteres;;peça;4;https://base44.app/api/apps/68c9d5dd3cf0f8fd8a834875/files/mp/public/68c9d5dd3cf0f8fd8a834875/18fc2265e_halter-sextavado-texturizado-pegada-cromada.jpg;9506.91.00;;true;;;Texturizado;Cromada;;;Sextavado;;;;;;;false;3164;Haltere fixo sextavado, 4kg, acabamento texturizado, pegada cromada.
6a3e9f1164a9e1e30880a2db;Halter Sextavado Texturizado Pegada Cromada 5kg;HSTC5;Halteres;;peça;5;https://base44.app/api/apps/68c9d5dd3cf0f8fd8a834875/files/mp/public/68c9d5dd3cf0f8fd8a834875/18fc2265e_halter-sextavado-texturizado-pegada-cromada.jpg;9506.91.00;;true;;;Texturizado;Cromada;;;Sextavado;;;;;;;false;3164;Haltere fixo sextavado, 5kg, acabamento texturizado, pegada cromada.
6a3e9f1164a9e1e30880a2dc;Halter Sextavado Texturizado Pegada Cromada 6kg;HSTC6;Halteres;;peça;6;https://base44.app/api/apps/68c9d5dd3cf0f8fd8a834875/files/mp/public/68c9d5dd3cf0f8fd8a834875/18fc2265e_halter-sextavado-texturizado-pegada-cromada.jpg;9506.91.00;;true;;;Texturizado;Cromada;;;Sextavado;;;;;;;false;3164;Haltere fixo sextavado, 6kg, acabamento texturizado, pegada cromada.
6a3e9f1164a9e1e30880a2dd;Halter Sextavado Texturizado Pegada Cromada 7kg;HSTC7;Halteres;;peça;7;https://base44.app/api/apps/68c9d5dd3cf0f8fd8a834875/files/mp/public/68c9d5dd3cf0f8fd8a834875/18fc2265e_halter-sextavado-texturizado-pegada-cromada.jpg;9506.91.00;;true;;;Texturizado;Cromada;;;Sextavado;;;;;;;false;3164;Haltere fixo sextavado, 7kg, acabamento texturizado, pegada cromada.
6a3e9f1164a9e1e30880a2de;Halter Sextavado Texturizado Pegada Cromada 8kg;HSTC8;Halteres;;peça;8;https://base44.app/api/apps/68c9d5dd3cf0f8fd8a834875/files/mp/public/68c9d5dd3cf0f8fd8a834875/18fc2265e_halter-sextavado-texturizado-pegada-cromada.jpg;9506.91.00;;true;;;Texturizado;Cromada;;;Sextavado;;;;;;;false;3164;Haltere fixo sextavado, 8kg, acabamento texturizado, pegada cromada.
6a3e9f1164a9e1e30880a2df;Halter Sextavado Texturizado Pegada Cromada 9kg;HSTC9;Halteres;;peça;9;https://base44.app/api/apps/68c9d5dd3cf0f8fd8a834875/files/mp/public/68c9d5dd3cf0f8fd8a834875/18fc2265e_halter-sextavado-texturizado-pegada-cromada.jpg;9506.91.00;;true;;;Texturizado;Cromada;;;Sextavado;;;;;;;false;3164;Haltere fixo sextavado, 9kg, acabamento texturizado, pegada cromada.
6a3e9f1164a9e1e30880a2e0;Halter Sextavado Texturizado Pegada Cromada 10kg;HSTC10;Halteres;;peça;10;https://base44.app/api/apps/68c9d5dd3cf0f8fd8a834875/files/mp/public/68c9d5dd3cf0f8fd8a834875/18fc2265e_halter-sextavado-texturizado-pegada-cromada.jpg;9506.91.00;;true;;;Texturizado;Cromada;;;Sextavado;;;;;;;false;3164;Haltere fixo sextavado, 10kg, acabamento texturizado, pegada cromada.
6a3e9f1164a9e1e30880a2e1;Halter Sextavado Texturizado Pegada Injetada 1kg;HSTI1;Halteres;;peça;1;;9506.91.00;;true;;;Texturizado;Injetada;;;Sextavado;;;;;;;false;3164;Haltere fixo sextavado, 1kg, acabamento texturizado, pegada injetada.
6a3e9f1164a9e1e30880a2e2;Halter Sextavado Texturizado Pegada Injetada 2kg;HSTI2;Halteres;;peça;2;;9506.91.00;;true;;;Texturizado;Injetada;;;Sextavado;;;;;;;false;3164;Haltere fixo sextavado, 2kg, acabamento texturizado, pegada injetada.
6a3e9f1164a9e1e30880a2e3;Halter Sextavado Texturizado Pegada Injetada 3kg;HSTI3;Halteres;;peça;3;;9506.91.00;;true;;;Texturizado;Injetada;;;Sextavado;;;;;;;false;3164;Haltere fixo sextavado, 3kg, acabamento texturizado, pegada injetada.
6a3e9f1164a9e1e30880a2e4;Halter Sextavado Texturizado Pegada Injetada 4kg;HSTI4;Halteres;;peça;4;;9506.91.00;;true;;;Texturizado;Injetada;;;Sextavado;;;;;;;false;3164;Haltere fixo sextavado, 4kg, acabamento texturizado, pegada injetada.
6a3e9f1164a9e1e30880a2e5;Halter Sextavado Texturizado Pegada Injetada 5kg;HSTI5;Halteres;;peça;5;;9506.91.00;;true;;;Texturizado;Injetada;;;Sextavado;;;;;;;false;3164;Haltere fixo sextavado, 5kg, acabamento texturizado, pegada injetada.
6a3e9f1164a9e1e30880a2e6;Halter Sextavado Texturizado Pegada Injetada 6kg;HSTI6;Halteres;;peça;6;;9506.91.00;;true;;;Texturizado;Injetada;;;Sextavado;;;;;;;false;3164;Haltere fixo sextavado, 6kg, acabamento texturizado, pegada injetada.
6a3e9f1164a9e1e30880a2e7;Halter Sextavado Texturizado Pegada Injetada 7kg;HSTI7;Halteres;;peça;7;;9506.91.00;;true;;;Texturizado;Injetada;;;Sextavado;;;;;;;false;3164;Haltere fixo sextavado, 7kg, acabamento texturizado, pegada injetada.
6a3e9f1164a9e1e30880a2e8;Halter Sextavado Texturizado Pegada Injetada 8kg;HSTI8;Halteres;;peça;8;;9506.91.00;;true;;;Texturizado;Injetada;;;Sextavado;;;;;;;false;3164;Haltere fixo sextavado, 8kg, acabamento texturizado, pegada injetada.
6a3e9f1164a9e1e30880a2e9;Halter Sextavado Texturizado Pegada Injetada 9kg;HSTI9;Halteres;;peça;9;;9506.91.00;;true;;;Texturizado;Injetada;;;Sextavado;;;;;;;false;3164;Haltere fixo sextavado, 9kg, acabamento texturizado, pegada injetada.
6a3e9f1164a9e1e30880a2ea;Halter Sextavado Texturizado Pegada Injetada 10kg;HSTI10;Halteres;;peça;10;;9506.91.00;;true;;;Texturizado;Injetada;;;Sextavado;;;;;;;false;3164;Haltere fixo sextavado, 10kg, acabamento texturizado, pegada injetada.
6a3e9f1164a9e1e30880a2eb;Halter Sextavado Injetado Pegada Cromada 1kg;HSIC1;Halteres;;peça;1;https://base44.app/api/apps/68c9d5dd3cf0f8fd8a834875/files/mp/public/68c9d5dd3cf0f8fd8a834875/5de296d90_Halter-Sextavado-Injetado-Pegada-Cromada.jpg;9506.91.00;;true;;;Injetado;Cromada;;;Sextavado;;;;;;;false;3164;Haltere fixo sextavado, 1kg, acabamento injetado, pegada cromada.
6a3e9f1164a9e1e30880a2ec;Halter Sextavado Injetado Pegada Cromada 2kg;HSIC2;Halteres;;peça;2;https://base44.app/api/apps/68c9d5dd3cf0f8fd8a834875/files/mp/public/68c9d5dd3cf0f8fd8a834875/5de296d90_Halter-Sextavado-Injetado-Pegada-Cromada.jpg;9506.91.00;;true;;;Injetado;Cromada;;;Sextavado;;;;;;;false;3164;Haltere fixo sextavado, 2kg, acabamento injetado, pegada cromada.
6a3e9f1164a9e1e30880a2ed;Halter Sextavado Injetado Pegada Cromada 3kg;HSIC3;Halteres;;peça;3;https://base44.app/api/apps/68c9d5dd3cf0f8fd8a834875/files/mp/public/68c9d5dd3cf0f8fd8a834875/5de296d90_Halter-Sextavado-Injetado-Pegada-Cromada.jpg;9506.91.00;;true;;;Injetado;Cromada;;;Sextavado;;;;;;;false;3164;Haltere fixo sextavado, 3kg, acabamento injetado, pegada cromada.
6a3e9f1164a9e1e30880a2ee;Halter Sextavado Injetado Pegada Cromada 4kg;HSIC4;Halteres;;peça;4;https://base44.app/api/apps/68c9d5dd3cf0f8fd8a834875/files/mp/public/68c9d5dd3cf0f8fd8a834875/5de296d90_Halter-Sextavado-Injetado-Pegada-Cromada.jpg;9506.91.00;;true;;;Injetado;Cromada;;;Sextavado;;;;;;;false;3164;Haltere fixo sextavado, 4kg, acabamento injetado, pegada cromada.
6a3e9f1164a9e1e30880a2ef;Halter Sextavado Injetado Pegada Cromada 5kg;HSIC5;Halteres;;peça;5;https://base44.app/api/apps/68c9d5dd3cf0f8fd8a834875/files/mp/public/68c9d5dd3cf0f8fd8a834875/5de296d90_Halter-Sextavado-Injetado-Pegada-Cromada.jpg;9506.91.00;;true;;;Injetado;Cromada;;;Sextavado;;;;;;;false;3164;Haltere fixo sextavado, 5kg, acabamento injetado, pegada cromada.
6a3e9f1164a9e1e30880a2f0;Halter Sextavado Injetado Pegada Cromada 6kg;HSIC6;Halteres;;peça;6;https://base44.app/api/apps/68c9d5dd3cf0f8fd8a834875/files/mp/public/68c9d5dd3cf0f8fd8a834875/5de296d90_Halter-Sextavado-Injetado-Pegada-Cromada.jpg;9506.91.00;;true;;;Injetado;Cromada;;;Sextavado;;;;;;;false;3164;Haltere fixo sextavado, 6kg, acabamento injetado, pegada cromada.
6a3e9f1164a9e1e30880a2f1;Halter Sextavado Injetado Pegada Cromada 7kg;HSIC7;Halteres;;peça;7;https://base44.app/api/apps/68c9d5dd3cf0f8fd8a834875/files/mp/public/68c9d5dd3cf0f8fd8a834875/5de296d90_Halter-Sextavado-Injetado-Pegada-Cromada.jpg;9506.91.00;;true;;;Injetado;Cromada;;;Sextavado;;;;;;;false;3164;Haltere fixo sextavado, 7kg, acabamento injetado, pegada cromada.
6a3e9f1164a9e1e30880a2f2;Halter Sextavado Injetado Pegada Cromada 8kg;HSIC8;Halteres;;peça;8;https://base44.app/api/apps/68c9d5dd3cf0f8fd8a834875/files/mp/public/68c9d5dd3cf0f8fd8a834875/5de296d90_Halter-Sextavado-Injetado-Pegada-Cromada.jpg;9506.91.00;;true;;;Injetado;Cromada;;;Sextavado;;;;;;;false;3164;Haltere fixo sextavado, 8kg, acabamento injetado, pegada cromada.
6a3e9f1164a9e1e30880a2f3;Halter Sextavado Injetado Pegada Cromada 9kg;HSIC9;Halteres;;peça;9;https://base44.app/api/apps/68c9d5dd3cf0f8fd8a834875/files/mp/public/68c9d5dd3cf0f8fd8a834875/5de296d90_Halter-Sextavado-Injetado-Pegada-Cromada.jpg;9506.91.00;;true;;;Injetado;Cromada;;;Sextavado;;;;;;;false;3164;Haltere fixo sextavado, 9kg, acabamento injetado, pegada cromada.
6a3e9f1164a9e1e30880a2f4;Halter Sextavado Injetado Pegada Cromada 10kg;HSIC10;Halteres;;peça;10;https://base44.app/api/apps/68c9d5dd3cf0f8fd8a834875/files/mp/public/68c9d5dd3cf0f8fd8a834875/5de296d90_Halter-Sextavado-Injetado-Pegada-Cromada.jpg;9506.91.00;;true;;;Injetado;Cromada;;;Sextavado;;;;;;;false;3164;Haltere fixo sextavado, 10kg, acabamento injetado, pegada cromada.
6a3e9f1164a9e1e30880a2f5;Halter Sextavado Injetado Pegada Injetada 1kg;HSII1;Halteres;;peça;1;;9506.91.00;;true;;;Injetado;Injetada;;;Sextavado;;;;;;;false;3164;Haltere fixo sextavado, 1kg, acabamento injetado, pegada injetada.
6a3e9f1164a9e1e30880a2f6;Halter Sextavado Injetado Pegada Injetada 2kg;HSII2;Halteres;;peça;2;;9506.91.00;;true;;;Injetado;Injetada;;;Sextavado;;;;;;;false;3164;Haltere fixo sextavado, 2kg, acabamento injetado, pegada injetada.
6a3e9f1164a9e1e30880a2f7;Halter Sextavado Injetado Pegada Injetada 3kg;HSII3;Halteres;;peça;3;;9506.91.00;;true;;;Injetado;Injetada;;;Sextavado;;;;;;;false;3164;Haltere fixo sextavado, 3kg, acabamento injetado, pegada injetada.
6a3e9f1164a9e1e30880a2f8;Halter Sextavado Injetado Pegada Injetada 4kg;HSII4;Halteres;;peça;4;;9506.91.00;;true;;;Injetado;Injetada;;;Sextavado;;;;;;;false;3164;Haltere fixo sextavado, 4kg, acabamento injetado, pegada injetada.
6a3e9f1164a9e1e30880a2f9;Halter Sextavado Injetado Pegada Injetada 5kg;HSII5;Halteres;;peça;5;;9506.91.00;;true;;;Injetado;Injetada;;;Sextavado;;;;;;;false;3164;Haltere fixo sextavado, 5kg, acabamento injetado, pegada injetada.
6a3e9f1164a9e1e30880a2fa;Halter Sextavado Injetado Pegada Injetada 6kg;HSII6;Halteres;;peça;6;;9506.91.00;;true;;;Injetado;Injetada;;;Sextavado;;;;;;;false;3164;Haltere fixo sextavado, 6kg, acabamento injetado, pegada injetada.
6a3e9f1164a9e1e30880a2fb;Halter Sextavado Injetado Pegada Injetada 7kg;HSII7;Halteres;;peça;7;;9506.91.00;;true;;;Injetado;Injetada;;;Sextavado;;;;;;;false;3164;Haltere fixo sextavado, 7kg, acabamento injetado, pegada injetada.
6a3e9f1164a9e1e30880a2fc;Halter Sextavado Injetado Pegada Injetada 8kg;HSII8;Halteres;;peça;8;;9506.91.00;;true;;;Injetado;Injetada;;;Sextavado;;;;;;;false;3164;Haltere fixo sextavado, 8kg, acabamento injetado, pegada injetada.
6a3e9f1164a9e1e30880a2fd;Halter Sextavado Injetado Pegada Injetada 9kg;HSII9;Halteres;;peça;9;;9506.91.00;;true;;;Injetado;Injetada;;;Sextavado;;;;;;;false;3164;Haltere fixo sextavado, 9kg, acabamento injetado, pegada injetada.
6a3e9f1164a9e1e30880a2fe;Halter Sextavado Injetado Pegada Injetada 10kg;HSII10;Halteres;;peça;10;;9506.91.00;;true;;;Injetado;Injetada;;;Sextavado;;;;;;;false;3164;Haltere fixo sextavado, 10kg, acabamento injetado, pegada injetada.
6a3e9f1164a9e1e30880a2ff;Halter Sextavado Sem acabamento Pegada Cromada 1kg;HSSC1;Halteres;;peça;1;;9506.91.00;;true;;;Sem acabamento;Cromada;;;Sextavado;;;;;;;false;3164;Haltere fixo sextavado, 1kg, acabamento sem acabamento, pegada cromada.
6a3e9f1164a9e1e30880a300;Halter Sextavado Sem acabamento Pegada Cromada 2kg;HSSC2;Halteres;;peça;2;;9506.91.00;;true;;;Sem acabamento;Cromada;;;Sextavado;;;;;;;false;3164;Haltere fixo sextavado, 2kg, acabamento sem acabamento, pegada cromada.
6a3e9f1164a9e1e30880a301;Halter Sextavado Sem acabamento Pegada Cromada 3kg;HSSC3;Halteres;;peça;3;;9506.91.00;;true;;;Sem acabamento;Cromada;;;Sextavado;;;;;;;false;3164;Haltere fixo sextavado, 3kg, acabamento sem acabamento, pegada cromada.
6a3e9f1164a9e1e30880a302;Halter Sextavado Sem acabamento Pegada Cromada 4kg;HSSC4;Halteres;;peça;4;;9506.91.00;;true;;;Sem acabamento;Cromada;;;Sextavado;;;;;;;false;3164;Haltere fixo sextavado, 4kg, acabamento sem acabamento, pegada cromada.
6a3e9f1164a9e1e30880a303;Halter Sextavado Sem acabamento Pegada Cromada 5kg;HSSC5;Halteres;;peça;5;;9506.91.00;;true;;;Sem acabamento;Cromada;;;Sextavado;;;;;;;false;3164;Haltere fixo sextavado, 5kg, acabamento sem acabamento, pegada cromada.
6a3e9f1164a9e1e30880a304;Halter Sextavado Sem acabamento Pegada Cromada 6kg;HSSC6;Halteres;;peça;6;;9506.91.00;;true;;;Sem acabamento;Cromada;;;Sextavado;;;;;;;false;3164;Haltere fixo sextavado, 6kg, acabamento sem acabamento, pegada cromada.
6a3e9f1164a9e1e30880a305;Halter Sextavado Sem acabamento Pegada Cromada 7kg;HSSC7;Halteres;;peça;7;;9506.91.00;;true;;;Sem acabamento;Cromada;;;Sextavado;;;;;;;false;3164;Haltere fixo sextavado, 7kg, acabamento sem acabamento, pegada cromada.
6a3e9f1164a9e1e30880a306;Halter Sextavado Sem acabamento Pegada Cromada 8kg;HSSC8;Halteres;;peça;8;;9506.91.00;;true;;;Sem acabamento;Cromada;;;Sextavado;;;;;;;false;3164;Haltere fixo sextavado, 8kg, acabamento sem acabamento, pegada cromada.
6a3e9f1164a9e1e30880a307;Halter Sextavado Sem acabamento Pegada Cromada 9kg;HSSC9;Halteres;;peça;9;;9506.91.00;;true;;;Sem acabamento;Cromada;;;Sextavado;;;;;;;false;3164;Haltere fixo sextavado, 9kg, acabamento sem acabamento, pegada cromada.
6a3e9f1164a9e1e30880a308;Halter Sextavado Sem acabamento Pegada Cromada 10kg;HSSC10;Halteres;;peça;10;;9506.91.00;;true;;;Sem acabamento;Cromada;;;Sextavado;;;;;;;false;3164;Haltere fixo sextavado, 10kg, acabamento sem acabamento, pegada cromada.
6a3e9f1164a9e1e30880a309;Halter Sextavado Sem acabamento Pegada Injetada 1kg;HSSI1;Halteres;;peça;1;;9506.91.00;;true;;;Sem acabamento;Injetada;;;Sextavado;;;;;;;false;3164;Haltere fixo sextavado, 1kg, acabamento sem acabamento, pegada injetada.
6a3e9f1164a9e1e30880a30a;Halter Sextavado Sem acabamento Pegada Injetada 2kg;HSSI2;Halteres;;peça;2;;9506.91.00;;true;;;Sem acabamento;Injetada;;;Sextavado;;;;;;;false;3164;Haltere fixo sextavado, 2kg, acabamento sem acabamento, pegada injetada.
6a3e9f1164a9e1e30880a30b;Halter Sextavado Sem acabamento Pegada Injetada 3kg;HSSI3;Halteres;;peça;3;;9506.91.00;;true;;;Sem acabamento;Injetada;;;Sextavado;;;;;;;false;3164;Haltere fixo sextavado, 3kg, acabamento sem acabamento, pegada injetada.
6a3e9f1164a9e1e30880a30c;Halter Sextavado Sem acabamento Pegada Injetada 4kg;HSSI4;Halteres;;peça;4;;9506.91.00;;true;;;Sem acabamento;Injetada;;;Sextavado;;;;;;;false;3164;Haltere fixo sextavado, 4kg, acabamento sem acabamento, pegada injetada.
6a3e9f1164a9e1e30880a30d;Halter Sextavado Sem acabamento Pegada Injetada 5kg;HSSI5;Halteres;;peça;5;;9506.91.00;;true;;;Sem acabamento;Injetada;;;Sextavado;;;;;;;false;3164;Haltere fixo sextavado, 5kg, acabamento sem acabamento, pegada injetada.
6a3e9f1164a9e1e30880a30e;Halter Sextavado Sem acabamento Pegada Injetada 6kg;HSSI6;Halteres;;peça;6;;9506.91.00;;true;;;Sem acabamento;Injetada;;;Sextavado;;;;;;;false;3164;Haltere fixo sextavado, 6kg, acabamento sem acabamento, pegada injetada.
6a3e9f1164a9e1e30880a30f;Halter Sextavado Sem acabamento Pegada Injetada 7kg;HSSI7;Halteres;;peça;7;;9506.91.00;;true;;;Sem acabamento;Injetada;;;Sextavado;;;;;;;false;3164;Haltere fixo sextavado, 7kg, acabamento sem acabamento, pegada injetada.
6a3e9f1164a9e1e30880a310;Halter Sextavado Sem acabamento Pegada Injetada 8kg;HSSI8;Halteres;;peça;8;;9506.91.00;;true;;;Sem acabamento;Injetada;;;Sextavado;;;;;;;false;3164;Haltere fixo sextavado, 8kg, acabamento sem acabamento, pegada injetada.
6a3e9f1164a9e1e30880a311;Halter Sextavado Sem acabamento Pegada Injetada 9kg;HSSI9;Halteres;;peça;9;;9506.91.00;;true;;;Sem acabamento;Injetada;;;Sextavado;;;;;;;false;3164;Haltere fixo sextavado, 9kg, acabamento sem acabamento, pegada injetada.
6a3e9f1164a9e1e30880a312;Halter Sextavado Sem acabamento Pegada Injetada 10kg;HSSI10;Halteres;;peça;10;;9506.91.00;;true;;;Sem acabamento;Injetada;;;Sextavado;;;;;;;false;3164;Haltere fixo sextavado, 10kg, acabamento sem acabamento, pegada injetada.
6a3ecab39928a9b8529fbc07;Kit Dumbbell Anilha Injetado Pegada Recartilhada 12 a 30kg + Suporte;KDAIPR1230S;Kits;Dumbbell Anilha Injetada;kit;420;https://base44.app/api/apps/68c9d5dd3cf0f8fd8a834875/files/mp/public/68c9d5dd3cf0f8fd8a834875/3488162f6_Dumbbells-Injetado-com-Anilha-suporte.webp;9506.91.00;;true;;Padrão;Injetado;Recartilhada;12-30;;;;;;;;;false;499978;
6a3ecab39928a9b8529fbc08;Kit Dumbbell Sextavado Maciço Pintado 12 a 30kg + Suporte;KDSMP1230S;Kits;Dumbbell Sextavado;kit;420;https://base44.app/api/apps/68c9d5dd3cf0f8fd8a834875/files/mp/public/68c9d5dd3cf0f8fd8a834875/7f4bb1e46_kit-dumbells-sextavado.webp;9506.91.00;;true;;;Pintado;Maciça;12-30;;;;;;;;;false;499978;
6a3ecab39928a9b8529fbc09;Kit Dumbbell Sextavado Maciço Texturizado/Emborrachado 12 a 30kg + Suporte;KDSTE1230S;Kits;Dumbbell Sextavado;kit;420;https://base44.app/api/apps/68c9d5dd3cf0f8fd8a834875/files/mp/public/68c9d5dd3cf0f8fd8a834875/541df68b3_kit-dumbells-sextavado-texturizado-12-a-30kg-xom-expositor_3.webp;9506.91.00;;true;;;Texturizado/Emborrachado;Maciça;12-30;;;;;;;;;false;499978;
6a3ecab39928a9b8529fbc0a;Kit Barras Montadas Anilhas Injetadas 12 a 30kg + Suporte;KBMAI1230S;Barras;Barra Montada;kit;420;https://base44.app/api/apps/68c9d5dd3cf0f8fd8a834875/files/mp/public/68c9d5dd3cf0f8fd8a834875/45c6e18e9_Kit-de-Barras-com-Anilhas.webp;9506.91.00;;true;;Padrão;Injetado;;12-30;;;;;;;;;false;499978;
6a3ecab39928a9b8529fbc0b;Kit Halter Sextavado Injetado 1 a 10kg + Suporte;KHSI110S;Kits;Halter Sextavado;kit;110;https://base44.app/api/apps/68c9d5dd3cf0f8fd8a834875/files/mp/public/68c9d5dd3cf0f8fd8a834875/383089363_kit-halter-sextavado-injetado-pegada-cromada.jpg;9506.91.00;;true;;;Injetado;;1-10;;;;;;;;;false;499978;
6a3f054e70d826031108ed66;Piso Borracha 1x1m 10mm;PIU10;Pisos;;m²;13;https://base44.app/api/apps/68c9d5dd3cf0f8fd8a834875/files/mp/public/68c9d5dd3cf0f8fd8a834875/bb09ea7bc_PISO-DE-BORRACHA-LISO-50-X-50-X-11MM-PRETO-900x900.webp;9506.91.00;;true;;;;;;;;;10;1x1m (Peça única);13;;;false;4669;
6a3f08db34609954cd1b140d;Piso Borracha 1x1m 15mm;PIU15;Pisos;;m²;13;https://base44.app/api/apps/68c9d5dd3cf0f8fd8a834875/files/mp/public/68c9d5dd3cf0f8fd8a834875/6b6049d1f_PISO-DE-BORRACHA-LISO-50-X-50-X-11MM-PRETO-900x900.webp;9506.91.00;;true;;;;;;;;;15;1x1m (peça única);13;;;false;4669;
6a3f08db34609954cd1b140e;Piso Borracha Modular 50x50cm 10mm;PIM10;Pisos;;m²;13;https://base44.app/api/apps/68c9d5dd3cf0f8fd8a834875/files/mp/public/68c9d5dd3cf0f8fd8a834875/096403afc_Piso-Crossfit-50-x-50-15mmm.jpg;9506.91.00;;true;;;;;;;;;10;50x50cm (kit com 4 peças = 1m²);;;;false;4669;
6a3f08db34609954cd1b140f;Piso Borracha Modular 50x50cm 15mm;PIM15;Pisos;;m²;13;https://base44.app/api/apps/68c9d5dd3cf0f8fd8a834875/files/mp/public/68c9d5dd3cf0f8fd8a834875/363fe017b_Piso-Crossfit-50-x-50-15mmm1.jpg;9506.91.00;;true;;;;;;;;;15;50x50cm (kit com 4 peças = 1m²);;;;false;4669;
6a3fc1585187527190c4c1c6;Halter Sextavado Texturizado 1kg;HSTT1;Halteres;;peça;1;https://base44.app/api/apps/68c9d5dd3cf0f8fd8a834875/files/mp/public/68c9d5dd3cf0f8fd8a834875/18fc2265e_halter-sextavado-texturizado-pegada-cromada.jpg;9506.91.00;;true;;;Texturizado;Texturizado;;;Sextavado;;;;;;;false;3164;Haltere fixo sextavado, 1kg, acabamento texturizado, pegada texturizado.
6a3fc1585187527190c4c1c7;Halter Sextavado Texturizado 2kg;HSTT2;Halteres;;peça;2;https://base44.app/api/apps/68c9d5dd3cf0f8fd8a834875/files/mp/public/68c9d5dd3cf0f8fd8a834875/18fc2265e_halter-sextavado-texturizado-pegada-cromada.jpg;9506.91.00;;true;;;Texturizado;Texturizado;;;Sextavado;;;;;;;false;3164;Haltere fixo sextavado, 2kg, acabamento texturizado, pegada texturizado.
6a3fc1585187527190c4c1c8;Halter Sextavado Texturizado 3kg;HSTT3;Halteres;;peça;3;https://base44.app/api/apps/68c9d5dd3cf0f8fd8a834875/files/mp/public/68c9d5dd3cf0f8fd8a834875/18fc2265e_halter-sextavado-texturizado-pegada-cromada.jpg;9506.91.00;;true;;;Texturizado;Texturizado;;;Sextavado;;;;;;;false;3164;Haltere fixo sextavado, 3kg, acabamento texturizado, pegada texturizado.
6a3fc1585187527190c4c1c9;Halter Sextavado Texturizado 4kg;HSTT4;Halteres;;peça;4;https://base44.app/api/apps/68c9d5dd3cf0f8fd8a834875/files/mp/public/68c9d5dd3cf0f8fd8a834875/18fc2265e_halter-sextavado-texturizado-pegada-cromada.jpg;9506.91.00;;true;;;Texturizado;Texturizado;;;Sextavado;;;;;;;false;3164;Haltere fixo sextavado, 4kg, acabamento texturizado, pegada texturizado.
6a3fc1585187527190c4c1ca;Halter Sextavado Texturizado 5kg;HSTT5;Halteres;;peça;5;https://base44.app/api/apps/68c9d5dd3cf0f8fd8a834875/files/mp/public/68c9d5dd3cf0f8fd8a834875/18fc2265e_halter-sextavado-texturizado-pegada-cromada.jpg;9506.91.00;;true;;;Texturizado;Texturizado;;;Sextavado;;;;;;;false;3164;Haltere fixo sextavado, 5kg, acabamento texturizado, pegada texturizado.
6a3fc1585187527190c4c1cb;Halter Sextavado Texturizado 6kg;HSTT6;Halteres;;peça;6;https://base44.app/api/apps/68c9d5dd3cf0f8fd8a834875/files/mp/public/68c9d5dd3cf0f8fd8a834875/18fc2265e_halter-sextavado-texturizado-pegada-cromada.jpg;9506.91.00;;true;;;Texturizado;Texturizado;;;Sextavado;;;;;;;false;3164;Haltere fixo sextavado, 6kg, acabamento texturizado, pegada texturizado.
6a3fc1585187527190c4c1cc;Halter Sextavado Texturizado 7kg;HSTT7;Halteres;;peça;7;https://base44.app/api/apps/68c9d5dd3cf0f8fd8a834875/files/mp/public/68c9d5dd3cf0f8fd8a834875/18fc2265e_halter-sextavado-texturizado-pegada-cromada.jpg;9506.91.00;;true;;;Texturizado;Texturizado;;;Sextavado;;;;;;;false;3164;Haltere fixo sextavado, 7kg, acabamento texturizado, pegada texturizado.
6a3fc1585187527190c4c1cd;Halter Sextavado Texturizado 8kg;HSTT8;Halteres;;peça;8;https://base44.app/api/apps/68c9d5dd3cf0f8fd8a834875/files/mp/public/68c9d5dd3cf0f8fd8a834875/18fc2265e_halter-sextavado-texturizado-pegada-cromada.jpg;9506.91.00;;true;;;Texturizado;Texturizado;;;Sextavado;;;;;;;false;3164;Haltere fixo sextavado, 8kg, acabamento texturizado, pegada texturizado.
6a3fc1585187527190c4c1ce;Halter Sextavado Texturizado 9kg;HSTT9;Halteres;;peça;9;https://base44.app/api/apps/68c9d5dd3cf0f8fd8a834875/files/mp/public/68c9d5dd3cf0f8fd8a834875/18fc2265e_halter-sextavado-texturizado-pegada-cromada.jpg;9506.91.00;;true;;;Texturizado;Texturizado;;;Sextavado;;;;;;;false;3164;Haltere fixo sextavado, 9kg, acabamento texturizado, pegada texturizado.
6a3fc1585187527190c4c1cf;Halter Sextavado Texturizado 10kg;HSTT10;Halteres;;peça;10;https://base44.app/api/apps/68c9d5dd3cf0f8fd8a834875/files/mp/public/68c9d5dd3cf0f8fd8a834875/18fc2265e_halter-sextavado-texturizado-pegada-cromada.jpg;9506.91.00;;true;;;Texturizado;Texturizado;;;Sextavado;;;;;;;false;3164;Haltere fixo sextavado, 10kg, acabamento texturizado, pegada texturizado.
6a3fc1585187527190c4c1d0;Halter Sextavado Pintado 1kg;HSPP1;Halteres;;peça;1;https://base44.app/api/apps/68c9d5dd3cf0f8fd8a834875/files/mp/public/68c9d5dd3cf0f8fd8a834875/1232cda0f_halter-square.png;9506.91.00;;true;;;Pintado;Pintado;;;Sextavado;;;;;;;false;3164;Haltere fixo sextavado, 1kg, acabamento pintado, pegada pintado.
6a3fc1585187527190c4c1d1;Halter Sextavado Pintado 2kg;HSPP2;Halteres;;peça;2;https://base44.app/api/apps/68c9d5dd3cf0f8fd8a834875/files/mp/public/68c9d5dd3cf0f8fd8a834875/1232cda0f_halter-square.png;9506.91.00;;true;;;Pintado;Pintado;;;Sextavado;;;;;;;false;3164;Haltere fixo sextavado, 2kg, acabamento pintado, pegada pintado.
6a3fc1585187527190c4c1d2;Halter Sextavado Pintado 3kg;HSPP3;Halteres;;peça;3;https://base44.app/api/apps/68c9d5dd3cf0f8fd8a834875/files/mp/public/68c9d5dd3cf0f8fd8a834875/1232cda0f_halter-square.png;9506.91.00;;true;;;Pintado;Pintado;;;Sextavado;;;;;;;false;3164;Haltere fixo sextavado, 3kg, acabamento pintado, pegada pintado.
6a3fc1585187527190c4c1d3;Halter Sextavado Pintado 4kg;HSPP4;Halteres;;peça;4;https://base44.app/api/apps/68c9d5dd3cf0f8fd8a834875/files/mp/public/68c9d5dd3cf0f8fd8a834875/1232cda0f_halter-square.png;9506.91.00;;true;;;Pintado;Pintado;;;Sextavado;;;;;;;false;3164;Haltere fixo sextavado, 4kg, acabamento pintado, pegada pintado.
6a3fc1585187527190c4c1d4;Halter Sextavado Pintado 5kg;HSPP5;Halteres;;peça;5;https://base44.app/api/apps/68c9d5dd3cf0f8fd8a834875/files/mp/public/68c9d5dd3cf0f8fd8a834875/1232cda0f_halter-square.png;9506.91.00;;true;;;Pintado;Pintado;;;Sextavado;;;;;;;false;3164;Haltere fixo sextavado, 5kg, acabamento pintado, pegada pintado.
6a3fc1585187527190c4c1d5;Halter Sextavado Pintado 6kg;HSPP6;Halteres;;peça;6;https://base44.app/api/apps/68c9d5dd3cf0f8fd8a834875/files/mp/public/68c9d5dd3cf0f8fd8a834875/1232cda0f_halter-square.png;9506.91.00;;true;;;Pintado;Pintado;;;Sextavado;;;;;;;false;3164;Haltere fixo sextavado, 6kg, acabamento pintado, pegada pintado.
6a3fc1585187527190c4c1d6;Halter Sextavado Pintado 7kg;HSPP7;Halteres;;peça;7;https://base44.app/api/apps/68c9d5dd3cf0f8fd8a834875/files/mp/public/68c9d5dd3cf0f8fd8a834875/1232cda0f_halter-square.png;9506.91.00;;true;;;Pintado;Pintado;;;Sextavado;;;;;;;false;3164;Haltere fixo sextavado, 7kg, acabamento pintado, pegada pintado.
6a3fc1585187527190c4c1d7;Halter Sextavado Pintado 8kg;HSPP8;Halteres;;peça;8;https://base44.app/api/apps/68c9d5dd3cf0f8fd8a834875/files/mp/public/68c9d5dd3cf0f8fd8a834875/1232cda0f_halter-square.png;9506.91.00;;true;;;Pintado;Pintado;;;Sextavado;;;;;;;false;3164;Haltere fixo sextavado, 8kg, acabamento pintado, pegada pintado.
6a3fc1585187527190c4c1d8;Halter Sextavado Pintado 9kg;HSPP9;Halteres;;peça;9;https://base44.app/api/apps/68c9d5dd3cf0f8fd8a834875/files/mp/public/68c9d5dd3cf0f8fd8a834875/1232cda0f_halter-square.png;9506.91.00;;true;;;Pintado;Pintado;;;Sextavado;;;;;;;false;3164;Haltere fixo sextavado, 9kg, acabamento pintado, pegada pintado.
6a3fc1585187527190c4c1d9;Halter Sextavado Pintado 10kg;HSPP10;Halteres;;peça;10;https://base44.app/api/apps/68c9d5dd3cf0f8fd8a834875/files/mp/public/68c9d5dd3cf0f8fd8a834875/1232cda0f_halter-square.png;9506.91.00;;true;;;Pintado;Pintado;;;Sextavado;;;;;;;false;3164;Haltere fixo sextavado, 10kg, acabamento pintado, pegada pintado.
6a3fc1585187527190c4c1da;Halter Sextavado Emborrachado 1kg;HSEE1;Halteres;;peça;1;https://base44.app/api/apps/68c9d5dd3cf0f8fd8a834875/files/mp/public/68c9d5dd3cf0f8fd8a834875/fa5e91827_halter-sextavado-emborrachado.jpg;9506.91.00;;true;;;Emborrachado;Emborrachado;;;Sextavado;;;;;;;false;3164;Haltere fixo sextavado, 1kg, acabamento emborrachado, pegada emborrachado.
6a3fc1585187527190c4c1db;Halter Sextavado Emborrachado 2kg;HSEE2;Halteres;;peça;2;https://base44.app/api/apps/68c9d5dd3cf0f8fd8a834875/files/mp/public/68c9d5dd3cf0f8fd8a834875/fa5e91827_halter-sextavado-emborrachado.jpg;9506.91.00;;true;;;Emborrachado;Emborrachado;;;Sextavado;;;;;;;false;3164;Haltere fixo sextavado, 2kg, acabamento emborrachado, pegada emborrachado.
6a3fc1585187527190c4c1dc;Halter Sextavado Emborrachado 3kg;HSEE3;Halteres;;peça;3;https://base44.app/api/apps/68c9d5dd3cf0f8fd8a834875/files/mp/public/68c9d5dd3cf0f8fd8a834875/fa5e91827_halter-sextavado-emborrachado.jpg;9506.91.00;;true;;;Emborrachado;Emborrachado;;;Sextavado;;;;;;;false;3164;Haltere fixo sextavado, 3kg, acabamento emborrachado, pegada emborrachado.
6a3fc1585187527190c4c1dd;Halter Sextavado Emborrachado 4kg;HSEE4;Halteres;;peça;4;https://base44.app/api/apps/68c9d5dd3cf0f8fd8a834875/files/mp/public/68c9d5dd3cf0f8fd8a834875/fa5e91827_halter-sextavado-emborrachado.jpg;9506.91.00;;true;;;Emborrachado;Emborrachado;;;Sextavado;;;;;;;false;3164;Haltere fixo sextavado, 4kg, acabamento emborrachado, pegada emborrachado.
6a3fc1585187527190c4c1de;Halter Sextavado Emborrachado 5kg;HSEE5;Halteres;;peça;5;https://base44.app/api/apps/68c9d5dd3cf0f8fd8a834875/files/mp/public/68c9d5dd3cf0f8fd8a834875/fa5e91827_halter-sextavado-emborrachado.jpg;9506.91.00;;true;;;Emborrachado;Emborrachado;;;Sextavado;;;;;;;false;3164;Haltere fixo sextavado, 5kg, acabamento emborrachado, pegada emborrachado.
6a3fc1585187527190c4c1df;Halter Sextavado Emborrachado 6kg;HSEE6;Halteres;;peça;6;https://base44.app/api/apps/68c9d5dd3cf0f8fd8a834875/files/mp/public/68c9d5dd3cf0f8fd8a834875/fa5e91827_halter-sextavado-emborrachado.jpg;9506.91.00;;true;;;Emborrachado;Emborrachado;;;Sextavado;;;;;;;false;3164;Haltere fixo sextavado, 6kg, acabamento emborrachado, pegada emborrachado.
6a3fc1585187527190c4c1e0;Halter Sextavado Emborrachado 7kg;HSEE7;Halteres;;peça;7;https://base44.app/api/apps/68c9d5dd3cf0f8fd8a834875/files/mp/public/68c9d5dd3cf0f8fd8a834875/fa5e91827_halter-sextavado-emborrachado.jpg;9506.91.00;;true;;;Emborrachado;Emborrachado;;;Sextavado;;;;;;;false;3164;Haltere fixo sextavado, 7kg, acabamento emborrachado, pegada emborrachado.
6a3fc1585187527190c4c1e1;Halter Sextavado Emborrachado 8kg;HSEE8;Halteres;;peça;8;https://base44.app/api/apps/68c9d5dd3cf0f8fd8a834875/files/mp/public/68c9d5dd3cf0f8fd8a834875/fa5e91827_halter-sextavado-emborrachado.jpg;9506.91.00;;true;;;Emborrachado;Emborrachado;;;Sextavado;;;;;;;false;3164;Haltere fixo sextavado, 8kg, acabamento emborrachado, pegada emborrachado.
6a3fc1585187527190c4c1e2;Halter Sextavado Emborrachado 9kg;HSEE9;Halteres;;peça;9;https://base44.app/api/apps/68c9d5dd3cf0f8fd8a834875/files/mp/public/68c9d5dd3cf0f8fd8a834875/fa5e91827_halter-sextavado-emborrachado.jpg;9506.91.00;;true;;;Emborrachado;Emborrachado;;;Sextavado;;;;;;;false;3164;Haltere fixo sextavado, 9kg, acabamento emborrachado, pegada emborrachado.
6a3fc1585187527190c4c1e3;Halter Sextavado Emborrachado 10kg;HSEE10;Halteres;;peça;10;https://base44.app/api/apps/68c9d5dd3cf0f8fd8a834875/files/mp/public/68c9d5dd3cf0f8fd8a834875/fa5e91827_halter-sextavado-emborrachado.jpg;9506.91.00;;true;;;Emborrachado;Emborrachado;;;Sextavado;;;;;;;false;3164;Haltere fixo sextavado, 10kg, acabamento emborrachado, pegada emborrachado.
6a3fc6248c8015f0378b968c;Anilha Prime Injetado 1kg;API1;Anilhas;Prime;peça;1;https://base44.app/api/apps/68c9d5dd3cf0f8fd8a834875/files/mp/public/68c9d5dd3cf0f8fd8a834875/1b7787c9c_7c315ffc-9247-4b20-890d-2e8d5a2fc0b3.jpg;9506.91.00;;true;;Padrão;Injetado;;;;;;;;;;;false;3164;
6a3fc6248c8015f0378b968d;Anilha Prime Injetado 2kg;API2;Anilhas;Prime;peça;2;https://base44.app/api/apps/68c9d5dd3cf0f8fd8a834875/files/mp/public/68c9d5dd3cf0f8fd8a834875/1b7787c9c_7c315ffc-9247-4b20-890d-2e8d5a2fc0b3.jpg;9506.91.00;;true;;Padrão;Injetado;;;;;;;;;;;false;3164;
6a3fc6248c8015f0378b968e;Anilha Prime Injetado 3kg;API3;Anilhas;Prime;peça;3;https://base44.app/api/apps/68c9d5dd3cf0f8fd8a834875/files/mp/public/68c9d5dd3cf0f8fd8a834875/1b7787c9c_7c315ffc-9247-4b20-890d-2e8d5a2fc0b3.jpg;9506.91.00;;true;;Padrão;Injetado;;;;;;;;;;;false;3164;
6a3fc6248c8015f0378b968f;Anilha Prime Injetado 4kg;API4;Anilhas;Prime;peça;4;https://base44.app/api/apps/68c9d5dd3cf0f8fd8a834875/files/mp/public/68c9d5dd3cf0f8fd8a834875/1b7787c9c_7c315ffc-9247-4b20-890d-2e8d5a2fc0b3.jpg;9506.91.00;;true;;Padrão;Injetado;;;;;;;;;;;false;3164;
6a3fc6248c8015f0378b9690;Anilha Prime Injetado 5kg;API5;Anilhas;Prime;peça;5;https://base44.app/api/apps/68c9d5dd3cf0f8fd8a834875/files/mp/public/68c9d5dd3cf0f8fd8a834875/1b7787c9c_7c315ffc-9247-4b20-890d-2e8d5a2fc0b3.jpg;9506.91.00;;true;;Padrão;Injetado;;;;;;;;;;;false;3164;
6a3fc6248c8015f0378b9691;Anilha Prime Injetado 10kg;API10;Anilhas;Prime;peça;10;https://base44.app/api/apps/68c9d5dd3cf0f8fd8a834875/files/mp/public/68c9d5dd3cf0f8fd8a834875/1b7787c9c_7c315ffc-9247-4b20-890d-2e8d5a2fc0b3.jpg;9506.91.00;;true;;Padrão;Injetado;;;;;;;;;;;false;3164;
6a3fc6248c8015f0378b9692;Anilha Prime Injetado 15kg;API15;Anilhas;Prime;peça;15;https://base44.app/api/apps/68c9d5dd3cf0f8fd8a834875/files/mp/public/68c9d5dd3cf0f8fd8a834875/1b7787c9c_7c315ffc-9247-4b20-890d-2e8d5a2fc0b3.jpg;9506.91.00;;true;;Padrão;Injetado;;;;;;;;;;;false;3164;
6a3fc6248c8015f0378b9693;Anilha Prime Injetado 20kg;API20;Anilhas;Prime;peça;20;https://base44.app/api/apps/68c9d5dd3cf0f8fd8a834875/files/mp/public/68c9d5dd3cf0f8fd8a834875/1b7787c9c_7c315ffc-9247-4b20-890d-2e8d5a2fc0b3.jpg;9506.91.00;;true;;Padrão;Injetado;;;;;;;;;;;false;3164;
6a3fc6248c8015f0378b9694;Anilha Prime Injetado 25kg;API25;Anilhas;Prime;peça;25;https://base44.app/api/apps/68c9d5dd3cf0f8fd8a834875/files/mp/public/68c9d5dd3cf0f8fd8a834875/1b7787c9c_7c315ffc-9247-4b20-890d-2e8d5a2fc0b3.jpg;9506.91.00;;true;;Padrão;Injetado;;;;;;;;;;;false;3164;
6a3fd72af902fe48947f7930;Kettlebell Emborrachado 4kg;KE4;Kettlebells;;peça;4;https://base44.app/api/apps/68c9d5dd3cf0f8fd8a834875/files/mp/public/68c9d5dd3cf0f8fd8a834875/7581cc003_Kettlebell-emborrachado.jpg;9506.91.00;;true;;;Emborrachado;;;;;;;;;;;false;3164;
6a3fd72af902fe48947f7931;Kettlebell Emborrachado 6kg;KE6;Kettlebells;;peça;6;https://base44.app/api/apps/68c9d5dd3cf0f8fd8a834875/files/mp/public/68c9d5dd3cf0f8fd8a834875/7581cc003_Kettlebell-emborrachado.jpg;9506.91.00;;true;;;Emborrachado;;;;;;;;;;;false;3164;
6a3fd72af902fe48947f7932;Kettlebell Emborrachado 8kg;KE8;Kettlebells;;peça;8;https://base44.app/api/apps/68c9d5dd3cf0f8fd8a834875/files/mp/public/68c9d5dd3cf0f8fd8a834875/7581cc003_Kettlebell-emborrachado.jpg;9506.91.00;;true;;;Emborrachado;;;;;;;;;;;false;3164;
6a3fd72af902fe48947f7933;Kettlebell Emborrachado 10kg;KE10;Kettlebells;;peça;10;https://base44.app/api/apps/68c9d5dd3cf0f8fd8a834875/files/mp/public/68c9d5dd3cf0f8fd8a834875/7581cc003_Kettlebell-emborrachado.jpg;9506.91.00;;true;;;Emborrachado;;;;;;;;;;;false;3164;
6a3fd72af902fe48947f7934;Kettlebell Emborrachado 12kg;KE12;Kettlebells;;peça;12;https://base44.app/api/apps/68c9d5dd3cf0f8fd8a834875/files/mp/public/68c9d5dd3cf0f8fd8a834875/7581cc003_Kettlebell-emborrachado.jpg;9506.91.00;;true;;;Emborrachado;;;;;;;;;;;false;3164;
6a3fd72af902fe48947f7935;Kettlebell Emborrachado 14kg;KE14;Kettlebells;;peça;14;https://base44.app/api/apps/68c9d5dd3cf0f8fd8a834875/files/mp/public/68c9d5dd3cf0f8fd8a834875/7581cc003_Kettlebell-emborrachado.jpg;9506.91.00;;true;;;Emborrachado;;;;;;;;;;;false;3164;
6a3fd72af902fe48947f7936;Kettlebell Emborrachado 16kg;KE16;Kettlebells;;peça;16;https://base44.app/api/apps/68c9d5dd3cf0f8fd8a834875/files/mp/public/68c9d5dd3cf0f8fd8a834875/7581cc003_Kettlebell-emborrachado.jpg;9506.91.00;;true;;;Emborrachado;;;;;;;;;;;false;3164;
6a3fd72af902fe48947f7937;Kettlebell Emborrachado 18kg;KE18;Kettlebells;;peça;18;https://base44.app/api/apps/68c9d5dd3cf0f8fd8a834875/files/mp/public/68c9d5dd3cf0f8fd8a834875/7581cc003_Kettlebell-emborrachado.jpg;9506.91.00;;true;;;Emborrachado;;;;;;;;;;;false;3164;
6a3fd72af902fe48947f7938;Kettlebell Emborrachado 20kg;KE20;Kettlebells;;peça;20;https://base44.app/api/apps/68c9d5dd3cf0f8fd8a834875/files/mp/public/68c9d5dd3cf0f8fd8a834875/7581cc003_Kettlebell-emborrachado.jpg;9506.91.00;;true;;;Emborrachado;;;;;;;;;;;false;3164;
6a3fd72af902fe48947f7939;Kettlebell Emborrachado 22kg;KE22;Kettlebells;;peça;22;https://base44.app/api/apps/68c9d5dd3cf0f8fd8a834875/files/mp/public/68c9d5dd3cf0f8fd8a834875/7581cc003_Kettlebell-emborrachado.jpg;9506.91.00;;true;;;Emborrachado;;;;;;;;;;;false;3164;
6a3fd72af902fe48947f793a;Kettlebell Emborrachado 24kg;KE24;Kettlebells;;peça;24;https://base44.app/api/apps/68c9d5dd3cf0f8fd8a834875/files/mp/public/68c9d5dd3cf0f8fd8a834875/7581cc003_Kettlebell-emborrachado.jpg;9506.91.00;;true;;;Emborrachado;;;;;;;;;;;false;3164;
6a3fd72af902fe48947f793b;Kettlebell Emborrachado 26kg;KE26;Kettlebells;;peça;26;https://base44.app/api/apps/68c9d5dd3cf0f8fd8a834875/files/mp/public/68c9d5dd3cf0f8fd8a834875/7581cc003_Kettlebell-emborrachado.jpg;9506.91.00;;true;;;Emborrachado;;;;;;;;;;;false;3164;
6a3fd72af902fe48947f793c;Kettlebell Emborrachado 28kg;KE28;Kettlebells;;peça;28;https://base44.app/api/apps/68c9d5dd3cf0f8fd8a834875/files/mp/public/68c9d5dd3cf0f8fd8a834875/7581cc003_Kettlebell-emborrachado.jpg;9506.91.00;;true;;;Emborrachado;;;;;;;;;;;false;3164;
6a3fd72af902fe48947f793d;Kettlebell Emborrachado 30kg;KE30;Kettlebells;;peça;30;https://base44.app/api/apps/68c9d5dd3cf0f8fd8a834875/files/mp/public/68c9d5dd3cf0f8fd8a834875/7581cc003_Kettlebell-emborrachado.jpg;9506.91.00;;true;;;Emborrachado;;;;;;;;;;;false;3164;
6a3fd72af902fe48947f793e;Kettlebell Emborrachado 32kg;KE32;Kettlebells;;peça;32;https://base44.app/api/apps/68c9d5dd3cf0f8fd8a834875/files/mp/public/68c9d5dd3cf0f8fd8a834875/7581cc003_Kettlebell-emborrachado.jpg;9506.91.00;;true;;;Emborrachado;;;;;;;;;;;false;3164;
6a3fd72af902fe48947f793f;Kettlebell Emborrachado 34kg;KE34;Kettlebells;;peça;34;https://base44.app/api/apps/68c9d5dd3cf0f8fd8a834875/files/mp/public/68c9d5dd3cf0f8fd8a834875/7581cc003_Kettlebell-emborrachado.jpg;9506.91.00;;true;;;Emborrachado;;;;;;;;;;;false;3164;
6a3fd72af902fe48947f7940;Kettlebell Emborrachado 36kg;KE36;Kettlebells;;peça;36;https://base44.app/api/apps/68c9d5dd3cf0f8fd8a834875/files/mp/public/68c9d5dd3cf0f8fd8a834875/7581cc003_Kettlebell-emborrachado.jpg;9506.91.00;;true;;;Emborrachado;;;;;;;;;;;false;3164;
6a3fd72af902fe48947f7941;Kettlebell Emborrachado 38kg;KE38;Kettlebells;;peça;38;https://base44.app/api/apps/68c9d5dd3cf0f8fd8a834875/files/mp/public/68c9d5dd3cf0f8fd8a834875/7581cc003_Kettlebell-emborrachado.jpg;9506.91.00;;true;;;Emborrachado;;;;;;;;;;;false;3164;
6a3fd72af902fe48947f7942;Kettlebell Emborrachado 40kg;KE40;Kettlebells;;peça;40;https://base44.app/api/apps/68c9d5dd3cf0f8fd8a834875/files/mp/public/68c9d5dd3cf0f8fd8a834875/7581cc003_Kettlebell-emborrachado.jpg;9506.91.00;;true;;;Emborrachado;;;;;;;;;;;false;3164;
6a3fd72af902fe48947f7943;Kettlebell Emborrachado Pegada Pintada 4kg;KEPP4;Kettlebells;;peça;4;https://base44.app/api/apps/68c9d5dd3cf0f8fd8a834875/files/mp/public/68c9d5dd3cf0f8fd8a834875/69f40b789_Kettlebell-emborrachado-alca-pintada.jpg;9506.91.00;;true;;;Emborrachado Pegada Pintada;Pintada;;;;;;;;;;false;3164;
6a3fd72af902fe48947f7944;Kettlebell Emborrachado Pegada Pintada 6kg;KEPP6;Kettlebells;;peça;6;https://base44.app/api/apps/68c9d5dd3cf0f8fd8a834875/files/mp/public/68c9d5dd3cf0f8fd8a834875/69f40b789_Kettlebell-emborrachado-alca-pintada.jpg;9506.91.00;;true;;;Emborrachado Pegada Pintada;Pintada;;;;;;;;;;false;3164;
6a3fd72af902fe48947f7945;Kettlebell Emborrachado Pegada Pintada 8kg;KEPP8;Kettlebells;;peça;8;https://base44.app/api/apps/68c9d5dd3cf0f8fd8a834875/files/mp/public/68c9d5dd3cf0f8fd8a834875/69f40b789_Kettlebell-emborrachado-alca-pintada.jpg;9506.91.00;;true;;;Emborrachado Pegada Pintada;Pintada;;;;;;;;;;false;3164;
6a3fd72af902fe48947f7946;Kettlebell Emborrachado Pegada Pintada 10kg;KEPP10;Kettlebells;;peça;10;https://base44.app/api/apps/68c9d5dd3cf0f8fd8a834875/files/mp/public/68c9d5dd3cf0f8fd8a834875/69f40b789_Kettlebell-emborrachado-alca-pintada.jpg;9506.91.00;;true;;;Emborrachado Pegada Pintada;Pintada;;;;;;;;;;false;3164;
6a3fd72af902fe48947f7947;Kettlebell Emborrachado Pegada Pintada 12kg;KEPP12;Kettlebells;;peça;12;https://base44.app/api/apps/68c9d5dd3cf0f8fd8a834875/files/mp/public/68c9d5dd3cf0f8fd8a834875/69f40b789_Kettlebell-emborrachado-alca-pintada.jpg;9506.91.00;;true;;;Emborrachado Pegada Pintada;Pintada;;;;;;;;;;false;3164;
6a3fd72af902fe48947f7948;Kettlebell Emborrachado Pegada Pintada 14kg;KEPP14;Kettlebells;;peça;14;https://base44.app/api/apps/68c9d5dd3cf0f8fd8a834875/files/mp/public/68c9d5dd3cf0f8fd8a834875/69f40b789_Kettlebell-emborrachado-alca-pintada.jpg;9506.91.00;;true;;;Emborrachado Pegada Pintada;Pintada;;;;;;;;;;false;3164;
6a3fd72af902fe48947f7949;Kettlebell Emborrachado Pegada Pintada 16kg;KEPP16;Kettlebells;;peça;16;https://base44.app/api/apps/68c9d5dd3cf0f8fd8a834875/files/mp/public/68c9d5dd3cf0f8fd8a834875/69f40b789_Kettlebell-emborrachado-alca-pintada.jpg;9506.91.00;;true;;;Emborrachado Pegada Pintada;Pintada;;;;;;;;;;false;3164;
6a3fd72af902fe48947f794a;Kettlebell Emborrachado Pegada Pintada 18kg;KEPP18;Kettlebells;;peça;18;https://base44.app/api/apps/68c9d5dd3cf0f8fd8a834875/files/mp/public/68c9d5dd3cf0f8fd8a834875/69f40b789_Kettlebell-emborrachado-alca-pintada.jpg;9506.91.00;;true;;;Emborrachado Pegada Pintada;Pintada;;;;;;;;;;false;3164;
6a3fd72af902fe48947f794b;Kettlebell Emborrachado Pegada Pintada 20kg;KEPP20;Kettlebells;;peça;20;https://base44.app/api/apps/68c9d5dd3cf0f8fd8a834875/files/mp/public/68c9d5dd3cf0f8fd8a834875/69f40b789_Kettlebell-emborrachado-alca-pintada.jpg;9506.91.00;;true;;;Emborrachado Pegada Pintada;Pintada;;;;;;;;;;false;3164;
6a3fd72af902fe48947f794c;Kettlebell Emborrachado Pegada Pintada 22kg;KEPP22;Kettlebells;;peça;22;https://base44.app/api/apps/68c9d5dd3cf0f8fd8a834875/files/mp/public/68c9d5dd3cf0f8fd8a834875/69f40b789_Kettlebell-emborrachado-alca-pintada.jpg;9506.91.00;;true;;;Emborrachado Pegada Pintada;Pintada;;;;;;;;;;false;3164;
6a3fd72af902fe48947f794d;Kettlebell Emborrachado Pegada Pintada 24kg;KEPP24;Kettlebells;;peça;24;https://base44.app/api/apps/68c9d5dd3cf0f8fd8a834875/files/mp/public/68c9d5dd3cf0f8fd8a834875/69f40b789_Kettlebell-emborrachado-alca-pintada.jpg;9506.91.00;;true;;;Emborrachado Pegada Pintada;Pintada;;;;;;;;;;false;3164;
6a3fd72af902fe48947f794e;Kettlebell Emborrachado Pegada Pintada 26kg;KEPP26;Kettlebells;;peça;26;https://base44.app/api/apps/68c9d5dd3cf0f8fd8a834875/files/mp/public/68c9d5dd3cf0f8fd8a834875/69f40b789_Kettlebell-emborrachado-alca-pintada.jpg;9506.91.00;;true;;;Emborrachado Pegada Pintada;Pintada;;;;;;;;;;false;3164;
6a3fd72af902fe48947f794f;Kettlebell Emborrachado Pegada Pintada 28kg;KEPP28;Kettlebells;;peça;28;https://base44.app/api/apps/68c9d5dd3cf0f8fd8a834875/files/mp/public/68c9d5dd3cf0f8fd8a834875/69f40b789_Kettlebell-emborrachado-alca-pintada.jpg;9506.91.00;;true;;;Emborrachado Pegada Pintada;Pintada;;;;;;;;;;false;3164;
6a3fd72af902fe48947f7950;Kettlebell Emborrachado Pegada Pintada 30kg;KEPP30;Kettlebells;;peça;30;https://base44.app/api/apps/68c9d5dd3cf0f8fd8a834875/files/mp/public/68c9d5dd3cf0f8fd8a834875/69f40b789_Kettlebell-emborrachado-alca-pintada.jpg;9506.91.00;;true;;;Emborrachado Pegada Pintada;Pintada;;;;;;;;;;false;3164;
6a3fd72af902fe48947f7951;Kettlebell Emborrachado Pegada Pintada 32kg;KEPP32;Kettlebells;;peça;32;https://base44.app/api/apps/68c9d5dd3cf0f8fd8a834875/files/mp/public/68c9d5dd3cf0f8fd8a834875/69f40b789_Kettlebell-emborrachado-alca-pintada.jpg;9506.91.00;;true;;;Emborrachado Pegada Pintada;Pintada;;;;;;;;;;false;3164;
6a3fd72af902fe48947f7952;Kettlebell Emborrachado Pegada Pintada 34kg;KEPP34;Kettlebells;;peça;34;https://base44.app/api/apps/68c9d5dd3cf0f8fd8a834875/files/mp/public/68c9d5dd3cf0f8fd8a834875/69f40b789_Kettlebell-emborrachado-alca-pintada.jpg;9506.91.00;;true;;;Emborrachado Pegada Pintada;Pintada;;;;;;;;;;false;3164;
6a3fd72af902fe48947f7953;Kettlebell Emborrachado Pegada Pintada 36kg;KEPP36;Kettlebells;;peça;36;https://base44.app/api/apps/68c9d5dd3cf0f8fd8a834875/files/mp/public/68c9d5dd3cf0f8fd8a834875/69f40b789_Kettlebell-emborrachado-alca-pintada.jpg;9506.91.00;;true;;;Emborrachado Pegada Pintada;Pintada;;;;;;;;;;false;3164;
6a3fd72af902fe48947f7954;Kettlebell Emborrachado Pegada Pintada 38kg;KEPP38;Kettlebells;;peça;38;https://base44.app/api/apps/68c9d5dd3cf0f8fd8a834875/files/mp/public/68c9d5dd3cf0f8fd8a834875/69f40b789_Kettlebell-emborrachado-alca-pintada.jpg;9506.91.00;;true;;;Emborrachado Pegada Pintada;Pintada;;;;;;;;;;false;3164;
6a3fd72af902fe48947f7955;Kettlebell Emborrachado Pegada Pintada 40kg;KEPP40;Kettlebells;;peça;40;https://base44.app/api/apps/68c9d5dd3cf0f8fd8a834875/files/mp/public/68c9d5dd3cf0f8fd8a834875/69f40b789_Kettlebell-emborrachado-alca-pintada.jpg;9506.91.00;;true;;;Emborrachado Pegada Pintada;Pintada;;;;;;;;;;false;3164;
6a3fd72af902fe48947f7956;Kettlebell Injetado 4kg;KI4;Kettlebells;;peça;4;https://base44.app/api/apps/68c9d5dd3cf0f8fd8a834875/files/mp/public/68c9d5dd3cf0f8fd8a834875/9de589179_kettlebell-injetado.webp;9506.91.00;;true;;;Injetado;;;;;;;;;;;false;3164;
6a3fd72af902fe48947f7957;Kettlebell Injetado 6kg;KI6;Kettlebells;;peça;6;https://base44.app/api/apps/68c9d5dd3cf0f8fd8a834875/files/mp/public/68c9d5dd3cf0f8fd8a834875/9de589179_kettlebell-injetado.webp;9506.91.00;;true;;;Injetado;;;;;;;;;;;false;3164;
6a3fd72af902fe48947f7958;Kettlebell Injetado 8kg;KI8;Kettlebells;;peça;8;https://base44.app/api/apps/68c9d5dd3cf0f8fd8a834875/files/mp/public/68c9d5dd3cf0f8fd8a834875/9de589179_kettlebell-injetado.webp;9506.91.00;;true;;;Injetado;;;;;;;;;;;false;3164;
6a3fd72af902fe48947f7959;Kettlebell Injetado 10kg;KI10;Kettlebells;;peça;10;https://base44.app/api/apps/68c9d5dd3cf0f8fd8a834875/files/mp/public/68c9d5dd3cf0f8fd8a834875/9de589179_kettlebell-injetado.webp;9506.91.00;;true;;;Injetado;;;;;;;;;;;false;3164;
6a3fd72af902fe48947f795a;Kettlebell Injetado 12kg;KI12;Kettlebells;;peça;12;https://base44.app/api/apps/68c9d5dd3cf0f8fd8a834875/files/mp/public/68c9d5dd3cf0f8fd8a834875/9de589179_kettlebell-injetado.webp;9506.91.00;;true;;;Injetado;;;;;;;;;;;false;3164;
6a3fd72af902fe48947f795b;Kettlebell Injetado 14kg;KI14;Kettlebells;;peça;14;https://base44.app/api/apps/68c9d5dd3cf0f8fd8a834875/files/mp/public/68c9d5dd3cf0f8fd8a834875/9de589179_kettlebell-injetado.webp;9506.91.00;;true;;;Injetado;;;;;;;;;;;false;3164;
6a3fd72af902fe48947f795c;Kettlebell Injetado 16kg;KI16;Kettlebells;;peça;16;https://base44.app/api/apps/68c9d5dd3cf0f8fd8a834875/files/mp/public/68c9d5dd3cf0f8fd8a834875/9de589179_kettlebell-injetado.webp;9506.91.00;;true;;;Injetado;;;;;;;;;;;false;3164;
6a3fd72af902fe48947f795d;Kettlebell Injetado 18kg;KI18;Kettlebells;;peça;18;https://base44.app/api/apps/68c9d5dd3cf0f8fd8a834875/files/mp/public/68c9d5dd3cf0f8fd8a834875/9de589179_kettlebell-injetado.webp;9506.91.00;;true;;;Injetado;;;;;;;;;;;false;3164;
6a3fd72af902fe48947f795e;Kettlebell Injetado 20kg;KI20;Kettlebells;;peça;20;https://base44.app/api/apps/68c9d5dd3cf0f8fd8a834875/files/mp/public/68c9d5dd3cf0f8fd8a834875/9de589179_kettlebell-injetado.webp;9506.91.00;;true;;;Injetado;;;;;;;;;;;false;3164;
6a3fd72af902fe48947f795f;Kettlebell Injetado 22kg;KI22;Kettlebells;;peça;22;https://base44.app/api/apps/68c9d5dd3cf0f8fd8a834875/files/mp/public/68c9d5dd3cf0f8fd8a834875/9de589179_kettlebell-injetado.webp;9506.91.00;;true;;;Injetado;;;;;;;;;;;false;3164;
6a3fd72af902fe48947f7960;Kettlebell Injetado 24kg;KI24;Kettlebells;;peça;24;https://base44.app/api/apps/68c9d5dd3cf0f8fd8a834875/files/mp/public/68c9d5dd3cf0f8fd8a834875/9de589179_kettlebell-injetado.webp;9506.91.00;;true;;;Injetado;;;;;;;;;;;false;3164;
6a3fd72af902fe48947f7961;Kettlebell Injetado 26kg;KI26;Kettlebells;;peça;26;https://base44.app/api/apps/68c9d5dd3cf0f8fd8a834875/files/mp/public/68c9d5dd3cf0f8fd8a834875/9de589179_kettlebell-injetado.webp;9506.91.00;;true;;;Injetado;;;;;;;;;;;false;3164;
6a3fd72af902fe48947f7962;Kettlebell Injetado 28kg;KI28;Kettlebells;;peça;28;https://base44.app/api/apps/68c9d5dd3cf0f8fd8a834875/files/mp/public/68c9d5dd3cf0f8fd8a834875/9de589179_kettlebell-injetado.webp;9506.91.00;;true;;;Injetado;;;;;;;;;;;false;3164;
6a3fd72af902fe48947f7963;Kettlebell Injetado 30kg;KI30;Kettlebells;;peça;30;https://base44.app/api/apps/68c9d5dd3cf0f8fd8a834875/files/mp/public/68c9d5dd3cf0f8fd8a834875/9de589179_kettlebell-injetado.webp;9506.91.00;;true;;;Injetado;;;;;;;;;;;false;3164;
6a3fd72af902fe48947f7964;Kettlebell Injetado 32kg;KI32;Kettlebells;;peça;32;https://base44.app/api/apps/68c9d5dd3cf0f8fd8a834875/files/mp/public/68c9d5dd3cf0f8fd8a834875/9de589179_kettlebell-injetado.webp;9506.91.00;;true;;;Injetado;;;;;;;;;;;false;3164;
6a3fd72af902fe48947f7965;Kettlebell Injetado 34kg;KI34;Kettlebells;;peça;34;https://base44.app/api/apps/68c9d5dd3cf0f8fd8a834875/files/mp/public/68c9d5dd3cf0f8fd8a834875/9de589179_kettlebell-injetado.webp;9506.91.00;;true;;;Injetado;;;;;;;;;;;false;3164;
6a3fd72af902fe48947f7966;Kettlebell Injetado 36kg;KI36;Kettlebells;;peça;36;https://base44.app/api/apps/68c9d5dd3cf0f8fd8a834875/files/mp/public/68c9d5dd3cf0f8fd8a834875/9de589179_kettlebell-injetado.webp;9506.91.00;;true;;;Injetado;;;;;;;;;;;false;3164;
6a3fd72af902fe48947f7967;Kettlebell Injetado 38kg;KI38;Kettlebells;;peça;38;https://base44.app/api/apps/68c9d5dd3cf0f8fd8a834875/files/mp/public/68c9d5dd3cf0f8fd8a834875/9de589179_kettlebell-injetado.webp;9506.91.00;;true;;;Injetado;;;;;;;;;;;false;3164;
6a3fd72af902fe48947f7968;Kettlebell Injetado 40kg;KI40;Kettlebells;;peça;40;https://base44.app/api/apps/68c9d5dd3cf0f8fd8a834875/files/mp/public/68c9d5dd3cf0f8fd8a834875/9de589179_kettlebell-injetado.webp;9506.91.00;;true;;;Injetado;;;;;;;;;;;false;3164;
6a3fd72af902fe48947f7969;Kettlebell Pintado 4kg;KP4;Kettlebells;;peça;4;https://base44.app/api/apps/68c9d5dd3cf0f8fd8a834875/files/mp/public/68c9d5dd3cf0f8fd8a834875/7161e7129_Kettlebell-pintado.jpg;9506.91.00;;true;;;Pintado;;;;;;;;;;;false;3164;
6a3fd72af902fe48947f796a;Kettlebell Pintado 6kg;KP6;Kettlebells;;peça;6;https://base44.app/api/apps/68c9d5dd3cf0f8fd8a834875/files/mp/public/68c9d5dd3cf0f8fd8a834875/7161e7129_Kettlebell-pintado.jpg;9506.91.00;;true;;;Pintado;;;;;;;;;;;false;3164;
6a3fd72af902fe48947f796b;Kettlebell Pintado 8kg;KP8;Kettlebells;;peça;8;https://base44.app/api/apps/68c9d5dd3cf0f8fd8a834875/files/mp/public/68c9d5dd3cf0f8fd8a834875/7161e7129_Kettlebell-pintado.jpg;9506.91.00;;true;;;Pintado;;;;;;;;;;;false;3164;
6a3fd72af902fe48947f796c;Kettlebell Pintado 10kg;KP10;Kettlebells;;peça;10;https://base44.app/api/apps/68c9d5dd3cf0f8fd8a834875/files/mp/public/68c9d5dd3cf0f8fd8a834875/7161e7129_Kettlebell-pintado.jpg;9506.91.00;;true;;;Pintado;;;;;;;;;;;false;3164;
6a3fd72af902fe48947f796d;Kettlebell Pintado 12kg;KP12;Kettlebells;;peça;12;https://base44.app/api/apps/68c9d5dd3cf0f8fd8a834875/files/mp/public/68c9d5dd3cf0f8fd8a834875/7161e7129_Kettlebell-pintado.jpg;9506.91.00;;true;;;Pintado;;;;;;;;;;;false;3164;
6a3fd72af902fe48947f796e;Kettlebell Pintado 14kg;KP14;Kettlebells;;peça;14;https://base44.app/api/apps/68c9d5dd3cf0f8fd8a834875/files/mp/public/68c9d5dd3cf0f8fd8a834875/7161e7129_Kettlebell-pintado.jpg;9506.91.00;;true;;;Pintado;;;;;;;;;;;false;3164;
6a3fd72af902fe48947f796f;Kettlebell Pintado 16kg;KP16;Kettlebells;;peça;16;https://base44.app/api/apps/68c9d5dd3cf0f8fd8a834875/files/mp/public/68c9d5dd3cf0f8fd8a834875/7161e7129_Kettlebell-pintado.jpg;9506.91.00;;true;;;Pintado;;;;;;;;;;;false;3164;
6a3fd72af902fe48947f7970;Kettlebell Pintado 18kg;KP18;Kettlebells;;peça;18;https://base44.app/api/apps/68c9d5dd3cf0f8fd8a834875/files/mp/public/68c9d5dd3cf0f8fd8a834875/7161e7129_Kettlebell-pintado.jpg;9506.91.00;;true;;;Pintado;;;;;;;;;;;false;3164;
6a3fd72af902fe48947f7971;Kettlebell Pintado 20kg;KP20;Kettlebells;;peça;20;https://base44.app/api/apps/68c9d5dd3cf0f8fd8a834875/files/mp/public/68c9d5dd3cf0f8fd8a834875/7161e7129_Kettlebell-pintado.jpg;9506.91.00;;true;;;Pintado;;;;;;;;;;;false;3164;
6a3fd72af902fe48947f7972;Kettlebell Pintado 22kg;KP22;Kettlebells;;peça;22;https://base44.app/api/apps/68c9d5dd3cf0f8fd8a834875/files/mp/public/68c9d5dd3cf0f8fd8a834875/7161e7129_Kettlebell-pintado.jpg;9506.91.00;;true;;;Pintado;;;;;;;;;;;false;3164;
6a3fd72af902fe48947f7973;Kettlebell Pintado 24kg;KP24;Kettlebells;;peça;24;https://base44.app/api/apps/68c9d5dd3cf0f8fd8a834875/files/mp/public/68c9d5dd3cf0f8fd8a834875/7161e7129_Kettlebell-pintado.jpg;9506.91.00;;true;;;Pintado;;;;;;;;;;;false;3164;
6a3fd72af902fe48947f7974;Kettlebell Pintado 26kg;KP26;Kettlebells;;peça;26;https://base44.app/api/apps/68c9d5dd3cf0f8fd8a834875/files/mp/public/68c9d5dd3cf0f8fd8a834875/7161e7129_Kettlebell-pintado.jpg;9506.91.00;;true;;;Pintado;;;;;;;;;;;false;3164;
6a3fd72af902fe48947f7975;Kettlebell Pintado 28kg;KP28;Kettlebells;;peça;28;https://base44.app/api/apps/68c9d5dd3cf0f8fd8a834875/files/mp/public/68c9d5dd3cf0f8fd8a834875/7161e7129_Kettlebell-pintado.jpg;9506.91.00;;true;;;Pintado;;;;;;;;;;;false;3164;
6a3fd72af902fe48947f7976;Kettlebell Pintado 30kg;KP30;Kettlebells;;peça;30;https://base44.app/api/apps/68c9d5dd3cf0f8fd8a834875/files/mp/public/68c9d5dd3cf0f8fd8a834875/7161e7129_Kettlebell-pintado.jpg;9506.91.00;;true;;;Pintado;;;;;;;;;;;false;3164;
6a3fd72af902fe48947f7977;Kettlebell Pintado 32kg;KP32;Kettlebells;;peça;32;https://base44.app/api/apps/68c9d5dd3cf0f8fd8a834875/files/mp/public/68c9d5dd3cf0f8fd8a834875/7161e7129_Kettlebell-pintado.jpg;9506.91.00;;true;;;Pintado;;;;;;;;;;;false;3164;
6a3fd72af902fe48947f7978;Kettlebell Pintado 34kg;KP34;Kettlebells;;peça;34;https://base44.app/api/apps/68c9d5dd3cf0f8fd8a834875/files/mp/public/68c9d5dd3cf0f8fd8a834875/7161e7129_Kettlebell-pintado.jpg;9506.91.00;;true;;;Pintado;;;;;;;;;;;false;3164;
6a3fd72af902fe48947f7979;Kettlebell Pintado 36kg;KP36;Kettlebells;;peça;36;https://base44.app/api/apps/68c9d5dd3cf0f8fd8a834875/files/mp/public/68c9d5dd3cf0f8fd8a834875/7161e7129_Kettlebell-pintado.jpg;9506.91.00;;true;;;Pintado;;;;;;;;;;;false;3164;
6a3fd72af902fe48947f797a;Kettlebell Pintado 38kg;KP38;Kettlebells;;peça;38;https://base44.app/api/apps/68c9d5dd3cf0f8fd8a834875/files/mp/public/68c9d5dd3cf0f8fd8a834875/7161e7129_Kettlebell-pintado.jpg;9506.91.00;;true;;;Pintado;;;;;;;;;;;false;3164;
6a3fd72af902fe48947f797b;Kettlebell Pintado 40kg;KP40;Kettlebells;;peça;40;https://base44.app/api/apps/68c9d5dd3cf0f8fd8a834875/files/mp/public/68c9d5dd3cf0f8fd8a834875/7161e7129_Kettlebell-pintado.jpg;9506.91.00;;true;;;Pintado;;;;;;;;;;;false;3164;
6a3feaaa0cc7ebc213990a61;Dumbbell Montado Anilha Vazada Pintado Pegada Recartilhada 10kg;DMOAVPR10;Dumbbells;Dumbbell Montado;par;10;https://base44.app/api/apps/68c9d5dd3cf0f8fd8a834875/files/mp/public/68c9d5dd3cf0f8fd8a834875/8271fe266_dumbbell-pintado-pegada-recartilhada-halter-academia1.jpg;9506.91.00;;true;;;Pintado;Recartilhada;;;Anilha Vazada;Montado;;;;;;false;3164;
6a3feaaa0cc7ebc213990a62;Dumbbell Montado Anilha Vazada Pintado Pegada Recartilhada 12kg;DMOAVPR12;Dumbbells;Dumbbell Montado;par;12;https://base44.app/api/apps/68c9d5dd3cf0f8fd8a834875/files/mp/public/68c9d5dd3cf0f8fd8a834875/8271fe266_dumbbell-pintado-pegada-recartilhada-halter-academia1.jpg;9506.91.00;;true;;;Pintado;Recartilhada;;;Anilha Vazada;Montado;;;;;;false;3164;
6a3feaaa0cc7ebc213990a63;Dumbbell Montado Anilha Vazada Pintado Pegada Recartilhada 14kg;DMOAVPR14;Dumbbells;Dumbbell Montado;par;14;https://base44.app/api/apps/68c9d5dd3cf0f8fd8a834875/files/mp/public/68c9d5dd3cf0f8fd8a834875/8271fe266_dumbbell-pintado-pegada-recartilhada-halter-academia1.jpg;9506.91.00;;true;;;Pintado;Recartilhada;;;Anilha Vazada;Montado;;;;;;false;3164;
6a3feaaa0cc7ebc213990a64;Dumbbell Montado Anilha Vazada Pintado Pegada Recartilhada 16kg;DMOAVPR16;Dumbbells;Dumbbell Montado;par;16;https://base44.app/api/apps/68c9d5dd3cf0f8fd8a834875/files/mp/public/68c9d5dd3cf0f8fd8a834875/8271fe266_dumbbell-pintado-pegada-recartilhada-halter-academia1.jpg;9506.91.00;;true;;;Pintado;Recartilhada;;;Anilha Vazada;Montado;;;;;;false;3164;
6a3feaaa0cc7ebc213990a65;Dumbbell Montado Anilha Vazada Pintado Pegada Recartilhada 18kg;DMOAVPR18;Dumbbells;Dumbbell Montado;par;18;https://base44.app/api/apps/68c9d5dd3cf0f8fd8a834875/files/mp/public/68c9d5dd3cf0f8fd8a834875/8271fe266_dumbbell-pintado-pegada-recartilhada-halter-academia1.jpg;9506.91.00;;true;;;Pintado;Recartilhada;;;Anilha Vazada;Montado;;;;;;false;3164;
6a3feaaa0cc7ebc213990a66;Dumbbell Montado Anilha Vazada Pintado Pegada Recartilhada 20kg;DMOAVPR20;Dumbbells;Dumbbell Montado;par;20;https://base44.app/api/apps/68c9d5dd3cf0f8fd8a834875/files/mp/public/68c9d5dd3cf0f8fd8a834875/8271fe266_dumbbell-pintado-pegada-recartilhada-halter-academia1.jpg;9506.91.00;;true;;;Pintado;Recartilhada;;;Anilha Vazada;Montado;;;;;;false;3164;
6a3feaaa0cc7ebc213990a67;Dumbbell Montado Anilha Vazada Pintado Pegada Recartilhada 22kg;DMOAVPR22;Dumbbells;Dumbbell Montado;par;22;https://base44.app/api/apps/68c9d5dd3cf0f8fd8a834875/files/mp/public/68c9d5dd3cf0f8fd8a834875/8271fe266_dumbbell-pintado-pegada-recartilhada-halter-academia1.jpg;9506.91.00;;true;;;Pintado;Recartilhada;;;Anilha Vazada;Montado;;;;;;false;3164;
6a3feaaa0cc7ebc213990a68;Dumbbell Montado Anilha Vazada Pintado Pegada Recartilhada 24kg;DMOAVPR24;Dumbbells;Dumbbell Montado;par;24;https://base44.app/api/apps/68c9d5dd3cf0f8fd8a834875/files/mp/public/68c9d5dd3cf0f8fd8a834875/8271fe266_dumbbell-pintado-pegada-recartilhada-halter-academia1.jpg;9506.91.00;;true;;;Pintado;Recartilhada;;;Anilha Vazada;Montado;;;;;;false;3164;
6a3feaaa0cc7ebc213990a69;Dumbbell Montado Anilha Vazada Pintado Pegada Recartilhada 26kg;DMOAVPR26;Dumbbells;Dumbbell Montado;par;26;https://base44.app/api/apps/68c9d5dd3cf0f8fd8a834875/files/mp/public/68c9d5dd3cf0f8fd8a834875/8271fe266_dumbbell-pintado-pegada-recartilhada-halter-academia1.jpg;9506.91.00;;true;;;Pintado;Recartilhada;;;Anilha Vazada;Montado;;;;;;false;3164;
6a3feaaa0cc7ebc213990a6a;Dumbbell Montado Anilha Vazada Pintado Pegada Recartilhada 28kg;DMOAVPR28;Dumbbells;Dumbbell Montado;par;28;https://base44.app/api/apps/68c9d5dd3cf0f8fd8a834875/files/mp/public/68c9d5dd3cf0f8fd8a834875/8271fe266_dumbbell-pintado-pegada-recartilhada-halter-academia1.jpg;9506.91.00;;true;;;Pintado;Recartilhada;;;Anilha Vazada;Montado;;;;;;false;3164;
6a3feaaa0cc7ebc213990a6b;Dumbbell Montado Anilha Vazada Pintado Pegada Recartilhada 30kg;DMOAVPR30;Dumbbells;Dumbbell Montado;par;30;https://base44.app/api/apps/68c9d5dd3cf0f8fd8a834875/files/mp/public/68c9d5dd3cf0f8fd8a834875/8271fe266_dumbbell-pintado-pegada-recartilhada-halter-academia1.jpg;9506.91.00;;true;;;Pintado;Recartilhada;;;Anilha Vazada;Montado;;;;;;false;3164;
6a3feaaa0cc7ebc213990a6c;Dumbbell Montado Anilha Vazada Pintado Pegada Recartilhada 32kg;DMOAVPR32;Dumbbells;Dumbbell Montado;par;32;https://base44.app/api/apps/68c9d5dd3cf0f8fd8a834875/files/mp/public/68c9d5dd3cf0f8fd8a834875/8271fe266_dumbbell-pintado-pegada-recartilhada-halter-academia1.jpg;9506.91.00;;true;;;Pintado;Recartilhada;;;Anilha Vazada;Montado;;;;;;false;3164;
6a3feaaa0cc7ebc213990a6d;Dumbbell Montado Anilha Vazada Pintado Pegada Recartilhada 34kg;DMOAVPR34;Dumbbells;Dumbbell Montado;par;34;https://base44.app/api/apps/68c9d5dd3cf0f8fd8a834875/files/mp/public/68c9d5dd3cf0f8fd8a834875/8271fe266_dumbbell-pintado-pegada-recartilhada-halter-academia1.jpg;9506.91.00;;true;;;Pintado;Recartilhada;;;Anilha Vazada;Montado;;;;;;false;3164;
6a3feaaa0cc7ebc213990a6e;Dumbbell Montado Anilha Vazada Pintado Pegada Recartilhada 36kg;DMOAVPR36;Dumbbells;Dumbbell Montado;par;36;https://base44.app/api/apps/68c9d5dd3cf0f8fd8a834875/files/mp/public/68c9d5dd3cf0f8fd8a834875/8271fe266_dumbbell-pintado-pegada-recartilhada-halter-academia1.jpg;9506.91.00;;true;;;Pintado;Recartilhada;;;Anilha Vazada;Montado;;;;;;false;3164;
6a3feaaa0cc7ebc213990a6f;Dumbbell Montado Anilha Vazada Pintado Pegada Recartilhada 38kg;DMOAVPR38;Dumbbells;Dumbbell Montado;par;38;https://base44.app/api/apps/68c9d5dd3cf0f8fd8a834875/files/mp/public/68c9d5dd3cf0f8fd8a834875/8271fe266_dumbbell-pintado-pegada-recartilhada-halter-academia1.jpg;9506.91.00;;true;;;Pintado;Recartilhada;;;Anilha Vazada;Montado;;;;;;false;3164;
6a3feaaa0cc7ebc213990a70;Dumbbell Montado Anilha Vazada Pintado Pegada Recartilhada 40kg;DMOAVPR40;Dumbbells;Dumbbell Montado;par;40;https://base44.app/api/apps/68c9d5dd3cf0f8fd8a834875/files/mp/public/68c9d5dd3cf0f8fd8a834875/8271fe266_dumbbell-pintado-pegada-recartilhada-halter-academia1.jpg;9506.91.00;;true;;;Pintado;Recartilhada;;;Anilha Vazada;Montado;;;;;;false;3164;
6a3feaaa0cc7ebc213990a71;Dumbbell Montado Anilha Vazada Pintado Pegada Recartilhada 42kg;DMOAVPR42;Dumbbells;Dumbbell Montado;par;42;https://base44.app/api/apps/68c9d5dd3cf0f8fd8a834875/files/mp/public/68c9d5dd3cf0f8fd8a834875/8271fe266_dumbbell-pintado-pegada-recartilhada-halter-academia1.jpg;9506.91.00;;true;;;Pintado;Recartilhada;;;Anilha Vazada;Montado;;;;;;false;3164;
6a3feaaa0cc7ebc213990a72;Dumbbell Montado Anilha Vazada Pintado Pegada Recartilhada 44kg;DMOAVPR44;Dumbbells;Dumbbell Montado;par;44;https://base44.app/api/apps/68c9d5dd3cf0f8fd8a834875/files/mp/public/68c9d5dd3cf0f8fd8a834875/8271fe266_dumbbell-pintado-pegada-recartilhada-halter-academia1.jpg;9506.91.00;;true;;;Pintado;Recartilhada;;;Anilha Vazada;Montado;;;;;;false;3164;
6a3feaaa0cc7ebc213990a73;Dumbbell Montado Anilha Vazada Pintado Pegada Recartilhada 46kg;DMOAVPR46;Dumbbells;Dumbbell Montado;par;46;https://base44.app/api/apps/68c9d5dd3cf0f8fd8a834875/files/mp/public/68c9d5dd3cf0f8fd8a834875/8271fe266_dumbbell-pintado-pegada-recartilhada-halter-academia1.jpg;9506.91.00;;true;;;Pintado;Recartilhada;;;Anilha Vazada;Montado;;;;;;false;3164;
6a3feaaa0cc7ebc213990a74;Dumbbell Montado Anilha Vazada Pintado Pegada Recartilhada 48kg;DMOAVPR48;Dumbbells;Dumbbell Montado;par;48;https://base44.app/api/apps/68c9d5dd3cf0f8fd8a834875/files/mp/public/68c9d5dd3cf0f8fd8a834875/8271fe266_dumbbell-pintado-pegada-recartilhada-halter-academia1.jpg;9506.91.00;;true;;;Pintado;Recartilhada;;;Anilha Vazada;Montado;;;;;;false;3164;
6a3feaaa0cc7ebc213990a75;Dumbbell Montado Anilha Vazada Pintado Pegada Recartilhada 50kg;DMOAVPR50;Dumbbells;Dumbbell Montado;par;50;https://base44.app/api/apps/68c9d5dd3cf0f8fd8a834875/files/mp/public/68c9d5dd3cf0f8fd8a834875/8271fe266_dumbbell-pintado-pegada-recartilhada-halter-academia1.jpg;9506.91.00;;true;;;Pintado;Recartilhada;;;Anilha Vazada;Montado;;;;;;false;3164;
6a3feaaa0cc7ebc213990a76;Dumbbell Montado Anilha Vazada Pintado Pegada Pintada 10kg;DMOAVPPT10;Dumbbells;Dumbbell Montado;par;10;;9506.91.00;;true;;;Pintado;Pintada;;;Anilha Vazada;Montado;;;;;;false;3164;
6a3feaaa0cc7ebc213990a77;Dumbbell Montado Anilha Vazada Pintado Pegada Pintada 12kg;DMOAVPPT12;Dumbbells;Dumbbell Montado;par;12;;9506.91.00;;true;;;Pintado;Pintada;;;Anilha Vazada;Montado;;;;;;false;3164;
6a3feaaa0cc7ebc213990a78;Dumbbell Montado Anilha Vazada Pintado Pegada Pintada 14kg;DMOAVPPT14;Dumbbells;Dumbbell Montado;par;14;;9506.91.00;;true;;;Pintado;Pintada;;;Anilha Vazada;Montado;;;;;;false;3164;
6a3feaaa0cc7ebc213990a79;Dumbbell Montado Anilha Vazada Pintado Pegada Pintada 16kg;DMOAVPPT16;Dumbbells;Dumbbell Montado;par;16;;9506.91.00;;true;;;Pintado;Pintada;;;Anilha Vazada;Montado;;;;;;false;3164;
6a3feaaa0cc7ebc213990a7a;Dumbbell Montado Anilha Vazada Pintado Pegada Pintada 18kg;DMOAVPPT18;Dumbbells;Dumbbell Montado;par;18;;9506.91.00;;true;;;Pintado;Pintada;;;Anilha Vazada;Montado;;;;;;false;3164;
6a3feaaa0cc7ebc213990a7b;Dumbbell Montado Anilha Vazada Pintado Pegada Pintada 20kg;DMOAVPPT20;Dumbbells;Dumbbell Montado;par;20;;9506.91.00;;true;;;Pintado;Pintada;;;Anilha Vazada;Montado;;;;;;false;3164;
6a3feaaa0cc7ebc213990a7c;Dumbbell Montado Anilha Vazada Pintado Pegada Pintada 22kg;DMOAVPPT22;Dumbbells;Dumbbell Montado;par;22;;9506.91.00;;true;;;Pintado;Pintada;;;Anilha Vazada;Montado;;;;;;false;3164;
6a3feaaa0cc7ebc213990a7d;Dumbbell Montado Anilha Vazada Pintado Pegada Pintada 24kg;DMOAVPPT24;Dumbbells;Dumbbell Montado;par;24;;9506.91.00;;true;;;Pintado;Pintada;;;Anilha Vazada;Montado;;;;;;false;3164;
6a3feaaa0cc7ebc213990a7e;Dumbbell Montado Anilha Vazada Pintado Pegada Pintada 26kg;DMOAVPPT26;Dumbbells;Dumbbell Montado;par;26;;9506.91.00;;true;;;Pintado;Pintada;;;Anilha Vazada;Montado;;;;;;false;3164;
6a3feaaa0cc7ebc213990a7f;Dumbbell Montado Anilha Vazada Pintado Pegada Pintada 28kg;DMOAVPPT28;Dumbbells;Dumbbell Montado;par;28;;9506.91.00;;true;;;Pintado;Pintada;;;Anilha Vazada;Montado;;;;;;false;3164;
6a3feaaa0cc7ebc213990a80;Dumbbell Montado Anilha Vazada Pintado Pegada Pintada 30kg;DMOAVPPT30;Dumbbells;Dumbbell Montado;par;30;;9506.91.00;;true;;;Pintado;Pintada;;;Anilha Vazada;Montado;;;;;;false;3164;
6a3feaaa0cc7ebc213990a81;Dumbbell Montado Anilha Vazada Pintado Pegada Pintada 32kg;DMOAVPPT32;Dumbbells;Dumbbell Montado;par;32;;9506.91.00;;true;;;Pintado;Pintada;;;Anilha Vazada;Montado;;;;;;false;3164;
6a3feaaa0cc7ebc213990a82;Dumbbell Montado Anilha Vazada Pintado Pegada Pintada 34kg;DMOAVPPT34;Dumbbells;Dumbbell Montado;par;34;;9506.91.00;;true;;;Pintado;Pintada;;;Anilha Vazada;Montado;;;;;;false;3164;
6a3feaaa0cc7ebc213990a83;Dumbbell Montado Anilha Vazada Pintado Pegada Pintada 36kg;DMOAVPPT36;Dumbbells;Dumbbell Montado;par;36;;9506.91.00;;true;;;Pintado;Pintada;;;Anilha Vazada;Montado;;;;;;false;3164;
6a3feaaa0cc7ebc213990a84;Dumbbell Montado Anilha Vazada Pintado Pegada Pintada 38kg;DMOAVPPT38;Dumbbells;Dumbbell Montado;par;38;;9506.91.00;;true;;;Pintado;Pintada;;;Anilha Vazada;Montado;;;;;;false;3164;
6a3feaaa0cc7ebc213990a85;Dumbbell Montado Anilha Vazada Pintado Pegada Pintada 40kg;DMOAVPPT40;Dumbbells;Dumbbell Montado;par;40;;9506.91.00;;true;;;Pintado;Pintada;;;Anilha Vazada;Montado;;;;;;false;3164;
6a3feaaa0cc7ebc213990a86;Dumbbell Montado Anilha Vazada Pintado Pegada Pintada 42kg;DMOAVPPT42;Dumbbells;Dumbbell Montado;par;42;;9506.91.00;;true;;;Pintado;Pintada;;;Anilha Vazada;Montado;;;;;;false;3164;
6a3feaaa0cc7ebc213990a87;Dumbbell Montado Anilha Vazada Pintado Pegada Pintada 44kg;DMOAVPPT44;Dumbbells;Dumbbell Montado;par;44;;9506.91.00;;true;;;Pintado;Pintada;;;Anilha Vazada;Montado;;;;;;false;3164;
6a3feaaa0cc7ebc213990a88;Dumbbell Montado Anilha Vazada Pintado Pegada Pintada 46kg;DMOAVPPT46;Dumbbells;Dumbbell Montado;par;46;;9506.91.00;;true;;;Pintado;Pintada;;;Anilha Vazada;Montado;;;;;;false;3164;
6a3feaaa0cc7ebc213990a89;Dumbbell Montado Anilha Vazada Pintado Pegada Pintada 48kg;DMOAVPPT48;Dumbbells;Dumbbell Montado;par;48;;9506.91.00;;true;;;Pintado;Pintada;;;Anilha Vazada;Montado;;;;;;false;3164;
6a3feaaa0cc7ebc213990a8a;Dumbbell Montado Anilha Vazada Pintado Pegada Pintada 50kg;DMOAVPPT50;Dumbbells;Dumbbell Montado;par;50;;9506.91.00;;true;;;Pintado;Pintada;;;Anilha Vazada;Montado;;;;;;false;3164;
6a3feaaa0cc7ebc213990a8b;Dumbbell Montado Anilha Vazada Pintado Pegada Emborrachada 10kg;DMOAVPEB10;Dumbbells;Dumbbell Montado;par;10;https://base44.app/api/apps/68c9d5dd3cf0f8fd8a834875/files/mp/public/68c9d5dd3cf0f8fd8a834875/94b2e2c93_dumbbell-pintado-pegada-emborrachada-halter-academia.png;9506.91.00;;true;;;Pintado;Emborrachada;;;Anilha Vazada;Montado;;;;;;false;3164;
6a3feaaa0cc7ebc213990a8c;Dumbbell Montado Anilha Vazada Pintado Pegada Emborrachada 12kg;DMOAVPEB12;Dumbbells;Dumbbell Montado;par;12;https://base44.app/api/apps/68c9d5dd3cf0f8fd8a834875/files/mp/public/68c9d5dd3cf0f8fd8a834875/94b2e2c93_dumbbell-pintado-pegada-emborrachada-halter-academia.png;9506.91.00;;true;;;Pintado;Emborrachada;;;Anilha Vazada;Montado;;;;;;false;3164;
6a3feaaa0cc7ebc213990a8d;Dumbbell Montado Anilha Vazada Pintado Pegada Emborrachada 14kg;DMOAVPEB14;Dumbbells;Dumbbell Montado;par;14;https://base44.app/api/apps/68c9d5dd3cf0f8fd8a834875/files/mp/public/68c9d5dd3cf0f8fd8a834875/94b2e2c93_dumbbell-pintado-pegada-emborrachada-halter-academia.png;9506.91.00;;true;;;Pintado;Emborrachada;;;Anilha Vazada;Montado;;;;;;false;3164;
6a3feaaa0cc7ebc213990a8e;Dumbbell Montado Anilha Vazada Pintado Pegada Emborrachada 16kg;DMOAVPEB16;Dumbbells;Dumbbell Montado;par;16;https://base44.app/api/apps/68c9d5dd3cf0f8fd8a834875/files/mp/public/68c9d5dd3cf0f8fd8a834875/94b2e2c93_dumbbell-pintado-pegada-emborrachada-halter-academia.png;9506.91.00;;true;;;Pintado;Emborrachada;;;Anilha Vazada;Montado;;;;;;false;3164;
6a3feaaa0cc7ebc213990a8f;Dumbbell Montado Anilha Vazada Pintado Pegada Emborrachada 18kg;DMOAVPEB18;Dumbbells;Dumbbell Montado;par;18;https://base44.app/api/apps/68c9d5dd3cf0f8fd8a834875/files/mp/public/68c9d5dd3cf0f8fd8a834875/94b2e2c93_dumbbell-pintado-pegada-emborrachada-halter-academia.png;9506.91.00;;true;;;Pintado;Emborrachada;;;Anilha Vazada;Montado;;;;;;false;3164;
6a3feaaa0cc7ebc213990a90;Dumbbell Montado Anilha Vazada Pintado Pegada Emborrachada 20kg;DMOAVPEB20;Dumbbells;Dumbbell Montado;par;20;https://base44.app/api/apps/68c9d5dd3cf0f8fd8a834875/files/mp/public/68c9d5dd3cf0f8fd8a834875/94b2e2c93_dumbbell-pintado-pegada-emborrachada-halter-academia.png;9506.91.00;;true;;;Pintado;Emborrachada;;;Anilha Vazada;Montado;;;;;;false;3164;
6a3feaaa0cc7ebc213990a91;Dumbbell Montado Anilha Vazada Pintado Pegada Emborrachada 22kg;DMOAVPEB22;Dumbbells;Dumbbell Montado;par;22;https://base44.app/api/apps/68c9d5dd3cf0f8fd8a834875/files/mp/public/68c9d5dd3cf0f8fd8a834875/94b2e2c93_dumbbell-pintado-pegada-emborrachada-halter-academia.png;9506.91.00;;true;;;Pintado;Emborrachada;;;Anilha Vazada;Montado;;;;;;false;3164;
6a3feaaa0cc7ebc213990a92;Dumbbell Montado Anilha Vazada Pintado Pegada Emborrachada 24kg;DMOAVPEB24;Dumbbells;Dumbbell Montado;par;24;https://base44.app/api/apps/68c9d5dd3cf0f8fd8a834875/files/mp/public/68c9d5dd3cf0f8fd8a834875/94b2e2c93_dumbbell-pintado-pegada-emborrachada-halter-academia.png;9506.91.00;;true;;;Pintado;Emborrachada;;;Anilha Vazada;Montado;;;;;;false;3164;
6a3feaaa0cc7ebc213990a93;Dumbbell Montado Anilha Vazada Pintado Pegada Emborrachada 26kg;DMOAVPEB26;Dumbbells;Dumbbell Montado;par;26;https://base44.app/api/apps/68c9d5dd3cf0f8fd8a834875/files/mp/public/68c9d5dd3cf0f8fd8a834875/94b2e2c93_dumbbell-pintado-pegada-emborrachada-halter-academia.png;9506.91.00;;true;;;Pintado;Emborrachada;;;Anilha Vazada;Montado;;;;;;false;3164;
6a3feaaa0cc7ebc213990a94;Dumbbell Montado Anilha Vazada Pintado Pegada Emborrachada 28kg;DMOAVPEB28;Dumbbells;Dumbbell Montado;par;28;https://base44.app/api/apps/68c9d5dd3cf0f8fd8a834875/files/mp/public/68c9d5dd3cf0f8fd8a834875/94b2e2c93_dumbbell-pintado-pegada-emborrachada-halter-academia.png;9506.91.00;;true;;;Pintado;Emborrachada;;;Anilha Vazada;Montado;;;;;;false;3164;
6a3feaaa0cc7ebc213990a95;Dumbbell Montado Anilha Vazada Pintado Pegada Emborrachada 30kg;DMOAVPEB30;Dumbbells;Dumbbell Montado;par;30;https://base44.app/api/apps/68c9d5dd3cf0f8fd8a834875/files/mp/public/68c9d5dd3cf0f8fd8a834875/94b2e2c93_dumbbell-pintado-pegada-emborrachada-halter-academia.png;9506.91.00;;true;;;Pintado;Emborrachada;;;Anilha Vazada;Montado;;;;;;false;3164;
6a3feaaa0cc7ebc213990a96;Dumbbell Montado Anilha Vazada Pintado Pegada Emborrachada 32kg;DMOAVPEB32;Dumbbells;Dumbbell Montado;par;32;https://base44.app/api/apps/68c9d5dd3cf0f8fd8a834875/files/mp/public/68c9d5dd3cf0f8fd8a834875/94b2e2c93_dumbbell-pintado-pegada-emborrachada-halter-academia.png;9506.91.00;;true;;;Pintado;Emborrachada;;;Anilha Vazada;Montado;;;;;;false;3164;
6a3feaaa0cc7ebc213990a97;Dumbbell Montado Anilha Vazada Pintado Pegada Emborrachada 34kg;DMOAVPEB34;Dumbbells;Dumbbell Montado;par;34;https://base44.app/api/apps/68c9d5dd3cf0f8fd8a834875/files/mp/public/68c9d5dd3cf0f8fd8a834875/94b2e2c93_dumbbell-pintado-pegada-emborrachada-halter-academia.png;9506.91.00;;true;;;Pintado;Emborrachada;;;Anilha Vazada;Montado;;;;;;false;3164;
6a3feaaa0cc7ebc213990a98;Dumbbell Montado Anilha Vazada Pintado Pegada Emborrachada 36kg;DMOAVPEB36;Dumbbells;Dumbbell Montado;par;36;https://base44.app/api/apps/68c9d5dd3cf0f8fd8a834875/files/mp/public/68c9d5dd3cf0f8fd8a834875/94b2e2c93_dumbbell-pintado-pegada-emborrachada-halter-academia.png;9506.91.00;;true;;;Pintado;Emborrachada;;;Anilha Vazada;Montado;;;;;;false;3164;
6a3feaaa0cc7ebc213990a99;Dumbbell Montado Anilha Vazada Pintado Pegada Emborrachada 38kg;DMOAVPEB38;Dumbbells;Dumbbell Montado;par;38;https://base44.app/api/apps/68c9d5dd3cf0f8fd8a834875/files/mp/public/68c9d5dd3cf0f8fd8a834875/94b2e2c93_dumbbell-pintado-pegada-emborrachada-halter-academia.png;9506.91.00;;true;;;Pintado;Emborrachada;;;Anilha Vazada;Montado;;;;;;false;3164;
6a3feaaa0cc7ebc213990a9a;Dumbbell Montado Anilha Vazada Pintado Pegada Emborrachada 40kg;DMOAVPEB40;Dumbbells;Dumbbell Montado;par;40;https://base44.app/api/apps/68c9d5dd3cf0f8fd8a834875/files/mp/public/68c9d5dd3cf0f8fd8a834875/94b2e2c93_dumbbell-pintado-pegada-emborrachada-halter-academia.png;9506.91.00;;true;;;Pintado;Emborrachada;;;Anilha Vazada;Montado;;;;;;false;3164;
6a3feaaa0cc7ebc213990a9b;Dumbbell Montado Anilha Vazada Pintado Pegada Emborrachada 42kg;DMOAVPEB42;Dumbbells;Dumbbell Montado;par;42;https://base44.app/api/apps/68c9d5dd3cf0f8fd8a834875/files/mp/public/68c9d5dd3cf0f8fd8a834875/94b2e2c93_dumbbell-pintado-pegada-emborrachada-halter-academia.png;9506.91.00;;true;;;Pintado;Emborrachada;;;Anilha Vazada;Montado;;;;;;false;3164;
6a3feaaa0cc7ebc213990a9c;Dumbbell Montado Anilha Vazada Pintado Pegada Emborrachada 44kg;DMOAVPEB44;Dumbbells;Dumbbell Montado;par;44;https://base44.app/api/apps/68c9d5dd3cf0f8fd8a834875/files/mp/public/68c9d5dd3cf0f8fd8a834875/94b2e2c93_dumbbell-pintado-pegada-emborrachada-halter-academia.png;9506.91.00;;true;;;Pintado;Emborrachada;;;Anilha Vazada;Montado;;;;;;false;3164;
6a3feaaa0cc7ebc213990a9d;Dumbbell Montado Anilha Vazada Pintado Pegada Emborrachada 46kg;DMOAVPEB46;Dumbbells;Dumbbell Montado;par;46;https://base44.app/api/apps/68c9d5dd3cf0f8fd8a834875/files/mp/public/68c9d5dd3cf0f8fd8a834875/94b2e2c93_dumbbell-pintado-pegada-emborrachada-halter-academia.png;9506.91.00;;true;;;Pintado;Emborrachada;;;Anilha Vazada;Montado;;;;;;false;3164;
6a3feaaa0cc7ebc213990a9e;Dumbbell Montado Anilha Vazada Pintado Pegada Emborrachada 48kg;DMOAVPEB48;Dumbbells;Dumbbell Montado;par;48;https://base44.app/api/apps/68c9d5dd3cf0f8fd8a834875/files/mp/public/68c9d5dd3cf0f8fd8a834875/94b2e2c93_dumbbell-pintado-pegada-emborrachada-halter-academia.png;9506.91.00;;true;;;Pintado;Emborrachada;;;Anilha Vazada;Montado;;;;;;false;3164;
6a3feaaa0cc7ebc213990a9f;Dumbbell Montado Anilha Vazada Pintado Pegada Emborrachada 50kg;DMOAVPEB50;Dumbbells;Dumbbell Montado;par;50;https://base44.app/api/apps/68c9d5dd3cf0f8fd8a834875/files/mp/public/68c9d5dd3cf0f8fd8a834875/94b2e2c93_dumbbell-pintado-pegada-emborrachada-halter-academia.png;9506.91.00;;true;;;Pintado;Emborrachada;;;Anilha Vazada;Montado;;;;;;false;3164;
6a3feaaa0cc7ebc213990aa0;Dumbbell Montado Anilha Vazada Pintado Pegada Injetada 10kg;DMOAVPIN10;Dumbbells;Dumbbell Montado;par;10;;9506.91.00;;true;;;Pintado;Injetada;;;Anilha Vazada;Montado;;;;;;false;3164;
6a3feaaa0cc7ebc213990aa1;Dumbbell Montado Anilha Vazada Pintado Pegada Injetada 12kg;DMOAVPIN12;Dumbbells;Dumbbell Montado;par;12;;9506.91.00;;true;;;Pintado;Injetada;;;Anilha Vazada;Montado;;;;;;false;3164;
6a3feaaa0cc7ebc213990aa2;Dumbbell Montado Anilha Vazada Pintado Pegada Injetada 14kg;DMOAVPIN14;Dumbbells;Dumbbell Montado;par;14;;9506.91.00;;true;;;Pintado;Injetada;;;Anilha Vazada;Montado;;;;;;false;3164;
6a3feaaa0cc7ebc213990aa3;Dumbbell Montado Anilha Vazada Pintado Pegada Injetada 16kg;DMOAVPIN16;Dumbbells;Dumbbell Montado;par;16;;9506.91.00;;true;;;Pintado;Injetada;;;Anilha Vazada;Montado;;;;;;false;3164;
6a3feaaa0cc7ebc213990aa4;Dumbbell Montado Anilha Vazada Pintado Pegada Injetada 18kg;DMOAVPIN18;Dumbbells;Dumbbell Montado;par;18;;9506.91.00;;true;;;Pintado;Injetada;;;Anilha Vazada;Montado;;;;;;false;3164;
6a3feaaa0cc7ebc213990aa5;Dumbbell Montado Anilha Vazada Pintado Pegada Injetada 20kg;DMOAVPIN20;Dumbbells;Dumbbell Montado;par;20;;9506.91.00;;true;;;Pintado;Injetada;;;Anilha Vazada;Montado;;;;;;false;3164;
6a3feaaa0cc7ebc213990aa6;Dumbbell Montado Anilha Vazada Pintado Pegada Injetada 22kg;DMOAVPIN22;Dumbbells;Dumbbell Montado;par;22;;9506.91.00;;true;;;Pintado;Injetada;;;Anilha Vazada;Montado;;;;;;false;3164;
6a3feaaa0cc7ebc213990aa7;Dumbbell Montado Anilha Vazada Pintado Pegada Injetada 24kg;DMOAVPIN24;Dumbbells;Dumbbell Montado;par;24;;9506.91.00;;true;;;Pintado;Injetada;;;Anilha Vazada;Montado;;;;;;false;3164;
6a3feaaa0cc7ebc213990aa8;Dumbbell Montado Anilha Vazada Pintado Pegada Injetada 26kg;DMOAVPIN26;Dumbbells;Dumbbell Montado;par;26;;9506.91.00;;true;;;Pintado;Injetada;;;Anilha Vazada;Montado;;;;;;false;3164;
6a3feaaa0cc7ebc213990aa9;Dumbbell Montado Anilha Vazada Pintado Pegada Injetada 28kg;DMOAVPIN28;Dumbbells;Dumbbell Montado;par;28;;9506.91.00;;true;;;Pintado;Injetada;;;Anilha Vazada;Montado;;;;;;false;3164;
6a3feaaa0cc7ebc213990aaa;Dumbbell Montado Anilha Vazada Pintado Pegada Injetada 30kg;DMOAVPIN30;Dumbbells;Dumbbell Montado;par;30;;9506.91.00;;true;;;Pintado;Injetada;;;Anilha Vazada;Montado;;;;;;false;3164;
6a3feaaa0cc7ebc213990aab;Dumbbell Montado Anilha Vazada Pintado Pegada Injetada 32kg;DMOAVPIN32;Dumbbells;Dumbbell Montado;par;32;;9506.91.00;;true;;;Pintado;Injetada;;;Anilha Vazada;Montado;;;;;;false;3164;
6a3feaaa0cc7ebc213990aac;Dumbbell Montado Anilha Vazada Pintado Pegada Injetada 34kg;DMOAVPIN34;Dumbbells;Dumbbell Montado;par;34;;9506.91.00;;true;;;Pintado;Injetada;;;Anilha Vazada;Montado;;;;;;false;3164;
6a3feaaa0cc7ebc213990aad;Dumbbell Montado Anilha Vazada Pintado Pegada Injetada 36kg;DMOAVPIN36;Dumbbells;Dumbbell Montado;par;36;;9506.91.00;;true;;;Pintado;Injetada;;;Anilha Vazada;Montado;;;;;;false;3164;
6a3feaaa0cc7ebc213990aae;Dumbbell Montado Anilha Vazada Pintado Pegada Injetada 38kg;DMOAVPIN38;Dumbbells;Dumbbell Montado;par;38;;9506.91.00;;true;;;Pintado;Injetada;;;Anilha Vazada;Montado;;;;;;false;3164;
6a3feaaa0cc7ebc213990aaf;Dumbbell Montado Anilha Vazada Pintado Pegada Injetada 40kg;DMOAVPIN40;Dumbbells;Dumbbell Montado;par;40;;9506.91.00;;true;;;Pintado;Injetada;;;Anilha Vazada;Montado;;;;;;false;3164;
6a3feaaa0cc7ebc213990ab0;Dumbbell Montado Anilha Vazada Pintado Pegada Injetada 42kg;DMOAVPIN42;Dumbbells;Dumbbell Montado;par;42;;9506.91.00;;true;;;Pintado;Injetada;;;Anilha Vazada;Montado;;;;;;false;3164;
6a3feaaa0cc7ebc213990ab1;Dumbbell Montado Anilha Vazada Pintado Pegada Injetada 44kg;DMOAVPIN44;Dumbbells;Dumbbell Montado;par;44;;9506.91.00;;true;;;Pintado;Injetada;;;Anilha Vazada;Montado;;;;;;false;3164;
6a3feaaa0cc7ebc213990ab2;Dumbbell Montado Anilha Vazada Pintado Pegada Injetada 46kg;DMOAVPIN46;Dumbbells;Dumbbell Montado;par;46;;9506.91.00;;true;;;Pintado;Injetada;;;Anilha Vazada;Montado;;;;;;false;3164;
6a3feaaa0cc7ebc213990ab3;Dumbbell Montado Anilha Vazada Pintado Pegada Injetada 48kg;DMOAVPIN48;Dumbbells;Dumbbell Montado;par;48;;9506.91.00;;true;;;Pintado;Injetada;;;Anilha Vazada;Montado;;;;;;false;3164;
6a3feaaa0cc7ebc213990ab4;Dumbbell Montado Anilha Vazada Pintado Pegada Injetada 50kg;DMOAVPIN50;Dumbbells;Dumbbell Montado;par;50;;9506.91.00;;true;;;Pintado;Injetada;;;Anilha Vazada;Montado;;;;;;false;3164;
6a3feaaa0cc7ebc213990ab5;Dumbbell Montado Anilha Vazada Injetado Pegada Recartilhada 10kg;DMOAVIR10;Dumbbells;Dumbbell Montado;par;10;https://base44.app/api/apps/68c9d5dd3cf0f8fd8a834875/files/mp/public/68c9d5dd3cf0f8fd8a834875/a1e2def70_dumbbell-injetado-pegada-recartilhada-halter-ferro-academia.jpg;9506.91.00;;true;;;Injetado;Recartilhada;;;Anilha Vazada;Montado;;;;;;false;3164;
6a3feaaa0cc7ebc213990ab6;Dumbbell Montado Anilha Vazada Injetado Pegada Recartilhada 12kg;DMOAVIR12;Dumbbells;Dumbbell Montado;par;12;https://base44.app/api/apps/68c9d5dd3cf0f8fd8a834875/files/mp/public/68c9d5dd3cf0f8fd8a834875/a1e2def70_dumbbell-injetado-pegada-recartilhada-halter-ferro-academia.jpg;9506.91.00;;true;;;Injetado;Recartilhada;;;Anilha Vazada;Montado;;;;;;false;3164;
6a3feaaa0cc7ebc213990ab7;Dumbbell Montado Anilha Vazada Injetado Pegada Recartilhada 14kg;DMOAVIR14;Dumbbells;Dumbbell Montado;par;14;https://base44.app/api/apps/68c9d5dd3cf0f8fd8a834875/files/mp/public/68c9d5dd3cf0f8fd8a834875/a1e2def70_dumbbell-injetado-pegada-recartilhada-halter-ferro-academia.jpg;9506.91.00;;true;;;Injetado;Recartilhada;;;Anilha Vazada;Montado;;;;;;false;3164;
6a3feaaa0cc7ebc213990ab8;Dumbbell Montado Anilha Vazada Injetado Pegada Recartilhada 16kg;DMOAVIR16;Dumbbells;Dumbbell Montado;par;16;https://base44.app/api/apps/68c9d5dd3cf0f8fd8a834875/files/mp/public/68c9d5dd3cf0f8fd8a834875/a1e2def70_dumbbell-injetado-pegada-recartilhada-halter-ferro-academia.jpg;9506.91.00;;true;;;Injetado;Recartilhada;;;Anilha Vazada;Montado;;;;;;false;3164;
6a3feaaa0cc7ebc213990ab9;Dumbbell Montado Anilha Vazada Injetado Pegada Recartilhada 18kg;DMOAVIR18;Dumbbells;Dumbbell Montado;par;18;https://base44.app/api/apps/68c9d5dd3cf0f8fd8a834875/files/mp/public/68c9d5dd3cf0f8fd8a834875/a1e2def70_dumbbell-injetado-pegada-recartilhada-halter-ferro-academia.jpg;9506.91.00;;true;;;Injetado;Recartilhada;;;Anilha Vazada;Montado;;;;;;false;3164;
6a3feaaa0cc7ebc213990aba;Dumbbell Montado Anilha Vazada Injetado Pegada Recartilhada 20kg;DMOAVIR20;Dumbbells;Dumbbell Montado;par;20;https://base44.app/api/apps/68c9d5dd3cf0f8fd8a834875/files/mp/public/68c9d5dd3cf0f8fd8a834875/a1e2def70_dumbbell-injetado-pegada-recartilhada-halter-ferro-academia.jpg;9506.91.00;;true;;;Injetado;Recartilhada;;;Anilha Vazada;Montado;;;;;;false;3164;
6a3feaaa0cc7ebc213990abb;Dumbbell Montado Anilha Vazada Injetado Pegada Recartilhada 22kg;DMOAVIR22;Dumbbells;Dumbbell Montado;par;22;https://base44.app/api/apps/68c9d5dd3cf0f8fd8a834875/files/mp/public/68c9d5dd3cf0f8fd8a834875/a1e2def70_dumbbell-injetado-pegada-recartilhada-halter-ferro-academia.jpg;9506.91.00;;true;;;Injetado;Recartilhada;;;Anilha Vazada;Montado;;;;;;false;3164;
6a3feaaa0cc7ebc213990abc;Dumbbell Montado Anilha Vazada Injetado Pegada Recartilhada 24kg;DMOAVIR24;Dumbbells;Dumbbell Montado;par;24;https://base44.app/api/apps/68c9d5dd3cf0f8fd8a834875/files/mp/public/68c9d5dd3cf0f8fd8a834875/a1e2def70_dumbbell-injetado-pegada-recartilhada-halter-ferro-academia.jpg;9506.91.00;;true;;;Injetado;Recartilhada;;;Anilha Vazada;Montado;;;;;;false;3164;
6a3feaaa0cc7ebc213990abd;Dumbbell Montado Anilha Vazada Injetado Pegada Recartilhada 26kg;DMOAVIR26;Dumbbells;Dumbbell Montado;par;26;https://base44.app/api/apps/68c9d5dd3cf0f8fd8a834875/files/mp/public/68c9d5dd3cf0f8fd8a834875/a1e2def70_dumbbell-injetado-pegada-recartilhada-halter-ferro-academia.jpg;9506.91.00;;true;;;Injetado;Recartilhada;;;Anilha Vazada;Montado;;;;;;false;3164;
6a3feaaa0cc7ebc213990abe;Dumbbell Montado Anilha Vazada Injetado Pegada Recartilhada 28kg;DMOAVIR28;Dumbbells;Dumbbell Montado;par;28;https://base44.app/api/apps/68c9d5dd3cf0f8fd8a834875/files/mp/public/68c9d5dd3cf0f8fd8a834875/a1e2def70_dumbbell-injetado-pegada-recartilhada-halter-ferro-academia.jpg;9506.91.00;;true;;;Injetado;Recartilhada;;;Anilha Vazada;Montado;;;;;;false;3164;
6a3feaaa0cc7ebc213990abf;Dumbbell Montado Anilha Vazada Injetado Pegada Recartilhada 30kg;DMOAVIR30;Dumbbells;Dumbbell Montado;par;30;https://base44.app/api/apps/68c9d5dd3cf0f8fd8a834875/files/mp/public/68c9d5dd3cf0f8fd8a834875/a1e2def70_dumbbell-injetado-pegada-recartilhada-halter-ferro-academia.jpg;9506.91.00;;true;;;Injetado;Recartilhada;;;Anilha Vazada;Montado;;;;;;false;3164;
6a3feaaa0cc7ebc213990ac0;Dumbbell Montado Anilha Vazada Injetado Pegada Recartilhada 32kg;DMOAVIR32;Dumbbells;Dumbbell Montado;par;32;https://base44.app/api/apps/68c9d5dd3cf0f8fd8a834875/files/mp/public/68c9d5dd3cf0f8fd8a834875/a1e2def70_dumbbell-injetado-pegada-recartilhada-halter-ferro-academia.jpg;9506.91.00;;true;;;Injetado;Recartilhada;;;Anilha Vazada;Montado;;;;;;false;3164;
6a3feaaa0cc7ebc213990ac1;Dumbbell Montado Anilha Vazada Injetado Pegada Recartilhada 34kg;DMOAVIR34;Dumbbells;Dumbbell Montado;par;34;https://base44.app/api/apps/68c9d5dd3cf0f8fd8a834875/files/mp/public/68c9d5dd3cf0f8fd8a834875/a1e2def70_dumbbell-injetado-pegada-recartilhada-halter-ferro-academia.jpg;9506.91.00;;true;;;Injetado;Recartilhada;;;Anilha Vazada;Montado;;;;;;false;3164;
6a3feaaa0cc7ebc213990ac2;Dumbbell Montado Anilha Vazada Injetado Pegada Recartilhada 36kg;DMOAVIR36;Dumbbells;Dumbbell Montado;par;36;https://base44.app/api/apps/68c9d5dd3cf0f8fd8a834875/files/mp/public/68c9d5dd3cf0f8fd8a834875/a1e2def70_dumbbell-injetado-pegada-recartilhada-halter-ferro-academia.jpg;9506.91.00;;true;;;Injetado;Recartilhada;;;Anilha Vazada;Montado;;;;;;false;3164;
6a3feaaa0cc7ebc213990ac3;Dumbbell Montado Anilha Vazada Injetado Pegada Recartilhada 38kg;DMOAVIR38;Dumbbells;Dumbbell Montado;par;38;https://base44.app/api/apps/68c9d5dd3cf0f8fd8a834875/files/mp/public/68c9d5dd3cf0f8fd8a834875/a1e2def70_dumbbell-injetado-pegada-recartilhada-halter-ferro-academia.jpg;9506.91.00;;true;;;Injetado;Recartilhada;;;Anilha Vazada;Montado;;;;;;false;3164;
6a3feaaa0cc7ebc213990ac4;Dumbbell Montado Anilha Vazada Injetado Pegada Recartilhada 40kg;DMOAVIR40;Dumbbells;Dumbbell Montado;par;40;https://base44.app/api/apps/68c9d5dd3cf0f8fd8a834875/files/mp/public/68c9d5dd3cf0f8fd8a834875/a1e2def70_dumbbell-injetado-pegada-recartilhada-halter-ferro-academia.jpg;9506.91.00;;true;;;Injetado;Recartilhada;;;Anilha Vazada;Montado;;;;;;false;3164;
6a3feaaa0cc7ebc213990ac5;Dumbbell Montado Anilha Vazada Injetado Pegada Recartilhada 42kg;DMOAVIR42;Dumbbells;Dumbbell Montado;par;42;https://base44.app/api/apps/68c9d5dd3cf0f8fd8a834875/files/mp/public/68c9d5dd3cf0f8fd8a834875/a1e2def70_dumbbell-injetado-pegada-recartilhada-halter-ferro-academia.jpg;9506.91.00;;true;;;Injetado;Recartilhada;;;Anilha Vazada;Montado;;;;;;false;3164;
6a3feaaa0cc7ebc213990ac6;Dumbbell Montado Anilha Vazada Injetado Pegada Recartilhada 44kg;DMOAVIR44;Dumbbells;Dumbbell Montado;par;44;https://base44.app/api/apps/68c9d5dd3cf0f8fd8a834875/files/mp/public/68c9d5dd3cf0f8fd8a834875/a1e2def70_dumbbell-injetado-pegada-recartilhada-halter-ferro-academia.jpg;9506.91.00;;true;;;Injetado;Recartilhada;;;Anilha Vazada;Montado;;;;;;false;3164;
6a3feaaa0cc7ebc213990ac7;Dumbbell Montado Anilha Vazada Injetado Pegada Recartilhada 46kg;DMOAVIR46;Dumbbells;Dumbbell Montado;par;46;https://base44.app/api/apps/68c9d5dd3cf0f8fd8a834875/files/mp/public/68c9d5dd3cf0f8fd8a834875/a1e2def70_dumbbell-injetado-pegada-recartilhada-halter-ferro-academia.jpg;9506.91.00;;true;;;Injetado;Recartilhada;;;Anilha Vazada;Montado;;;;;;false;3164;
6a3feaaa0cc7ebc213990ac8;Dumbbell Montado Anilha Vazada Injetado Pegada Recartilhada 48kg;DMOAVIR48;Dumbbells;Dumbbell Montado;par;48;https://base44.app/api/apps/68c9d5dd3cf0f8fd8a834875/files/mp/public/68c9d5dd3cf0f8fd8a834875/a1e2def70_dumbbell-injetado-pegada-recartilhada-halter-ferro-academia.jpg;9506.91.00;;true;;;Injetado;Recartilhada;;;Anilha Vazada;Montado;;;;;;false;3164;
6a3feaaa0cc7ebc213990ac9;Dumbbell Montado Anilha Vazada Injetado Pegada Recartilhada 50kg;DMOAVIR50;Dumbbells;Dumbbell Montado;par;50;https://base44.app/api/apps/68c9d5dd3cf0f8fd8a834875/files/mp/public/68c9d5dd3cf0f8fd8a834875/a1e2def70_dumbbell-injetado-pegada-recartilhada-halter-ferro-academia.jpg;9506.91.00;;true;;;Injetado;Recartilhada;;;Anilha Vazada;Montado;;;;;;false;3164;
6a3feaaa0cc7ebc213990aca;Dumbbell Montado Anilha Vazada Injetado Pegada Pintada 10kg;DMOAVIPT10;Dumbbells;Dumbbell Montado;par;10;;9506.91.00;;true;;;Injetado;Pintada;;;Anilha Vazada;Montado;;;;;;false;3164;
6a3feaaa0cc7ebc213990acb;Dumbbell Montado Anilha Vazada Injetado Pegada Pintada 12kg;DMOAVIPT12;Dumbbells;Dumbbell Montado;par;12;;9506.91.00;;true;;;Injetado;Pintada;;;Anilha Vazada;Montado;;;;;;false;3164;
6a3feaaa0cc7ebc213990acc;Dumbbell Montado Anilha Vazada Injetado Pegada Pintada 14kg;DMOAVIPT14;Dumbbells;Dumbbell Montado;par;14;;9506.91.00;;true;;;Injetado;Pintada;;;Anilha Vazada;Montado;;;;;;false;3164;
6a3feaaa0cc7ebc213990acd;Dumbbell Montado Anilha Vazada Injetado Pegada Pintada 16kg;DMOAVIPT16;Dumbbells;Dumbbell Montado;par;16;;9506.91.00;;true;;;Injetado;Pintada;;;Anilha Vazada;Montado;;;;;;false;3164;
6a3feaaa0cc7ebc213990ace;Dumbbell Montado Anilha Vazada Injetado Pegada Pintada 18kg;DMOAVIPT18;Dumbbells;Dumbbell Montado;par;18;;9506.91.00;;true;;;Injetado;Pintada;;;Anilha Vazada;Montado;;;;;;false;3164;
6a3feaaa0cc7ebc213990acf;Dumbbell Montado Anilha Vazada Injetado Pegada Pintada 20kg;DMOAVIPT20;Dumbbells;Dumbbell Montado;par;20;;9506.91.00;;true;;;Injetado;Pintada;;;Anilha Vazada;Montado;;;;;;false;3164;
6a3feaaa0cc7ebc213990ad0;Dumbbell Montado Anilha Vazada Injetado Pegada Pintada 22kg;DMOAVIPT22;Dumbbells;Dumbbell Montado;par;22;;9506.91.00;;true;;;Injetado;Pintada;;;Anilha Vazada;Montado;;;;;;false;3164;
6a3feaaa0cc7ebc213990ad1;Dumbbell Montado Anilha Vazada Injetado Pegada Pintada 24kg;DMOAVIPT24;Dumbbells;Dumbbell Montado;par;24;;9506.91.00;;true;;;Injetado;Pintada;;;Anilha Vazada;Montado;;;;;;false;3164;
6a3feaaa0cc7ebc213990ad2;Dumbbell Montado Anilha Vazada Injetado Pegada Pintada 26kg;DMOAVIPT26;Dumbbells;Dumbbell Montado;par;26;;9506.91.00;;true;;;Injetado;Pintada;;;Anilha Vazada;Montado;;;;;;false;3164;
6a3feaaa0cc7ebc213990ad3;Dumbbell Montado Anilha Vazada Injetado Pegada Pintada 28kg;DMOAVIPT28;Dumbbells;Dumbbell Montado;par;28;;9506.91.00;;true;;;Injetado;Pintada;;;Anilha Vazada;Montado;;;;;;false;3164;
6a3feaaa0cc7ebc213990ad4;Dumbbell Montado Anilha Vazada Injetado Pegada Pintada 30kg;DMOAVIPT30;Dumbbells;Dumbbell Montado;par;30;;9506.91.00;;true;;;Injetado;Pintada;;;Anilha Vazada;Montado;;;;;;false;3164;
6a3feaaa0cc7ebc213990ad5;Dumbbell Montado Anilha Vazada Injetado Pegada Pintada 32kg;DMOAVIPT32;Dumbbells;Dumbbell Montado;par;32;;9506.91.00;;true;;;Injetado;Pintada;;;Anilha Vazada;Montado;;;;;;false;3164;
6a3feaaa0cc7ebc213990ad6;Dumbbell Montado Anilha Vazada Injetado Pegada Pintada 34kg;DMOAVIPT34;Dumbbells;Dumbbell Montado;par;34;;9506.91.00;;true;;;Injetado;Pintada;;;Anilha Vazada;Montado;;;;;;false;3164;
6a3feaaa0cc7ebc213990ad7;Dumbbell Montado Anilha Vazada Injetado Pegada Pintada 36kg;DMOAVIPT36;Dumbbells;Dumbbell Montado;par;36;;9506.91.00;;true;;;Injetado;Pintada;;;Anilha Vazada;Montado;;;;;;false;3164;
6a3feaaa0cc7ebc213990ad8;Dumbbell Montado Anilha Vazada Injetado Pegada Pintada 38kg;DMOAVIPT38;Dumbbells;Dumbbell Montado;par;38;;9506.91.00;;true;;;Injetado;Pintada;;;Anilha Vazada;Montado;;;;;;false;3164;
6a3feaaa0cc7ebc213990ad9;Dumbbell Montado Anilha Vazada Injetado Pegada Pintada 40kg;DMOAVIPT40;Dumbbells;Dumbbell Montado;par;40;;9506.91.00;;true;;;Injetado;Pintada;;;Anilha Vazada;Montado;;;;;;false;3164;
6a3feaaa0cc7ebc213990ada;Dumbbell Montado Anilha Vazada Injetado Pegada Pintada 42kg;DMOAVIPT42;Dumbbells;Dumbbell Montado;par;42;;9506.91.00;;true;;;Injetado;Pintada;;;Anilha Vazada;Montado;;;;;;false;3164;
6a3feaaa0cc7ebc213990adb;Dumbbell Montado Anilha Vazada Injetado Pegada Pintada 44kg;DMOAVIPT44;Dumbbells;Dumbbell Montado;par;44;;9506.91.00;;true;;;Injetado;Pintada;;;Anilha Vazada;Montado;;;;;;false;3164;
6a3feaaa0cc7ebc213990adc;Dumbbell Montado Anilha Vazada Injetado Pegada Pintada 46kg;DMOAVIPT46;Dumbbells;Dumbbell Montado;par;46;;9506.91.00;;true;;;Injetado;Pintada;;;Anilha Vazada;Montado;;;;;;false;3164;
6a3feaaa0cc7ebc213990add;Dumbbell Montado Anilha Vazada Injetado Pegada Pintada 48kg;DMOAVIPT48;Dumbbells;Dumbbell Montado;par;48;;9506.91.00;;true;;;Injetado;Pintada;;;Anilha Vazada;Montado;;;;;;false;3164;
6a3feaaa0cc7ebc213990ade;Dumbbell Montado Anilha Vazada Injetado Pegada Pintada 50kg;DMOAVIPT50;Dumbbells;Dumbbell Montado;par;50;;9506.91.00;;true;;;Injetado;Pintada;;;Anilha Vazada;Montado;;;;;;false;3164;
6a3feaaa0cc7ebc213990adf;Dumbbell Montado Anilha Vazada Injetado Pegada Emborrachada 10kg;DMOAVIEB10;Dumbbells;Dumbbell Montado;par;10;https://base44.app/api/apps/68c9d5dd3cf0f8fd8a834875/files/mp/public/68c9d5dd3cf0f8fd8a834875/8bd5d1aa7_dipr.webp;9506.91.00;;true;;;Injetado;Emborrachada;;;Anilha Vazada;Montado;;;;;;false;3164;
6a3feaaa0cc7ebc213990ae0;Dumbbell Montado Anilha Vazada Injetado Pegada Emborrachada 12kg;DMOAVIEB12;Dumbbells;Dumbbell Montado;par;12;https://base44.app/api/apps/68c9d5dd3cf0f8fd8a834875/files/mp/public/68c9d5dd3cf0f8fd8a834875/8bd5d1aa7_dipr.webp;9506.91.00;;true;;;Injetado;Emborrachada;;;Anilha Vazada;Montado;;;;;;false;3164;
6a3feaaa0cc7ebc213990ae1;Dumbbell Montado Anilha Vazada Injetado Pegada Emborrachada 14kg;DMOAVIEB14;Dumbbells;Dumbbell Montado;par;14;https://base44.app/api/apps/68c9d5dd3cf0f8fd8a834875/files/mp/public/68c9d5dd3cf0f8fd8a834875/8bd5d1aa7_dipr.webp;9506.91.00;;true;;;Injetado;Emborrachada;;;Anilha Vazada;Montado;;;;;;false;3164;
6a3feaaa0cc7ebc213990ae2;Dumbbell Montado Anilha Vazada Injetado Pegada Emborrachada 16kg;DMOAVIEB16;Dumbbells;Dumbbell Montado;par;16;https://base44.app/api/apps/68c9d5dd3cf0f8fd8a834875/files/mp/public/68c9d5dd3cf0f8fd8a834875/8bd5d1aa7_dipr.webp;9506.91.00;;true;;;Injetado;Emborrachada;;;Anilha Vazada;Montado;;;;;;false;3164;
6a3feaaa0cc7ebc213990ae3;Dumbbell Montado Anilha Vazada Injetado Pegada Emborrachada 18kg;DMOAVIEB18;Dumbbells;Dumbbell Montado;par;18;https://base44.app/api/apps/68c9d5dd3cf0f8fd8a834875/files/mp/public/68c9d5dd3cf0f8fd8a834875/8bd5d1aa7_dipr.webp;9506.91.00;;true;;;Injetado;Emborrachada;;;Anilha Vazada;Montado;;;;;;false;3164;
6a3feaaa0cc7ebc213990ae4;Dumbbell Montado Anilha Vazada Injetado Pegada Emborrachada 20kg;DMOAVIEB20;Dumbbells;Dumbbell Montado;par;20;https://base44.app/api/apps/68c9d5dd3cf0f8fd8a834875/files/mp/public/68c9d5dd3cf0f8fd8a834875/8bd5d1aa7_dipr.webp;9506.91.00;;true;;;Injetado;Emborrachada;;;Anilha Vazada;Montado;;;;;;false;3164;
6a3feaaa0cc7ebc213990ae5;Dumbbell Montado Anilha Vazada Injetado Pegada Emborrachada 22kg;DMOAVIEB22;Dumbbells;Dumbbell Montado;par;22;https://base44.app/api/apps/68c9d5dd3cf0f8fd8a834875/files/mp/public/68c9d5dd3cf0f8fd8a834875/8bd5d1aa7_dipr.webp;9506.91.00;;true;;;Injetado;Emborrachada;;;Anilha Vazada;Montado;;;;;;false;3164;
6a3feaaa0cc7ebc213990ae6;Dumbbell Montado Anilha Vazada Injetado Pegada Emborrachada 24kg;DMOAVIEB24;Dumbbells;Dumbbell Montado;par;24;https://base44.app/api/apps/68c9d5dd3cf0f8fd8a834875/files/mp/public/68c9d5dd3cf0f8fd8a834875/8bd5d1aa7_dipr.webp;9506.91.00;;true;;;Injetado;Emborrachada;;;Anilha Vazada;Montado;;;;;;false;3164;
6a3feaaa0cc7ebc213990ae7;Dumbbell Montado Anilha Vazada Injetado Pegada Emborrachada 26kg;DMOAVIEB26;Dumbbells;Dumbbell Montado;par;26;https://base44.app/api/apps/68c9d5dd3cf0f8fd8a834875/files/mp/public/68c9d5dd3cf0f8fd8a834875/8bd5d1aa7_dipr.webp;9506.91.00;;true;;;Injetado;Emborrachada;;;Anilha Vazada;Montado;;;;;;false;3164;
6a3feaaa0cc7ebc213990ae8;Dumbbell Montado Anilha Vazada Injetado Pegada Emborrachada 28kg;DMOAVIEB28;Dumbbells;Dumbbell Montado;par;28;https://base44.app/api/apps/68c9d5dd3cf0f8fd8a834875/files/mp/public/68c9d5dd3cf0f8fd8a834875/8bd5d1aa7_dipr.webp;9506.91.00;;true;;;Injetado;Emborrachada;;;Anilha Vazada;Montado;;;;;;false;3164;
6a3feaaa0cc7ebc213990ae9;Dumbbell Montado Anilha Vazada Injetado Pegada Emborrachada 30kg;DMOAVIEB30;Dumbbells;Dumbbell Montado;par;30;https://base44.app/api/apps/68c9d5dd3cf0f8fd8a834875/files/mp/public/68c9d5dd3cf0f8fd8a834875/8bd5d1aa7_dipr.webp;9506.91.00;;true;;;Injetado;Emborrachada;;;Anilha Vazada;Montado;;;;;;false;3164;
6a3feaaa0cc7ebc213990aea;Dumbbell Montado Anilha Vazada Injetado Pegada Emborrachada 32kg;DMOAVIEB32;Dumbbells;Dumbbell Montado;par;32;https://base44.app/api/apps/68c9d5dd3cf0f8fd8a834875/files/mp/public/68c9d5dd3cf0f8fd8a834875/8bd5d1aa7_dipr.webp;9506.91.00;;true;;;Injetado;Emborrachada;;;Anilha Vazada;Montado;;;;;;false;3164;
6a3feaaa0cc7ebc213990aeb;Dumbbell Montado Anilha Vazada Injetado Pegada Emborrachada 34kg;DMOAVIEB34;Dumbbells;Dumbbell Montado;par;34;https://base44.app/api/apps/68c9d5dd3cf0f8fd8a834875/files/mp/public/68c9d5dd3cf0f8fd8a834875/8bd5d1aa7_dipr.webp;9506.91.00;;true;;;Injetado;Emborrachada;;;Anilha Vazada;Montado;;;;;;false;3164;
6a3feaaa0cc7ebc213990aec;Dumbbell Montado Anilha Vazada Injetado Pegada Emborrachada 36kg;DMOAVIEB36;Dumbbells;Dumbbell Montado;par;36;https://base44.app/api/apps/68c9d5dd3cf0f8fd8a834875/files/mp/public/68c9d5dd3cf0f8fd8a834875/8bd5d1aa7_dipr.webp;9506.91.00;;true;;;Injetado;Emborrachada;;;Anilha Vazada;Montado;;;;;;false;3164;
6a3feaaa0cc7ebc213990aed;Dumbbell Montado Anilha Vazada Injetado Pegada Emborrachada 38kg;DMOAVIEB38;Dumbbells;Dumbbell Montado;par;38;https://base44.app/api/apps/68c9d5dd3cf0f8fd8a834875/files/mp/public/68c9d5dd3cf0f8fd8a834875/8bd5d1aa7_dipr.webp;9506.91.00;;true;;;Injetado;Emborrachada;;;Anilha Vazada;Montado;;;;;;false;3164;
6a3feaaa0cc7ebc213990aee;Dumbbell Montado Anilha Vazada Injetado Pegada Emborrachada 40kg;DMOAVIEB40;Dumbbells;Dumbbell Montado;par;40;https://base44.app/api/apps/68c9d5dd3cf0f8fd8a834875/files/mp/public/68c9d5dd3cf0f8fd8a834875/8bd5d1aa7_dipr.webp;9506.91.00;;true;;;Injetado;Emborrachada;;;Anilha Vazada;Montado;;;;;;false;3164;
6a3feaaa0cc7ebc213990aef;Dumbbell Montado Anilha Vazada Injetado Pegada Emborrachada 42kg;DMOAVIEB42;Dumbbells;Dumbbell Montado;par;42;https://base44.app/api/apps/68c9d5dd3cf0f8fd8a834875/files/mp/public/68c9d5dd3cf0f8fd8a834875/8bd5d1aa7_dipr.webp;9506.91.00;;true;;;Injetado;Emborrachada;;;Anilha Vazada;Montado;;;;;;false;3164;
6a3feaaa0cc7ebc213990af0;Dumbbell Montado Anilha Vazada Injetado Pegada Emborrachada 44kg;DMOAVIEB44;Dumbbells;Dumbbell Montado;par;44;https://base44.app/api/apps/68c9d5dd3cf0f8fd8a834875/files/mp/public/68c9d5dd3cf0f8fd8a834875/8bd5d1aa7_dipr.webp;9506.91.00;;true;;;Injetado;Emborrachada;;;Anilha Vazada;Montado;;;;;;false;3164;
6a3feaaa0cc7ebc213990af1;Dumbbell Montado Anilha Vazada Injetado Pegada Emborrachada 46kg;DMOAVIEB46;Dumbbells;Dumbbell Montado;par;46;https://base44.app/api/apps/68c9d5dd3cf0f8fd8a834875/files/mp/public/68c9d5dd3cf0f8fd8a834875/8bd5d1aa7_dipr.webp;9506.91.00;;true;;;Injetado;Emborrachada;;;Anilha Vazada;Montado;;;;;;false;3164;
6a3feaaa0cc7ebc213990af2;Dumbbell Montado Anilha Vazada Injetado Pegada Emborrachada 48kg;DMOAVIEB48;Dumbbells;Dumbbell Montado;par;48;https://base44.app/api/apps/68c9d5dd3cf0f8fd8a834875/files/mp/public/68c9d5dd3cf0f8fd8a834875/8bd5d1aa7_dipr.webp;9506.91.00;;true;;;Injetado;Emborrachada;;;Anilha Vazada;Montado;;;;;;false;3164;
6a3feaaa0cc7ebc213990af3;Dumbbell Montado Anilha Vazada Injetado Pegada Emborrachada 50kg;DMOAVIEB50;Dumbbells;Dumbbell Montado;par;50;https://base44.app/api/apps/68c9d5dd3cf0f8fd8a834875/files/mp/public/68c9d5dd3cf0f8fd8a834875/8bd5d1aa7_dipr.webp;9506.91.00;;true;;;Injetado;Emborrachada;;;Anilha Vazada;Montado;;;;;;false;3164;
6a3feaaa0cc7ebc213990af4;Dumbbell Montado Anilha Vazada Injetado Pegada Injetada 10kg;DMOAVIIN10;Dumbbells;Dumbbell Montado;par;10;https://base44.app/api/apps/68c9d5dd3cf0f8fd8a834875/files/mp/public/68c9d5dd3cf0f8fd8a834875/8afa8d4d5_dumbbell-square.png;9506.91.00;;true;;;Injetado;Injetada;;;Anilha Vazada;Montado;;;;;;false;3164;
6a3feaaa0cc7ebc213990af5;Dumbbell Montado Anilha Vazada Injetado Pegada Injetada 12kg;DMOAVIIN12;Dumbbells;Dumbbell Montado;par;12;https://base44.app/api/apps/68c9d5dd3cf0f8fd8a834875/files/mp/public/68c9d5dd3cf0f8fd8a834875/8afa8d4d5_dumbbell-square.png;9506.91.00;;true;;;Injetado;Injetada;;;Anilha Vazada;Montado;;;;;;false;3164;
6a3feaaa0cc7ebc213990af6;Dumbbell Montado Anilha Vazada Injetado Pegada Injetada 14kg;DMOAVIIN14;Dumbbells;Dumbbell Montado;par;14;https://base44.app/api/apps/68c9d5dd3cf0f8fd8a834875/files/mp/public/68c9d5dd3cf0f8fd8a834875/8afa8d4d5_dumbbell-square.png;9506.91.00;;true;;;Injetado;Injetada;;;Anilha Vazada;Montado;;;;;;false;3164;
6a3feaaa0cc7ebc213990af7;Dumbbell Montado Anilha Vazada Injetado Pegada Injetada 16kg;DMOAVIIN16;Dumbbells;Dumbbell Montado;par;16;https://base44.app/api/apps/68c9d5dd3cf0f8fd8a834875/files/mp/public/68c9d5dd3cf0f8fd8a834875/8afa8d4d5_dumbbell-square.png;9506.91.00;;true;;;Injetado;Injetada;;;Anilha Vazada;Montado;;;;;;false;3164;
6a3feaaa0cc7ebc213990af8;Dumbbell Montado Anilha Vazada Injetado Pegada Injetada 18kg;DMOAVIIN18;Dumbbells;Dumbbell Montado;par;18;https://base44.app/api/apps/68c9d5dd3cf0f8fd8a834875/files/mp/public/68c9d5dd3cf0f8fd8a834875/8afa8d4d5_dumbbell-square.png;9506.91.00;;true;;;Injetado;Injetada;;;Anilha Vazada;Montado;;;;;;false;3164;
6a3feaaa0cc7ebc213990af9;Dumbbell Montado Anilha Vazada Injetado Pegada Injetada 20kg;DMOAVIIN20;Dumbbells;Dumbbell Montado;par;20;https://base44.app/api/apps/68c9d5dd3cf0f8fd8a834875/files/mp/public/68c9d5dd3cf0f8fd8a834875/8afa8d4d5_dumbbell-square.png;9506.91.00;;true;;;Injetado;Injetada;;;Anilha Vazada;Montado;;;;;;false;3164;
6a3feaaa0cc7ebc213990afa;Dumbbell Montado Anilha Vazada Injetado Pegada Injetada 22kg;DMOAVIIN22;Dumbbells;Dumbbell Montado;par;22;https://base44.app/api/apps/68c9d5dd3cf0f8fd8a834875/files/mp/public/68c9d5dd3cf0f8fd8a834875/8afa8d4d5_dumbbell-square.png;9506.91.00;;true;;;Injetado;Injetada;;;Anilha Vazada;Montado;;;;;;false;3164;
6a3feaaa0cc7ebc213990afb;Dumbbell Montado Anilha Vazada Injetado Pegada Injetada 24kg;DMOAVIIN24;Dumbbells;Dumbbell Montado;par;24;https://base44.app/api/apps/68c9d5dd3cf0f8fd8a834875/files/mp/public/68c9d5dd3cf0f8fd8a834875/8afa8d4d5_dumbbell-square.png;9506.91.00;;true;;;Injetado;Injetada;;;Anilha Vazada;Montado;;;;;;false;3164;
6a3feaaa0cc7ebc213990afc;Dumbbell Montado Anilha Vazada Injetado Pegada Injetada 26kg;DMOAVIIN26;Dumbbells;Dumbbell Montado;par;26;https://base44.app/api/apps/68c9d5dd3cf0f8fd8a834875/files/mp/public/68c9d5dd3cf0f8fd8a834875/8afa8d4d5_dumbbell-square.png;9506.91.00;;true;;;Injetado;Injetada;;;Anilha Vazada;Montado;;;;;;false;3164;
6a3feaaa0cc7ebc213990afd;Dumbbell Montado Anilha Vazada Injetado Pegada Injetada 28kg;DMOAVIIN28;Dumbbells;Dumbbell Montado;par;28;https://base44.app/api/apps/68c9d5dd3cf0f8fd8a834875/files/mp/public/68c9d5dd3cf0f8fd8a834875/8afa8d4d5_dumbbell-square.png;9506.91.00;;true;;;Injetado;Injetada;;;Anilha Vazada;Montado;;;;;;false;3164;
6a3feaaa0cc7ebc213990afe;Dumbbell Montado Anilha Vazada Injetado Pegada Injetada 30kg;DMOAVIIN30;Dumbbells;Dumbbell Montado;par;30;https://base44.app/api/apps/68c9d5dd3cf0f8fd8a834875/files/mp/public/68c9d5dd3cf0f8fd8a834875/8afa8d4d5_dumbbell-square.png;9506.91.00;;true;;;Injetado;Injetada;;;Anilha Vazada;Montado;;;;;;false;3164;
6a3feaaa0cc7ebc213990aff;Dumbbell Montado Anilha Vazada Injetado Pegada Injetada 32kg;DMOAVIIN32;Dumbbells;Dumbbell Montado;par;32;https://base44.app/api/apps/68c9d5dd3cf0f8fd8a834875/files/mp/public/68c9d5dd3cf0f8fd8a834875/8afa8d4d5_dumbbell-square.png;9506.91.00;;true;;;Injetado;Injetada;;;Anilha Vazada;Montado;;;;;;false;3164;
6a3feaaa0cc7ebc213990b00;Dumbbell Montado Anilha Vazada Injetado Pegada Injetada 34kg;DMOAVIIN34;Dumbbells;Dumbbell Montado;par;34;https://base44.app/api/apps/68c9d5dd3cf0f8fd8a834875/files/mp/public/68c9d5dd3cf0f8fd8a834875/8afa8d4d5_dumbbell-square.png;9506.91.00;;true;;;Injetado;Injetada;;;Anilha Vazada;Montado;;;;;;false;3164;
6a3feaaa0cc7ebc213990b01;Dumbbell Montado Anilha Vazada Injetado Pegada Injetada 36kg;DMOAVIIN36;Dumbbells;Dumbbell Montado;par;36;https://base44.app/api/apps/68c9d5dd3cf0f8fd8a834875/files/mp/public/68c9d5dd3cf0f8fd8a834875/8afa8d4d5_dumbbell-square.png;9506.91.00;;true;;;Injetado;Injetada;;;Anilha Vazada;Montado;;;;;;false;3164;
6a3feaaa0cc7ebc213990b02;Dumbbell Montado Anilha Vazada Injetado Pegada Injetada 38kg;DMOAVIIN38;Dumbbells;Dumbbell Montado;par;38;https://base44.app/api/apps/68c9d5dd3cf0f8fd8a834875/files/mp/public/68c9d5dd3cf0f8fd8a834875/8afa8d4d5_dumbbell-square.png;9506.91.00;;true;;;Injetado;Injetada;;;Anilha Vazada;Montado;;;;;;false;3164;
6a3feaaa0cc7ebc213990b03;Dumbbell Montado Anilha Vazada Injetado Pegada Injetada 40kg;DMOAVIIN40;Dumbbells;Dumbbell Montado;par;40;https://base44.app/api/apps/68c9d5dd3cf0f8fd8a834875/files/mp/public/68c9d5dd3cf0f8fd8a834875/8afa8d4d5_dumbbell-square.png;9506.91.00;;true;;;Injetado;Injetada;;;Anilha Vazada;Montado;;;;;;false;3164;
6a3feaaa0cc7ebc213990b04;Dumbbell Montado Anilha Vazada Injetado Pegada Injetada 42kg;DMOAVIIN42;Dumbbells;Dumbbell Montado;par;42;https://base44.app/api/apps/68c9d5dd3cf0f8fd8a834875/files/mp/public/68c9d5dd3cf0f8fd8a834875/8afa8d4d5_dumbbell-square.png;9506.91.00;;true;;;Injetado;Injetada;;;Anilha Vazada;Montado;;;;;;false;3164;
6a3feaaa0cc7ebc213990b05;Dumbbell Montado Anilha Vazada Injetado Pegada Injetada 44kg;DMOAVIIN44;Dumbbells;Dumbbell Montado;par;44;https://base44.app/api/apps/68c9d5dd3cf0f8fd8a834875/files/mp/public/68c9d5dd3cf0f8fd8a834875/8afa8d4d5_dumbbell-square.png;9506.91.00;;true;;;Injetado;Injetada;;;Anilha Vazada;Montado;;;;;;false;3164;
6a3feaaa0cc7ebc213990b06;Dumbbell Montado Anilha Vazada Injetado Pegada Injetada 46kg;DMOAVIIN46;Dumbbells;Dumbbell Montado;par;46;https://base44.app/api/apps/68c9d5dd3cf0f8fd8a834875/files/mp/public/68c9d5dd3cf0f8fd8a834875/8afa8d4d5_dumbbell-square.png;9506.91.00;;true;;;Injetado;Injetada;;;Anilha Vazada;Montado;;;;;;false;3164;
6a3feaaa0cc7ebc213990b07;Dumbbell Montado Anilha Vazada Injetado Pegada Injetada 48kg;DMOAVIIN48;Dumbbells;Dumbbell Montado;par;48;https://base44.app/api/apps/68c9d5dd3cf0f8fd8a834875/files/mp/public/68c9d5dd3cf0f8fd8a834875/8afa8d4d5_dumbbell-square.png;9506.91.00;;true;;;Injetado;Injetada;;;Anilha Vazada;Montado;;;;;;false;3164;
6a3feaaa0cc7ebc213990b08;Dumbbell Montado Anilha Vazada Injetado Pegada Injetada 50kg;DMOAVIIN50;Dumbbells;Dumbbell Montado;par;50;https://base44.app/api/apps/68c9d5dd3cf0f8fd8a834875/files/mp/public/68c9d5dd3cf0f8fd8a834875/8afa8d4d5_dumbbell-square.png;9506.91.00;;true;;;Injetado;Injetada;;;Anilha Vazada;Montado;;;;;;false;3164;
6a3feaaa0cc7ebc213990b09;Dumbbell Montado Anilha Vazada Emborrachado Pegada Recartilhada 10kg;DMOAVER10;Dumbbells;Dumbbell Montado;par;10;https://base44.app/api/apps/68c9d5dd3cf0f8fd8a834875/files/mp/public/68c9d5dd3cf0f8fd8a834875/d47d3cdd2_dumbbell-emborrachado-pegada-recartilhada-halter-borracha-academia.jpg;9506.91.00;;true;;;Emborrachado;Recartilhada;;;Anilha Vazada;Montado;;;;;;false;3164;
6a3feaaa0cc7ebc213990b0a;Dumbbell Montado Anilha Vazada Emborrachado Pegada Recartilhada 12kg;DMOAVER12;Dumbbells;Dumbbell Montado;par;12;https://base44.app/api/apps/68c9d5dd3cf0f8fd8a834875/files/mp/public/68c9d5dd3cf0f8fd8a834875/d47d3cdd2_dumbbell-emborrachado-pegada-recartilhada-halter-borracha-academia.jpg;9506.91.00;;true;;;Emborrachado;Recartilhada;;;Anilha Vazada;Montado;;;;;;false;3164;
6a3feaaa0cc7ebc213990b0b;Dumbbell Montado Anilha Vazada Emborrachado Pegada Recartilhada 14kg;DMOAVER14;Dumbbells;Dumbbell Montado;par;14;https://base44.app/api/apps/68c9d5dd3cf0f8fd8a834875/files/mp/public/68c9d5dd3cf0f8fd8a834875/d47d3cdd2_dumbbell-emborrachado-pegada-recartilhada-halter-borracha-academia.jpg;9506.91.00;;true;;;Emborrachado;Recartilhada;;;Anilha Vazada;Montado;;;;;;false;3164;
6a3feaaa0cc7ebc213990b0c;Dumbbell Montado Anilha Vazada Emborrachado Pegada Recartilhada 16kg;DMOAVER16;Dumbbells;Dumbbell Montado;par;16;https://base44.app/api/apps/68c9d5dd3cf0f8fd8a834875/files/mp/public/68c9d5dd3cf0f8fd8a834875/d47d3cdd2_dumbbell-emborrachado-pegada-recartilhada-halter-borracha-academia.jpg;9506.91.00;;true;;;Emborrachado;Recartilhada;;;Anilha Vazada;Montado;;;;;;false;3164;
6a3feaaa0cc7ebc213990b0d;Dumbbell Montado Anilha Vazada Emborrachado Pegada Recartilhada 18kg;DMOAVER18;Dumbbells;Dumbbell Montado;par;18;https://base44.app/api/apps/68c9d5dd3cf0f8fd8a834875/files/mp/public/68c9d5dd3cf0f8fd8a834875/d47d3cdd2_dumbbell-emborrachado-pegada-recartilhada-halter-borracha-academia.jpg;9506.91.00;;true;;;Emborrachado;Recartilhada;;;Anilha Vazada;Montado;;;;;;false;3164;
6a3feaaa0cc7ebc213990b0e;Dumbbell Montado Anilha Vazada Emborrachado Pegada Recartilhada 20kg;DMOAVER20;Dumbbells;Dumbbell Montado;par;20;https://base44.app/api/apps/68c9d5dd3cf0f8fd8a834875/files/mp/public/68c9d5dd3cf0f8fd8a834875/d47d3cdd2_dumbbell-emborrachado-pegada-recartilhada-halter-borracha-academia.jpg;9506.91.00;;true;;;Emborrachado;Recartilhada;;;Anilha Vazada;Montado;;;;;;false;3164;
6a3feaaa0cc7ebc213990b0f;Dumbbell Montado Anilha Vazada Emborrachado Pegada Recartilhada 22kg;DMOAVER22;Dumbbells;Dumbbell Montado;par;22;https://base44.app/api/apps/68c9d5dd3cf0f8fd8a834875/files/mp/public/68c9d5dd3cf0f8fd8a834875/d47d3cdd2_dumbbell-emborrachado-pegada-recartilhada-halter-borracha-academia.jpg;9506.91.00;;true;;;Emborrachado;Recartilhada;;;Anilha Vazada;Montado;;;;;;false;3164;
6a3feaaa0cc7ebc213990b10;Dumbbell Montado Anilha Vazada Emborrachado Pegada Recartilhada 24kg;DMOAVER24;Dumbbells;Dumbbell Montado;par;24;https://base44.app/api/apps/68c9d5dd3cf0f8fd8a834875/files/mp/public/68c9d5dd3cf0f8fd8a834875/d47d3cdd2_dumbbell-emborrachado-pegada-recartilhada-halter-borracha-academia.jpg;9506.91.00;;true;;;Emborrachado;Recartilhada;;;Anilha Vazada;Montado;;;;;;false;3164;
6a3feaaa0cc7ebc213990b11;Dumbbell Montado Anilha Vazada Emborrachado Pegada Recartilhada 26kg;DMOAVER26;Dumbbells;Dumbbell Montado;par;26;https://base44.app/api/apps/68c9d5dd3cf0f8fd8a834875/files/mp/public/68c9d5dd3cf0f8fd8a834875/d47d3cdd2_dumbbell-emborrachado-pegada-recartilhada-halter-borracha-academia.jpg;9506.91.00;;true;;;Emborrachado;Recartilhada;;;Anilha Vazada;Montado;;;;;;false;3164;
6a3feaaa0cc7ebc213990b12;Dumbbell Montado Anilha Vazada Emborrachado Pegada Recartilhada 28kg;DMOAVER28;Dumbbells;Dumbbell Montado;par;28;https://base44.app/api/apps/68c9d5dd3cf0f8fd8a834875/files/mp/public/68c9d5dd3cf0f8fd8a834875/d47d3cdd2_dumbbell-emborrachado-pegada-recartilhada-halter-borracha-academia.jpg;9506.91.00;;true;;;Emborrachado;Recartilhada;;;Anilha Vazada;Montado;;;;;;false;3164;
6a3feaaa0cc7ebc213990b13;Dumbbell Montado Anilha Vazada Emborrachado Pegada Recartilhada 30kg;DMOAVER30;Dumbbells;Dumbbell Montado;par;30;https://base44.app/api/apps/68c9d5dd3cf0f8fd8a834875/files/mp/public/68c9d5dd3cf0f8fd8a834875/d47d3cdd2_dumbbell-emborrachado-pegada-recartilhada-halter-borracha-academia.jpg;9506.91.00;;true;;;Emborrachado;Recartilhada;;;Anilha Vazada;Montado;;;;;;false;3164;
6a3feaaa0cc7ebc213990b14;Dumbbell Montado Anilha Vazada Emborrachado Pegada Recartilhada 32kg;DMOAVER32;Dumbbells;Dumbbell Montado;par;32;https://base44.app/api/apps/68c9d5dd3cf0f8fd8a834875/files/mp/public/68c9d5dd3cf0f8fd8a834875/d47d3cdd2_dumbbell-emborrachado-pegada-recartilhada-halter-borracha-academia.jpg;9506.91.00;;true;;;Emborrachado;Recartilhada;;;Anilha Vazada;Montado;;;;;;false;3164;
6a3feaaa0cc7ebc213990b15;Dumbbell Montado Anilha Vazada Emborrachado Pegada Recartilhada 34kg;DMOAVER34;Dumbbells;Dumbbell Montado;par;34;https://haxfit.com.br/wp-content/uploads/2024/12/Dumbbell-Emborrachado-%E2%80%93-Pegada-Recartilhada-e1733290259498.jpg;9506.91.00;;true;;;Emborrachado;Recartilhada;;;Anilha Vazada;Montado;;;;;;false;3164;
6a3feaaa0cc7ebc213990b16;Dumbbell Montado Anilha Vazada Emborrachado Pegada Recartilhada 36kg;DMOAVER36;Dumbbells;Dumbbell Montado;par;36;https://haxfit.com.br/wp-content/uploads/2024/12/Dumbbell-Emborrachado-%E2%80%93-Pegada-Recartilhada-e1733290259498.jpg;9506.91.00;;true;;;Emborrachado;Recartilhada;;;Anilha Vazada;Montado;;;;;;false;3164;
6a3feaaa0cc7ebc213990b17;Dumbbell Montado Anilha Vazada Emborrachado Pegada Recartilhada 38kg;DMOAVER38;Dumbbells;Dumbbell Montado;par;38;https://haxfit.com.br/wp-content/uploads/2024/12/Dumbbell-Emborrachado-%E2%80%93-Pegada-Recartilhada-e1733290259498.jpg;9506.91.00;;true;;;Emborrachado;Recartilhada;;;Anilha Vazada;Montado;;;;;;false;3164;
6a3feaaa0cc7ebc213990b18;Dumbbell Montado Anilha Vazada Emborrachado Pegada Recartilhada 40kg;DMOAVER40;Dumbbells;Dumbbell Montado;par;40;https://haxfit.com.br/wp-content/uploads/2024/12/Dumbbell-Emborrachado-%E2%80%93-Pegada-Recartilhada-e1733290259498.jpg;9506.91.00;;true;;;Emborrachado;Recartilhada;;;Anilha Vazada;Montado;;;;;;false;3164;
6a3feaaa0cc7ebc213990b19;Dumbbell Montado Anilha Vazada Emborrachado Pegada Recartilhada 42kg;DMOAVER42;Dumbbells;Dumbbell Montado;par;42;https://haxfit.com.br/wp-content/uploads/2024/12/Dumbbell-Emborrachado-%E2%80%93-Pegada-Recartilhada-e1733290259498.jpg;9506.91.00;;true;;;Emborrachado;Recartilhada;;;Anilha Vazada;Montado;;;;;;false;3164;
6a3feaaa0cc7ebc213990b1a;Dumbbell Montado Anilha Vazada Emborrachado Pegada Recartilhada 44kg;DMOAVER44;Dumbbells;Dumbbell Montado;par;44;https://haxfit.com.br/wp-content/uploads/2024/12/Dumbbell-Emborrachado-%E2%80%93-Pegada-Recartilhada-e1733290259498.jpg;9506.91.00;;true;;;Emborrachado;Recartilhada;;;Anilha Vazada;Montado;;;;;;false;3164;
6a3feaaa0cc7ebc213990b1b;Dumbbell Montado Anilha Vazada Emborrachado Pegada Recartilhada 46kg;DMOAVER46;Dumbbells;Dumbbell Montado;par;46;https://haxfit.com.br/wp-content/uploads/2024/12/Dumbbell-Emborrachado-%E2%80%93-Pegada-Recartilhada-e1733290259498.jpg;9506.91.00;;true;;;Emborrachado;Recartilhada;;;Anilha Vazada;Montado;;;;;;false;3164;
6a3feaaa0cc7ebc213990b1c;Dumbbell Montado Anilha Vazada Emborrachado Pegada Recartilhada 48kg;DMOAVER48;Dumbbells;Dumbbell Montado;par;48;https://haxfit.com.br/wp-content/uploads/2024/12/Dumbbell-Emborrachado-%E2%80%93-Pegada-Recartilhada-e1733290259498.jpg;9506.91.00;;true;;;Emborrachado;Recartilhada;;;Anilha Vazada;Montado;;;;;;false;3164;
6a3feaaa0cc7ebc213990b1d;Dumbbell Montado Anilha Vazada Emborrachado Pegada Recartilhada 50kg;DMOAVER50;Dumbbells;Dumbbell Montado;par;50;https://haxfit.com.br/wp-content/uploads/2024/12/Dumbbell-Emborrachado-%E2%80%93-Pegada-Recartilhada-e1733290259498.jpg;9506.91.00;;true;;;Emborrachado;Recartilhada;;;Anilha Vazada;Montado;;;;;;false;3164;
6a3feaaa0cc7ebc213990b1e;Dumbbell Montado Anilha Vazada Emborrachado Pegada Pintada 10kg;DMOAVEPT10;Dumbbells;Dumbbell Montado;par;10;https://base44.app/api/apps/68c9d5dd3cf0f8fd8a834875/files/mp/public/68c9d5dd3cf0f8fd8a834875/b4a86a008_dumbbell-pintado-pegada-emborrachada-halter-academia.png;9506.91.00;;true;;;Emborrachado;Pintada;;;Anilha Vazada;Montado;;;;;;false;3164;
6a3feaaa0cc7ebc213990b1f;Dumbbell Montado Anilha Vazada Emborrachado Pegada Pintada 12kg;DMOAVEPT12;Dumbbells;Dumbbell Montado;par;12;https://base44.app/api/apps/68c9d5dd3cf0f8fd8a834875/files/mp/public/68c9d5dd3cf0f8fd8a834875/b4a86a008_dumbbell-pintado-pegada-emborrachada-halter-academia.png;9506.91.00;;true;;;Emborrachado;Pintada;;;Anilha Vazada;Montado;;;;;;false;3164;
6a3feaaa0cc7ebc213990b20;Dumbbell Montado Anilha Vazada Emborrachado Pegada Pintada 14kg;DMOAVEPT14;Dumbbells;Dumbbell Montado;par;14;https://base44.app/api/apps/68c9d5dd3cf0f8fd8a834875/files/mp/public/68c9d5dd3cf0f8fd8a834875/b4a86a008_dumbbell-pintado-pegada-emborrachada-halter-academia.png;9506.91.00;;true;;;Emborrachado;Pintada;;;Anilha Vazada;Montado;;;;;;false;3164;
6a3feaaa0cc7ebc213990b21;Dumbbell Montado Anilha Vazada Emborrachado Pegada Pintada 16kg;DMOAVEPT16;Dumbbells;Dumbbell Montado;par;16;https://base44.app/api/apps/68c9d5dd3cf0f8fd8a834875/files/mp/public/68c9d5dd3cf0f8fd8a834875/b4a86a008_dumbbell-pintado-pegada-emborrachada-halter-academia.png;9506.91.00;;true;;;Emborrachado;Pintada;;;Anilha Vazada;Montado;;;;;;false;3164;
6a3feaaa0cc7ebc213990b22;Dumbbell Montado Anilha Vazada Emborrachado Pegada Pintada 18kg;DMOAVEPT18;Dumbbells;Dumbbell Montado;par;18;https://base44.app/api/apps/68c9d5dd3cf0f8fd8a834875/files/mp/public/68c9d5dd3cf0f8fd8a834875/b4a86a008_dumbbell-pintado-pegada-emborrachada-halter-academia.png;9506.91.00;;true;;;Emborrachado;Pintada;;;Anilha Vazada;Montado;;;;;;false;3164;
6a3feaaa0cc7ebc213990b23;Dumbbell Montado Anilha Vazada Emborrachado Pegada Pintada 20kg;DMOAVEPT20;Dumbbells;Dumbbell Montado;par;20;https://base44.app/api/apps/68c9d5dd3cf0f8fd8a834875/files/mp/public/68c9d5dd3cf0f8fd8a834875/b4a86a008_dumbbell-pintado-pegada-emborrachada-halter-academia.png;9506.91.00;;true;;;Emborrachado;Pintada;;;Anilha Vazada;Montado;;;;;;false;3164;
6a3feaaa0cc7ebc213990b24;Dumbbell Montado Anilha Vazada Emborrachado Pegada Pintada 22kg;DMOAVEPT22;Dumbbells;Dumbbell Montado;par;22;https://base44.app/api/apps/68c9d5dd3cf0f8fd8a834875/files/mp/public/68c9d5dd3cf0f8fd8a834875/b4a86a008_dumbbell-pintado-pegada-emborrachada-halter-academia.png;9506.91.00;;true;;;Emborrachado;Pintada;;;Anilha Vazada;Montado;;;;;;false;3164;
6a3feaaa0cc7ebc213990b25;Dumbbell Montado Anilha Vazada Emborrachado Pegada Pintada 24kg;DMOAVEPT24;Dumbbells;Dumbbell Montado;par;24;https://base44.app/api/apps/68c9d5dd3cf0f8fd8a834875/files/mp/public/68c9d5dd3cf0f8fd8a834875/b4a86a008_dumbbell-pintado-pegada-emborrachada-halter-academia.png;9506.91.00;;true;;;Emborrachado;Pintada;;;Anilha Vazada;Montado;;;;;;false;3164;
6a3feaaa0cc7ebc213990b26;Dumbbell Montado Anilha Vazada Emborrachado Pegada Pintada 26kg;DMOAVEPT26;Dumbbells;Dumbbell Montado;par;26;https://base44.app/api/apps/68c9d5dd3cf0f8fd8a834875/files/mp/public/68c9d5dd3cf0f8fd8a834875/b4a86a008_dumbbell-pintado-pegada-emborrachada-halter-academia.png;9506.91.00;;true;;;Emborrachado;Pintada;;;Anilha Vazada;Montado;;;;;;false;3164;
6a3feaaa0cc7ebc213990b27;Dumbbell Montado Anilha Vazada Emborrachado Pegada Pintada 28kg;DMOAVEPT28;Dumbbells;Dumbbell Montado;par;28;https://base44.app/api/apps/68c9d5dd3cf0f8fd8a834875/files/mp/public/68c9d5dd3cf0f8fd8a834875/b4a86a008_dumbbell-pintado-pegada-emborrachada-halter-academia.png;9506.91.00;;true;;;Emborrachado;Pintada;;;Anilha Vazada;Montado;;;;;;false;3164;
6a3feaaa0cc7ebc213990b28;Dumbbell Montado Anilha Vazada Emborrachado Pegada Pintada 30kg;DMOAVEPT30;Dumbbells;Dumbbell Montado;par;30;https://base44.app/api/apps/68c9d5dd3cf0f8fd8a834875/files/mp/public/68c9d5dd3cf0f8fd8a834875/b4a86a008_dumbbell-pintado-pegada-emborrachada-halter-academia.png;9506.91.00;;true;;;Emborrachado;Pintada;;;Anilha Vazada;Montado;;;;;;false;3164;
6a3feaaa0cc7ebc213990b29;Dumbbell Montado Anilha Vazada Emborrachado Pegada Pintada 32kg;DMOAVEPT32;Dumbbells;Dumbbell Montado;par;32;https://base44.app/api/apps/68c9d5dd3cf0f8fd8a834875/files/mp/public/68c9d5dd3cf0f8fd8a834875/b4a86a008_dumbbell-pintado-pegada-emborrachada-halter-academia.png;9506.91.00;;true;;;Emborrachado;Pintada;;;Anilha Vazada;Montado;;;;;;false;3164;
6a3feaaa0cc7ebc213990b2a;Dumbbell Montado Anilha Vazada Emborrachado Pegada Pintada 34kg;DMOAVEPT34;Dumbbells;Dumbbell Montado;par;34;https://base44.app/api/apps/68c9d5dd3cf0f8fd8a834875/files/mp/public/68c9d5dd3cf0f8fd8a834875/b4a86a008_dumbbell-pintado-pegada-emborrachada-halter-academia.png;9506.91.00;;true;;;Emborrachado;Pintada;;;Anilha Vazada;Montado;;;;;;false;3164;
6a3feaaa0cc7ebc213990b2b;Dumbbell Montado Anilha Vazada Emborrachado Pegada Pintada 36kg;DMOAVEPT36;Dumbbells;Dumbbell Montado;par;36;https://base44.app/api/apps/68c9d5dd3cf0f8fd8a834875/files/mp/public/68c9d5dd3cf0f8fd8a834875/b4a86a008_dumbbell-pintado-pegada-emborrachada-halter-academia.png;9506.91.00;;true;;;Emborrachado;Pintada;;;Anilha Vazada;Montado;;;;;;false;3164;
6a3feaaa0cc7ebc213990b2c;Dumbbell Montado Anilha Vazada Emborrachado Pegada Pintada 38kg;DMOAVEPT38;Dumbbells;Dumbbell Montado;par;38;https://base44.app/api/apps/68c9d5dd3cf0f8fd8a834875/files/mp/public/68c9d5dd3cf0f8fd8a834875/b4a86a008_dumbbell-pintado-pegada-emborrachada-halter-academia.png;9506.91.00;;true;;;Emborrachado;Pintada;;;Anilha Vazada;Montado;;;;;;false;3164;
6a3feaaa0cc7ebc213990b2d;Dumbbell Montado Anilha Vazada Emborrachado Pegada Pintada 40kg;DMOAVEPT40;Dumbbells;Dumbbell Montado;par;40;https://base44.app/api/apps/68c9d5dd3cf0f8fd8a834875/files/mp/public/68c9d5dd3cf0f8fd8a834875/b4a86a008_dumbbell-pintado-pegada-emborrachada-halter-academia.png;9506.91.00;;true;;;Emborrachado;Pintada;;;Anilha Vazada;Montado;;;;;;false;3164;
6a3feaaa0cc7ebc213990b2e;Dumbbell Montado Anilha Vazada Emborrachado Pegada Pintada 42kg;DMOAVEPT42;Dumbbells;Dumbbell Montado;par;42;https://base44.app/api/apps/68c9d5dd3cf0f8fd8a834875/files/mp/public/68c9d5dd3cf0f8fd8a834875/b4a86a008_dumbbell-pintado-pegada-emborrachada-halter-academia.png;9506.91.00;;true;;;Emborrachado;Pintada;;;Anilha Vazada;Montado;;;;;;false;3164;
6a3feaaa0cc7ebc213990b2f;Dumbbell Montado Anilha Vazada Emborrachado Pegada Pintada 44kg;DMOAVEPT44;Dumbbells;Dumbbell Montado;par;44;https://base44.app/api/apps/68c9d5dd3cf0f8fd8a834875/files/mp/public/68c9d5dd3cf0f8fd8a834875/b4a86a008_dumbbell-pintado-pegada-emborrachada-halter-academia.png;9506.91.00;;true;;;Emborrachado;Pintada;;;Anilha Vazada;Montado;;;;;;false;3164;
6a3feaaa0cc7ebc213990b30;Dumbbell Montado Anilha Vazada Emborrachado Pegada Pintada 46kg;DMOAVEPT46;Dumbbells;Dumbbell Montado;par;46;https://base44.app/api/apps/68c9d5dd3cf0f8fd8a834875/files/mp/public/68c9d5dd3cf0f8fd8a834875/b4a86a008_dumbbell-pintado-pegada-emborrachada-halter-academia.png;9506.91.00;;true;;;Emborrachado;Pintada;;;Anilha Vazada;Montado;;;;;;false;3164;
6a3feaaa0cc7ebc213990b31;Dumbbell Montado Anilha Vazada Emborrachado Pegada Pintada 48kg;DMOAVEPT48;Dumbbells;Dumbbell Montado;par;48;https://base44.app/api/apps/68c9d5dd3cf0f8fd8a834875/files/mp/public/68c9d5dd3cf0f8fd8a834875/b4a86a008_dumbbell-pintado-pegada-emborrachada-halter-academia.png;9506.91.00;;true;;;Emborrachado;Pintada;;;Anilha Vazada;Montado;;;;;;false;3164;
6a3feaaa0cc7ebc213990b32;Dumbbell Montado Anilha Vazada Emborrachado Pegada Pintada 50kg;DMOAVEPT50;Dumbbells;Dumbbell Montado;par;50;https://base44.app/api/apps/68c9d5dd3cf0f8fd8a834875/files/mp/public/68c9d5dd3cf0f8fd8a834875/b4a86a008_dumbbell-pintado-pegada-emborrachada-halter-academia.png;9506.91.00;;true;;;Emborrachado;Pintada;;;Anilha Vazada;Montado;;;;;;false;3164;
6a3feaaa0cc7ebc213990b33;Dumbbell Montado Anilha Vazada Emborrachado Pegada Emborrachada 10kg;DMOAVEEB10;Dumbbells;Dumbbell Montado;par;10;https://base44.app/api/apps/68c9d5dd3cf0f8fd8a834875/files/mp/public/68c9d5dd3cf0f8fd8a834875/93cf52679_dumbbell-emborrachado-pegada-emborrachada-halter-borracha-academia.jpg;9506.91.00;;true;;;Emborrachado;Emborrachada;;;Anilha Vazada;Montado;;;;;;false;3164;
6a3feaaa0cc7ebc213990b34;Dumbbell Montado Anilha Vazada Emborrachado Pegada Emborrachada 12kg;DMOAVEEB12;Dumbbells;Dumbbell Montado;par;12;https://base44.app/api/apps/68c9d5dd3cf0f8fd8a834875/files/mp/public/68c9d5dd3cf0f8fd8a834875/93cf52679_dumbbell-emborrachado-pegada-emborrachada-halter-borracha-academia.jpg;9506.91.00;;true;;;Emborrachado;Emborrachada;;;Anilha Vazada;Montado;;;;;;false;3164;
6a3feaaa0cc7ebc213990b35;Dumbbell Montado Anilha Vazada Emborrachado Pegada Emborrachada 14kg;DMOAVEEB14;Dumbbells;Dumbbell Montado;par;14;https://base44.app/api/apps/68c9d5dd3cf0f8fd8a834875/files/mp/public/68c9d5dd3cf0f8fd8a834875/93cf52679_dumbbell-emborrachado-pegada-emborrachada-halter-borracha-academia.jpg;9506.91.00;;true;;;Emborrachado;Emborrachada;;;Anilha Vazada;Montado;;;;;;false;3164;
6a3feaaa0cc7ebc213990b36;Dumbbell Montado Anilha Vazada Emborrachado Pegada Emborrachada 16kg;DMOAVEEB16;Dumbbells;Dumbbell Montado;par;16;https://base44.app/api/apps/68c9d5dd3cf0f8fd8a834875/files/mp/public/68c9d5dd3cf0f8fd8a834875/93cf52679_dumbbell-emborrachado-pegada-emborrachada-halter-borracha-academia.jpg;9506.91.00;;true;;;Emborrachado;Emborrachada;;;Anilha Vazada;Montado;;;;;;false;3164;
6a3feaaa0cc7ebc213990b37;Dumbbell Montado Anilha Vazada Emborrachado Pegada Emborrachada 18kg;DMOAVEEB18;Dumbbells;Dumbbell Montado;par;18;https://base44.app/api/apps/68c9d5dd3cf0f8fd8a834875/files/mp/public/68c9d5dd3cf0f8fd8a834875/93cf52679_dumbbell-emborrachado-pegada-emborrachada-halter-borracha-academia.jpg;9506.91.00;;true;;;Emborrachado;Emborrachada;;;Anilha Vazada;Montado;;;;;;false;3164;
6a3feaaa0cc7ebc213990b38;Dumbbell Montado Anilha Vazada Emborrachado Pegada Emborrachada 20kg;DMOAVEEB20;Dumbbells;Dumbbell Montado;par;20;https://base44.app/api/apps/68c9d5dd3cf0f8fd8a834875/files/mp/public/68c9d5dd3cf0f8fd8a834875/93cf52679_dumbbell-emborrachado-pegada-emborrachada-halter-borracha-academia.jpg;9506.91.00;;true;;;Emborrachado;Emborrachada;;;Anilha Vazada;Montado;;;;;;false;3164;
6a3feaaa0cc7ebc213990b39;Dumbbell Montado Anilha Vazada Emborrachado Pegada Emborrachada 22kg;DMOAVEEB22;Dumbbells;Dumbbell Montado;par;22;https://base44.app/api/apps/68c9d5dd3cf0f8fd8a834875/files/mp/public/68c9d5dd3cf0f8fd8a834875/93cf52679_dumbbell-emborrachado-pegada-emborrachada-halter-borracha-academia.jpg;9506.91.00;;true;;;Emborrachado;Emborrachada;;;Anilha Vazada;Montado;;;;;;false;3164;
6a3feaaa0cc7ebc213990b3a;Dumbbell Montado Anilha Vazada Emborrachado Pegada Emborrachada 24kg;DMOAVEEB24;Dumbbells;Dumbbell Montado;par;24;https://base44.app/api/apps/68c9d5dd3cf0f8fd8a834875/files/mp/public/68c9d5dd3cf0f8fd8a834875/93cf52679_dumbbell-emborrachado-pegada-emborrachada-halter-borracha-academia.jpg;9506.91.00;;true;;;Emborrachado;Emborrachada;;;Anilha Vazada;Montado;;;;;;false;3164;
6a3feaaa0cc7ebc213990b3b;Dumbbell Montado Anilha Vazada Emborrachado Pegada Emborrachada 26kg;DMOAVEEB26;Dumbbells;Dumbbell Montado;par;26;https://base44.app/api/apps/68c9d5dd3cf0f8fd8a834875/files/mp/public/68c9d5dd3cf0f8fd8a834875/93cf52679_dumbbell-emborrachado-pegada-emborrachada-halter-borracha-academia.jpg;9506.91.00;;true;;;Emborrachado;Emborrachada;;;Anilha Vazada;Montado;;;;;;false;3164;
6a3feaaa0cc7ebc213990b3c;Dumbbell Montado Anilha Vazada Emborrachado Pegada Emborrachada 28kg;DMOAVEEB28;Dumbbells;Dumbbell Montado;par;28;https://base44.app/api/apps/68c9d5dd3cf0f8fd8a834875/files/mp/public/68c9d5dd3cf0f8fd8a834875/93cf52679_dumbbell-emborrachado-pegada-emborrachada-halter-borracha-academia.jpg;9506.91.00;;true;;;Emborrachado;Emborrachada;;;Anilha Vazada;Montado;;;;;;false;3164;
6a3feaaa0cc7ebc213990b3d;Dumbbell Montado Anilha Vazada Emborrachado Pegada Emborrachada 30kg;DMOAVEEB30;Dumbbells;Dumbbell Montado;par;30;https://base44.app/api/apps/68c9d5dd3cf0f8fd8a834875/files/mp/public/68c9d5dd3cf0f8fd8a834875/93cf52679_dumbbell-emborrachado-pegada-emborrachada-halter-borracha-academia.jpg;9506.91.00;;true;;;Emborrachado;Emborrachada;;;Anilha Vazada;Montado;;;;;;false;3164;
6a3feaaa0cc7ebc213990b3e;Dumbbell Montado Anilha Vazada Emborrachado Pegada Emborrachada 32kg;DMOAVEEB32;Dumbbells;Dumbbell Montado;par;32;https://base44.app/api/apps/68c9d5dd3cf0f8fd8a834875/files/mp/public/68c9d5dd3cf0f8fd8a834875/93cf52679_dumbbell-emborrachado-pegada-emborrachada-halter-borracha-academia.jpg;9506.91.00;;true;;;Emborrachado;Emborrachada;;;Anilha Vazada;Montado;;;;;;false;3164;
6a3feaaa0cc7ebc213990b3f;Dumbbell Montado Anilha Vazada Emborrachado Pegada Emborrachada 34kg;DMOAVEEB34;Dumbbells;Dumbbell Montado;par;34;https://base44.app/api/apps/68c9d5dd3cf0f8fd8a834875/files/mp/public/68c9d5dd3cf0f8fd8a834875/93cf52679_dumbbell-emborrachado-pegada-emborrachada-halter-borracha-academia.jpg;9506.91.00;;true;;;Emborrachado;Emborrachada;;;Anilha Vazada;Montado;;;;;;false;3164;
6a3feaaa0cc7ebc213990b40;Dumbbell Montado Anilha Vazada Emborrachado Pegada Emborrachada 36kg;DMOAVEEB36;Dumbbells;Dumbbell Montado;par;36;https://base44.app/api/apps/68c9d5dd3cf0f8fd8a834875/files/mp/public/68c9d5dd3cf0f8fd8a834875/93cf52679_dumbbell-emborrachado-pegada-emborrachada-halter-borracha-academia.jpg;9506.91.00;;true;;;Emborrachado;Emborrachada;;;Anilha Vazada;Montado;;;;;;false;3164;
6a3feaaa0cc7ebc213990b41;Dumbbell Montado Anilha Vazada Emborrachado Pegada Emborrachada 38kg;DMOAVEEB38;Dumbbells;Dumbbell Montado;par;38;https://base44.app/api/apps/68c9d5dd3cf0f8fd8a834875/files/mp/public/68c9d5dd3cf0f8fd8a834875/93cf52679_dumbbell-emborrachado-pegada-emborrachada-halter-borracha-academia.jpg;9506.91.00;;true;;;Emborrachado;Emborrachada;;;Anilha Vazada;Montado;;;;;;false;3164;
6a3feaaa0cc7ebc213990b42;Dumbbell Montado Anilha Vazada Emborrachado Pegada Emborrachada 40kg;DMOAVEEB40;Dumbbells;Dumbbell Montado;par;40;https://base44.app/api/apps/68c9d5dd3cf0f8fd8a834875/files/mp/public/68c9d5dd3cf0f8fd8a834875/93cf52679_dumbbell-emborrachado-pegada-emborrachada-halter-borracha-academia.jpg;9506.91.00;;true;;;Emborrachado;Emborrachada;;;Anilha Vazada;Montado;;;;;;false;3164;
6a3feaaa0cc7ebc213990b43;Dumbbell Montado Anilha Vazada Emborrachado Pegada Emborrachada 42kg;DMOAVEEB42;Dumbbells;Dumbbell Montado;par;42;https://base44.app/api/apps/68c9d5dd3cf0f8fd8a834875/files/mp/public/68c9d5dd3cf0f8fd8a834875/93cf52679_dumbbell-emborrachado-pegada-emborrachada-halter-borracha-academia.jpg;9506.91.00;;true;;;Emborrachado;Emborrachada;;;Anilha Vazada;Montado;;;;;;false;3164;
6a3feaaa0cc7ebc213990b44;Dumbbell Montado Anilha Vazada Emborrachado Pegada Emborrachada 44kg;DMOAVEEB44;Dumbbells;Dumbbell Montado;par;44;https://base44.app/api/apps/68c9d5dd3cf0f8fd8a834875/files/mp/public/68c9d5dd3cf0f8fd8a834875/93cf52679_dumbbell-emborrachado-pegada-emborrachada-halter-borracha-academia.jpg;9506.91.00;;true;;;Emborrachado;Emborrachada;;;Anilha Vazada;Montado;;;;;;false;3164;
6a3feaaa0cc7ebc213990b45;Dumbbell Montado Anilha Vazada Emborrachado Pegada Emborrachada 46kg;DMOAVEEB46;Dumbbells;Dumbbell Montado;par;46;https://base44.app/api/apps/68c9d5dd3cf0f8fd8a834875/files/mp/public/68c9d5dd3cf0f8fd8a834875/93cf52679_dumbbell-emborrachado-pegada-emborrachada-halter-borracha-academia.jpg;9506.91.00;;true;;;Emborrachado;Emborrachada;;;Anilha Vazada;Montado;;;;;;false;3164;
6a3feaaa0cc7ebc213990b46;Dumbbell Montado Anilha Vazada Emborrachado Pegada Emborrachada 48kg;DMOAVEEB48;Dumbbells;Dumbbell Montado;par;48;https://base44.app/api/apps/68c9d5dd3cf0f8fd8a834875/files/mp/public/68c9d5dd3cf0f8fd8a834875/93cf52679_dumbbell-emborrachado-pegada-emborrachada-halter-borracha-academia.jpg;9506.91.00;;true;;;Emborrachado;Emborrachada;;;Anilha Vazada;Montado;;;;;;false;3164;
6a3feaaa0cc7ebc213990b47;Dumbbell Montado Anilha Vazada Emborrachado Pegada Emborrachada 50kg;DMOAVEEB50;Dumbbells;Dumbbell Montado;par;50;https://base44.app/api/apps/68c9d5dd3cf0f8fd8a834875/files/mp/public/68c9d5dd3cf0f8fd8a834875/93cf52679_dumbbell-emborrachado-pegada-emborrachada-halter-borracha-academia.jpg;9506.91.00;;true;;;Emborrachado;Emborrachada;;;Anilha Vazada;Montado;;;;;;false;3164;
6a3feaaa0cc7ebc213990b48;Dumbbell Montado Anilha Vazada Emborrachado Pegada Injetada 10kg;DMOAVEIN10;Dumbbells;Dumbbell Montado;par;10;;9506.91.00;;true;;;Emborrachado;Injetada;;;Anilha Vazada;Montado;;;;;;false;3164;
6a3feaaa0cc7ebc213990b49;Dumbbell Montado Anilha Vazada Emborrachado Pegada Injetada 12kg;DMOAVEIN12;Dumbbells;Dumbbell Montado;par;12;;9506.91.00;;true;;;Emborrachado;Injetada;;;Anilha Vazada;Montado;;;;;;false;3164;
6a3feaaa0cc7ebc213990b4a;Dumbbell Montado Anilha Vazada Emborrachado Pegada Injetada 14kg;DMOAVEIN14;Dumbbells;Dumbbell Montado;par;14;;9506.91.00;;true;;;Emborrachado;Injetada;;;Anilha Vazada;Montado;;;;;;false;3164;
6a3feaaa0cc7ebc213990b4b;Dumbbell Montado Anilha Vazada Emborrachado Pegada Injetada 16kg;DMOAVEIN16;Dumbbells;Dumbbell Montado;par;16;;9506.91.00;;true;;;Emborrachado;Injetada;;;Anilha Vazada;Montado;;;;;;false;3164;
6a3feaaa0cc7ebc213990b4c;Dumbbell Montado Anilha Vazada Emborrachado Pegada Injetada 18kg;DMOAVEIN18;Dumbbells;Dumbbell Montado;par;18;;9506.91.00;;true;;;Emborrachado;Injetada;;;Anilha Vazada;Montado;;;;;;false;3164;
6a3feaaa0cc7ebc213990b4d;Dumbbell Montado Anilha Vazada Emborrachado Pegada Injetada 20kg;DMOAVEIN20;Dumbbells;Dumbbell Montado;par;20;;9506.91.00;;true;;;Emborrachado;Injetada;;;Anilha Vazada;Montado;;;;;;false;3164;
6a3feaaa0cc7ebc213990b4e;Dumbbell Montado Anilha Vazada Emborrachado Pegada Injetada 22kg;DMOAVEIN22;Dumbbells;Dumbbell Montado;par;22;;9506.91.00;;true;;;Emborrachado;Injetada;;;Anilha Vazada;Montado;;;;;;false;3164;
6a3feaaa0cc7ebc213990b4f;Dumbbell Montado Anilha Vazada Emborrachado Pegada Injetada 24kg;DMOAVEIN24;Dumbbells;Dumbbell Montado;par;24;;9506.91.00;;true;;;Emborrachado;Injetada;;;Anilha Vazada;Montado;;;;;;false;3164;
6a3feaaa0cc7ebc213990b50;Dumbbell Montado Anilha Vazada Emborrachado Pegada Injetada 26kg;DMOAVEIN26;Dumbbells;Dumbbell Montado;par;26;;9506.91.00;;true;;;Emborrachado;Injetada;;;Anilha Vazada;Montado;;;;;;false;3164;
6a3feaaa0cc7ebc213990b51;Dumbbell Montado Anilha Vazada Emborrachado Pegada Injetada 28kg;DMOAVEIN28;Dumbbells;Dumbbell Montado;par;28;;9506.91.00;;true;;;Emborrachado;Injetada;;;Anilha Vazada;Montado;;;;;;false;3164;
6a3feaaa0cc7ebc213990b52;Dumbbell Montado Anilha Vazada Emborrachado Pegada Injetada 30kg;DMOAVEIN30;Dumbbells;Dumbbell Montado;par;30;;9506.91.00;;true;;;Emborrachado;Injetada;;;Anilha Vazada;Montado;;;;;;false;3164;
6a3feaaa0cc7ebc213990b53;Dumbbell Montado Anilha Vazada Emborrachado Pegada Injetada 32kg;DMOAVEIN32;Dumbbells;Dumbbell Montado;par;32;;9506.91.00;;true;;;Emborrachado;Injetada;;;Anilha Vazada;Montado;;;;;;false;3164;
6a3feaaa0cc7ebc213990b54;Dumbbell Montado Anilha Vazada Emborrachado Pegada Injetada 34kg;DMOAVEIN34;Dumbbells;Dumbbell Montado;par;34;;9506.91.00;;true;;;Emborrachado;Injetada;;;Anilha Vazada;Montado;;;;;;false;3164;
6a3feaaa0cc7ebc213990b55;Dumbbell Montado Anilha Vazada Emborrachado Pegada Injetada 36kg;DMOAVEIN36;Dumbbells;Dumbbell Montado;par;36;;9506.91.00;;true;;;Emborrachado;Injetada;;;Anilha Vazada;Montado;;;;;;false;3164;
6a3feaaa0cc7ebc213990b56;Dumbbell Montado Anilha Vazada Emborrachado Pegada Injetada 38kg;DMOAVEIN38;Dumbbells;Dumbbell Montado;par;38;;9506.91.00;;true;;;Emborrachado;Injetada;;;Anilha Vazada;Montado;;;;;;false;3164;
6a3feaaa0cc7ebc213990b57;Dumbbell Montado Anilha Vazada Emborrachado Pegada Injetada 40kg;DMOAVEIN40;Dumbbells;Dumbbell Montado;par;40;;9506.91.00;;true;;;Emborrachado;Injetada;;;Anilha Vazada;Montado;;;;;;false;3164;
6a3feaaa0cc7ebc213990b58;Dumbbell Montado Anilha Vazada Emborrachado Pegada Injetada 42kg;DMOAVEIN42;Dumbbells;Dumbbell Montado;par;42;;9506.91.00;;true;;;Emborrachado;Injetada;;;Anilha Vazada;Montado;;;;;;false;3164;
6a3feaaa0cc7ebc213990b59;Dumbbell Montado Anilha Vazada Emborrachado Pegada Injetada 44kg;DMOAVEIN44;Dumbbells;Dumbbell Montado;par;44;;9506.91.00;;true;;;Emborrachado;Injetada;;;Anilha Vazada;Montado;;;;;;false;3164;
6a3feaaa0cc7ebc213990b5a;Dumbbell Montado Anilha Vazada Emborrachado Pegada Injetada 46kg;DMOAVEIN46;Dumbbells;Dumbbell Montado;par;46;;9506.91.00;;true;;;Emborrachado;Injetada;;;Anilha Vazada;Montado;;;;;;false;3164;
6a3feaaa0cc7ebc213990b5b;Dumbbell Montado Anilha Vazada Emborrachado Pegada Injetada 48kg;DMOAVEIN48;Dumbbells;Dumbbell Montado;par;48;;9506.91.00;;true;;;Emborrachado;Injetada;;;Anilha Vazada;Montado;;;;;;false;3164;
6a3feaaa0cc7ebc213990b5c;Dumbbell Montado Anilha Vazada Emborrachado Pegada Injetada 50kg;DMOAVEIN50;Dumbbells;Dumbbell Montado;par;50;;9506.91.00;;true;;;Emborrachado;Injetada;;;Anilha Vazada;Montado;;;;;;false;3164;
6a3feaaa0cc7ebc213990b5d;Dumbbell Montado Anilha Sport Pintado Pegada Recartilhada 10kg;DMOASPR10;Dumbbells;Dumbbell Montado;par;10;https://base44.app/api/apps/68c9d5dd3cf0f8fd8a834875/files/mp/public/68c9d5dd3cf0f8fd8a834875/c6cc4d1a9_sportpintadoprecartilhada.jpg;9506.91.00;;true;;;Pintado;Recartilhada;;;Anilha Sport;Montado;;;;;;false;3164;
6a3feaaa0cc7ebc213990b5e;Dumbbell Montado Anilha Sport Pintado Pegada Recartilhada 12kg;DMOASPR12;Dumbbells;Dumbbell Montado;par;12;https://base44.app/api/apps/68c9d5dd3cf0f8fd8a834875/files/mp/public/68c9d5dd3cf0f8fd8a834875/c6cc4d1a9_sportpintadoprecartilhada.jpg;9506.91.00;;true;;;Pintado;Recartilhada;;;Anilha Sport;Montado;;;;;;false;3164;
6a3feaaa0cc7ebc213990b5f;Dumbbell Montado Anilha Sport Pintado Pegada Recartilhada 14kg;DMOASPR14;Dumbbells;Dumbbell Montado;par;14;https://base44.app/api/apps/68c9d5dd3cf0f8fd8a834875/files/mp/public/68c9d5dd3cf0f8fd8a834875/c6cc4d1a9_sportpintadoprecartilhada.jpg;9506.91.00;;true;;;Pintado;Recartilhada;;;Anilha Sport;Montado;;;;;;false;3164;
6a3feaaa0cc7ebc213990b60;Dumbbell Montado Anilha Sport Pintado Pegada Recartilhada 16kg;DMOASPR16;Dumbbells;Dumbbell Montado;par;16;https://base44.app/api/apps/68c9d5dd3cf0f8fd8a834875/files/mp/public/68c9d5dd3cf0f8fd8a834875/c6cc4d1a9_sportpintadoprecartilhada.jpg;9506.91.00;;true;;;Pintado;Recartilhada;;;Anilha Sport;Montado;;;;;;false;3164;
6a3feaaa0cc7ebc213990b61;Dumbbell Montado Anilha Sport Pintado Pegada Recartilhada 18kg;DMOASPR18;Dumbbells;Dumbbell Montado;par;18;https://base44.app/api/apps/68c9d5dd3cf0f8fd8a834875/files/mp/public/68c9d5dd3cf0f8fd8a834875/c6cc4d1a9_sportpintadoprecartilhada.jpg;9506.91.00;;true;;;Pintado;Recartilhada;;;Anilha Sport;Montado;;;;;;false;3164;
6a3feaaa0cc7ebc213990b62;Dumbbell Montado Anilha Sport Pintado Pegada Recartilhada 20kg;DMOASPR20;Dumbbells;Dumbbell Montado;par;20;https://base44.app/api/apps/68c9d5dd3cf0f8fd8a834875/files/mp/public/68c9d5dd3cf0f8fd8a834875/c6cc4d1a9_sportpintadoprecartilhada.jpg;9506.91.00;;true;;;Pintado;Recartilhada;;;Anilha Sport;Montado;;;;;;false;3164;
6a3feaaa0cc7ebc213990b63;Dumbbell Montado Anilha Sport Pintado Pegada Recartilhada 22kg;DMOASPR22;Dumbbells;Dumbbell Montado;par;22;https://base44.app/api/apps/68c9d5dd3cf0f8fd8a834875/files/mp/public/68c9d5dd3cf0f8fd8a834875/c6cc4d1a9_sportpintadoprecartilhada.jpg;9506.91.00;;true;;;Pintado;Recartilhada;;;Anilha Sport;Montado;;;;;;false;3164;
6a3feaaa0cc7ebc213990b64;Dumbbell Montado Anilha Sport Pintado Pegada Recartilhada 24kg;DMOASPR24;Dumbbells;Dumbbell Montado;par;24;https://base44.app/api/apps/68c9d5dd3cf0f8fd8a834875/files/mp/public/68c9d5dd3cf0f8fd8a834875/c6cc4d1a9_sportpintadoprecartilhada.jpg;9506.91.00;;true;;;Pintado;Recartilhada;;;Anilha Sport;Montado;;;;;;false;3164;
6a3feaaa0cc7ebc213990b65;Dumbbell Montado Anilha Sport Pintado Pegada Recartilhada 26kg;DMOASPR26;Dumbbells;Dumbbell Montado;par;26;https://base44.app/api/apps/68c9d5dd3cf0f8fd8a834875/files/mp/public/68c9d5dd3cf0f8fd8a834875/c6cc4d1a9_sportpintadoprecartilhada.jpg;9506.91.00;;true;;;Pintado;Recartilhada;;;Anilha Sport;Montado;;;;;;false;3164;
6a3feaaa0cc7ebc213990b66;Dumbbell Montado Anilha Sport Pintado Pegada Recartilhada 28kg;DMOASPR28;Dumbbells;Dumbbell Montado;par;28;https://base44.app/api/apps/68c9d5dd3cf0f8fd8a834875/files/mp/public/68c9d5dd3cf0f8fd8a834875/c6cc4d1a9_sportpintadoprecartilhada.jpg;9506.91.00;;true;;;Pintado;Recartilhada;;;Anilha Sport;Montado;;;;;;false;3164;
6a3feaaa0cc7ebc213990b67;Dumbbell Montado Anilha Sport Pintado Pegada Recartilhada 30kg;DMOASPR30;Dumbbells;Dumbbell Montado;par;30;https://base44.app/api/apps/68c9d5dd3cf0f8fd8a834875/files/mp/public/68c9d5dd3cf0f8fd8a834875/c6cc4d1a9_sportpintadoprecartilhada.jpg;9506.91.00;;true;;;Pintado;Recartilhada;;;Anilha Sport;Montado;;;;;;false;3164;
6a3feaaa0cc7ebc213990b68;Dumbbell Montado Anilha Sport Pintado Pegada Recartilhada 32kg;DMOASPR32;Dumbbells;Dumbbell Montado;par;32;https://base44.app/api/apps/68c9d5dd3cf0f8fd8a834875/files/mp/public/68c9d5dd3cf0f8fd8a834875/c6cc4d1a9_sportpintadoprecartilhada.jpg;9506.91.00;;true;;;Pintado;Recartilhada;;;Anilha Sport;Montado;;;;;;false;3164;
6a3feaaa0cc7ebc213990b69;Dumbbell Montado Anilha Sport Pintado Pegada Recartilhada 34kg;DMOASPR34;Dumbbells;Dumbbell Montado;par;34;https://base44.app/api/apps/68c9d5dd3cf0f8fd8a834875/files/mp/public/68c9d5dd3cf0f8fd8a834875/c6cc4d1a9_sportpintadoprecartilhada.jpg;9506.91.00;;true;;;Pintado;Recartilhada;;;Anilha Sport;Montado;;;;;;false;3164;
6a3feaaa0cc7ebc213990b6a;Dumbbell Montado Anilha Sport Pintado Pegada Recartilhada 36kg;DMOASPR36;Dumbbells;Dumbbell Montado;par;36;https://base44.app/api/apps/68c9d5dd3cf0f8fd8a834875/files/mp/public/68c9d5dd3cf0f8fd8a834875/c6cc4d1a9_sportpintadoprecartilhada.jpg;9506.91.00;;true;;;Pintado;Recartilhada;;;Anilha Sport;Montado;;;;;;false;3164;
6a3feaaa0cc7ebc213990b6b;Dumbbell Montado Anilha Sport Pintado Pegada Recartilhada 38kg;DMOASPR38;Dumbbells;Dumbbell Montado;par;38;https://base44.app/api/apps/68c9d5dd3cf0f8fd8a834875/files/mp/public/68c9d5dd3cf0f8fd8a834875/c6cc4d1a9_sportpintadoprecartilhada.jpg;9506.91.00;;true;;;Pintado;Recartilhada;;;Anilha Sport;Montado;;;;;;false;3164;
6a3feaaa0cc7ebc213990b6c;Dumbbell Montado Anilha Sport Pintado Pegada Recartilhada 40kg;DMOASPR40;Dumbbells;Dumbbell Montado;par;40;https://base44.app/api/apps/68c9d5dd3cf0f8fd8a834875/files/mp/public/68c9d5dd3cf0f8fd8a834875/c6cc4d1a9_sportpintadoprecartilhada.jpg;9506.91.00;;true;;;Pintado;Recartilhada;;;Anilha Sport;Montado;;;;;;false;3164;
6a3feaaa0cc7ebc213990b6d;Dumbbell Montado Anilha Sport Pintado Pegada Recartilhada 42kg;DMOASPR42;Dumbbells;Dumbbell Montado;par;42;https://base44.app/api/apps/68c9d5dd3cf0f8fd8a834875/files/mp/public/68c9d5dd3cf0f8fd8a834875/c6cc4d1a9_sportpintadoprecartilhada.jpg;9506.91.00;;true;;;Pintado;Recartilhada;;;Anilha Sport;Montado;;;;;;false;3164;
6a3feaaa0cc7ebc213990b6e;Dumbbell Montado Anilha Sport Pintado Pegada Recartilhada 44kg;DMOASPR44;Dumbbells;Dumbbell Montado;par;44;https://base44.app/api/apps/68c9d5dd3cf0f8fd8a834875/files/mp/public/68c9d5dd3cf0f8fd8a834875/c6cc4d1a9_sportpintadoprecartilhada.jpg;9506.91.00;;true;;;Pintado;Recartilhada;;;Anilha Sport;Montado;;;;;;false;3164;
6a3feaaa0cc7ebc213990b6f;Dumbbell Montado Anilha Sport Pintado Pegada Recartilhada 46kg;DMOASPR46;Dumbbells;Dumbbell Montado;par;46;https://base44.app/api/apps/68c9d5dd3cf0f8fd8a834875/files/mp/public/68c9d5dd3cf0f8fd8a834875/c6cc4d1a9_sportpintadoprecartilhada.jpg;9506.91.00;;true;;;Pintado;Recartilhada;;;Anilha Sport;Montado;;;;;;false;3164;
6a3feaaa0cc7ebc213990b70;Dumbbell Montado Anilha Sport Pintado Pegada Recartilhada 48kg;DMOASPR48;Dumbbells;Dumbbell Montado;par;48;https://base44.app/api/apps/68c9d5dd3cf0f8fd8a834875/files/mp/public/68c9d5dd3cf0f8fd8a834875/c6cc4d1a9_sportpintadoprecartilhada.jpg;9506.91.00;;true;;;Pintado;Recartilhada;;;Anilha Sport;Montado;;;;;;false;3164;
6a3feaaa0cc7ebc213990b71;Dumbbell Montado Anilha Sport Pintado Pegada Recartilhada 50kg;DMOASPR50;Dumbbells;Dumbbell Montado;par;50;https://base44.app/api/apps/68c9d5dd3cf0f8fd8a834875/files/mp/public/68c9d5dd3cf0f8fd8a834875/c6cc4d1a9_sportpintadoprecartilhada.jpg;9506.91.00;;true;;;Pintado;Recartilhada;;;Anilha Sport;Montado;;;;;;false;3164;
6a3feaaa0cc7ebc213990b72;Dumbbell Montado Anilha Sport Pintado Pegada Pintada 10kg;DMOASPPT10;Dumbbells;Dumbbell Montado;par;10;;9506.91.00;;true;;;Pintado;Pintada;;;Anilha Sport;Montado;;;;;;false;3164;
6a3feaaa0cc7ebc213990b73;Dumbbell Montado Anilha Sport Pintado Pegada Pintada 12kg;DMOASPPT12;Dumbbells;Dumbbell Montado;par;12;;9506.91.00;;true;;;Pintado;Pintada;;;Anilha Sport;Montado;;;;;;false;3164;
6a3feaaa0cc7ebc213990b74;Dumbbell Montado Anilha Sport Pintado Pegada Pintada 14kg;DMOASPPT14;Dumbbells;Dumbbell Montado;par;14;;9506.91.00;;true;;;Pintado;Pintada;;;Anilha Sport;Montado;;;;;;false;3164;
6a3feaaa0cc7ebc213990b75;Dumbbell Montado Anilha Sport Pintado Pegada Pintada 16kg;DMOASPPT16;Dumbbells;Dumbbell Montado;par;16;;9506.91.00;;true;;;Pintado;Pintada;;;Anilha Sport;Montado;;;;;;false;3164;
6a3feaaa0cc7ebc213990b76;Dumbbell Montado Anilha Sport Pintado Pegada Pintada 18kg;DMOASPPT18;Dumbbells;Dumbbell Montado;par;18;;9506.91.00;;true;;;Pintado;Pintada;;;Anilha Sport;Montado;;;;;;false;3164;
6a3feaaa0cc7ebc213990b77;Dumbbell Montado Anilha Sport Pintado Pegada Pintada 20kg;DMOASPPT20;Dumbbells;Dumbbell Montado;par;20;;9506.91.00;;true;;;Pintado;Pintada;;;Anilha Sport;Montado;;;;;;false;3164;
6a3feaaa0cc7ebc213990b78;Dumbbell Montado Anilha Sport Pintado Pegada Pintada 22kg;DMOASPPT22;Dumbbells;Dumbbell Montado;par;22;;9506.91.00;;true;;;Pintado;Pintada;;;Anilha Sport;Montado;;;;;;false;3164;
6a3feaaa0cc7ebc213990b79;Dumbbell Montado Anilha Sport Pintado Pegada Pintada 24kg;DMOASPPT24;Dumbbells;Dumbbell Montado;par;24;;9506.91.00;;true;;;Pintado;Pintada;;;Anilha Sport;Montado;;;;;;false;3164;
6a3feaaa0cc7ebc213990b7a;Dumbbell Montado Anilha Sport Pintado Pegada Pintada 26kg;DMOASPPT26;Dumbbells;Dumbbell Montado;par;26;;9506.91.00;;true;;;Pintado;Pintada;;;Anilha Sport;Montado;;;;;;false;3164;
6a3feaaa0cc7ebc213990b7b;Dumbbell Montado Anilha Sport Pintado Pegada Pintada 28kg;DMOASPPT28;Dumbbells;Dumbbell Montado;par;28;;9506.91.00;;true;;;Pintado;Pintada;;;Anilha Sport;Montado;;;;;;false;3164;
6a3feaaa0cc7ebc213990b7c;Dumbbell Montado Anilha Sport Pintado Pegada Pintada 30kg;DMOASPPT30;Dumbbells;Dumbbell Montado;par;30;;9506.91.00;;true;;;Pintado;Pintada;;;Anilha Sport;Montado;;;;;;false;3164;
6a3feaaa0cc7ebc213990b7d;Dumbbell Montado Anilha Sport Pintado Pegada Pintada 32kg;DMOASPPT32;Dumbbells;Dumbbell Montado;par;32;;9506.91.00;;true;;;Pintado;Pintada;;;Anilha Sport;Montado;;;;;;false;3164;
6a3feaaa0cc7ebc213990b7e;Dumbbell Montado Anilha Sport Pintado Pegada Pintada 34kg;DMOASPPT34;Dumbbells;Dumbbell Montado;par;34;;9506.91.00;;true;;;Pintado;Pintada;;;Anilha Sport;Montado;;;;;;false;3164;
6a3feaaa0cc7ebc213990b7f;Dumbbell Montado Anilha Sport Pintado Pegada Pintada 36kg;DMOASPPT36;Dumbbells;Dumbbell Montado;par;36;;9506.91.00;;true;;;Pintado;Pintada;;;Anilha Sport;Montado;;;;;;false;3164;
6a3feaaa0cc7ebc213990b80;Dumbbell Montado Anilha Sport Pintado Pegada Pintada 38kg;DMOASPPT38;Dumbbells;Dumbbell Montado;par;38;;9506.91.00;;true;;;Pintado;Pintada;;;Anilha Sport;Montado;;;;;;false;3164;
6a3feaaa0cc7ebc213990b81;Dumbbell Montado Anilha Sport Pintado Pegada Pintada 40kg;DMOASPPT40;Dumbbells;Dumbbell Montado;par;40;;9506.91.00;;true;;;Pintado;Pintada;;;Anilha Sport;Montado;;;;;;false;3164;
6a3feaaa0cc7ebc213990b82;Dumbbell Montado Anilha Sport Pintado Pegada Pintada 42kg;DMOASPPT42;Dumbbells;Dumbbell Montado;par;42;;9506.91.00;;true;;;Pintado;Pintada;;;Anilha Sport;Montado;;;;;;false;3164;
6a3feaaa0cc7ebc213990b83;Dumbbell Montado Anilha Sport Pintado Pegada Pintada 44kg;DMOASPPT44;Dumbbells;Dumbbell Montado;par;44;;9506.91.00;;true;;;Pintado;Pintada;;;Anilha Sport;Montado;;;;;;false;3164;
6a3feaaa0cc7ebc213990b84;Dumbbell Montado Anilha Sport Pintado Pegada Pintada 46kg;DMOASPPT46;Dumbbells;Dumbbell Montado;par;46;;9506.91.00;;true;;;Pintado;Pintada;;;Anilha Sport;Montado;;;;;;false;3164;
6a3feaaa0cc7ebc213990b85;Dumbbell Montado Anilha Sport Pintado Pegada Pintada 48kg;DMOASPPT48;Dumbbells;Dumbbell Montado;par;48;;9506.91.00;;true;;;Pintado;Pintada;;;Anilha Sport;Montado;;;;;;false;3164;
6a3feaaa0cc7ebc213990b86;Dumbbell Montado Anilha Sport Pintado Pegada Pintada 50kg;DMOASPPT50;Dumbbells;Dumbbell Montado;par;50;;9506.91.00;;true;;;Pintado;Pintada;;;Anilha Sport;Montado;;;;;;false;3164;
6a3feaaa0cc7ebc213990b87;Dumbbell Montado Anilha Sport Pintado Pegada Emborrachada 10kg;DMOASPEB10;Dumbbells;Dumbbell Montado;par;10;https://anilhasehalteresbrasil.com.br/wp-content/uploads/2019/09/dumbbells-sport-pegadaemborrachada.jpg;9506.91.00;;true;;;Pintado;Emborrachada;;;Anilha Sport;Montado;;;;;;false;3164;
6a3feaaa0cc7ebc213990b88;Dumbbell Montado Anilha Sport Pintado Pegada Emborrachada 12kg;DMOASPEB12;Dumbbells;Dumbbell Montado;par;12;https://anilhasehalteresbrasil.com.br/wp-content/uploads/2019/09/dumbbells-sport-pegadaemborrachada.jpg;9506.91.00;;true;;;Pintado;Emborrachada;;;Anilha Sport;Montado;;;;;;false;3164;
6a3feaaa0cc7ebc213990b89;Dumbbell Montado Anilha Sport Pintado Pegada Emborrachada 14kg;DMOASPEB14;Dumbbells;Dumbbell Montado;par;14;https://anilhasehalteresbrasil.com.br/wp-content/uploads/2019/09/dumbbells-sport-pegadaemborrachada.jpg;9506.91.00;;true;;;Pintado;Emborrachada;;;Anilha Sport;Montado;;;;;;false;3164;
6a3feaaa0cc7ebc213990b8a;Dumbbell Montado Anilha Sport Pintado Pegada Emborrachada 16kg;DMOASPEB16;Dumbbells;Dumbbell Montado;par;16;https://anilhasehalteresbrasil.com.br/wp-content/uploads/2019/09/dumbbells-sport-pegadaemborrachada.jpg;9506.91.00;;true;;;Pintado;Emborrachada;;;Anilha Sport;Montado;;;;;;false;3164;
6a3feaaa0cc7ebc213990b8b;Dumbbell Montado Anilha Sport Pintado Pegada Emborrachada 18kg;DMOASPEB18;Dumbbells;Dumbbell Montado;par;18;https://anilhasehalteresbrasil.com.br/wp-content/uploads/2019/09/dumbbells-sport-pegadaemborrachada.jpg;9506.91.00;;true;;;Pintado;Emborrachada;;;Anilha Sport;Montado;;;;;;false;3164;
6a3feaaa0cc7ebc213990b8c;Dumbbell Montado Anilha Sport Pintado Pegada Emborrachada 20kg;DMOASPEB20;Dumbbells;Dumbbell Montado;par;20;https://anilhasehalteresbrasil.com.br/wp-content/uploads/2019/09/dumbbells-sport-pegadaemborrachada.jpg;9506.91.00;;true;;;Pintado;Emborrachada;;;Anilha Sport;Montado;;;;;;false;3164;
6a3feaaa0cc7ebc213990b8d;Dumbbell Montado Anilha Sport Pintado Pegada Emborrachada 22kg;DMOASPEB22;Dumbbells;Dumbbell Montado;par;22;https://anilhasehalteresbrasil.com.br/wp-content/uploads/2019/09/dumbbells-sport-pegadaemborrachada.jpg;9506.91.00;;true;;;Pintado;Emborrachada;;;Anilha Sport;Montado;;;;;;false;3164;
6a3feaaa0cc7ebc213990b8e;Dumbbell Montado Anilha Sport Pintado Pegada Emborrachada 24kg;DMOASPEB24;Dumbbells;Dumbbell Montado;par;24;https://anilhasehalteresbrasil.com.br/wp-content/uploads/2019/09/dumbbells-sport-pegadaemborrachada.jpg;9506.91.00;;true;;;Pintado;Emborrachada;;;Anilha Sport;Montado;;;;;;false;3164;
6a3feaaa0cc7ebc213990b8f;Dumbbell Montado Anilha Sport Pintado Pegada Emborrachada 26kg;DMOASPEB26;Dumbbells;Dumbbell Montado;par;26;https://anilhasehalteresbrasil.com.br/wp-content/uploads/2019/09/dumbbells-sport-pegadaemborrachada.jpg;9506.91.00;;true;;;Pintado;Emborrachada;;;Anilha Sport;Montado;;;;;;false;3164;
6a3feaaa0cc7ebc213990b90;Dumbbell Montado Anilha Sport Pintado Pegada Emborrachada 28kg;DMOASPEB28;Dumbbells;Dumbbell Montado;par;28;https://anilhasehalteresbrasil.com.br/wp-content/uploads/2019/09/dumbbells-sport-pegadaemborrachada.jpg;9506.91.00;;true;;;Pintado;Emborrachada;;;Anilha Sport;Montado;;;;;;false;3164;
6a3feaaa0cc7ebc213990b91;Dumbbell Montado Anilha Sport Pintado Pegada Emborrachada 30kg;DMOASPEB30;Dumbbells;Dumbbell Montado;par;30;https://anilhasehalteresbrasil.com.br/wp-content/uploads/2019/09/dumbbells-sport-pegadaemborrachada.jpg;9506.91.00;;true;;;Pintado;Emborrachada;;;Anilha Sport;Montado;;;;;;false;3164;
6a3feaaa0cc7ebc213990b92;Dumbbell Montado Anilha Sport Pintado Pegada Emborrachada 32kg;DMOASPEB32;Dumbbells;Dumbbell Montado;par;32;https://anilhasehalteresbrasil.com.br/wp-content/uploads/2019/09/dumbbells-sport-pegadaemborrachada.jpg;9506.91.00;;true;;;Pintado;Emborrachada;;;Anilha Sport;Montado;;;;;;false;3164;
6a3feaaa0cc7ebc213990b93;Dumbbell Montado Anilha Sport Pintado Pegada Emborrachada 34kg;DMOASPEB34;Dumbbells;Dumbbell Montado;par;34;https://anilhasehalteresbrasil.com.br/wp-content/uploads/2019/09/dumbbells-sport-pegadaemborrachada.jpg;9506.91.00;;true;;;Pintado;Emborrachada;;;Anilha Sport;Montado;;;;;;false;3164;
6a3feaaa0cc7ebc213990b94;Dumbbell Montado Anilha Sport Pintado Pegada Emborrachada 36kg;DMOASPEB36;Dumbbells;Dumbbell Montado;par;36;https://anilhasehalteresbrasil.com.br/wp-content/uploads/2019/09/dumbbells-sport-pegadaemborrachada.jpg;9506.91.00;;true;;;Pintado;Emborrachada;;;Anilha Sport;Montado;;;;;;false;3164;
6a3feaaa0cc7ebc213990b95;Dumbbell Montado Anilha Sport Pintado Pegada Emborrachada 38kg;DMOASPEB38;Dumbbells;Dumbbell Montado;par;38;https://anilhasehalteresbrasil.com.br/wp-content/uploads/2019/09/dumbbells-sport-pegadaemborrachada.jpg;9506.91.00;;true;;;Pintado;Emborrachada;;;Anilha Sport;Montado;;;;;;false;3164;
6a3feaaa0cc7ebc213990b96;Dumbbell Montado Anilha Sport Pintado Pegada Emborrachada 40kg;DMOASPEB40;Dumbbells;Dumbbell Montado;par;40;https://anilhasehalteresbrasil.com.br/wp-content/uploads/2019/09/dumbbells-sport-pegadaemborrachada.jpg;9506.91.00;;true;;;Pintado;Emborrachada;;;Anilha Sport;Montado;;;;;;false;3164;
6a3feaaa0cc7ebc213990b97;Dumbbell Montado Anilha Sport Pintado Pegada Emborrachada 42kg;DMOASPEB42;Dumbbells;Dumbbell Montado;par;42;https://anilhasehalteresbrasil.com.br/wp-content/uploads/2019/09/dumbbells-sport-pegadaemborrachada.jpg;9506.91.00;;true;;;Pintado;Emborrachada;;;Anilha Sport;Montado;;;;;;false;3164;
6a3feaaa0cc7ebc213990b98;Dumbbell Montado Anilha Sport Pintado Pegada Emborrachada 44kg;DMOASPEB44;Dumbbells;Dumbbell Montado;par;44;https://anilhasehalteresbrasil.com.br/wp-content/uploads/2019/09/dumbbells-sport-pegadaemborrachada.jpg;9506.91.00;;true;;;Pintado;Emborrachada;;;Anilha Sport;Montado;;;;;;false;3164;
6a3feaaa0cc7ebc213990b99;Dumbbell Montado Anilha Sport Pintado Pegada Emborrachada 46kg;DMOASPEB46;Dumbbells;Dumbbell Montado;par;46;https://anilhasehalteresbrasil.com.br/wp-content/uploads/2019/09/dumbbells-sport-pegadaemborrachada.jpg;9506.91.00;;true;;;Pintado;Emborrachada;;;Anilha Sport;Montado;;;;;;false;3164;
6a3feaaa0cc7ebc213990b9a;Dumbbell Montado Anilha Sport Pintado Pegada Emborrachada 48kg;DMOASPEB48;Dumbbells;Dumbbell Montado;par;48;https://anilhasehalteresbrasil.com.br/wp-content/uploads/2019/09/dumbbells-sport-pegadaemborrachada.jpg;9506.91.00;;true;;;Pintado;Emborrachada;;;Anilha Sport;Montado;;;;;;false;3164;
6a3feaaa0cc7ebc213990b9b;Dumbbell Montado Anilha Sport Pintado Pegada Emborrachada 50kg;DMOASPEB50;Dumbbells;Dumbbell Montado;par;50;https://anilhasehalteresbrasil.com.br/wp-content/uploads/2019/09/dumbbells-sport-pegadaemborrachada.jpg;9506.91.00;;true;;;Pintado;Emborrachada;;;Anilha Sport;Montado;;;;;;false;3164;
6a3feaaa0cc7ebc213990b9c;Dumbbell Montado Anilha Sport Pintado Pegada Injetada 10kg;DMOASPIN10;Dumbbells;Dumbbell Montado;par;10;;9506.91.00;;true;;;Pintado;Injetada;;;Anilha Sport;Montado;;;;;;false;3164;
6a3feaaa0cc7ebc213990b9d;Dumbbell Montado Anilha Sport Pintado Pegada Injetada 12kg;DMOASPIN12;Dumbbells;Dumbbell Montado;par;12;;9506.91.00;;true;;;Pintado;Injetada;;;Anilha Sport;Montado;;;;;;false;3164;
6a3feaaa0cc7ebc213990b9e;Dumbbell Montado Anilha Sport Pintado Pegada Injetada 14kg;DMOASPIN14;Dumbbells;Dumbbell Montado;par;14;;9506.91.00;;true;;;Pintado;Injetada;;;Anilha Sport;Montado;;;;;;false;3164;
6a3feaaa0cc7ebc213990b9f;Dumbbell Montado Anilha Sport Pintado Pegada Injetada 16kg;DMOASPIN16;Dumbbells;Dumbbell Montado;par;16;;9506.91.00;;true;;;Pintado;Injetada;;;Anilha Sport;Montado;;;;;;false;3164;
6a3feaaa0cc7ebc213990ba0;Dumbbell Montado Anilha Sport Pintado Pegada Injetada 18kg;DMOASPIN18;Dumbbells;Dumbbell Montado;par;18;;9506.91.00;;true;;;Pintado;Injetada;;;Anilha Sport;Montado;;;;;;false;3164;
6a3feaaa0cc7ebc213990ba1;Dumbbell Montado Anilha Sport Pintado Pegada Injetada 20kg;DMOASPIN20;Dumbbells;Dumbbell Montado;par;20;;9506.91.00;;true;;;Pintado;Injetada;;;Anilha Sport;Montado;;;;;;false;3164;
6a3feaaa0cc7ebc213990ba2;Dumbbell Montado Anilha Sport Pintado Pegada Injetada 22kg;DMOASPIN22;Dumbbells;Dumbbell Montado;par;22;;9506.91.00;;true;;;Pintado;Injetada;;;Anilha Sport;Montado;;;;;;false;3164;
6a3feaaa0cc7ebc213990ba3;Dumbbell Montado Anilha Sport Pintado Pegada Injetada 24kg;DMOASPIN24;Dumbbells;Dumbbell Montado;par;24;;9506.91.00;;true;;;Pintado;Injetada;;;Anilha Sport;Montado;;;;;;false;3164;
6a3feaaa0cc7ebc213990ba4;Dumbbell Montado Anilha Sport Pintado Pegada Injetada 26kg;DMOASPIN26;Dumbbells;Dumbbell Montado;par;26;;9506.91.00;;true;;;Pintado;Injetada;;;Anilha Sport;Montado;;;;;;false;3164;
6a3feaaa0cc7ebc213990ba5;Dumbbell Montado Anilha Sport Pintado Pegada Injetada 28kg;DMOASPIN28;Dumbbells;Dumbbell Montado;par;28;;9506.91.00;;true;;;Pintado;Injetada;;;Anilha Sport;Montado;;;;;;false;3164;
6a3feaaa0cc7ebc213990ba6;Dumbbell Montado Anilha Sport Pintado Pegada Injetada 30kg;DMOASPIN30;Dumbbells;Dumbbell Montado;par;30;;9506.91.00;;true;;;Pintado;Injetada;;;Anilha Sport;Montado;;;;;;false;3164;
6a3feaaa0cc7ebc213990ba7;Dumbbell Montado Anilha Sport Pintado Pegada Injetada 32kg;DMOASPIN32;Dumbbells;Dumbbell Montado;par;32;;9506.91.00;;true;;;Pintado;Injetada;;;Anilha Sport;Montado;;;;;;false;3164;
6a3feaaa0cc7ebc213990ba8;Dumbbell Montado Anilha Sport Pintado Pegada Injetada 34kg;DMOASPIN34;Dumbbells;Dumbbell Montado;par;34;;9506.91.00;;true;;;Pintado;Injetada;;;Anilha Sport;Montado;;;;;;false;3164;
6a3feaaa0cc7ebc213990ba9;Dumbbell Montado Anilha Sport Pintado Pegada Injetada 36kg;DMOASPIN36;Dumbbells;Dumbbell Montado;par;36;;9506.91.00;;true;;;Pintado;Injetada;;;Anilha Sport;Montado;;;;;;false;3164;
6a3feaaa0cc7ebc213990baa;Dumbbell Montado Anilha Sport Pintado Pegada Injetada 38kg;DMOASPIN38;Dumbbells;Dumbbell Montado;par;38;;9506.91.00;;true;;;Pintado;Injetada;;;Anilha Sport;Montado;;;;;;false;3164;
6a3feaaa0cc7ebc213990bab;Dumbbell Montado Anilha Sport Pintado Pegada Injetada 40kg;DMOASPIN40;Dumbbells;Dumbbell Montado;par;40;;9506.91.00;;true;;;Pintado;Injetada;;;Anilha Sport;Montado;;;;;;false;3164;
6a3feaaa0cc7ebc213990bac;Dumbbell Montado Anilha Sport Pintado Pegada Injetada 42kg;DMOASPIN42;Dumbbells;Dumbbell Montado;par;42;;9506.91.00;;true;;;Pintado;Injetada;;;Anilha Sport;Montado;;;;;;false;3164;
6a3feaaa0cc7ebc213990bad;Dumbbell Montado Anilha Sport Pintado Pegada Injetada 44kg;DMOASPIN44;Dumbbells;Dumbbell Montado;par;44;;9506.91.00;;true;;;Pintado;Injetada;;;Anilha Sport;Montado;;;;;;false;3164;
6a3feaaa0cc7ebc213990bae;Dumbbell Montado Anilha Sport Pintado Pegada Injetada 46kg;DMOASPIN46;Dumbbells;Dumbbell Montado;par;46;;9506.91.00;;true;;;Pintado;Injetada;;;Anilha Sport;Montado;;;;;;false;3164;
6a3feaaa0cc7ebc213990baf;Dumbbell Montado Anilha Sport Pintado Pegada Injetada 48kg;DMOASPIN48;Dumbbells;Dumbbell Montado;par;48;;9506.91.00;;true;;;Pintado;Injetada;;;Anilha Sport;Montado;;;;;;false;3164;
6a3feaaa0cc7ebc213990bb0;Dumbbell Montado Anilha Sport Pintado Pegada Injetada 50kg;DMOASPIN50;Dumbbells;Dumbbell Montado;par;50;;9506.91.00;;true;;;Pintado;Injetada;;;Anilha Sport;Montado;;;;;;false;3164;
6a3feaaa0cc7ebc213990bb1;Dumbbell Montado Anilha Sport Injetado Pegada Recartilhada 10kg;DMOASIR10;Dumbbells;Dumbbell Montado;par;10;;9506.91.00;;true;;;Injetado;Recartilhada;;;Anilha Sport;Montado;;;;;;false;3164;
6a3feaaa0cc7ebc213990bb2;Dumbbell Montado Anilha Sport Injetado Pegada Recartilhada 12kg;DMOASIR12;Dumbbells;Dumbbell Montado;par;12;;9506.91.00;;true;;;Injetado;Recartilhada;;;Anilha Sport;Montado;;;;;;false;3164;
6a3feaaa0cc7ebc213990bb3;Dumbbell Montado Anilha Sport Injetado Pegada Recartilhada 14kg;DMOASIR14;Dumbbells;Dumbbell Montado;par;14;;9506.91.00;;true;;;Injetado;Recartilhada;;;Anilha Sport;Montado;;;;;;false;3164;
6a3feaaa0cc7ebc213990bb4;Dumbbell Montado Anilha Sport Injetado Pegada Recartilhada 16kg;DMOASIR16;Dumbbells;Dumbbell Montado;par;16;;9506.91.00;;true;;;Injetado;Recartilhada;;;Anilha Sport;Montado;;;;;;false;3164;
6a3feaaa0cc7ebc213990bb5;Dumbbell Montado Anilha Sport Injetado Pegada Recartilhada 18kg;DMOASIR18;Dumbbells;Dumbbell Montado;par;18;;9506.91.00;;true;;;Injetado;Recartilhada;;;Anilha Sport;Montado;;;;;;false;3164;
6a3feaaa0cc7ebc213990bb6;Dumbbell Montado Anilha Sport Injetado Pegada Recartilhada 20kg;DMOASIR20;Dumbbells;Dumbbell Montado;par;20;;9506.91.00;;true;;;Injetado;Recartilhada;;;Anilha Sport;Montado;;;;;;false;3164;
6a3feaaa0cc7ebc213990bb7;Dumbbell Montado Anilha Sport Injetado Pegada Recartilhada 22kg;DMOASIR22;Dumbbells;Dumbbell Montado;par;22;;9506.91.00;;true;;;Injetado;Recartilhada;;;Anilha Sport;Montado;;;;;;false;3164;
6a3feaaa0cc7ebc213990bb8;Dumbbell Montado Anilha Sport Injetado Pegada Recartilhada 24kg;DMOASIR24;Dumbbells;Dumbbell Montado;par;24;;9506.91.00;;true;;;Injetado;Recartilhada;;;Anilha Sport;Montado;;;;;;false;3164;
6a3feaaa0cc7ebc213990bb9;Dumbbell Montado Anilha Sport Injetado Pegada Recartilhada 26kg;DMOASIR26;Dumbbells;Dumbbell Montado;par;26;;9506.91.00;;true;;;Injetado;Recartilhada;;;Anilha Sport;Montado;;;;;;false;3164;
6a3feaaa0cc7ebc213990bba;Dumbbell Montado Anilha Sport Injetado Pegada Recartilhada 28kg;DMOASIR28;Dumbbells;Dumbbell Montado;par;28;;9506.91.00;;true;;;Injetado;Recartilhada;;;Anilha Sport;Montado;;;;;;false;3164;
6a3feaaa0cc7ebc213990bbb;Dumbbell Montado Anilha Sport Injetado Pegada Recartilhada 30kg;DMOASIR30;Dumbbells;Dumbbell Montado;par;30;;9506.91.00;;true;;;Injetado;Recartilhada;;;Anilha Sport;Montado;;;;;;false;3164;
6a3feaaa0cc7ebc213990bbc;Dumbbell Montado Anilha Sport Injetado Pegada Recartilhada 32kg;DMOASIR32;Dumbbells;Dumbbell Montado;par;32;;9506.91.00;;true;;;Injetado;Recartilhada;;;Anilha Sport;Montado;;;;;;false;3164;
6a3feaaa0cc7ebc213990bbd;Dumbbell Montado Anilha Sport Injetado Pegada Recartilhada 34kg;DMOASIR34;Dumbbells;Dumbbell Montado;par;34;;9506.91.00;;true;;;Injetado;Recartilhada;;;Anilha Sport;Montado;;;;;;false;3164;
6a3feaaa0cc7ebc213990bbe;Dumbbell Montado Anilha Sport Injetado Pegada Recartilhada 36kg;DMOASIR36;Dumbbells;Dumbbell Montado;par;36;;9506.91.00;;true;;;Injetado;Recartilhada;;;Anilha Sport;Montado;;;;;;false;3164;
6a3feaaa0cc7ebc213990bbf;Dumbbell Montado Anilha Sport Injetado Pegada Recartilhada 38kg;DMOASIR38;Dumbbells;Dumbbell Montado;par;38;;9506.91.00;;true;;;Injetado;Recartilhada;;;Anilha Sport;Montado;;;;;;false;3164;
6a3feaaa0cc7ebc213990bc0;Dumbbell Montado Anilha Sport Injetado Pegada Recartilhada 40kg;DMOASIR40;Dumbbells;Dumbbell Montado;par;40;;9506.91.00;;true;;;Injetado;Recartilhada;;;Anilha Sport;Montado;;;;;;false;3164;
6a3feaaa0cc7ebc213990bc1;Dumbbell Montado Anilha Sport Injetado Pegada Recartilhada 42kg;DMOASIR42;Dumbbells;Dumbbell Montado;par;42;;9506.91.00;;true;;;Injetado;Recartilhada;;;Anilha Sport;Montado;;;;;;false;3164;
6a3feaaa0cc7ebc213990bc2;Dumbbell Montado Anilha Sport Injetado Pegada Recartilhada 44kg;DMOASIR44;Dumbbells;Dumbbell Montado;par;44;;9506.91.00;;true;;;Injetado;Recartilhada;;;Anilha Sport;Montado;;;;;;false;3164;
6a3feaaa0cc7ebc213990bc3;Dumbbell Montado Anilha Sport Injetado Pegada Recartilhada 46kg;DMOASIR46;Dumbbells;Dumbbell Montado;par;46;;9506.91.00;;true;;;Injetado;Recartilhada;;;Anilha Sport;Montado;;;;;;false;3164;
6a3feaaa0cc7ebc213990bc4;Dumbbell Montado Anilha Sport Injetado Pegada Recartilhada 48kg;DMOASIR48;Dumbbells;Dumbbell Montado;par;48;;9506.91.00;;true;;;Injetado;Recartilhada;;;Anilha Sport;Montado;;;;;;false;3164;
6a3feaaa0cc7ebc213990bc5;Dumbbell Montado Anilha Sport Injetado Pegada Recartilhada 50kg;DMOASIR50;Dumbbells;Dumbbell Montado;par;50;;9506.91.00;;true;;;Injetado;Recartilhada;;;Anilha Sport;Montado;;;;;;false;3164;
6a3feaaa0cc7ebc213990bc6;Dumbbell Montado Anilha Sport Injetado Pegada Pintada 10kg;DMOASIPT10;Dumbbells;Dumbbell Montado;par;10;;9506.91.00;;true;;;Injetado;Pintada;;;Anilha Sport;Montado;;;;;;false;3164;
6a3feaaa0cc7ebc213990bc7;Dumbbell Montado Anilha Sport Injetado Pegada Pintada 12kg;DMOASIPT12;Dumbbells;Dumbbell Montado;par;12;;9506.91.00;;true;;;Injetado;Pintada;;;Anilha Sport;Montado;;;;;;false;3164;
6a3feaaa0cc7ebc213990bc8;Dumbbell Montado Anilha Sport Injetado Pegada Pintada 14kg;DMOASIPT14;Dumbbells;Dumbbell Montado;par;14;;9506.91.00;;true;;;Injetado;Pintada;;;Anilha Sport;Montado;;;;;;false;3164;
6a3feaaa0cc7ebc213990bc9;Dumbbell Montado Anilha Sport Injetado Pegada Pintada 16kg;DMOASIPT16;Dumbbells;Dumbbell Montado;par;16;;9506.91.00;;true;;;Injetado;Pintada;;;Anilha Sport;Montado;;;;;;false;3164;
6a3feaaa0cc7ebc213990bca;Dumbbell Montado Anilha Sport Injetado Pegada Pintada 18kg;DMOASIPT18;Dumbbells;Dumbbell Montado;par;18;;9506.91.00;;true;;;Injetado;Pintada;;;Anilha Sport;Montado;;;;;;false;3164;
6a3feaaa0cc7ebc213990bcb;Dumbbell Montado Anilha Sport Injetado Pegada Pintada 20kg;DMOASIPT20;Dumbbells;Dumbbell Montado;par;20;;9506.91.00;;true;;;Injetado;Pintada;;;Anilha Sport;Montado;;;;;;false;3164;
6a3feaaa0cc7ebc213990bcc;Dumbbell Montado Anilha Sport Injetado Pegada Pintada 22kg;DMOASIPT22;Dumbbells;Dumbbell Montado;par;22;;9506.91.00;;true;;;Injetado;Pintada;;;Anilha Sport;Montado;;;;;;false;3164;
6a3feaaa0cc7ebc213990bcd;Dumbbell Montado Anilha Sport Injetado Pegada Pintada 24kg;DMOASIPT24;Dumbbells;Dumbbell Montado;par;24;;9506.91.00;;true;;;Injetado;Pintada;;;Anilha Sport;Montado;;;;;;false;3164;
6a3feaaa0cc7ebc213990bce;Dumbbell Montado Anilha Sport Injetado Pegada Pintada 26kg;DMOASIPT26;Dumbbells;Dumbbell Montado;par;26;;9506.91.00;;true;;;Injetado;Pintada;;;Anilha Sport;Montado;;;;;;false;3164;
6a3feaaa0cc7ebc213990bcf;Dumbbell Montado Anilha Sport Injetado Pegada Pintada 28kg;DMOASIPT28;Dumbbells;Dumbbell Montado;par;28;;9506.91.00;;true;;;Injetado;Pintada;;;Anilha Sport;Montado;;;;;;false;3164;
6a3feaaa0cc7ebc213990bd0;Dumbbell Montado Anilha Sport Injetado Pegada Pintada 30kg;DMOASIPT30;Dumbbells;Dumbbell Montado;par;30;;9506.91.00;;true;;;Injetado;Pintada;;;Anilha Sport;Montado;;;;;;false;3164;
6a3feaaa0cc7ebc213990bd1;Dumbbell Montado Anilha Sport Injetado Pegada Pintada 32kg;DMOASIPT32;Dumbbells;Dumbbell Montado;par;32;;9506.91.00;;true;;;Injetado;Pintada;;;Anilha Sport;Montado;;;;;;false;3164;
6a3feaaa0cc7ebc213990bd2;Dumbbell Montado Anilha Sport Injetado Pegada Pintada 34kg;DMOASIPT34;Dumbbells;Dumbbell Montado;par;34;;9506.91.00;;true;;;Injetado;Pintada;;;Anilha Sport;Montado;;;;;;false;3164;
6a3feaaa0cc7ebc213990bd3;Dumbbell Montado Anilha Sport Injetado Pegada Pintada 36kg;DMOASIPT36;Dumbbells;Dumbbell Montado;par;36;;9506.91.00;;true;;;Injetado;Pintada;;;Anilha Sport;Montado;;;;;;false;3164;
6a3feaaa0cc7ebc213990bd4;Dumbbell Montado Anilha Sport Injetado Pegada Pintada 38kg;DMOASIPT38;Dumbbells;Dumbbell Montado;par;38;;9506.91.00;;true;;;Injetado;Pintada;;;Anilha Sport;Montado;;;;;;false;3164;
6a3feaaa0cc7ebc213990bd5;Dumbbell Montado Anilha Sport Injetado Pegada Pintada 40kg;DMOASIPT40;Dumbbells;Dumbbell Montado;par;40;;9506.91.00;;true;;;Injetado;Pintada;;;Anilha Sport;Montado;;;;;;false;3164;
6a3feaaa0cc7ebc213990bd6;Dumbbell Montado Anilha Sport Injetado Pegada Pintada 42kg;DMOASIPT42;Dumbbells;Dumbbell Montado;par;42;;9506.91.00;;true;;;Injetado;Pintada;;;Anilha Sport;Montado;;;;;;false;3164;
6a3feaaa0cc7ebc213990bd7;Dumbbell Montado Anilha Sport Injetado Pegada Pintada 44kg;DMOASIPT44;Dumbbells;Dumbbell Montado;par;44;;9506.91.00;;true;;;Injetado;Pintada;;;Anilha Sport;Montado;;;;;;false;3164;
6a3feaaa0cc7ebc213990bd8;Dumbbell Montado Anilha Sport Injetado Pegada Pintada 46kg;DMOASIPT46;Dumbbells;Dumbbell Montado;par;46;;9506.91.00;;true;;;Injetado;Pintada;;;Anilha Sport;Montado;;;;;;false;3164;
6a3feaaa0cc7ebc213990bd9;Dumbbell Montado Anilha Sport Injetado Pegada Pintada 48kg;DMOASIPT48;Dumbbells;Dumbbell Montado;par;48;;9506.91.00;;true;;;Injetado;Pintada;;;Anilha Sport;Montado;;;;;;false;3164;
6a3feaaa0cc7ebc213990bda;Dumbbell Montado Anilha Sport Injetado Pegada Pintada 50kg;DMOASIPT50;Dumbbells;Dumbbell Montado;par;50;;9506.91.00;;true;;;Injetado;Pintada;;;Anilha Sport;Montado;;;;;;false;3164;
6a3feaaa0cc7ebc213990bdb;Dumbbell Montado Anilha Sport Injetado Pegada Emborrachada 10kg;DMOASIEB10;Dumbbells;Dumbbell Montado;par;10;;9506.91.00;;true;;;Injetado;Emborrachada;;;Anilha Sport;Montado;;;;;;false;3164;
6a3feaaa0cc7ebc213990bdc;Dumbbell Montado Anilha Sport Injetado Pegada Emborrachada 12kg;DMOASIEB12;Dumbbells;Dumbbell Montado;par;12;;9506.91.00;;true;;;Injetado;Emborrachada;;;Anilha Sport;Montado;;;;;;false;3164;
6a3feaaa0cc7ebc213990bdd;Dumbbell Montado Anilha Sport Injetado Pegada Emborrachada 14kg;DMOASIEB14;Dumbbells;Dumbbell Montado;par;14;;9506.91.00;;true;;;Injetado;Emborrachada;;;Anilha Sport;Montado;;;;;;false;3164;
6a3feaaa0cc7ebc213990bde;Dumbbell Montado Anilha Sport Injetado Pegada Emborrachada 16kg;DMOASIEB16;Dumbbells;Dumbbell Montado;par;16;;9506.91.00;;true;;;Injetado;Emborrachada;;;Anilha Sport;Montado;;;;;;false;3164;
6a3feaaa0cc7ebc213990bdf;Dumbbell Montado Anilha Sport Injetado Pegada Emborrachada 18kg;DMOASIEB18;Dumbbells;Dumbbell Montado;par;18;;9506.91.00;;true;;;Injetado;Emborrachada;;;Anilha Sport;Montado;;;;;;false;3164;
6a3feaaa0cc7ebc213990be0;Dumbbell Montado Anilha Sport Injetado Pegada Emborrachada 20kg;DMOASIEB20;Dumbbells;Dumbbell Montado;par;20;;9506.91.00;;true;;;Injetado;Emborrachada;;;Anilha Sport;Montado;;;;;;false;3164;
6a3feaaa0cc7ebc213990be1;Dumbbell Montado Anilha Sport Injetado Pegada Emborrachada 22kg;DMOASIEB22;Dumbbells;Dumbbell Montado;par;22;;9506.91.00;;true;;;Injetado;Emborrachada;;;Anilha Sport;Montado;;;;;;false;3164;
6a3feaaa0cc7ebc213990be2;Dumbbell Montado Anilha Sport Injetado Pegada Emborrachada 24kg;DMOASIEB24;Dumbbells;Dumbbell Montado;par;24;;9506.91.00;;true;;;Injetado;Emborrachada;;;Anilha Sport;Montado;;;;;;false;3164;
6a3feaaa0cc7ebc213990be3;Dumbbell Montado Anilha Sport Injetado Pegada Emborrachada 26kg;DMOASIEB26;Dumbbells;Dumbbell Montado;par;26;;9506.91.00;;true;;;Injetado;Emborrachada;;;Anilha Sport;Montado;;;;;;false;3164;
6a3feaaa0cc7ebc213990be4;Dumbbell Montado Anilha Sport Injetado Pegada Emborrachada 28kg;DMOASIEB28;Dumbbells;Dumbbell Montado;par;28;;9506.91.00;;true;;;Injetado;Emborrachada;;;Anilha Sport;Montado;;;;;;false;3164;
6a3feaaa0cc7ebc213990be5;Dumbbell Montado Anilha Sport Injetado Pegada Emborrachada 30kg;DMOASIEB30;Dumbbells;Dumbbell Montado;par;30;;9506.91.00;;true;;;Injetado;Emborrachada;;;Anilha Sport;Montado;;;;;;false;3164;
6a3feaaa0cc7ebc213990be6;Dumbbell Montado Anilha Sport Injetado Pegada Emborrachada 32kg;DMOASIEB32;Dumbbells;Dumbbell Montado;par;32;;9506.91.00;;true;;;Injetado;Emborrachada;;;Anilha Sport;Montado;;;;;;false;3164;
6a3feaaa0cc7ebc213990be7;Dumbbell Montado Anilha Sport Injetado Pegada Emborrachada 34kg;DMOASIEB34;Dumbbells;Dumbbell Montado;par;34;;9506.91.00;;true;;;Injetado;Emborrachada;;;Anilha Sport;Montado;;;;;;false;3164;
6a3feaaa0cc7ebc213990be8;Dumbbell Montado Anilha Sport Injetado Pegada Emborrachada 36kg;DMOASIEB36;Dumbbells;Dumbbell Montado;par;36;;9506.91.00;;true;;;Injetado;Emborrachada;;;Anilha Sport;Montado;;;;;;false;3164;
6a3feaaa0cc7ebc213990be9;Dumbbell Montado Anilha Sport Injetado Pegada Emborrachada 38kg;DMOASIEB38;Dumbbells;Dumbbell Montado;par;38;;9506.91.00;;true;;;Injetado;Emborrachada;;;Anilha Sport;Montado;;;;;;false;3164;
6a3feaaa0cc7ebc213990bea;Dumbbell Montado Anilha Sport Injetado Pegada Emborrachada 40kg;DMOASIEB40;Dumbbells;Dumbbell Montado;par;40;;9506.91.00;;true;;;Injetado;Emborrachada;;;Anilha Sport;Montado;;;;;;false;3164;
6a3feaaa0cc7ebc213990beb;Dumbbell Montado Anilha Sport Injetado Pegada Emborrachada 42kg;DMOASIEB42;Dumbbells;Dumbbell Montado;par;42;;9506.91.00;;true;;;Injetado;Emborrachada;;;Anilha Sport;Montado;;;;;;false;3164;
6a3feaaa0cc7ebc213990bec;Dumbbell Montado Anilha Sport Injetado Pegada Emborrachada 44kg;DMOASIEB44;Dumbbells;Dumbbell Montado;par;44;;9506.91.00;;true;;;Injetado;Emborrachada;;;Anilha Sport;Montado;;;;;;false;3164;
6a3feaaa0cc7ebc213990bed;Dumbbell Montado Anilha Sport Injetado Pegada Emborrachada 46kg;DMOASIEB46;Dumbbells;Dumbbell Montado;par;46;;9506.91.00;;true;;;Injetado;Emborrachada;;;Anilha Sport;Montado;;;;;;false;3164;
6a3feaaa0cc7ebc213990bee;Dumbbell Montado Anilha Sport Injetado Pegada Emborrachada 48kg;DMOASIEB48;Dumbbells;Dumbbell Montado;par;48;;9506.91.00;;true;;;Injetado;Emborrachada;;;Anilha Sport;Montado;;;;;;false;3164;
6a3feaaa0cc7ebc213990bef;Dumbbell Montado Anilha Sport Injetado Pegada Emborrachada 50kg;DMOASIEB50;Dumbbells;Dumbbell Montado;par;50;;9506.91.00;;true;;;Injetado;Emborrachada;;;Anilha Sport;Montado;;;;;;false;3164;
6a3feaaa0cc7ebc213990bf0;Dumbbell Montado Anilha Sport Injetado Pegada Injetada 10kg;DMOASIIN10;Dumbbells;Dumbbell Montado;par;10;;9506.91.00;;true;;;Injetado;Injetada;;;Anilha Sport;Montado;;;;;;false;3164;
6a3feaaa0cc7ebc213990bf1;Dumbbell Montado Anilha Sport Injetado Pegada Injetada 12kg;DMOASIIN12;Dumbbells;Dumbbell Montado;par;12;;9506.91.00;;true;;;Injetado;Injetada;;;Anilha Sport;Montado;;;;;;false;3164;
6a3feaaa0cc7ebc213990bf2;Dumbbell Montado Anilha Sport Injetado Pegada Injetada 14kg;DMOASIIN14;Dumbbells;Dumbbell Montado;par;14;;9506.91.00;;true;;;Injetado;Injetada;;;Anilha Sport;Montado;;;;;;false;3164;
6a3feaaa0cc7ebc213990bf3;Dumbbell Montado Anilha Sport Injetado Pegada Injetada 16kg;DMOASIIN16;Dumbbells;Dumbbell Montado;par;16;;9506.91.00;;true;;;Injetado;Injetada;;;Anilha Sport;Montado;;;;;;false;3164;
6a3feaaa0cc7ebc213990bf4;Dumbbell Montado Anilha Sport Injetado Pegada Injetada 18kg;DMOASIIN18;Dumbbells;Dumbbell Montado;par;18;;9506.91.00;;true;;;Injetado;Injetada;;;Anilha Sport;Montado;;;;;;false;3164;
6a3feaaa0cc7ebc213990bf5;Dumbbell Montado Anilha Sport Injetado Pegada Injetada 20kg;DMOASIIN20;Dumbbells;Dumbbell Montado;par;20;;9506.91.00;;true;;;Injetado;Injetada;;;Anilha Sport;Montado;;;;;;false;3164;
6a3feaaa0cc7ebc213990bf6;Dumbbell Montado Anilha Sport Injetado Pegada Injetada 22kg;DMOASIIN22;Dumbbells;Dumbbell Montado;par;22;;9506.91.00;;true;;;Injetado;Injetada;;;Anilha Sport;Montado;;;;;;false;3164;
6a3feaaa0cc7ebc213990bf7;Dumbbell Montado Anilha Sport Injetado Pegada Injetada 24kg;DMOASIIN24;Dumbbells;Dumbbell Montado;par;24;;9506.91.00;;true;;;Injetado;Injetada;;;Anilha Sport;Montado;;;;;;false;3164;
6a3feaaa0cc7ebc213990bf8;Dumbbell Montado Anilha Sport Injetado Pegada Injetada 26kg;DMOASIIN26;Dumbbells;Dumbbell Montado;par;26;;9506.91.00;;true;;;Injetado;Injetada;;;Anilha Sport;Montado;;;;;;false;3164;
6a3feaaa0cc7ebc213990bf9;Dumbbell Montado Anilha Sport Injetado Pegada Injetada 28kg;DMOASIIN28;Dumbbells;Dumbbell Montado;par;28;;9506.91.00;;true;;;Injetado;Injetada;;;Anilha Sport;Montado;;;;;;false;3164;
6a3feaaa0cc7ebc213990bfa;Dumbbell Montado Anilha Sport Injetado Pegada Injetada 30kg;DMOASIIN30;Dumbbells;Dumbbell Montado;par;30;;9506.91.00;;true;;;Injetado;Injetada;;;Anilha Sport;Montado;;;;;;false;3164;
6a3feaaa0cc7ebc213990bfb;Dumbbell Montado Anilha Sport Injetado Pegada Injetada 32kg;DMOASIIN32;Dumbbells;Dumbbell Montado;par;32;;9506.91.00;;true;;;Injetado;Injetada;;;Anilha Sport;Montado;;;;;;false;3164;
6a3feaaa0cc7ebc213990bfc;Dumbbell Montado Anilha Sport Injetado Pegada Injetada 34kg;DMOASIIN34;Dumbbells;Dumbbell Montado;par;34;;9506.91.00;;true;;;Injetado;Injetada;;;Anilha Sport;Montado;;;;;;false;3164;
6a3feaaa0cc7ebc213990bfd;Dumbbell Montado Anilha Sport Injetado Pegada Injetada 36kg;DMOASIIN36;Dumbbells;Dumbbell Montado;par;36;;9506.91.00;;true;;;Injetado;Injetada;;;Anilha Sport;Montado;;;;;;false;3164;
6a3feaaa0cc7ebc213990bfe;Dumbbell Montado Anilha Sport Injetado Pegada Injetada 38kg;DMOASIIN38;Dumbbells;Dumbbell Montado;par;38;;9506.91.00;;true;;;Injetado;Injetada;;;Anilha Sport;Montado;;;;;;false;3164;
6a3feaaa0cc7ebc213990bff;Dumbbell Montado Anilha Sport Injetado Pegada Injetada 40kg;DMOASIIN40;Dumbbells;Dumbbell Montado;par;40;;9506.91.00;;true;;;Injetado;Injetada;;;Anilha Sport;Montado;;;;;;false;3164;
6a3feaaa0cc7ebc213990c00;Dumbbell Montado Anilha Sport Injetado Pegada Injetada 42kg;DMOASIIN42;Dumbbells;Dumbbell Montado;par;42;;9506.91.00;;true;;;Injetado;Injetada;;;Anilha Sport;Montado;;;;;;false;3164;
6a3feaaa0cc7ebc213990c01;Dumbbell Montado Anilha Sport Injetado Pegada Injetada 44kg;DMOASIIN44;Dumbbells;Dumbbell Montado;par;44;;9506.91.00;;true;;;Injetado;Injetada;;;Anilha Sport;Montado;;;;;;false;3164;
6a3feaaa0cc7ebc213990c02;Dumbbell Montado Anilha Sport Injetado Pegada Injetada 46kg;DMOASIIN46;Dumbbells;Dumbbell Montado;par;46;;9506.91.00;;true;;;Injetado;Injetada;;;Anilha Sport;Montado;;;;;;false;3164;
6a3feaaa0cc7ebc213990c03;Dumbbell Montado Anilha Sport Injetado Pegada Injetada 48kg;DMOASIIN48;Dumbbells;Dumbbell Montado;par;48;;9506.91.00;;true;;;Injetado;Injetada;;;Anilha Sport;Montado;;;;;;false;3164;
6a3feaaa0cc7ebc213990c04;Dumbbell Montado Anilha Sport Injetado Pegada Injetada 50kg;DMOASIIN50;Dumbbells;Dumbbell Montado;par;50;;9506.91.00;;true;;;Injetado;Injetada;;;Anilha Sport;Montado;;;;;;false;3164;
6a3feaaa0cc7ebc213990c05;Dumbbell Montado Anilha Sport Emborrachado Pegada Recartilhada 10kg;DMOASER10;Dumbbells;Dumbbell Montado;par;10;https://base44.app/api/apps/68c9d5dd3cf0f8fd8a834875/files/mp/public/68c9d5dd3cf0f8fd8a834875/bd49a7326_dumbbell-sport-emborrachado-pegada-recartilhada-halter-academia.jpg;9506.91.00;;true;;;Emborrachado;Recartilhada;;;Anilha Sport;Montado;;;;;;false;3164;
6a3feaaa0cc7ebc213990c06;Dumbbell Montado Anilha Sport Emborrachado Pegada Recartilhada 12kg;DMOASER12;Dumbbells;Dumbbell Montado;par;12;https://haxfit.com.br/wp-content/uploads/2026/03/Dumbbell-Sport-Emborrachado-%E2%80%93-Pegada-Recartilhada.jpg;9506.91.00;;true;;;Emborrachado;Recartilhada;;;Anilha Sport;Montado;;;;;;false;3164;
6a3feaaa0cc7ebc213990c07;Dumbbell Montado Anilha Sport Emborrachado Pegada Recartilhada 14kg;DMOASER14;Dumbbells;Dumbbell Montado;par;14;https://base44.app/api/apps/68c9d5dd3cf0f8fd8a834875/files/mp/public/68c9d5dd3cf0f8fd8a834875/bd49a7326_dumbbell-sport-emborrachado-pegada-recartilhada-halter-academia.jpg;9506.91.00;;true;;;Emborrachado;Recartilhada;;;Anilha Sport;Montado;;;;;;false;3164;
6a3feaaa0cc7ebc213990c08;Dumbbell Montado Anilha Sport Emborrachado Pegada Recartilhada 16kg;DMOASER16;Dumbbells;Dumbbell Montado;par;16;https://haxfit.com.br/wp-content/uploads/2026/03/Dumbbell-Sport-Emborrachado-%E2%80%93-Pegada-Recartilhada.jpg;9506.91.00;;true;;;Emborrachado;Recartilhada;;;Anilha Sport;Montado;;;;;;false;3164;
6a3feaaa0cc7ebc213990c09;Dumbbell Montado Anilha Sport Emborrachado Pegada Recartilhada 18kg;DMOASER18;Dumbbells;Dumbbell Montado;par;18;https://base44.app/api/apps/68c9d5dd3cf0f8fd8a834875/files/mp/public/68c9d5dd3cf0f8fd8a834875/bd49a7326_dumbbell-sport-emborrachado-pegada-recartilhada-halter-academia.jpg;9506.91.00;;true;;;Emborrachado;Recartilhada;;;Anilha Sport;Montado;;;;;;false;3164;
6a3feaaa0cc7ebc213990c0a;Dumbbell Montado Anilha Sport Emborrachado Pegada Recartilhada 20kg;DMOASER20;Dumbbells;Dumbbell Montado;par;20;https://haxfit.com.br/wp-content/uploads/2026/03/Dumbbell-Sport-Emborrachado-%E2%80%93-Pegada-Recartilhada.jpg;9506.91.00;;true;;;Emborrachado;Recartilhada;;;Anilha Sport;Montado;;;;;;false;3164;
6a3feaaa0cc7ebc213990c0b;Dumbbell Montado Anilha Sport Emborrachado Pegada Recartilhada 22kg;DMOASER22;Dumbbells;Dumbbell Montado;par;22;https://base44.app/api/apps/68c9d5dd3cf0f8fd8a834875/files/mp/public/68c9d5dd3cf0f8fd8a834875/bd49a7326_dumbbell-sport-emborrachado-pegada-recartilhada-halter-academia.jpg;9506.91.00;;true;;;Emborrachado;Recartilhada;;;Anilha Sport;Montado;;;;;;false;3164;
6a3feaaa0cc7ebc213990c0c;Dumbbell Montado Anilha Sport Emborrachado Pegada Recartilhada 24kg;DMOASER24;Dumbbells;Dumbbell Montado;par;24;https://haxfit.com.br/wp-content/uploads/2026/03/Dumbbell-Sport-Emborrachado-%E2%80%93-Pegada-Recartilhada.jpg;9506.91.00;;true;;;Emborrachado;Recartilhada;;;Anilha Sport;Montado;;;;;;false;3164;
6a3feaaa0cc7ebc213990c0d;Dumbbell Montado Anilha Sport Emborrachado Pegada Recartilhada 26kg;DMOASER26;Dumbbells;Dumbbell Montado;par;26;https://base44.app/api/apps/68c9d5dd3cf0f8fd8a834875/files/mp/public/68c9d5dd3cf0f8fd8a834875/bd49a7326_dumbbell-sport-emborrachado-pegada-recartilhada-halter-academia.jpg;9506.91.00;;true;;;Emborrachado;Recartilhada;;;Anilha Sport;Montado;;;;;;false;3164;
6a3feaaa0cc7ebc213990c0e;Dumbbell Montado Anilha Sport Emborrachado Pegada Recartilhada 28kg;DMOASER28;Dumbbells;Dumbbell Montado;par;28;https://haxfit.com.br/wp-content/uploads/2026/03/Dumbbell-Sport-Emborrachado-%E2%80%93-Pegada-Recartilhada.jpg;9506.91.00;;true;;;Emborrachado;Recartilhada;;;Anilha Sport;Montado;;;;;;false;3164;
6a3feaaa0cc7ebc213990c0f;Dumbbell Montado Anilha Sport Emborrachado Pegada Recartilhada 30kg;DMOASER30;Dumbbells;Dumbbell Montado;par;30;https://base44.app/api/apps/68c9d5dd3cf0f8fd8a834875/files/mp/public/68c9d5dd3cf0f8fd8a834875/bd49a7326_dumbbell-sport-emborrachado-pegada-recartilhada-halter-academia.jpg;9506.91.00;;true;;;Emborrachado;Recartilhada;;;Anilha Sport;Montado;;;;;;false;3164;
6a3feaaa0cc7ebc213990c10;Dumbbell Montado Anilha Sport Emborrachado Pegada Recartilhada 32kg;DMOASER32;Dumbbells;Dumbbell Montado;par;32;https://haxfit.com.br/wp-content/uploads/2026/03/Dumbbell-Sport-Emborrachado-%E2%80%93-Pegada-Recartilhada.jpg;9506.91.00;;true;;;Emborrachado;Recartilhada;;;Anilha Sport;Montado;;;;;;false;3164;
6a3feaaa0cc7ebc213990c11;Dumbbell Montado Anilha Sport Emborrachado Pegada Recartilhada 34kg;DMOASER34;Dumbbells;Dumbbell Montado;par;34;https://base44.app/api/apps/68c9d5dd3cf0f8fd8a834875/files/mp/public/68c9d5dd3cf0f8fd8a834875/bd49a7326_dumbbell-sport-emborrachado-pegada-recartilhada-halter-academia.jpg;9506.91.00;;true;;;Emborrachado;Recartilhada;;;Anilha Sport;Montado;;;;;;false;3164;
6a3feaaa0cc7ebc213990c12;Dumbbell Montado Anilha Sport Emborrachado Pegada Recartilhada 36kg;DMOASER36;Dumbbells;Dumbbell Montado;par;36;https://haxfit.com.br/wp-content/uploads/2026/03/Dumbbell-Sport-Emborrachado-%E2%80%93-Pegada-Recartilhada.jpg;9506.91.00;;true;;;Emborrachado;Recartilhada;;;Anilha Sport;Montado;;;;;;false;3164;
6a3feaaa0cc7ebc213990c13;Dumbbell Montado Anilha Sport Emborrachado Pegada Recartilhada 38kg;DMOASER38;Dumbbells;Dumbbell Montado;par;38;https://base44.app/api/apps/68c9d5dd3cf0f8fd8a834875/files/mp/public/68c9d5dd3cf0f8fd8a834875/bd49a7326_dumbbell-sport-emborrachado-pegada-recartilhada-halter-academia.jpg;9506.91.00;;true;;;Emborrachado;Recartilhada;;;Anilha Sport;Montado;;;;;;false;3164;
6a3feaaa0cc7ebc213990c14;Dumbbell Montado Anilha Sport Emborrachado Pegada Recartilhada 40kg;DMOASER40;Dumbbells;Dumbbell Montado;par;40;https://haxfit.com.br/wp-content/uploads/2026/03/Dumbbell-Sport-Emborrachado-%E2%80%93-Pegada-Recartilhada.jpg;9506.91.00;;true;;;Emborrachado;Recartilhada;;;Anilha Sport;Montado;;;;;;false;3164;
6a3feaaa0cc7ebc213990c15;Dumbbell Montado Anilha Sport Emborrachado Pegada Recartilhada 42kg;DMOASER42;Dumbbells;Dumbbell Montado;par;42;https://base44.app/api/apps/68c9d5dd3cf0f8fd8a834875/files/mp/public/68c9d5dd3cf0f8fd8a834875/bd49a7326_dumbbell-sport-emborrachado-pegada-recartilhada-halter-academia.jpg;9506.91.00;;true;;;Emborrachado;Recartilhada;;;Anilha Sport;Montado;;;;;;false;3164;
6a3feaaa0cc7ebc213990c16;Dumbbell Montado Anilha Sport Emborrachado Pegada Recartilhada 44kg;DMOASER44;Dumbbells;Dumbbell Montado;par;44;https://haxfit.com.br/wp-content/uploads/2026/03/Dumbbell-Sport-Emborrachado-%E2%80%93-Pegada-Recartilhada.jpg;9506.91.00;;true;;;Emborrachado;Recartilhada;;;Anilha Sport;Montado;;;;;;false;3164;
6a3feaaa0cc7ebc213990c17;Dumbbell Montado Anilha Sport Emborrachado Pegada Recartilhada 46kg;DMOASER46;Dumbbells;Dumbbell Montado;par;46;https://base44.app/api/apps/68c9d5dd3cf0f8fd8a834875/files/mp/public/68c9d5dd3cf0f8fd8a834875/bd49a7326_dumbbell-sport-emborrachado-pegada-recartilhada-halter-academia.jpg;9506.91.00;;true;;;Emborrachado;Recartilhada;;;Anilha Sport;Montado;;;;;;false;3164;
6a3feaaa0cc7ebc213990c18;Dumbbell Montado Anilha Sport Emborrachado Pegada Recartilhada 48kg;DMOASER48;Dumbbells;Dumbbell Montado;par;48;https://haxfit.com.br/wp-content/uploads/2026/03/Dumbbell-Sport-Emborrachado-%E2%80%93-Pegada-Recartilhada.jpg;9506.91.00;;true;;;Emborrachado;Recartilhada;;;Anilha Sport;Montado;;;;;;false;3164;
6a3feaaa0cc7ebc213990c19;Dumbbell Montado Anilha Sport Emborrachado Pegada Recartilhada 50kg;DMOASER50;Dumbbells;Dumbbell Montado;par;50;https://base44.app/api/apps/68c9d5dd3cf0f8fd8a834875/files/mp/public/68c9d5dd3cf0f8fd8a834875/bd49a7326_dumbbell-sport-emborrachado-pegada-recartilhada-halter-academia.jpg;9506.91.00;;true;;;Emborrachado;Recartilhada;;;Anilha Sport;Montado;;;;;;false;3164;
6a3feaaa0cc7ebc213990c1a;Dumbbell Montado Anilha Sport Emborrachado Pegada Pintada 10kg;DMOASEPT10;Dumbbells;Dumbbell Montado;par;10;;9506.91.00;;true;;;Emborrachado;Pintada;;;Anilha Sport;Montado;;;;;;false;3164;
6a3feaaa0cc7ebc213990c1b;Dumbbell Montado Anilha Sport Emborrachado Pegada Pintada 12kg;DMOASEPT12;Dumbbells;Dumbbell Montado;par;12;;9506.91.00;;true;;;Emborrachado;Pintada;;;Anilha Sport;Montado;;;;;;false;3164;
6a3feaaa0cc7ebc213990c1c;Dumbbell Montado Anilha Sport Emborrachado Pegada Pintada 14kg;DMOASEPT14;Dumbbells;Dumbbell Montado;par;14;;9506.91.00;;true;;;Emborrachado;Pintada;;;Anilha Sport;Montado;;;;;;false;3164;
6a3feaaa0cc7ebc213990c1d;Dumbbell Montado Anilha Sport Emborrachado Pegada Pintada 16kg;DMOASEPT16;Dumbbells;Dumbbell Montado;par;16;;9506.91.00;;true;;;Emborrachado;Pintada;;;Anilha Sport;Montado;;;;;;false;3164;
6a3feaaa0cc7ebc213990c1e;Dumbbell Montado Anilha Sport Emborrachado Pegada Pintada 18kg;DMOASEPT18;Dumbbells;Dumbbell Montado;par;18;;9506.91.00;;true;;;Emborrachado;Pintada;;;Anilha Sport;Montado;;;;;;false;3164;
6a3feaaa0cc7ebc213990c1f;Dumbbell Montado Anilha Sport Emborrachado Pegada Pintada 20kg;DMOASEPT20;Dumbbells;Dumbbell Montado;par;20;;9506.91.00;;true;;;Emborrachado;Pintada;;;Anilha Sport;Montado;;;;;;false;3164;
6a3feaaa0cc7ebc213990c20;Dumbbell Montado Anilha Sport Emborrachado Pegada Pintada 22kg;DMOASEPT22;Dumbbells;Dumbbell Montado;par;22;;9506.91.00;;true;;;Emborrachado;Pintada;;;Anilha Sport;Montado;;;;;;false;3164;
6a3feaaa0cc7ebc213990c21;Dumbbell Montado Anilha Sport Emborrachado Pegada Pintada 24kg;DMOASEPT24;Dumbbells;Dumbbell Montado;par;24;;9506.91.00;;true;;;Emborrachado;Pintada;;;Anilha Sport;Montado;;;;;;false;3164;
6a3feaaa0cc7ebc213990c22;Dumbbell Montado Anilha Sport Emborrachado Pegada Pintada 26kg;DMOASEPT26;Dumbbells;Dumbbell Montado;par;26;;9506.91.00;;true;;;Emborrachado;Pintada;;;Anilha Sport;Montado;;;;;;false;3164;
6a3feaaa0cc7ebc213990c23;Dumbbell Montado Anilha Sport Emborrachado Pegada Pintada 28kg;DMOASEPT28;Dumbbells;Dumbbell Montado;par;28;;9506.91.00;;true;;;Emborrachado;Pintada;;;Anilha Sport;Montado;;;;;;false;3164;
6a3feaaa0cc7ebc213990c24;Dumbbell Montado Anilha Sport Emborrachado Pegada Pintada 30kg;DMOASEPT30;Dumbbells;Dumbbell Montado;par;30;;9506.91.00;;true;;;Emborrachado;Pintada;;;Anilha Sport;Montado;;;;;;false;3164;
6a3feaaa0cc7ebc213990c25;Dumbbell Montado Anilha Sport Emborrachado Pegada Pintada 32kg;DMOASEPT32;Dumbbells;Dumbbell Montado;par;32;;9506.91.00;;true;;;Emborrachado;Pintada;;;Anilha Sport;Montado;;;;;;false;3164;
6a3feaaa0cc7ebc213990c26;Dumbbell Montado Anilha Sport Emborrachado Pegada Pintada 34kg;DMOASEPT34;Dumbbells;Dumbbell Montado;par;34;;9506.91.00;;true;;;Emborrachado;Pintada;;;Anilha Sport;Montado;;;;;;false;3164;
6a3feaaa0cc7ebc213990c27;Dumbbell Montado Anilha Sport Emborrachado Pegada Pintada 36kg;DMOASEPT36;Dumbbells;Dumbbell Montado;par;36;;9506.91.00;;true;;;Emborrachado;Pintada;;;Anilha Sport;Montado;;;;;;false;3164;
6a3feaaa0cc7ebc213990c28;Dumbbell Montado Anilha Sport Emborrachado Pegada Pintada 38kg;DMOASEPT38;Dumbbells;Dumbbell Montado;par;38;;9506.91.00;;true;;;Emborrachado;Pintada;;;Anilha Sport;Montado;;;;;;false;3164;
6a3feaaa0cc7ebc213990c29;Dumbbell Montado Anilha Sport Emborrachado Pegada Pintada 40kg;DMOASEPT40;Dumbbells;Dumbbell Montado;par;40;;9506.91.00;;true;;;Emborrachado;Pintada;;;Anilha Sport;Montado;;;;;;false;3164;
6a3feaaa0cc7ebc213990c2a;Dumbbell Montado Anilha Sport Emborrachado Pegada Pintada 42kg;DMOASEPT42;Dumbbells;Dumbbell Montado;par;42;;9506.91.00;;true;;;Emborrachado;Pintada;;;Anilha Sport;Montado;;;;;;false;3164;
6a3feaaa0cc7ebc213990c2b;Dumbbell Montado Anilha Sport Emborrachado Pegada Pintada 44kg;DMOASEPT44;Dumbbells;Dumbbell Montado;par;44;;9506.91.00;;true;;;Emborrachado;Pintada;;;Anilha Sport;Montado;;;;;;false;3164;
6a3feaaa0cc7ebc213990c2c;Dumbbell Montado Anilha Sport Emborrachado Pegada Pintada 46kg;DMOASEPT46;Dumbbells;Dumbbell Montado;par;46;;9506.91.00;;true;;;Emborrachado;Pintada;;;Anilha Sport;Montado;;;;;;false;3164;
6a3feaaa0cc7ebc213990c2d;Dumbbell Montado Anilha Sport Emborrachado Pegada Pintada 48kg;DMOASEPT48;Dumbbells;Dumbbell Montado;par;48;;9506.91.00;;true;;;Emborrachado;Pintada;;;Anilha Sport;Montado;;;;;;false;3164;
6a3feaaa0cc7ebc213990c2e;Dumbbell Montado Anilha Sport Emborrachado Pegada Pintada 50kg;DMOASEPT50;Dumbbells;Dumbbell Montado;par;50;;9506.91.00;;true;;;Emborrachado;Pintada;;;Anilha Sport;Montado;;;;;;false;3164;
6a3feaaa0cc7ebc213990c2f;Dumbbell Montado Anilha Sport Emborrachado Pegada Emborrachada 10kg;DMOASEEB10;Dumbbells;Dumbbell Montado;par;10;https://base44.app/api/apps/68c9d5dd3cf0f8fd8a834875/files/mp/public/68c9d5dd3cf0f8fd8a834875/8dca32503_dasepe.jpg;9506.91.00;;true;;;Emborrachado;Emborrachada;;;Anilha Sport;Montado;;;;;;false;3164;
6a3feaaa0cc7ebc213990c30;Dumbbell Montado Anilha Sport Emborrachado Pegada Emborrachada 12kg;DMOASEEB12;Dumbbells;Dumbbell Montado;par;12;https://base44.app/api/apps/68c9d5dd3cf0f8fd8a834875/files/mp/public/68c9d5dd3cf0f8fd8a834875/8dca32503_dasepe.jpg;9506.91.00;;true;;;Emborrachado;Emborrachada;;;Anilha Sport;Montado;;;;;;false;3164;
6a3feaaa0cc7ebc213990c31;Dumbbell Montado Anilha Sport Emborrachado Pegada Emborrachada 14kg;DMOASEEB14;Dumbbells;Dumbbell Montado;par;14;https://base44.app/api/apps/68c9d5dd3cf0f8fd8a834875/files/mp/public/68c9d5dd3cf0f8fd8a834875/8dca32503_dasepe.jpg;9506.91.00;;true;;;Emborrachado;Emborrachada;;;Anilha Sport;Montado;;;;;;false;3164;
6a3feaaa0cc7ebc213990c32;Dumbbell Montado Anilha Sport Emborrachado Pegada Emborrachada 16kg;DMOASEEB16;Dumbbells;Dumbbell Montado;par;16;https://base44.app/api/apps/68c9d5dd3cf0f8fd8a834875/files/mp/public/68c9d5dd3cf0f8fd8a834875/8dca32503_dasepe.jpg;9506.91.00;;true;;;Emborrachado;Emborrachada;;;Anilha Sport;Montado;;;;;;false;3164;
6a3feaaa0cc7ebc213990c33;Dumbbell Montado Anilha Sport Emborrachado Pegada Emborrachada 18kg;DMOASEEB18;Dumbbells;Dumbbell Montado;par;18;https://base44.app/api/apps/68c9d5dd3cf0f8fd8a834875/files/mp/public/68c9d5dd3cf0f8fd8a834875/8dca32503_dasepe.jpg;9506.91.00;;true;;;Emborrachado;Emborrachada;;;Anilha Sport;Montado;;;;;;false;3164;
6a3feaaa0cc7ebc213990c34;Dumbbell Montado Anilha Sport Emborrachado Pegada Emborrachada 20kg;DMOASEEB20;Dumbbells;Dumbbell Montado;par;20;https://base44.app/api/apps/68c9d5dd3cf0f8fd8a834875/files/mp/public/68c9d5dd3cf0f8fd8a834875/8dca32503_dasepe.jpg;9506.91.00;;true;;;Emborrachado;Emborrachada;;;Anilha Sport;Montado;;;;;;false;3164;
6a3feaaa0cc7ebc213990c35;Dumbbell Montado Anilha Sport Emborrachado Pegada Emborrachada 22kg;DMOASEEB22;Dumbbells;Dumbbell Montado;par;22;https://base44.app/api/apps/68c9d5dd3cf0f8fd8a834875/files/mp/public/68c9d5dd3cf0f8fd8a834875/8dca32503_dasepe.jpg;9506.91.00;;true;;;Emborrachado;Emborrachada;;;Anilha Sport;Montado;;;;;;false;3164;
6a3feaaa0cc7ebc213990c36;Dumbbell Montado Anilha Sport Emborrachado Pegada Emborrachada 24kg;DMOASEEB24;Dumbbells;Dumbbell Montado;par;24;https://base44.app/api/apps/68c9d5dd3cf0f8fd8a834875/files/mp/public/68c9d5dd3cf0f8fd8a834875/8dca32503_dasepe.jpg;9506.91.00;;true;;;Emborrachado;Emborrachada;;;Anilha Sport;Montado;;;;;;false;3164;
6a3feaaa0cc7ebc213990c37;Dumbbell Montado Anilha Sport Emborrachado Pegada Emborrachada 26kg;DMOASEEB26;Dumbbells;Dumbbell Montado;par;26;https://base44.app/api/apps/68c9d5dd3cf0f8fd8a834875/files/mp/public/68c9d5dd3cf0f8fd8a834875/8dca32503_dasepe.jpg;9506.91.00;;true;;;Emborrachado;Emborrachada;;;Anilha Sport;Montado;;;;;;false;3164;
6a3feaaa0cc7ebc213990c38;Dumbbell Montado Anilha Sport Emborrachado Pegada Emborrachada 28kg;DMOASEEB28;Dumbbells;Dumbbell Montado;par;28;https://base44.app/api/apps/68c9d5dd3cf0f8fd8a834875/files/mp/public/68c9d5dd3cf0f8fd8a834875/8dca32503_dasepe.jpg;9506.91.00;;true;;;Emborrachado;Emborrachada;;;Anilha Sport;Montado;;;;;;false;3164;
6a3feaaa0cc7ebc213990c39;Dumbbell Montado Anilha Sport Emborrachado Pegada Emborrachada 30kg;DMOASEEB30;Dumbbells;Dumbbell Montado;par;30;https://base44.app/api/apps/68c9d5dd3cf0f8fd8a834875/files/mp/public/68c9d5dd3cf0f8fd8a834875/8dca32503_dasepe.jpg;9506.91.00;;true;;;Emborrachado;Emborrachada;;;Anilha Sport;Montado;;;;;;false;3164;
6a3feaaa0cc7ebc213990c3a;Dumbbell Montado Anilha Sport Emborrachado Pegada Emborrachada 32kg;DMOASEEB32;Dumbbells;Dumbbell Montado;par;32;https://base44.app/api/apps/68c9d5dd3cf0f8fd8a834875/files/mp/public/68c9d5dd3cf0f8fd8a834875/8dca32503_dasepe.jpg;9506.91.00;;true;;;Emborrachado;Emborrachada;;;Anilha Sport;Montado;;;;;;false;3164;
6a3feaaa0cc7ebc213990c3b;Dumbbell Montado Anilha Sport Emborrachado Pegada Emborrachada 34kg;DMOASEEB34;Dumbbells;Dumbbell Montado;par;34;https://base44.app/api/apps/68c9d5dd3cf0f8fd8a834875/files/mp/public/68c9d5dd3cf0f8fd8a834875/8dca32503_dasepe.jpg;9506.91.00;;true;;;Emborrachado;Emborrachada;;;Anilha Sport;Montado;;;;;;false;3164;
6a3feaaa0cc7ebc213990c3c;Dumbbell Montado Anilha Sport Emborrachado Pegada Emborrachada 36kg;DMOASEEB36;Dumbbells;Dumbbell Montado;par;36;https://base44.app/api/apps/68c9d5dd3cf0f8fd8a834875/files/mp/public/68c9d5dd3cf0f8fd8a834875/8dca32503_dasepe.jpg;9506.91.00;;true;;;Emborrachado;Emborrachada;;;Anilha Sport;Montado;;;;;;false;3164;
6a3feaaa0cc7ebc213990c3d;Dumbbell Montado Anilha Sport Emborrachado Pegada Emborrachada 38kg;DMOASEEB38;Dumbbells;Dumbbell Montado;par;38;https://base44.app/api/apps/68c9d5dd3cf0f8fd8a834875/files/mp/public/68c9d5dd3cf0f8fd8a834875/8dca32503_dasepe.jpg;9506.91.00;;true;;;Emborrachado;Emborrachada;;;Anilha Sport;Montado;;;;;;false;3164;
6a3feaaa0cc7ebc213990c3e;Dumbbell Montado Anilha Sport Emborrachado Pegada Emborrachada 40kg;DMOASEEB40;Dumbbells;Dumbbell Montado;par;40;https://base44.app/api/apps/68c9d5dd3cf0f8fd8a834875/files/mp/public/68c9d5dd3cf0f8fd8a834875/8dca32503_dasepe.jpg;9506.91.00;;true;;;Emborrachado;Emborrachada;;;Anilha Sport;Montado;;;;;;false;3164;
6a3feaaa0cc7ebc213990c3f;Dumbbell Montado Anilha Sport Emborrachado Pegada Emborrachada 42kg;DMOASEEB42;Dumbbells;Dumbbell Montado;par;42;https://base44.app/api/apps/68c9d5dd3cf0f8fd8a834875/files/mp/public/68c9d5dd3cf0f8fd8a834875/8dca32503_dasepe.jpg;9506.91.00;;true;;;Emborrachado;Emborrachada;;;Anilha Sport;Montado;;;;;;false;3164;
6a3feaaa0cc7ebc213990c40;Dumbbell Montado Anilha Sport Emborrachado Pegada Emborrachada 44kg;DMOASEEB44;Dumbbells;Dumbbell Montado;par;44;https://base44.app/api/apps/68c9d5dd3cf0f8fd8a834875/files/mp/public/68c9d5dd3cf0f8fd8a834875/8dca32503_dasepe.jpg;9506.91.00;;true;;;Emborrachado;Emborrachada;;;Anilha Sport;Montado;;;;;;false;3164;
6a3feaaa0cc7ebc213990c41;Dumbbell Montado Anilha Sport Emborrachado Pegada Emborrachada 46kg;DMOASEEB46;Dumbbells;Dumbbell Montado;par;46;https://base44.app/api/apps/68c9d5dd3cf0f8fd8a834875/files/mp/public/68c9d5dd3cf0f8fd8a834875/8dca32503_dasepe.jpg;9506.91.00;;true;;;Emborrachado;Emborrachada;;;Anilha Sport;Montado;;;;;;false;3164;
6a3feaaa0cc7ebc213990c42;Dumbbell Montado Anilha Sport Emborrachado Pegada Emborrachada 48kg;DMOASEEB48;Dumbbells;Dumbbell Montado;par;48;https://base44.app/api/apps/68c9d5dd3cf0f8fd8a834875/files/mp/public/68c9d5dd3cf0f8fd8a834875/8dca32503_dasepe.jpg;9506.91.00;;true;;;Emborrachado;Emborrachada;;;Anilha Sport;Montado;;;;;;false;3164;
6a3feaaa0cc7ebc213990c43;Dumbbell Montado Anilha Sport Emborrachado Pegada Emborrachada 50kg;DMOASEEB50;Dumbbells;Dumbbell Montado;par;50;https://base44.app/api/apps/68c9d5dd3cf0f8fd8a834875/files/mp/public/68c9d5dd3cf0f8fd8a834875/8dca32503_dasepe.jpg;9506.91.00;;true;;;Emborrachado;Emborrachada;;;Anilha Sport;Montado;;;;;;false;3164;
6a3feaaa0cc7ebc213990c44;Dumbbell Montado Anilha Sport Emborrachado Pegada Injetada 10kg;DMOASEIN10;Dumbbells;Dumbbell Montado;par;10;;9506.91.00;;true;;;Emborrachado;Injetada;;;Anilha Sport;Montado;;;;;;false;3164;
6a3feaaa0cc7ebc213990c45;Dumbbell Montado Anilha Sport Emborrachado Pegada Injetada 12kg;DMOASEIN12;Dumbbells;Dumbbell Montado;par;12;;9506.91.00;;true;;;Emborrachado;Injetada;;;Anilha Sport;Montado;;;;;;false;3164;
6a3feaaa0cc7ebc213990c46;Dumbbell Montado Anilha Sport Emborrachado Pegada Injetada 14kg;DMOASEIN14;Dumbbells;Dumbbell Montado;par;14;;9506.91.00;;true;;;Emborrachado;Injetada;;;Anilha Sport;Montado;;;;;;false;3164;
6a3feaaa0cc7ebc213990c47;Dumbbell Montado Anilha Sport Emborrachado Pegada Injetada 16kg;DMOASEIN16;Dumbbells;Dumbbell Montado;par;16;;9506.91.00;;true;;;Emborrachado;Injetada;;;Anilha Sport;Montado;;;;;;false;3164;
6a3feaaa0cc7ebc213990c48;Dumbbell Montado Anilha Sport Emborrachado Pegada Injetada 18kg;DMOASEIN18;Dumbbells;Dumbbell Montado;par;18;;9506.91.00;;true;;;Emborrachado;Injetada;;;Anilha Sport;Montado;;;;;;false;3164;
6a3feaaa0cc7ebc213990c49;Dumbbell Montado Anilha Sport Emborrachado Pegada Injetada 20kg;DMOASEIN20;Dumbbells;Dumbbell Montado;par;20;;9506.91.00;;true;;;Emborrachado;Injetada;;;Anilha Sport;Montado;;;;;;false;3164;
6a3feaaa0cc7ebc213990c4a;Dumbbell Montado Anilha Sport Emborrachado Pegada Injetada 22kg;DMOASEIN22;Dumbbells;Dumbbell Montado;par;22;;9506.91.00;;true;;;Emborrachado;Injetada;;;Anilha Sport;Montado;;;;;;false;3164;
6a3feaaa0cc7ebc213990c4b;Dumbbell Montado Anilha Sport Emborrachado Pegada Injetada 24kg;DMOASEIN24;Dumbbells;Dumbbell Montado;par;24;;9506.91.00;;true;;;Emborrachado;Injetada;;;Anilha Sport;Montado;;;;;;false;3164;
6a3feaaa0cc7ebc213990c4c;Dumbbell Montado Anilha Sport Emborrachado Pegada Injetada 26kg;DMOASEIN26;Dumbbells;Dumbbell Montado;par;26;;9506.91.00;;true;;;Emborrachado;Injetada;;;Anilha Sport;Montado;;;;;;false;3164;
6a3feaaa0cc7ebc213990c4d;Dumbbell Montado Anilha Sport Emborrachado Pegada Injetada 28kg;DMOASEIN28;Dumbbells;Dumbbell Montado;par;28;;9506.91.00;;true;;;Emborrachado;Injetada;;;Anilha Sport;Montado;;;;;;false;3164;
6a3feaaa0cc7ebc213990c4e;Dumbbell Montado Anilha Sport Emborrachado Pegada Injetada 30kg;DMOASEIN30;Dumbbells;Dumbbell Montado;par;30;;9506.91.00;;true;;;Emborrachado;Injetada;;;Anilha Sport;Montado;;;;;;false;3164;
6a3feaaa0cc7ebc213990c4f;Dumbbell Montado Anilha Sport Emborrachado Pegada Injetada 32kg;DMOASEIN32;Dumbbells;Dumbbell Montado;par;32;;9506.91.00;;true;;;Emborrachado;Injetada;;;Anilha Sport;Montado;;;;;;false;3164;
6a3feaaa0cc7ebc213990c50;Dumbbell Montado Anilha Sport Emborrachado Pegada Injetada 34kg;DMOASEIN34;Dumbbells;Dumbbell Montado;par;34;;9506.91.00;;true;;;Emborrachado;Injetada;;;Anilha Sport;Montado;;;;;;false;3164;
6a3feaaa0cc7ebc213990c51;Dumbbell Montado Anilha Sport Emborrachado Pegada Injetada 36kg;DMOASEIN36;Dumbbells;Dumbbell Montado;par;36;;9506.91.00;;true;;;Emborrachado;Injetada;;;Anilha Sport;Montado;;;;;;false;3164;
6a3feaaa0cc7ebc213990c52;Dumbbell Montado Anilha Sport Emborrachado Pegada Injetada 38kg;DMOASEIN38;Dumbbells;Dumbbell Montado;par;38;;9506.91.00;;true;;;Emborrachado;Injetada;;;Anilha Sport;Montado;;;;;;false;3164;
6a3feaaa0cc7ebc213990c53;Dumbbell Montado Anilha Sport Emborrachado Pegada Injetada 40kg;DMOASEIN40;Dumbbells;Dumbbell Montado;par;40;;9506.91.00;;true;;;Emborrachado;Injetada;;;Anilha Sport;Montado;;;;;;false;3164;
6a3feaaa0cc7ebc213990c54;Dumbbell Montado Anilha Sport Emborrachado Pegada Injetada 42kg;DMOASEIN42;Dumbbells;Dumbbell Montado;par;42;;9506.91.00;;true;;;Emborrachado;Injetada;;;Anilha Sport;Montado;;;;;;false;3164;
6a3feaac4a5d2ebad1e9494b;Dumbbell Sextavado Emborrachado Pegada Injetada 36kg;DSXEIN36;Dumbbells;Dumbbell Sextavado;par;36;;9506.91.00;;true;;;Emborrachado;Injetada;;;;Sextavado;;;;;;false;3164;
6a3feaac4a5d2ebad1e9494c;Dumbbell Sextavado Emborrachado Pegada Injetada 38kg;DSXEIN38;Dumbbells;Dumbbell Sextavado;par;38;;9506.91.00;;true;;;Emborrachado;Injetada;;;;Sextavado;;;;;;false;3164;
6a3feaac4a5d2ebad1e9494d;Dumbbell Sextavado Emborrachado Pegada Injetada 40kg;DSXEIN40;Dumbbells;Dumbbell Sextavado;par;40;;9506.91.00;;true;;;Emborrachado;Injetada;;;;Sextavado;;;;;;false;3164;
6a3feaac4a5d2ebad1e9494e;Dumbbell Sextavado Emborrachado Pegada Injetada 42kg;DSXEIN42;Dumbbells;Dumbbell Sextavado;par;42;;9506.91.00;;true;;;Emborrachado;Injetada;;;;Sextavado;;;;;;false;3164;
6a3feaac4a5d2ebad1e9494f;Dumbbell Sextavado Emborrachado Pegada Injetada 44kg;DSXEIN44;Dumbbells;Dumbbell Sextavado;par;44;;9506.91.00;;true;;;Emborrachado;Injetada;;;;Sextavado;;;;;;false;3164;
6a3feaac4a5d2ebad1e94950;Dumbbell Sextavado Emborrachado Pegada Injetada 46kg;DSXEIN46;Dumbbells;Dumbbell Sextavado;par;46;;9506.91.00;;true;;;Emborrachado;Injetada;;;;Sextavado;;;;;;false;3164;
6a3feaac4a5d2ebad1e94951;Dumbbell Sextavado Emborrachado Pegada Injetada 48kg;DSXEIN48;Dumbbells;Dumbbell Sextavado;par;48;;9506.91.00;;true;;;Emborrachado;Injetada;;;;Sextavado;;;;;;false;3164;
6a3feaac4a5d2ebad1e94952;Dumbbell Sextavado Emborrachado Pegada Injetada 50kg;DSXEIN50;Dumbbells;Dumbbell Sextavado;par;50;;9506.91.00;;true;;;Emborrachado;Injetada;;;;Sextavado;;;;;;false;3164;
6a3feaacbbf27f5ae7f19258;Dumbbell Montado Anilha Sport Emborrachado Pegada Injetada 44kg;DMOASEIN44;Dumbbells;Dumbbell Montado;par;44;;9506.91.00;;true;;;Emborrachado;Injetada;;;Anilha Sport;Montado;;;;;;false;3164;
6a3feaacbbf27f5ae7f19259;Dumbbell Montado Anilha Sport Emborrachado Pegada Injetada 46kg;DMOASEIN46;Dumbbells;Dumbbell Montado;par;46;;9506.91.00;;true;;;Emborrachado;Injetada;;;Anilha Sport;Montado;;;;;;false;3164;
6a3feaacbbf27f5ae7f1925a;Dumbbell Montado Anilha Sport Emborrachado Pegada Injetada 48kg;DMOASEIN48;Dumbbells;Dumbbell Montado;par;48;;9506.91.00;;true;;;Emborrachado;Injetada;;;Anilha Sport;Montado;;;;;;false;3164;
6a3feaacbbf27f5ae7f1925b;Dumbbell Montado Anilha Sport Emborrachado Pegada Injetada 50kg;DMOASEIN50;Dumbbells;Dumbbell Montado;par;50;;9506.91.00;;true;;;Emborrachado;Injetada;;;Anilha Sport;Montado;;;;;;false;3164;
6a3feaacbbf27f5ae7f1925c;Dumbbell Monobloco Pintado Pegada Recartilhada 10kg;DMBPR10;Dumbbells;Dumbbell Monobloco;par;10;https://anilhasehalteresbrasil.com.br/wp-content/uploads/2022/05/IMG-20220427-WA0331.jpg;9506.91.00;;true;;;Pintado;Recartilhada;;;;Monobloco;;;;;;false;3164;
6a3feaacbbf27f5ae7f1925d;Dumbbell Monobloco Pintado Pegada Recartilhada 12kg;DMBPR12;Dumbbells;Dumbbell Monobloco;par;12;https://anilhasehalteresbrasil.com.br/wp-content/uploads/2022/05/IMG-20220427-WA0331.jpg;9506.91.00;;true;;;Pintado;Recartilhada;;;;Monobloco;;;;;;false;3164;
6a3feaacbbf27f5ae7f1925e;Dumbbell Monobloco Pintado Pegada Recartilhada 14kg;DMBPR14;Dumbbells;Dumbbell Monobloco;par;14;https://anilhasehalteresbrasil.com.br/wp-content/uploads/2022/05/IMG-20220427-WA0331.jpg;9506.91.00;;true;;;Pintado;Recartilhada;;;;Monobloco;;;;;;false;3164;
6a3feaacbbf27f5ae7f1925f;Dumbbell Monobloco Pintado Pegada Recartilhada 16kg;DMBPR16;Dumbbells;Dumbbell Monobloco;par;16;https://anilhasehalteresbrasil.com.br/wp-content/uploads/2022/05/IMG-20220427-WA0331.jpg;9506.91.00;;true;;;Pintado;Recartilhada;;;;Monobloco;;;;;;false;3164;
6a3feaacbbf27f5ae7f19260;Dumbbell Monobloco Pintado Pegada Recartilhada 18kg;DMBPR18;Dumbbells;Dumbbell Monobloco;par;18;https://anilhasehalteresbrasil.com.br/wp-content/uploads/2022/05/IMG-20220427-WA0331.jpg;9506.91.00;;true;;;Pintado;Recartilhada;;;;Monobloco;;;;;;false;3164;
6a3feaacbbf27f5ae7f19261;Dumbbell Monobloco Pintado Pegada Recartilhada 20kg;DMBPR20;Dumbbells;Dumbbell Monobloco;par;20;https://anilhasehalteresbrasil.com.br/wp-content/uploads/2022/05/IMG-20220427-WA0331.jpg;9506.91.00;;true;;;Pintado;Recartilhada;;;;Monobloco;;;;;;false;3164;
6a3feaacbbf27f5ae7f19262;Dumbbell Monobloco Pintado Pegada Recartilhada 22kg;DMBPR22;Dumbbells;Dumbbell Monobloco;par;22;https://anilhasehalteresbrasil.com.br/wp-content/uploads/2022/05/IMG-20220427-WA0331.jpg;9506.91.00;;true;;;Pintado;Recartilhada;;;;Monobloco;;;;;;false;3164;
6a3feaacbbf27f5ae7f19263;Dumbbell Monobloco Pintado Pegada Recartilhada 24kg;DMBPR24;Dumbbells;Dumbbell Monobloco;par;24;https://anilhasehalteresbrasil.com.br/wp-content/uploads/2022/05/IMG-20220427-WA0331.jpg;9506.91.00;;true;;;Pintado;Recartilhada;;;;Monobloco;;;;;;false;3164;
6a3feaacbbf27f5ae7f19264;Dumbbell Monobloco Pintado Pegada Recartilhada 26kg;DMBPR26;Dumbbells;Dumbbell Monobloco;par;26;https://anilhasehalteresbrasil.com.br/wp-content/uploads/2022/05/IMG-20220427-WA0331.jpg;9506.91.00;;true;;;Pintado;Recartilhada;;;;Monobloco;;;;;;false;3164;
6a3feaacbbf27f5ae7f19265;Dumbbell Monobloco Pintado Pegada Recartilhada 28kg;DMBPR28;Dumbbells;Dumbbell Monobloco;par;28;https://anilhasehalteresbrasil.com.br/wp-content/uploads/2022/05/IMG-20220427-WA0331.jpg;9506.91.00;;true;;;Pintado;Recartilhada;;;;Monobloco;;;;;;false;3164;
6a3feaacbbf27f5ae7f19266;Dumbbell Monobloco Pintado Pegada Recartilhada 30kg;DMBPR30;Dumbbells;Dumbbell Monobloco;par;30;https://anilhasehalteresbrasil.com.br/wp-content/uploads/2022/05/IMG-20220427-WA0331.jpg;9506.91.00;;true;;;Pintado;Recartilhada;;;;Monobloco;;;;;;false;3164;
6a3feaacbbf27f5ae7f19267;Dumbbell Monobloco Pintado Pegada Recartilhada 32kg;DMBPR32;Dumbbells;Dumbbell Monobloco;par;32;https://anilhasehalteresbrasil.com.br/wp-content/uploads/2022/05/IMG-20220427-WA0331.jpg;9506.91.00;;true;;;Pintado;Recartilhada;;;;Monobloco;;;;;;false;3164;
6a3feaacbbf27f5ae7f19268;Dumbbell Monobloco Pintado Pegada Recartilhada 34kg;DMBPR34;Dumbbells;Dumbbell Monobloco;par;34;https://anilhasehalteresbrasil.com.br/wp-content/uploads/2022/05/IMG-20220427-WA0331.jpg;9506.91.00;;true;;;Pintado;Recartilhada;;;;Monobloco;;;;;;false;3164;
6a3feaacbbf27f5ae7f19269;Dumbbell Monobloco Pintado Pegada Recartilhada 36kg;DMBPR36;Dumbbells;Dumbbell Monobloco;par;36;https://anilhasehalteresbrasil.com.br/wp-content/uploads/2022/05/IMG-20220427-WA0331.jpg;9506.91.00;;true;;;Pintado;Recartilhada;;;;Monobloco;;;;;;false;3164;
6a3feaacbbf27f5ae7f1926a;Dumbbell Monobloco Pintado Pegada Recartilhada 38kg;DMBPR38;Dumbbells;Dumbbell Monobloco;par;38;https://anilhasehalteresbrasil.com.br/wp-content/uploads/2022/05/IMG-20220427-WA0331.jpg;9506.91.00;;true;;;Pintado;Recartilhada;;;;Monobloco;;;;;;false;3164;
6a3feaacbbf27f5ae7f1926b;Dumbbell Monobloco Pintado Pegada Recartilhada 40kg;DMBPR40;Dumbbells;Dumbbell Monobloco;par;40;https://anilhasehalteresbrasil.com.br/wp-content/uploads/2022/05/IMG-20220427-WA0331.jpg;9506.91.00;;true;;;Pintado;Recartilhada;;;;Monobloco;;;;;;false;3164;
6a3feaacbbf27f5ae7f1926c;Dumbbell Monobloco Pintado Pegada Recartilhada 42kg;DMBPR42;Dumbbells;Dumbbell Monobloco;par;42;https://anilhasehalteresbrasil.com.br/wp-content/uploads/2022/05/IMG-20220427-WA0331.jpg;9506.91.00;;true;;;Pintado;Recartilhada;;;;Monobloco;;;;;;false;3164;
6a3feaacbbf27f5ae7f1926d;Dumbbell Monobloco Pintado Pegada Recartilhada 44kg;DMBPR44;Dumbbells;Dumbbell Monobloco;par;44;https://anilhasehalteresbrasil.com.br/wp-content/uploads/2022/05/IMG-20220427-WA0331.jpg;9506.91.00;;true;;;Pintado;Recartilhada;;;;Monobloco;;;;;;false;3164;
6a3feaacbbf27f5ae7f1926e;Dumbbell Monobloco Pintado Pegada Recartilhada 46kg;DMBPR46;Dumbbells;Dumbbell Monobloco;par;46;https://anilhasehalteresbrasil.com.br/wp-content/uploads/2022/05/IMG-20220427-WA0331.jpg;9506.91.00;;true;;;Pintado;Recartilhada;;;;Monobloco;;;;;;false;3164;
6a3feaacbbf27f5ae7f1926f;Dumbbell Monobloco Pintado Pegada Recartilhada 48kg;DMBPR48;Dumbbells;Dumbbell Monobloco;par;48;https://anilhasehalteresbrasil.com.br/wp-content/uploads/2022/05/IMG-20220427-WA0331.jpg;9506.91.00;;true;;;Pintado;Recartilhada;;;;Monobloco;;;;;;false;3164;
6a3feaacbbf27f5ae7f19270;Dumbbell Monobloco Pintado Pegada Recartilhada 50kg;DMBPR50;Dumbbells;Dumbbell Monobloco;par;50;https://anilhasehalteresbrasil.com.br/wp-content/uploads/2022/05/IMG-20220427-WA0331.jpg;9506.91.00;;true;;;Pintado;Recartilhada;;;;Monobloco;;;;;;false;3164;
6a3feaacbbf27f5ae7f19271;Dumbbell Monobloco Pintado Pegada Pintada 10kg;DMBPPT10;Dumbbells;Dumbbell Monobloco;par;10;;9506.91.00;;true;;;Pintado;Pintada;;;;Monobloco;;;;;;false;3164;
6a3feaacbbf27f5ae7f19272;Dumbbell Monobloco Pintado Pegada Pintada 12kg;DMBPPT12;Dumbbells;Dumbbell Monobloco;par;12;;9506.91.00;;true;;;Pintado;Pintada;;;;Monobloco;;;;;;false;3164;
6a3feaacbbf27f5ae7f19273;Dumbbell Monobloco Pintado Pegada Pintada 14kg;DMBPPT14;Dumbbells;Dumbbell Monobloco;par;14;;9506.91.00;;true;;;Pintado;Pintada;;;;Monobloco;;;;;;false;3164;
6a3feaacbbf27f5ae7f19274;Dumbbell Monobloco Pintado Pegada Pintada 16kg;DMBPPT16;Dumbbells;Dumbbell Monobloco;par;16;;9506.91.00;;true;;;Pintado;Pintada;;;;Monobloco;;;;;;false;3164;
6a3feaacbbf27f5ae7f19275;Dumbbell Monobloco Pintado Pegada Pintada 18kg;DMBPPT18;Dumbbells;Dumbbell Monobloco;par;18;;9506.91.00;;true;;;Pintado;Pintada;;;;Monobloco;;;;;;false;3164;
6a3feaacbbf27f5ae7f19276;Dumbbell Monobloco Pintado Pegada Pintada 20kg;DMBPPT20;Dumbbells;Dumbbell Monobloco;par;20;;9506.91.00;;true;;;Pintado;Pintada;;;;Monobloco;;;;;;false;3164;
6a3feaacbbf27f5ae7f19277;Dumbbell Monobloco Pintado Pegada Pintada 22kg;DMBPPT22;Dumbbells;Dumbbell Monobloco;par;22;;9506.91.00;;true;;;Pintado;Pintada;;;;Monobloco;;;;;;false;3164;
6a3feaacbbf27f5ae7f19278;Dumbbell Monobloco Pintado Pegada Pintada 24kg;DMBPPT24;Dumbbells;Dumbbell Monobloco;par;24;;9506.91.00;;true;;;Pintado;Pintada;;;;Monobloco;;;;;;false;3164;
6a3feaacbbf27f5ae7f19279;Dumbbell Monobloco Pintado Pegada Pintada 26kg;DMBPPT26;Dumbbells;Dumbbell Monobloco;par;26;;9506.91.00;;true;;;Pintado;Pintada;;;;Monobloco;;;;;;false;3164;
6a3feaacbbf27f5ae7f1927a;Dumbbell Monobloco Pintado Pegada Pintada 28kg;DMBPPT28;Dumbbells;Dumbbell Monobloco;par;28;;9506.91.00;;true;;;Pintado;Pintada;;;;Monobloco;;;;;;false;3164;
6a3feaacbbf27f5ae7f1927b;Dumbbell Monobloco Pintado Pegada Pintada 30kg;DMBPPT30;Dumbbells;Dumbbell Monobloco;par;30;;9506.91.00;;true;;;Pintado;Pintada;;;;Monobloco;;;;;;false;3164;
6a3feaacbbf27f5ae7f1927c;Dumbbell Monobloco Pintado Pegada Pintada 32kg;DMBPPT32;Dumbbells;Dumbbell Monobloco;par;32;;9506.91.00;;true;;;Pintado;Pintada;;;;Monobloco;;;;;;false;3164;
6a3feaacbbf27f5ae7f1927d;Dumbbell Monobloco Pintado Pegada Pintada 34kg;DMBPPT34;Dumbbells;Dumbbell Monobloco;par;34;;9506.91.00;;true;;;Pintado;Pintada;;;;Monobloco;;;;;;false;3164;
6a3feaacbbf27f5ae7f1927e;Dumbbell Monobloco Pintado Pegada Pintada 36kg;DMBPPT36;Dumbbells;Dumbbell Monobloco;par;36;;9506.91.00;;true;;;Pintado;Pintada;;;;Monobloco;;;;;;false;3164;
6a3feaacbbf27f5ae7f1927f;Dumbbell Monobloco Pintado Pegada Pintada 38kg;DMBPPT38;Dumbbells;Dumbbell Monobloco;par;38;;9506.91.00;;true;;;Pintado;Pintada;;;;Monobloco;;;;;;false;3164;
6a3feaacbbf27f5ae7f19280;Dumbbell Monobloco Pintado Pegada Pintada 40kg;DMBPPT40;Dumbbells;Dumbbell Monobloco;par;40;;9506.91.00;;true;;;Pintado;Pintada;;;;Monobloco;;;;;;false;3164;
6a3feaacbbf27f5ae7f19281;Dumbbell Monobloco Pintado Pegada Pintada 42kg;DMBPPT42;Dumbbells;Dumbbell Monobloco;par;42;;9506.91.00;;true;;;Pintado;Pintada;;;;Monobloco;;;;;;false;3164;
6a3feaacbbf27f5ae7f19282;Dumbbell Monobloco Pintado Pegada Pintada 44kg;DMBPPT44;Dumbbells;Dumbbell Monobloco;par;44;;9506.91.00;;true;;;Pintado;Pintada;;;;Monobloco;;;;;;false;3164;
6a3feaacbbf27f5ae7f19283;Dumbbell Monobloco Pintado Pegada Pintada 46kg;DMBPPT46;Dumbbells;Dumbbell Monobloco;par;46;;9506.91.00;;true;;;Pintado;Pintada;;;;Monobloco;;;;;;false;3164;
6a3feaacbbf27f5ae7f19284;Dumbbell Monobloco Pintado Pegada Pintada 48kg;DMBPPT48;Dumbbells;Dumbbell Monobloco;par;48;;9506.91.00;;true;;;Pintado;Pintada;;;;Monobloco;;;;;;false;3164;
6a3feaacbbf27f5ae7f19285;Dumbbell Monobloco Pintado Pegada Pintada 50kg;DMBPPT50;Dumbbells;Dumbbell Monobloco;par;50;;9506.91.00;;true;;;Pintado;Pintada;;;;Monobloco;;;;;;false;3164;
6a3feaacbbf27f5ae7f19286;Dumbbell Monobloco Pintado Pegada Emborrachada 10kg;DMBPEB10;Dumbbells;Dumbbell Monobloco;par;10;https://img.irroba.com.br/fit-in/1000x1000/filters:fill(fff):quality(80)/anilhasd/catalog/dumbbells/dumbbells-pintados/af-dmb-p-pe-10-a.jpg;9506.91.00;;true;;;Pintado;Emborrachada;;;;Monobloco;;;;;;false;3164;
6a3feaacbbf27f5ae7f19287;Dumbbell Monobloco Pintado Pegada Emborrachada 12kg;DMBPEB12;Dumbbells;Dumbbell Monobloco;par;12;https://img.irroba.com.br/fit-in/1000x1000/filters:fill(fff):quality(80)/anilhasd/catalog/dumbbells/dumbbells-pintados/af-dmb-p-pe-12-ax.jpg;9506.91.00;;true;;;Pintado;Emborrachada;;;;Monobloco;;;;;;false;3164;
6a3feaacbbf27f5ae7f19288;Dumbbell Monobloco Pintado Pegada Emborrachada 14kg;DMBPEB14;Dumbbells;Dumbbell Monobloco;par;14;https://img.irroba.com.br/fit-in/1000x1000/filters:fill(fff):quality(80)/anilhasd/catalog/dumbbells/dumbbells-pintados/af-dmb-p-pe-14-ax.jpg;9506.91.00;;true;;;Pintado;Emborrachada;;;;Monobloco;;;;;;false;3164;
6a3feaacbbf27f5ae7f19289;Dumbbell Monobloco Pintado Pegada Emborrachada 16kg;DMBPEB16;Dumbbells;Dumbbell Monobloco;par;16;https://img.irroba.com.br/fit-in/1000x1000/filters:fill(fff):quality(80)/anilhasd/catalog/dumbbells/dumbbells-pintados/af-dmb-p-pe-16-a.jpg;9506.91.00;;true;;;Pintado;Emborrachada;;;;Monobloco;;;;;;false;3164;
6a3feaacbbf27f5ae7f1928a;Dumbbell Monobloco Pintado Pegada Emborrachada 18kg;DMBPEB18;Dumbbells;Dumbbell Monobloco;par;18;https://img.irroba.com.br/fit-in/1000x1000/filters:fill(fff):quality(80)/anilhasd/catalog/dumbbells/dumbbells-pintados/af-dmb-p-pe-18-a.jpg;9506.91.00;;true;;;Pintado;Emborrachada;;;;Monobloco;;;;;;false;3164;
6a3feaacbbf27f5ae7f1928b;Dumbbell Monobloco Pintado Pegada Emborrachada 20kg;DMBPEB20;Dumbbells;Dumbbell Monobloco;par;20;https://img.irroba.com.br/fit-in/1000x1000/filters:fill(fff):quality(80)/anilhasd/catalog/dumbbells/dumbbells-pintados/af-dmb-p-pe-20-a.jpg;9506.91.00;;true;;;Pintado;Emborrachada;;;;Monobloco;;;;;;false;3164;
6a3feaacbbf27f5ae7f1928c;Dumbbell Monobloco Pintado Pegada Emborrachada 22kg;DMBPEB22;Dumbbells;Dumbbell Monobloco;par;22;https://img.irroba.com.br/fit-in/1000x1000/filters:fill(fff):quality(80)/anilhasd/catalog/dumbbells/dumbbells-pintados/af-dmb-p-pe-22-a.jpg;9506.91.00;;true;;;Pintado;Emborrachada;;;;Monobloco;;;;;;false;3164;
6a3feaacbbf27f5ae7f1928d;Dumbbell Monobloco Pintado Pegada Emborrachada 24kg;DMBPEB24;Dumbbells;Dumbbell Monobloco;par;24;https://img.irroba.com.br/fit-in/1000x1000/filters:fill(fff):quality(80)/anilhasd/catalog/dumbbells/dumbbells-pintados/af-dmb-p-pe-24-a.jpg;9506.91.00;;true;;;Pintado;Emborrachada;;;;Monobloco;;;;;;false;3164;
6a3feaacbbf27f5ae7f1928e;Dumbbell Monobloco Pintado Pegada Emborrachada 26kg;DMBPEB26;Dumbbells;Dumbbell Monobloco;par;26;https://img.irroba.com.br/fit-in/1000x1000/filters:fill(fff):quality(80)/anilhasd/catalog/dumbbells/dumbbells-pintados/af-dmb-p-pe-26-a.jpg;9506.91.00;;true;;;Pintado;Emborrachada;;;;Monobloco;;;;;;false;3164;
6a3feaacbbf27f5ae7f1928f;Dumbbell Monobloco Pintado Pegada Emborrachada 28kg;DMBPEB28;Dumbbells;Dumbbell Monobloco;par;28;https://img.irroba.com.br/fit-in/1000x1000/filters:fill(fff):quality(80)/anilhasd/catalog/dumbbells/dumbbells-pintados/af-dmb-p-pe-28-a.jpg;9506.91.00;;true;;;Pintado;Emborrachada;;;;Monobloco;;;;;;false;3164;
6a3feaacbbf27f5ae7f19290;Dumbbell Monobloco Pintado Pegada Emborrachada 30kg;DMBPEB30;Dumbbells;Dumbbell Monobloco;par;30;https://img.irroba.com.br/fit-in/1000x1000/filters:fill(fff):quality(80)/anilhasd/catalog/dumbbells/dumbbells-pintados/af-dmb-p-pe-30-a.jpg;9506.91.00;;true;;;Pintado;Emborrachada;;;;Monobloco;;;;;;false;3164;
6a3feaacbbf27f5ae7f19291;Dumbbell Monobloco Pintado Pegada Emborrachada 32kg;DMBPEB32;Dumbbells;Dumbbell Monobloco;par;32;;9506.91.00;;true;;;Pintado;Emborrachada;;;;Monobloco;;;;;;false;3164;
6a3feaacbbf27f5ae7f19292;Dumbbell Monobloco Pintado Pegada Emborrachada 34kg;DMBPEB34;Dumbbells;Dumbbell Monobloco;par;34;;9506.91.00;;true;;;Pintado;Emborrachada;;;;Monobloco;;;;;;false;3164;
6a3feaacbbf27f5ae7f19293;Dumbbell Monobloco Pintado Pegada Emborrachada 36kg;DMBPEB36;Dumbbells;Dumbbell Monobloco;par;36;;9506.91.00;;true;;;Pintado;Emborrachada;;;;Monobloco;;;;;;false;3164;
6a3feaacbbf27f5ae7f19294;Dumbbell Monobloco Pintado Pegada Emborrachada 38kg;DMBPEB38;Dumbbells;Dumbbell Monobloco;par;38;;9506.91.00;;true;;;Pintado;Emborrachada;;;;Monobloco;;;;;;false;3164;
6a3feaacbbf27f5ae7f19295;Dumbbell Monobloco Pintado Pegada Emborrachada 40kg;DMBPEB40;Dumbbells;Dumbbell Monobloco;par;40;;9506.91.00;;true;;;Pintado;Emborrachada;;;;Monobloco;;;;;;false;3164;
6a3feaacbbf27f5ae7f19296;Dumbbell Monobloco Pintado Pegada Emborrachada 42kg;DMBPEB42;Dumbbells;Dumbbell Monobloco;par;42;;9506.91.00;;true;;;Pintado;Emborrachada;;;;Monobloco;;;;;;false;3164;
6a3feaacbbf27f5ae7f19297;Dumbbell Monobloco Pintado Pegada Emborrachada 44kg;DMBPEB44;Dumbbells;Dumbbell Monobloco;par;44;;9506.91.00;;true;;;Pintado;Emborrachada;;;;Monobloco;;;;;;false;3164;
6a3feaacbbf27f5ae7f19298;Dumbbell Monobloco Pintado Pegada Emborrachada 46kg;DMBPEB46;Dumbbells;Dumbbell Monobloco;par;46;;9506.91.00;;true;;;Pintado;Emborrachada;;;;Monobloco;;;;;;false;3164;
6a3feaacbbf27f5ae7f19299;Dumbbell Monobloco Pintado Pegada Emborrachada 48kg;DMBPEB48;Dumbbells;Dumbbell Monobloco;par;48;;9506.91.00;;true;;;Pintado;Emborrachada;;;;Monobloco;;;;;;false;3164;
6a3feaacbbf27f5ae7f1929a;Dumbbell Monobloco Pintado Pegada Emborrachada 50kg;DMBPEB50;Dumbbells;Dumbbell Monobloco;par;50;;9506.91.00;;true;;;Pintado;Emborrachada;;;;Monobloco;;;;;;false;3164;
6a3feaacbbf27f5ae7f1929b;Dumbbell Monobloco Pintado Pegada Injetada 10kg;DMBPIN10;Dumbbells;Dumbbell Monobloco;par;10;;9506.91.00;;true;;;Pintado;Injetada;;;;Monobloco;;;;;;false;3164;
6a3feaacbbf27f5ae7f1929c;Dumbbell Monobloco Pintado Pegada Injetada 12kg;DMBPIN12;Dumbbells;Dumbbell Monobloco;par;12;;9506.91.00;;true;;;Pintado;Injetada;;;;Monobloco;;;;;;false;3164;
6a3feaacbbf27f5ae7f1929d;Dumbbell Monobloco Pintado Pegada Injetada 14kg;DMBPIN14;Dumbbells;Dumbbell Monobloco;par;14;;9506.91.00;;true;;;Pintado;Injetada;;;;Monobloco;;;;;;false;3164;
6a3feaacbbf27f5ae7f1929e;Dumbbell Monobloco Pintado Pegada Injetada 16kg;DMBPIN16;Dumbbells;Dumbbell Monobloco;par;16;;9506.91.00;;true;;;Pintado;Injetada;;;;Monobloco;;;;;;false;3164;
6a3feaacbbf27f5ae7f1929f;Dumbbell Monobloco Pintado Pegada Injetada 18kg;DMBPIN18;Dumbbells;Dumbbell Monobloco;par;18;;9506.91.00;;true;;;Pintado;Injetada;;;;Monobloco;;;;;;false;3164;
6a3feaacbbf27f5ae7f192a0;Dumbbell Monobloco Pintado Pegada Injetada 20kg;DMBPIN20;Dumbbells;Dumbbell Monobloco;par;20;;9506.91.00;;true;;;Pintado;Injetada;;;;Monobloco;;;;;;false;3164;
6a3feaacbbf27f5ae7f192a1;Dumbbell Monobloco Pintado Pegada Injetada 22kg;DMBPIN22;Dumbbells;Dumbbell Monobloco;par;22;;9506.91.00;;true;;;Pintado;Injetada;;;;Monobloco;;;;;;false;3164;
6a3feaacbbf27f5ae7f192a2;Dumbbell Monobloco Pintado Pegada Injetada 24kg;DMBPIN24;Dumbbells;Dumbbell Monobloco;par;24;;9506.91.00;;true;;;Pintado;Injetada;;;;Monobloco;;;;;;false;3164;
6a3feaacbbf27f5ae7f192a3;Dumbbell Monobloco Pintado Pegada Injetada 26kg;DMBPIN26;Dumbbells;Dumbbell Monobloco;par;26;;9506.91.00;;true;;;Pintado;Injetada;;;;Monobloco;;;;;;false;3164;
6a3feaacbbf27f5ae7f192a4;Dumbbell Monobloco Pintado Pegada Injetada 28kg;DMBPIN28;Dumbbells;Dumbbell Monobloco;par;28;;9506.91.00;;true;;;Pintado;Injetada;;;;Monobloco;;;;;;false;3164;
6a3feaacbbf27f5ae7f192a5;Dumbbell Monobloco Pintado Pegada Injetada 30kg;DMBPIN30;Dumbbells;Dumbbell Monobloco;par;30;;9506.91.00;;true;;;Pintado;Injetada;;;;Monobloco;;;;;;false;3164;
6a3feaacbbf27f5ae7f192a6;Dumbbell Monobloco Pintado Pegada Injetada 32kg;DMBPIN32;Dumbbells;Dumbbell Monobloco;par;32;;9506.91.00;;true;;;Pintado;Injetada;;;;Monobloco;;;;;;false;3164;
6a3feaacbbf27f5ae7f192a7;Dumbbell Monobloco Pintado Pegada Injetada 34kg;DMBPIN34;Dumbbells;Dumbbell Monobloco;par;34;;9506.91.00;;true;;;Pintado;Injetada;;;;Monobloco;;;;;;false;3164;
6a3feaacbbf27f5ae7f192a8;Dumbbell Monobloco Pintado Pegada Injetada 36kg;DMBPIN36;Dumbbells;Dumbbell Monobloco;par;36;;9506.91.00;;true;;;Pintado;Injetada;;;;Monobloco;;;;;;false;3164;
6a3feaacbbf27f5ae7f192a9;Dumbbell Monobloco Pintado Pegada Injetada 38kg;DMBPIN38;Dumbbells;Dumbbell Monobloco;par;38;;9506.91.00;;true;;;Pintado;Injetada;;;;Monobloco;;;;;;false;3164;
6a3feaacbbf27f5ae7f192aa;Dumbbell Monobloco Pintado Pegada Injetada 40kg;DMBPIN40;Dumbbells;Dumbbell Monobloco;par;40;;9506.91.00;;true;;;Pintado;Injetada;;;;Monobloco;;;;;;false;3164;
6a3feaacbbf27f5ae7f192ab;Dumbbell Monobloco Pintado Pegada Injetada 42kg;DMBPIN42;Dumbbells;Dumbbell Monobloco;par;42;;9506.91.00;;true;;;Pintado;Injetada;;;;Monobloco;;;;;;false;3164;
6a3feaacbbf27f5ae7f192ac;Dumbbell Monobloco Pintado Pegada Injetada 44kg;DMBPIN44;Dumbbells;Dumbbell Monobloco;par;44;;9506.91.00;;true;;;Pintado;Injetada;;;;Monobloco;;;;;;false;3164;
6a3feaacbbf27f5ae7f192ad;Dumbbell Monobloco Pintado Pegada Injetada 46kg;DMBPIN46;Dumbbells;Dumbbell Monobloco;par;46;;9506.91.00;;true;;;Pintado;Injetada;;;;Monobloco;;;;;;false;3164;
6a3feaacbbf27f5ae7f192ae;Dumbbell Monobloco Pintado Pegada Injetada 48kg;DMBPIN48;Dumbbells;Dumbbell Monobloco;par;48;;9506.91.00;;true;;;Pintado;Injetada;;;;Monobloco;;;;;;false;3164;
6a3feaacbbf27f5ae7f192af;Dumbbell Monobloco Pintado Pegada Injetada 50kg;DMBPIN50;Dumbbells;Dumbbell Monobloco;par;50;;9506.91.00;;true;;;Pintado;Injetada;;;;Monobloco;;;;;;false;3164;
6a3feaacbbf27f5ae7f192b0;Dumbbell Monobloco Injetado Pegada Recartilhada 10kg;DMBIR10;Dumbbells;Dumbbell Monobloco;par;10;https://base44.app/api/apps/68c9d5dd3cf0f8fd8a834875/files/mp/public/68c9d5dd3cf0f8fd8a834875/195d993ba_dumbbell-monobloco-halter-fixo-academia-musculacao.webp;9506.91.00;;true;;;Injetado;Recartilhada;;;;Monobloco;;;;;;false;3164;
6a3feaacbbf27f5ae7f192b1;Dumbbell Monobloco Injetado Pegada Recartilhada 12kg;DMBIR12;Dumbbells;Dumbbell Monobloco;par;12;https://base44.app/api/apps/68c9d5dd3cf0f8fd8a834875/files/mp/public/68c9d5dd3cf0f8fd8a834875/195d993ba_dumbbell-monobloco-halter-fixo-academia-musculacao.webp;9506.91.00;;true;;;Injetado;Recartilhada;;;;Monobloco;;;;;;false;3164;
6a3feaacbbf27f5ae7f192b2;Dumbbell Monobloco Injetado Pegada Recartilhada 14kg;DMBIR14;Dumbbells;Dumbbell Monobloco;par;14;https://base44.app/api/apps/68c9d5dd3cf0f8fd8a834875/files/mp/public/68c9d5dd3cf0f8fd8a834875/195d993ba_dumbbell-monobloco-halter-fixo-academia-musculacao.webp;9506.91.00;;true;;;Injetado;Recartilhada;;;;Monobloco;;;;;;false;3164;
6a3feaacbbf27f5ae7f192b3;Dumbbell Monobloco Injetado Pegada Recartilhada 16kg;DMBIR16;Dumbbells;Dumbbell Monobloco;par;16;https://base44.app/api/apps/68c9d5dd3cf0f8fd8a834875/files/mp/public/68c9d5dd3cf0f8fd8a834875/195d993ba_dumbbell-monobloco-halter-fixo-academia-musculacao.webp;9506.91.00;;true;;;Injetado;Recartilhada;;;;Monobloco;;;;;;false;3164;
6a3feaacbbf27f5ae7f192b4;Dumbbell Monobloco Injetado Pegada Recartilhada 18kg;DMBIR18;Dumbbells;Dumbbell Monobloco;par;18;https://base44.app/api/apps/68c9d5dd3cf0f8fd8a834875/files/mp/public/68c9d5dd3cf0f8fd8a834875/195d993ba_dumbbell-monobloco-halter-fixo-academia-musculacao.webp;9506.91.00;;true;;;Injetado;Recartilhada;;;;Monobloco;;;;;;false;3164;
6a3feaacbbf27f5ae7f192b5;Dumbbell Monobloco Injetado Pegada Recartilhada 20kg;DMBIR20;Dumbbells;Dumbbell Monobloco;par;20;https://base44.app/api/apps/68c9d5dd3cf0f8fd8a834875/files/mp/public/68c9d5dd3cf0f8fd8a834875/195d993ba_dumbbell-monobloco-halter-fixo-academia-musculacao.webp;9506.91.00;;true;;;Injetado;Recartilhada;;;;Monobloco;;;;;;false;3164;
6a3feaacbbf27f5ae7f192b6;Dumbbell Monobloco Injetado Pegada Recartilhada 22kg;DMBIR22;Dumbbells;Dumbbell Monobloco;par;22;https://base44.app/api/apps/68c9d5dd3cf0f8fd8a834875/files/mp/public/68c9d5dd3cf0f8fd8a834875/195d993ba_dumbbell-monobloco-halter-fixo-academia-musculacao.webp;9506.91.00;;true;;;Injetado;Recartilhada;;;;Monobloco;;;;;;false;3164;
6a3feaacbbf27f5ae7f192b7;Dumbbell Monobloco Injetado Pegada Recartilhada 24kg;DMBIR24;Dumbbells;Dumbbell Monobloco;par;24;https://base44.app/api/apps/68c9d5dd3cf0f8fd8a834875/files/mp/public/68c9d5dd3cf0f8fd8a834875/195d993ba_dumbbell-monobloco-halter-fixo-academia-musculacao.webp;9506.91.00;;true;;;Injetado;Recartilhada;;;;Monobloco;;;;;;false;3164;
6a3feaacbbf27f5ae7f192b8;Dumbbell Monobloco Injetado Pegada Recartilhada 26kg;DMBIR26;Dumbbells;Dumbbell Monobloco;par;26;https://base44.app/api/apps/68c9d5dd3cf0f8fd8a834875/files/mp/public/68c9d5dd3cf0f8fd8a834875/195d993ba_dumbbell-monobloco-halter-fixo-academia-musculacao.webp;9506.91.00;;true;;;Injetado;Recartilhada;;;;Monobloco;;;;;;false;3164;
6a3feaacbbf27f5ae7f192b9;Dumbbell Monobloco Injetado Pegada Recartilhada 28kg;DMBIR28;Dumbbells;Dumbbell Monobloco;par;28;https://base44.app/api/apps/68c9d5dd3cf0f8fd8a834875/files/mp/public/68c9d5dd3cf0f8fd8a834875/195d993ba_dumbbell-monobloco-halter-fixo-academia-musculacao.webp;9506.91.00;;true;;;Injetado;Recartilhada;;;;Monobloco;;;;;;false;3164;
6a3feaacbbf27f5ae7f192ba;Dumbbell Monobloco Injetado Pegada Recartilhada 30kg;DMBIR30;Dumbbells;Dumbbell Monobloco;par;30;https://base44.app/api/apps/68c9d5dd3cf0f8fd8a834875/files/mp/public/68c9d5dd3cf0f8fd8a834875/195d993ba_dumbbell-monobloco-halter-fixo-academia-musculacao.webp;9506.91.00;;true;;;Injetado;Recartilhada;;;;Monobloco;;;;;;false;3164;
6a3feaacbbf27f5ae7f192bb;Dumbbell Monobloco Injetado Pegada Recartilhada 32kg;DMBIR32;Dumbbells;Dumbbell Monobloco;par;32;https://base44.app/api/apps/68c9d5dd3cf0f8fd8a834875/files/mp/public/68c9d5dd3cf0f8fd8a834875/195d993ba_dumbbell-monobloco-halter-fixo-academia-musculacao.webp;9506.91.00;;true;;;Injetado;Recartilhada;;;;Monobloco;;;;;;false;3164;
6a3feaacbbf27f5ae7f192bc;Dumbbell Monobloco Injetado Pegada Recartilhada 34kg;DMBIR34;Dumbbells;Dumbbell Monobloco;par;34;https://base44.app/api/apps/68c9d5dd3cf0f8fd8a834875/files/mp/public/68c9d5dd3cf0f8fd8a834875/195d993ba_dumbbell-monobloco-halter-fixo-academia-musculacao.webp;9506.91.00;;true;;;Injetado;Recartilhada;;;;Monobloco;;;;;;false;3164;
6a3feaacbbf27f5ae7f192bd;Dumbbell Monobloco Injetado Pegada Recartilhada 36kg;DMBIR36;Dumbbells;Dumbbell Monobloco;par;36;https://base44.app/api/apps/68c9d5dd3cf0f8fd8a834875/files/mp/public/68c9d5dd3cf0f8fd8a834875/195d993ba_dumbbell-monobloco-halter-fixo-academia-musculacao.webp;9506.91.00;;true;;;Injetado;Recartilhada;;;;Monobloco;;;;;;false;3164;
6a3feaacbbf27f5ae7f192be;Dumbbell Monobloco Injetado Pegada Recartilhada 38kg;DMBIR38;Dumbbells;Dumbbell Monobloco;par;38;https://base44.app/api/apps/68c9d5dd3cf0f8fd8a834875/files/mp/public/68c9d5dd3cf0f8fd8a834875/195d993ba_dumbbell-monobloco-halter-fixo-academia-musculacao.webp;9506.91.00;;true;;;Injetado;Recartilhada;;;;Monobloco;;;;;;false;3164;
6a3feaacbbf27f5ae7f192bf;Dumbbell Monobloco Injetado Pegada Recartilhada 40kg;DMBIR40;Dumbbells;Dumbbell Monobloco;par;40;https://base44.app/api/apps/68c9d5dd3cf0f8fd8a834875/files/mp/public/68c9d5dd3cf0f8fd8a834875/195d993ba_dumbbell-monobloco-halter-fixo-academia-musculacao.webp;9506.91.00;;true;;;Injetado;Recartilhada;;;;Monobloco;;;;;;false;3164;
6a3feaacbbf27f5ae7f192c0;Dumbbell Monobloco Injetado Pegada Recartilhada 42kg;DMBIR42;Dumbbells;Dumbbell Monobloco;par;42;https://base44.app/api/apps/68c9d5dd3cf0f8fd8a834875/files/mp/public/68c9d5dd3cf0f8fd8a834875/195d993ba_dumbbell-monobloco-halter-fixo-academia-musculacao.webp;9506.91.00;;true;;;Injetado;Recartilhada;;;;Monobloco;;;;;;false;3164;
6a3feaacbbf27f5ae7f192c1;Dumbbell Monobloco Injetado Pegada Recartilhada 44kg;DMBIR44;Dumbbells;Dumbbell Monobloco;par;44;https://base44.app/api/apps/68c9d5dd3cf0f8fd8a834875/files/mp/public/68c9d5dd3cf0f8fd8a834875/195d993ba_dumbbell-monobloco-halter-fixo-academia-musculacao.webp;9506.91.00;;true;;;Injetado;Recartilhada;;;;Monobloco;;;;;;false;3164;
6a3feaacbbf27f5ae7f192c2;Dumbbell Monobloco Injetado Pegada Recartilhada 46kg;DMBIR46;Dumbbells;Dumbbell Monobloco;par;46;https://base44.app/api/apps/68c9d5dd3cf0f8fd8a834875/files/mp/public/68c9d5dd3cf0f8fd8a834875/195d993ba_dumbbell-monobloco-halter-fixo-academia-musculacao.webp;9506.91.00;;true;;;Injetado;Recartilhada;;;;Monobloco;;;;;;false;3164;
6a3feaacbbf27f5ae7f192c3;Dumbbell Monobloco Injetado Pegada Recartilhada 48kg;DMBIR48;Dumbbells;Dumbbell Monobloco;par;48;https://base44.app/api/apps/68c9d5dd3cf0f8fd8a834875/files/mp/public/68c9d5dd3cf0f8fd8a834875/195d993ba_dumbbell-monobloco-halter-fixo-academia-musculacao.webp;9506.91.00;;true;;;Injetado;Recartilhada;;;;Monobloco;;;;;;false;3164;
6a3feaacbbf27f5ae7f192c4;Dumbbell Monobloco Injetado Pegada Recartilhada 50kg;DMBIR50;Dumbbells;Dumbbell Monobloco;par;50;https://base44.app/api/apps/68c9d5dd3cf0f8fd8a834875/files/mp/public/68c9d5dd3cf0f8fd8a834875/195d993ba_dumbbell-monobloco-halter-fixo-academia-musculacao.webp;9506.91.00;;true;;;Injetado;Recartilhada;;;;Monobloco;;;;;;false;3164;
6a3feaacbbf27f5ae7f192c5;Dumbbell Monobloco Injetado Pegada Pintada 10kg;DMBIPT10;Dumbbells;Dumbbell Monobloco;par;10;;9506.91.00;;true;;;Injetado;Pintada;;;;Monobloco;;;;;;false;3164;
6a3feaacbbf27f5ae7f192c6;Dumbbell Monobloco Injetado Pegada Pintada 12kg;DMBIPT12;Dumbbells;Dumbbell Monobloco;par;12;;9506.91.00;;true;;;Injetado;Pintada;;;;Monobloco;;;;;;false;3164;
6a3feaacbbf27f5ae7f192c7;Dumbbell Monobloco Injetado Pegada Pintada 14kg;DMBIPT14;Dumbbells;Dumbbell Monobloco;par;14;;9506.91.00;;true;;;Injetado;Pintada;;;;Monobloco;;;;;;false;3164;
6a3feaacbbf27f5ae7f192c8;Dumbbell Monobloco Injetado Pegada Pintada 16kg;DMBIPT16;Dumbbells;Dumbbell Monobloco;par;16;;9506.91.00;;true;;;Injetado;Pintada;;;;Monobloco;;;;;;false;3164;
6a3feaacbbf27f5ae7f192c9;Dumbbell Monobloco Injetado Pegada Pintada 18kg;DMBIPT18;Dumbbells;Dumbbell Monobloco;par;18;;9506.91.00;;true;;;Injetado;Pintada;;;;Monobloco;;;;;;false;3164;
6a3feaacbbf27f5ae7f192ca;Dumbbell Monobloco Injetado Pegada Pintada 20kg;DMBIPT20;Dumbbells;Dumbbell Monobloco;par;20;;9506.91.00;;true;;;Injetado;Pintada;;;;Monobloco;;;;;;false;3164;
6a3feaacbbf27f5ae7f192cb;Dumbbell Monobloco Injetado Pegada Pintada 22kg;DMBIPT22;Dumbbells;Dumbbell Monobloco;par;22;;9506.91.00;;true;;;Injetado;Pintada;;;;Monobloco;;;;;;false;3164;
6a3feaacbbf27f5ae7f192cc;Dumbbell Monobloco Injetado Pegada Pintada 24kg;DMBIPT24;Dumbbells;Dumbbell Monobloco;par;24;;9506.91.00;;true;;;Injetado;Pintada;;;;Monobloco;;;;;;false;3164;
6a3feaacbbf27f5ae7f192cd;Dumbbell Monobloco Injetado Pegada Pintada 26kg;DMBIPT26;Dumbbells;Dumbbell Monobloco;par;26;;9506.91.00;;true;;;Injetado;Pintada;;;;Monobloco;;;;;;false;3164;
6a3feaacbbf27f5ae7f192ce;Dumbbell Monobloco Injetado Pegada Pintada 28kg;DMBIPT28;Dumbbells;Dumbbell Monobloco;par;28;;9506.91.00;;true;;;Injetado;Pintada;;;;Monobloco;;;;;;false;3164;
6a3feaacbbf27f5ae7f192cf;Dumbbell Monobloco Injetado Pegada Pintada 30kg;DMBIPT30;Dumbbells;Dumbbell Monobloco;par;30;;9506.91.00;;true;;;Injetado;Pintada;;;;Monobloco;;;;;;false;3164;
6a3feaacbbf27f5ae7f192d0;Dumbbell Monobloco Injetado Pegada Pintada 32kg;DMBIPT32;Dumbbells;Dumbbell Monobloco;par;32;;9506.91.00;;true;;;Injetado;Pintada;;;;Monobloco;;;;;;false;3164;
6a3feaacbbf27f5ae7f192d1;Dumbbell Monobloco Injetado Pegada Pintada 34kg;DMBIPT34;Dumbbells;Dumbbell Monobloco;par;34;;9506.91.00;;true;;;Injetado;Pintada;;;;Monobloco;;;;;;false;3164;
6a3feaacbbf27f5ae7f192d2;Dumbbell Monobloco Injetado Pegada Pintada 36kg;DMBIPT36;Dumbbells;Dumbbell Monobloco;par;36;;9506.91.00;;true;;;Injetado;Pintada;;;;Monobloco;;;;;;false;3164;
6a3feaacbbf27f5ae7f192d3;Dumbbell Monobloco Injetado Pegada Pintada 38kg;DMBIPT38;Dumbbells;Dumbbell Monobloco;par;38;;9506.91.00;;true;;;Injetado;Pintada;;;;Monobloco;;;;;;false;3164;
6a3feaacbbf27f5ae7f192d4;Dumbbell Monobloco Injetado Pegada Pintada 40kg;DMBIPT40;Dumbbells;Dumbbell Monobloco;par;40;;9506.91.00;;true;;;Injetado;Pintada;;;;Monobloco;;;;;;false;3164;
6a3feaacbbf27f5ae7f192d5;Dumbbell Monobloco Injetado Pegada Pintada 42kg;DMBIPT42;Dumbbells;Dumbbell Monobloco;par;42;;9506.91.00;;true;;;Injetado;Pintada;;;;Monobloco;;;;;;false;3164;
6a3feaacbbf27f5ae7f192d6;Dumbbell Monobloco Injetado Pegada Pintada 44kg;DMBIPT44;Dumbbells;Dumbbell Monobloco;par;44;;9506.91.00;;true;;;Injetado;Pintada;;;;Monobloco;;;;;;false;3164;
6a3feaacbbf27f5ae7f192d7;Dumbbell Monobloco Injetado Pegada Pintada 46kg;DMBIPT46;Dumbbells;Dumbbell Monobloco;par;46;;9506.91.00;;true;;;Injetado;Pintada;;;;Monobloco;;;;;;false;3164;
6a3feaacbbf27f5ae7f192d8;Dumbbell Monobloco Injetado Pegada Pintada 48kg;DMBIPT48;Dumbbells;Dumbbell Monobloco;par;48;;9506.91.00;;true;;;Injetado;Pintada;;;;Monobloco;;;;;;false;3164;
6a3feaacbbf27f5ae7f192d9;Dumbbell Monobloco Injetado Pegada Pintada 50kg;DMBIPT50;Dumbbells;Dumbbell Monobloco;par;50;;9506.91.00;;true;;;Injetado;Pintada;;;;Monobloco;;;;;;false;3164;
6a3feaacbbf27f5ae7f192da;Dumbbell Monobloco Injetado Pegada Emborrachada 10kg;DMBIEB10;Dumbbells;Dumbbell Monobloco;par;10;https://img.irroba.com.br/fit-in/1000x1000/filters:fill(fff):quality(80)/anilhasd/catalog/dumbbells/dumbbells-injetados/dumbbells-injetados-peg-cromada/af-dumbbell-injet-peg-emborr-vw.jpg;9506.91.00;;true;;;Injetado;Emborrachada;;;;Monobloco;;;;;;false;3164;
6a3feaacbbf27f5ae7f192db;Dumbbell Monobloco Injetado Pegada Emborrachada 12kg;DMBIEB12;Dumbbells;Dumbbell Monobloco;par;12;https://img.irroba.com.br/fit-in/1000x1000/filters:fill(fff):quality(80)/anilhasd/catalog/dumbbells/dumbbells-injetados/dumbbells-injetados-peg-cromada/af-dumbbell-injet-peg-emborr-v.jpg;9506.91.00;;true;;;Injetado;Emborrachada;;;;Monobloco;;;;;;false;3164;
6a3feaacbbf27f5ae7f192dc;Dumbbell Monobloco Injetado Pegada Emborrachada 14kg;DMBIEB14;Dumbbells;Dumbbell Monobloco;par;14;https://img.irroba.com.br/fit-in/1000x1000/filters:fill(fff):quality(80)/anilhasd/catalog/dumbbells/dumbbells-injetados/dumbbells-injetados-peg-cromada/af-dumbbell-injet-peg-emborr-vw.jpg;9506.91.00;;true;;;Injetado;Emborrachada;;;;Monobloco;;;;;;false;3164;
6a3feaacbbf27f5ae7f192dd;Dumbbell Monobloco Injetado Pegada Emborrachada 16kg;DMBIEB16;Dumbbells;Dumbbell Monobloco;par;16;https://img.irroba.com.br/fit-in/1000x1000/filters:fill(fff):quality(80)/anilhasd/catalog/dumbbells/dumbbells-injetados/dumbbells-injetados-peg-cromada/af-dumbbell-injet-peg-emborr-vw.jpg;9506.91.00;;true;;;Injetado;Emborrachada;;;;Monobloco;;;;;;false;3164;
6a3feaacbbf27f5ae7f192de;Dumbbell Monobloco Injetado Pegada Emborrachada 18kg;DMBIEB18;Dumbbells;Dumbbell Monobloco;par;18;https://img.irroba.com.br/fit-in/1000x1000/filters:fill(fff):quality(80)/anilhasd/catalog/dumbbells/dumbbells-injetados/dumbbells-injetados-peg-cromada/af-dumbbell-injet-peg-emborr-vw.jpg;9506.91.00;;true;;;Injetado;Emborrachada;;;;Monobloco;;;;;;false;3164;
6a3feaacbbf27f5ae7f192df;Dumbbell Monobloco Injetado Pegada Emborrachada 20kg;DMBIEB20;Dumbbells;Dumbbell Monobloco;par;20;https://img.irroba.com.br/fit-in/1000x1000/filters:fill(fff):quality(80)/anilhasd/catalog/dumbbells/dumbbells-injetados/dumbbells-injetados-peg-cromada/af-dumbbell-injet-peg-emborr-v.jpg;9506.91.00;;true;;;Injetado;Emborrachada;;;;Monobloco;;;;;;false;3164;
6a3feaacbbf27f5ae7f192e0;Dumbbell Monobloco Injetado Pegada Emborrachada 22kg;DMBIEB22;Dumbbells;Dumbbell Monobloco;par;22;https://img.irroba.com.br/fit-in/1000x1000/filters:fill(fff):quality(80)/anilhasd/catalog/dumbbells/dumbbells-injetados/dumbbells-injetados-peg-cromada/af-dumbbell-injet-peg-emborr-v.jpg;9506.91.00;;true;;;Injetado;Emborrachada;;;;Monobloco;;;;;;false;3164;
6a3feaacbbf27f5ae7f192e1;Dumbbell Monobloco Injetado Pegada Emborrachada 24kg;DMBIEB24;Dumbbells;Dumbbell Monobloco;par;24;https://img.irroba.com.br/fit-in/1000x1000/filters:fill(fff):quality(80)/anilhasd/catalog/dumbbells/dumbbells-injetados/dumbbells-injetados-peg-cromada/af-dumbbell-injet-peg-emborr-vw.jpg;9506.91.00;;true;;;Injetado;Emborrachada;;;;Monobloco;;;;;;false;3164;
6a3feaacbbf27f5ae7f192e2;Dumbbell Monobloco Injetado Pegada Emborrachada 26kg;DMBIEB26;Dumbbells;Dumbbell Monobloco;par;26;https://img.irroba.com.br/fit-in/1000x1000/filters:fill(fff):quality(80)/anilhasd/catalog/dumbbells/dumbbells-injetados/dumbbells-injetados-peg-cromada/af-dumbbell-injet-peg-emborr-v.jpg;9506.91.00;;true;;;Injetado;Emborrachada;;;;Monobloco;;;;;;false;3164;
6a3feaacbbf27f5ae7f192e3;Dumbbell Monobloco Injetado Pegada Emborrachada 28kg;DMBIEB28;Dumbbells;Dumbbell Monobloco;par;28;https://img.irroba.com.br/fit-in/1000x1000/filters:fill(fff):quality(80)/anilhasd/catalog/dumbbells/dumbbells-injetados/dumbbells-injetados-peg-cromada/af-dumbbell-injet-peg-emborr-v.jpg;9506.91.00;;true;;;Injetado;Emborrachada;;;;Monobloco;;;;;;false;3164;
6a3feaacbbf27f5ae7f192e4;Dumbbell Monobloco Injetado Pegada Emborrachada 30kg;DMBIEB30;Dumbbells;Dumbbell Monobloco;par;30;https://img.irroba.com.br/fit-in/1000x1000/filters:fill(fff):quality(80)/anilhasd/catalog/dumbbells/dumbbells-injetados/dumbbells-injetados-peg-cromada/af-dumbbell-injet-peg-emborr-v.jpg;9506.91.00;;true;;;Injetado;Emborrachada;;;;Monobloco;;;;;;false;3164;
6a3feaacbbf27f5ae7f192e5;Dumbbell Monobloco Injetado Pegada Emborrachada 32kg;DMBIEB32;Dumbbells;Dumbbell Monobloco;par;32;;9506.91.00;;true;;;Injetado;Emborrachada;;;;Monobloco;;;;;;false;3164;
6a3feaacbbf27f5ae7f192e6;Dumbbell Monobloco Injetado Pegada Emborrachada 34kg;DMBIEB34;Dumbbells;Dumbbell Monobloco;par;34;;9506.91.00;;true;;;Injetado;Emborrachada;;;;Monobloco;;;;;;false;3164;
6a3feaacbbf27f5ae7f192e7;Dumbbell Monobloco Injetado Pegada Emborrachada 36kg;DMBIEB36;Dumbbells;Dumbbell Monobloco;par;36;;9506.91.00;;true;;;Injetado;Emborrachada;;;;Monobloco;;;;;;false;3164;
6a3feaacbbf27f5ae7f192e8;Dumbbell Monobloco Injetado Pegada Emborrachada 38kg;DMBIEB38;Dumbbells;Dumbbell Monobloco;par;38;;9506.91.00;;true;;;Injetado;Emborrachada;;;;Monobloco;;;;;;false;3164;
6a3feaacbbf27f5ae7f192e9;Dumbbell Monobloco Injetado Pegada Emborrachada 40kg;DMBIEB40;Dumbbells;Dumbbell Monobloco;par;40;;9506.91.00;;true;;;Injetado;Emborrachada;;;;Monobloco;;;;;;false;3164;
6a3feaacbbf27f5ae7f192ea;Dumbbell Monobloco Injetado Pegada Emborrachada 42kg;DMBIEB42;Dumbbells;Dumbbell Monobloco;par;42;;9506.91.00;;true;;;Injetado;Emborrachada;;;;Monobloco;;;;;;false;3164;
6a3feaacbbf27f5ae7f192eb;Dumbbell Monobloco Injetado Pegada Emborrachada 44kg;DMBIEB44;Dumbbells;Dumbbell Monobloco;par;44;;9506.91.00;;true;;;Injetado;Emborrachada;;;;Monobloco;;;;;;false;3164;
6a3feaacbbf27f5ae7f192ec;Dumbbell Monobloco Injetado Pegada Emborrachada 46kg;DMBIEB46;Dumbbells;Dumbbell Monobloco;par;46;;9506.91.00;;true;;;Injetado;Emborrachada;;;;Monobloco;;;;;;false;3164;
6a3feaacbbf27f5ae7f192ed;Dumbbell Monobloco Injetado Pegada Emborrachada 48kg;DMBIEB48;Dumbbells;Dumbbell Monobloco;par;48;;9506.91.00;;true;;;Injetado;Emborrachada;;;;Monobloco;;;;;;false;3164;
6a3feaacbbf27f5ae7f192ee;Dumbbell Monobloco Injetado Pegada Emborrachada 50kg;DMBIEB50;Dumbbells;Dumbbell Monobloco;par;50;;9506.91.00;;true;;;Injetado;Emborrachada;;;;Monobloco;;;;;;false;3164;
6a3feaacbbf27f5ae7f192ef;Dumbbell Monobloco Injetado Pegada Injetada 10kg;DMBIIN10;Dumbbells;Dumbbell Monobloco;par;10;https://base44.app/api/apps/68c9d5dd3cf0f8fd8a834875/files/mp/public/68c9d5dd3cf0f8fd8a834875/c2de35b01_dmipi.jpg;9506.91.00;;true;;;Injetado;Injetada;;;;Monobloco;;;;;;false;3164;
6a3feaacbbf27f5ae7f192f0;Dumbbell Monobloco Injetado Pegada Injetada 12kg;DMBIIN12;Dumbbells;Dumbbell Monobloco;par;12;https://base44.app/api/apps/68c9d5dd3cf0f8fd8a834875/files/mp/public/68c9d5dd3cf0f8fd8a834875/c2de35b01_dmipi.jpg;9506.91.00;;true;;;Injetado;Injetada;;;;Monobloco;;;;;;false;3164;
6a3feaacbbf27f5ae7f192f1;Dumbbell Monobloco Injetado Pegada Injetada 14kg;DMBIIN14;Dumbbells;Dumbbell Monobloco;par;14;https://base44.app/api/apps/68c9d5dd3cf0f8fd8a834875/files/mp/public/68c9d5dd3cf0f8fd8a834875/c2de35b01_dmipi.jpg;9506.91.00;;true;;;Injetado;Injetada;;;;Monobloco;;;;;;false;3164;
6a3feaacbbf27f5ae7f192f2;Dumbbell Monobloco Injetado Pegada Injetada 16kg;DMBIIN16;Dumbbells;Dumbbell Monobloco;par;16;https://base44.app/api/apps/68c9d5dd3cf0f8fd8a834875/files/mp/public/68c9d5dd3cf0f8fd8a834875/c2de35b01_dmipi.jpg;9506.91.00;;true;;;Injetado;Injetada;;;;Monobloco;;;;;;false;3164;
6a3feaacbbf27f5ae7f192f3;Dumbbell Monobloco Injetado Pegada Injetada 18kg;DMBIIN18;Dumbbells;Dumbbell Monobloco;par;18;https://base44.app/api/apps/68c9d5dd3cf0f8fd8a834875/files/mp/public/68c9d5dd3cf0f8fd8a834875/c2de35b01_dmipi.jpg;9506.91.00;;true;;;Injetado;Injetada;;;;Monobloco;;;;;;false;3164;
6a3feaacbbf27f5ae7f192f4;Dumbbell Monobloco Injetado Pegada Injetada 20kg;DMBIIN20;Dumbbells;Dumbbell Monobloco;par;20;https://base44.app/api/apps/68c9d5dd3cf0f8fd8a834875/files/mp/public/68c9d5dd3cf0f8fd8a834875/c2de35b01_dmipi.jpg;9506.91.00;;true;;;Injetado;Injetada;;;;Monobloco;;;;;;false;3164;
6a3feaacbbf27f5ae7f192f5;Dumbbell Monobloco Injetado Pegada Injetada 22kg;DMBIIN22;Dumbbells;Dumbbell Monobloco;par;22;https://base44.app/api/apps/68c9d5dd3cf0f8fd8a834875/files/mp/public/68c9d5dd3cf0f8fd8a834875/c2de35b01_dmipi.jpg;9506.91.00;;true;;;Injetado;Injetada;;;;Monobloco;;;;;;false;3164;
6a3feaacbbf27f5ae7f192f6;Dumbbell Monobloco Injetado Pegada Injetada 24kg;DMBIIN24;Dumbbells;Dumbbell Monobloco;par;24;https://base44.app/api/apps/68c9d5dd3cf0f8fd8a834875/files/mp/public/68c9d5dd3cf0f8fd8a834875/c2de35b01_dmipi.jpg;9506.91.00;;true;;;Injetado;Injetada;;;;Monobloco;;;;;;false;3164;
6a3feaacbbf27f5ae7f192f7;Dumbbell Monobloco Injetado Pegada Injetada 26kg;DMBIIN26;Dumbbells;Dumbbell Monobloco;par;26;https://base44.app/api/apps/68c9d5dd3cf0f8fd8a834875/files/mp/public/68c9d5dd3cf0f8fd8a834875/c2de35b01_dmipi.jpg;9506.91.00;;true;;;Injetado;Injetada;;;;Monobloco;;;;;;false;3164;
6a3feaacbbf27f5ae7f192f8;Dumbbell Monobloco Injetado Pegada Injetada 28kg;DMBIIN28;Dumbbells;Dumbbell Monobloco;par;28;https://base44.app/api/apps/68c9d5dd3cf0f8fd8a834875/files/mp/public/68c9d5dd3cf0f8fd8a834875/c2de35b01_dmipi.jpg;9506.91.00;;true;;;Injetado;Injetada;;;;Monobloco;;;;;;false;3164;
6a3feaacbbf27f5ae7f192f9;Dumbbell Monobloco Injetado Pegada Injetada 30kg;DMBIIN30;Dumbbells;Dumbbell Monobloco;par;30;https://base44.app/api/apps/68c9d5dd3cf0f8fd8a834875/files/mp/public/68c9d5dd3cf0f8fd8a834875/c2de35b01_dmipi.jpg;9506.91.00;;true;;;Injetado;Injetada;;;;Monobloco;;;;;;false;3164;
6a3feaacbbf27f5ae7f192fa;Dumbbell Monobloco Injetado Pegada Injetada 32kg;DMBIIN32;Dumbbells;Dumbbell Monobloco;par;32;https://base44.app/api/apps/68c9d5dd3cf0f8fd8a834875/files/mp/public/68c9d5dd3cf0f8fd8a834875/c2de35b01_dmipi.jpg;9506.91.00;;true;;;Injetado;Injetada;;;;Monobloco;;;;;;false;3164;
6a3feaacbbf27f5ae7f192fb;Dumbbell Monobloco Injetado Pegada Injetada 34kg;DMBIIN34;Dumbbells;Dumbbell Monobloco;par;34;https://base44.app/api/apps/68c9d5dd3cf0f8fd8a834875/files/mp/public/68c9d5dd3cf0f8fd8a834875/c2de35b01_dmipi.jpg;9506.91.00;;true;;;Injetado;Injetada;;;;Monobloco;;;;;;false;3164;
6a3feaacbbf27f5ae7f192fc;Dumbbell Monobloco Injetado Pegada Injetada 36kg;DMBIIN36;Dumbbells;Dumbbell Monobloco;par;36;https://base44.app/api/apps/68c9d5dd3cf0f8fd8a834875/files/mp/public/68c9d5dd3cf0f8fd8a834875/c2de35b01_dmipi.jpg;9506.91.00;;true;;;Injetado;Injetada;;;;Monobloco;;;;;;false;3164;
6a3feaacbbf27f5ae7f192fd;Dumbbell Monobloco Injetado Pegada Injetada 38kg;DMBIIN38;Dumbbells;Dumbbell Monobloco;par;38;https://base44.app/api/apps/68c9d5dd3cf0f8fd8a834875/files/mp/public/68c9d5dd3cf0f8fd8a834875/c2de35b01_dmipi.jpg;9506.91.00;;true;;;Injetado;Injetada;;;;Monobloco;;;;;;false;3164;
6a3feaacbbf27f5ae7f192fe;Dumbbell Monobloco Injetado Pegada Injetada 40kg;DMBIIN40;Dumbbells;Dumbbell Monobloco;par;40;https://base44.app/api/apps/68c9d5dd3cf0f8fd8a834875/files/mp/public/68c9d5dd3cf0f8fd8a834875/c2de35b01_dmipi.jpg;9506.91.00;;true;;;Injetado;Injetada;;;;Monobloco;;;;;;false;3164;
6a3feaacbbf27f5ae7f192ff;Dumbbell Monobloco Injetado Pegada Injetada 42kg;DMBIIN42;Dumbbells;Dumbbell Monobloco;par;42;https://base44.app/api/apps/68c9d5dd3cf0f8fd8a834875/files/mp/public/68c9d5dd3cf0f8fd8a834875/c2de35b01_dmipi.jpg;9506.91.00;;true;;;Injetado;Injetada;;;;Monobloco;;;;;;false;3164;
6a3feaacbbf27f5ae7f19300;Dumbbell Monobloco Injetado Pegada Injetada 44kg;DMBIIN44;Dumbbells;Dumbbell Monobloco;par;44;https://base44.app/api/apps/68c9d5dd3cf0f8fd8a834875/files/mp/public/68c9d5dd3cf0f8fd8a834875/c2de35b01_dmipi.jpg;9506.91.00;;true;;;Injetado;Injetada;;;;Monobloco;;;;;;false;3164;
6a3feaacbbf27f5ae7f19301;Dumbbell Monobloco Injetado Pegada Injetada 46kg;DMBIIN46;Dumbbells;Dumbbell Monobloco;par;46;https://base44.app/api/apps/68c9d5dd3cf0f8fd8a834875/files/mp/public/68c9d5dd3cf0f8fd8a834875/c2de35b01_dmipi.jpg;9506.91.00;;true;;;Injetado;Injetada;;;;Monobloco;;;;;;false;3164;
6a3feaacbbf27f5ae7f19302;Dumbbell Monobloco Injetado Pegada Injetada 48kg;DMBIIN48;Dumbbells;Dumbbell Monobloco;par;48;https://base44.app/api/apps/68c9d5dd3cf0f8fd8a834875/files/mp/public/68c9d5dd3cf0f8fd8a834875/c2de35b01_dmipi.jpg;9506.91.00;;true;;;Injetado;Injetada;;;;Monobloco;;;;;;false;3164;
6a3feaacbbf27f5ae7f19303;Dumbbell Monobloco Injetado Pegada Injetada 50kg;DMBIIN50;Dumbbells;Dumbbell Monobloco;par;50;https://base44.app/api/apps/68c9d5dd3cf0f8fd8a834875/files/mp/public/68c9d5dd3cf0f8fd8a834875/c2de35b01_dmipi.jpg;9506.91.00;;true;;;Injetado;Injetada;;;;Monobloco;;;;;;false;3164;
6a3feaacbbf27f5ae7f19304;Dumbbell Monobloco Emborrachado Pegada Recartilhada 10kg;DMBER10;Dumbbells;Dumbbell Monobloco;par;10;https://anilhasehalteresbrasil.com.br/wp-content/uploads/2022/05/IMG-20220427-WA0328.jpg;9506.91.00;;true;;;Emborrachado;Recartilhada;;;;Monobloco;;;;;;false;3164;
6a3feaacbbf27f5ae7f19305;Dumbbell Monobloco Emborrachado Pegada Recartilhada 12kg;DMBER12;Dumbbells;Dumbbell Monobloco;par;12;https://anilhasehalteresbrasil.com.br/wp-content/uploads/2022/05/IMG-20220427-WA0328.jpg;9506.91.00;;true;;;Emborrachado;Recartilhada;;;;Monobloco;;;;;;false;3164;
6a3feaacbbf27f5ae7f19306;Dumbbell Monobloco Emborrachado Pegada Recartilhada 14kg;DMBER14;Dumbbells;Dumbbell Monobloco;par;14;https://anilhasehalteresbrasil.com.br/wp-content/uploads/2022/05/IMG-20220427-WA0328.jpg;9506.91.00;;true;;;Emborrachado;Recartilhada;;;;Monobloco;;;;;;false;3164;
6a3feaacbbf27f5ae7f19307;Dumbbell Monobloco Emborrachado Pegada Recartilhada 16kg;DMBER16;Dumbbells;Dumbbell Monobloco;par;16;https://anilhasehalteresbrasil.com.br/wp-content/uploads/2022/05/IMG-20220427-WA0328.jpg;9506.91.00;;true;;;Emborrachado;Recartilhada;;;;Monobloco;;;;;;false;3164;
6a3feaacbbf27f5ae7f19308;Dumbbell Monobloco Emborrachado Pegada Recartilhada 18kg;DMBER18;Dumbbells;Dumbbell Monobloco;par;18;https://anilhasehalteresbrasil.com.br/wp-content/uploads/2022/05/IMG-20220427-WA0328.jpg;9506.91.00;;true;;;Emborrachado;Recartilhada;;;;Monobloco;;;;;;false;3164;
6a3feaacbbf27f5ae7f19309;Dumbbell Monobloco Emborrachado Pegada Recartilhada 20kg;DMBER20;Dumbbells;Dumbbell Monobloco;par;20;https://anilhasehalteresbrasil.com.br/wp-content/uploads/2022/05/IMG-20220427-WA0328.jpg;9506.91.00;;true;;;Emborrachado;Recartilhada;;;;Monobloco;;;;;;false;3164;
6a3feaacbbf27f5ae7f1930a;Dumbbell Monobloco Emborrachado Pegada Recartilhada 22kg;DMBER22;Dumbbells;Dumbbell Monobloco;par;22;https://anilhasehalteresbrasil.com.br/wp-content/uploads/2022/05/IMG-20220427-WA0328.jpg;9506.91.00;;true;;;Emborrachado;Recartilhada;;;;Monobloco;;;;;;false;3164;
6a3feaacbbf27f5ae7f1930b;Dumbbell Monobloco Emborrachado Pegada Recartilhada 24kg;DMBER24;Dumbbells;Dumbbell Monobloco;par;24;https://anilhasehalteresbrasil.com.br/wp-content/uploads/2022/05/IMG-20220427-WA0328.jpg;9506.91.00;;true;;;Emborrachado;Recartilhada;;;;Monobloco;;;;;;false;3164;
6a3feaacbbf27f5ae7f1930c;Dumbbell Monobloco Emborrachado Pegada Recartilhada 26kg;DMBER26;Dumbbells;Dumbbell Monobloco;par;26;https://anilhasehalteresbrasil.com.br/wp-content/uploads/2022/05/IMG-20220427-WA0328.jpg;9506.91.00;;true;;;Emborrachado;Recartilhada;;;;Monobloco;;;;;;false;3164;
6a3feaacbbf27f5ae7f1930d;Dumbbell Monobloco Emborrachado Pegada Recartilhada 28kg;DMBER28;Dumbbells;Dumbbell Monobloco;par;28;https://anilhasehalteresbrasil.com.br/wp-content/uploads/2022/05/IMG-20220427-WA0328.jpg;9506.91.00;;true;;;Emborrachado;Recartilhada;;;;Monobloco;;;;;;false;3164;
6a3feaacbbf27f5ae7f1930e;Dumbbell Monobloco Emborrachado Pegada Recartilhada 30kg;DMBER30;Dumbbells;Dumbbell Monobloco;par;30;https://anilhasehalteresbrasil.com.br/wp-content/uploads/2022/05/IMG-20220427-WA0328.jpg;9506.91.00;;true;;;Emborrachado;Recartilhada;;;;Monobloco;;;;;;false;3164;
6a3feaacbbf27f5ae7f1930f;Dumbbell Monobloco Emborrachado Pegada Recartilhada 32kg;DMBER32;Dumbbells;Dumbbell Monobloco;par;32;https://anilhasehalteresbrasil.com.br/wp-content/uploads/2022/05/IMG-20220427-WA0328.jpg;9506.91.00;;true;;;Emborrachado;Recartilhada;;;;Monobloco;;;;;;false;3164;
6a3feaacbbf27f5ae7f19310;Dumbbell Monobloco Emborrachado Pegada Recartilhada 34kg;DMBER34;Dumbbells;Dumbbell Monobloco;par;34;https://anilhasehalteresbrasil.com.br/wp-content/uploads/2022/05/IMG-20220427-WA0328.jpg;9506.91.00;;true;;;Emborrachado;Recartilhada;;;;Monobloco;;;;;;false;3164;
6a3feaacbbf27f5ae7f19311;Dumbbell Monobloco Emborrachado Pegada Recartilhada 36kg;DMBER36;Dumbbells;Dumbbell Monobloco;par;36;https://anilhasehalteresbrasil.com.br/wp-content/uploads/2022/05/IMG-20220427-WA0328.jpg;9506.91.00;;true;;;Emborrachado;Recartilhada;;;;Monobloco;;;;;;false;3164;
6a3feaacbbf27f5ae7f19312;Dumbbell Monobloco Emborrachado Pegada Recartilhada 38kg;DMBER38;Dumbbells;Dumbbell Monobloco;par;38;https://anilhasehalteresbrasil.com.br/wp-content/uploads/2022/05/IMG-20220427-WA0328.jpg;9506.91.00;;true;;;Emborrachado;Recartilhada;;;;Monobloco;;;;;;false;3164;
6a3feaacbbf27f5ae7f19313;Dumbbell Monobloco Emborrachado Pegada Recartilhada 40kg;DMBER40;Dumbbells;Dumbbell Monobloco;par;40;https://anilhasehalteresbrasil.com.br/wp-content/uploads/2022/05/IMG-20220427-WA0328.jpg;9506.91.00;;true;;;Emborrachado;Recartilhada;;;;Monobloco;;;;;;false;3164;
6a3feaacbbf27f5ae7f19314;Dumbbell Monobloco Emborrachado Pegada Recartilhada 42kg;DMBER42;Dumbbells;Dumbbell Monobloco;par;42;https://anilhasehalteresbrasil.com.br/wp-content/uploads/2022/05/IMG-20220427-WA0328.jpg;9506.91.00;;true;;;Emborrachado;Recartilhada;;;;Monobloco;;;;;;false;3164;
6a3feaacbbf27f5ae7f19315;Dumbbell Monobloco Emborrachado Pegada Recartilhada 44kg;DMBER44;Dumbbells;Dumbbell Monobloco;par;44;https://anilhasehalteresbrasil.com.br/wp-content/uploads/2022/05/IMG-20220427-WA0328.jpg;9506.91.00;;true;;;Emborrachado;Recartilhada;;;;Monobloco;;;;;;false;3164;
6a3feaacbbf27f5ae7f19316;Dumbbell Monobloco Emborrachado Pegada Recartilhada 46kg;DMBER46;Dumbbells;Dumbbell Monobloco;par;46;https://anilhasehalteresbrasil.com.br/wp-content/uploads/2022/05/IMG-20220427-WA0328.jpg;9506.91.00;;true;;;Emborrachado;Recartilhada;;;;Monobloco;;;;;;false;3164;
6a3feaacbbf27f5ae7f19317;Dumbbell Monobloco Emborrachado Pegada Recartilhada 48kg;DMBER48;Dumbbells;Dumbbell Monobloco;par;48;https://anilhasehalteresbrasil.com.br/wp-content/uploads/2022/05/IMG-20220427-WA0328.jpg;9506.91.00;;true;;;Emborrachado;Recartilhada;;;;Monobloco;;;;;;false;3164;
6a3feaacbbf27f5ae7f19318;Dumbbell Monobloco Emborrachado Pegada Recartilhada 50kg;DMBER50;Dumbbells;Dumbbell Monobloco;par;50;https://anilhasehalteresbrasil.com.br/wp-content/uploads/2022/05/IMG-20220427-WA0328.jpg;9506.91.00;;true;;;Emborrachado;Recartilhada;;;;Monobloco;;;;;;false;3164;
6a3feaacbbf27f5ae7f19319;Dumbbell Monobloco Emborrachado Pegada Pintada 10kg;DMBEPT10;Dumbbells;Dumbbell Monobloco;par;10;;9506.91.00;;true;;;Emborrachado;Pintada;;;;Monobloco;;;;;;false;3164;
6a3feaacbbf27f5ae7f1931a;Dumbbell Monobloco Emborrachado Pegada Pintada 12kg;DMBEPT12;Dumbbells;Dumbbell Monobloco;par;12;;9506.91.00;;true;;;Emborrachado;Pintada;;;;Monobloco;;;;;;false;3164;
6a3feaacbbf27f5ae7f1931b;Dumbbell Monobloco Emborrachado Pegada Pintada 14kg;DMBEPT14;Dumbbells;Dumbbell Monobloco;par;14;;9506.91.00;;true;;;Emborrachado;Pintada;;;;Monobloco;;;;;;false;3164;
6a3feaacbbf27f5ae7f1931c;Dumbbell Monobloco Emborrachado Pegada Pintada 16kg;DMBEPT16;Dumbbells;Dumbbell Monobloco;par;16;;9506.91.00;;true;;;Emborrachado;Pintada;;;;Monobloco;;;;;;false;3164;
6a3feaacbbf27f5ae7f1931d;Dumbbell Monobloco Emborrachado Pegada Pintada 18kg;DMBEPT18;Dumbbells;Dumbbell Monobloco;par;18;;9506.91.00;;true;;;Emborrachado;Pintada;;;;Monobloco;;;;;;false;3164;
6a3feaacbbf27f5ae7f1931e;Dumbbell Monobloco Emborrachado Pegada Pintada 20kg;DMBEPT20;Dumbbells;Dumbbell Monobloco;par;20;;9506.91.00;;true;;;Emborrachado;Pintada;;;;Monobloco;;;;;;false;3164;
6a3feaacbbf27f5ae7f1931f;Dumbbell Monobloco Emborrachado Pegada Pintada 22kg;DMBEPT22;Dumbbells;Dumbbell Monobloco;par;22;;9506.91.00;;true;;;Emborrachado;Pintada;;;;Monobloco;;;;;;false;3164;
6a3feaacbbf27f5ae7f19320;Dumbbell Monobloco Emborrachado Pegada Pintada 24kg;DMBEPT24;Dumbbells;Dumbbell Monobloco;par;24;;9506.91.00;;true;;;Emborrachado;Pintada;;;;Monobloco;;;;;;false;3164;
6a3feaacbbf27f5ae7f19321;Dumbbell Monobloco Emborrachado Pegada Pintada 26kg;DMBEPT26;Dumbbells;Dumbbell Monobloco;par;26;;9506.91.00;;true;;;Emborrachado;Pintada;;;;Monobloco;;;;;;false;3164;
6a3feaacbbf27f5ae7f19322;Dumbbell Monobloco Emborrachado Pegada Pintada 28kg;DMBEPT28;Dumbbells;Dumbbell Monobloco;par;28;;9506.91.00;;true;;;Emborrachado;Pintada;;;;Monobloco;;;;;;false;3164;
6a3feaacbbf27f5ae7f19323;Dumbbell Monobloco Emborrachado Pegada Pintada 30kg;DMBEPT30;Dumbbells;Dumbbell Monobloco;par;30;;9506.91.00;;true;;;Emborrachado;Pintada;;;;Monobloco;;;;;;false;3164;
6a3feaacbbf27f5ae7f19324;Dumbbell Monobloco Emborrachado Pegada Pintada 32kg;DMBEPT32;Dumbbells;Dumbbell Monobloco;par;32;;9506.91.00;;true;;;Emborrachado;Pintada;;;;Monobloco;;;;;;false;3164;
6a3feaacbbf27f5ae7f19325;Dumbbell Monobloco Emborrachado Pegada Pintada 34kg;DMBEPT34;Dumbbells;Dumbbell Monobloco;par;34;;9506.91.00;;true;;;Emborrachado;Pintada;;;;Monobloco;;;;;;false;3164;
6a3feaacbbf27f5ae7f19326;Dumbbell Monobloco Emborrachado Pegada Pintada 36kg;DMBEPT36;Dumbbells;Dumbbell Monobloco;par;36;;9506.91.00;;true;;;Emborrachado;Pintada;;;;Monobloco;;;;;;false;3164;
6a3feaacbbf27f5ae7f19327;Dumbbell Monobloco Emborrachado Pegada Pintada 38kg;DMBEPT38;Dumbbells;Dumbbell Monobloco;par;38;;9506.91.00;;true;;;Emborrachado;Pintada;;;;Monobloco;;;;;;false;3164;
6a3feaacbbf27f5ae7f19328;Dumbbell Monobloco Emborrachado Pegada Pintada 40kg;DMBEPT40;Dumbbells;Dumbbell Monobloco;par;40;;9506.91.00;;true;;;Emborrachado;Pintada;;;;Monobloco;;;;;;false;3164;
6a3feaacbbf27f5ae7f19329;Dumbbell Monobloco Emborrachado Pegada Pintada 42kg;DMBEPT42;Dumbbells;Dumbbell Monobloco;par;42;;9506.91.00;;true;;;Emborrachado;Pintada;;;;Monobloco;;;;;;false;3164;
6a3feaacbbf27f5ae7f1932a;Dumbbell Monobloco Emborrachado Pegada Pintada 44kg;DMBEPT44;Dumbbells;Dumbbell Monobloco;par;44;;9506.91.00;;true;;;Emborrachado;Pintada;;;;Monobloco;;;;;;false;3164;
6a3feaacbbf27f5ae7f1932b;Dumbbell Monobloco Emborrachado Pegada Pintada 46kg;DMBEPT46;Dumbbells;Dumbbell Monobloco;par;46;;9506.91.00;;true;;;Emborrachado;Pintada;;;;Monobloco;;;;;;false;3164;
6a3feaacbbf27f5ae7f1932c;Dumbbell Monobloco Emborrachado Pegada Pintada 48kg;DMBEPT48;Dumbbells;Dumbbell Monobloco;par;48;;9506.91.00;;true;;;Emborrachado;Pintada;;;;Monobloco;;;;;;false;3164;
6a3feaacbbf27f5ae7f1932d;Dumbbell Monobloco Emborrachado Pegada Pintada 50kg;DMBEPT50;Dumbbells;Dumbbell Monobloco;par;50;;9506.91.00;;true;;;Emborrachado;Pintada;;;;Monobloco;;;;;;false;3164;
6a3feaacbbf27f5ae7f1932e;Dumbbell Monobloco Emborrachado Pegada Emborrachada 10kg;DMBEEB10;Dumbbells;Dumbbell Monobloco;par;10;;9506.91.00;;true;;;Emborrachado;Emborrachada;;;;Monobloco;;;;;;false;3164;
6a3feaacbbf27f5ae7f1932f;Dumbbell Monobloco Emborrachado Pegada Emborrachada 12kg;DMBEEB12;Dumbbells;Dumbbell Monobloco;par;12;;9506.91.00;;true;;;Emborrachado;Emborrachada;;;;Monobloco;;;;;;false;3164;
6a3feaacbbf27f5ae7f19330;Dumbbell Monobloco Emborrachado Pegada Emborrachada 14kg;DMBEEB14;Dumbbells;Dumbbell Monobloco;par;14;;9506.91.00;;true;;;Emborrachado;Emborrachada;;;;Monobloco;;;;;;false;3164;
6a3feaacbbf27f5ae7f19331;Dumbbell Monobloco Emborrachado Pegada Emborrachada 16kg;DMBEEB16;Dumbbells;Dumbbell Monobloco;par;16;;9506.91.00;;true;;;Emborrachado;Emborrachada;;;;Monobloco;;;;;;false;3164;
6a3feaacbbf27f5ae7f19332;Dumbbell Monobloco Emborrachado Pegada Emborrachada 18kg;DMBEEB18;Dumbbells;Dumbbell Monobloco;par;18;;9506.91.00;;true;;;Emborrachado;Emborrachada;;;;Monobloco;;;;;;false;3164;
6a3feaacbbf27f5ae7f19333;Dumbbell Monobloco Emborrachado Pegada Emborrachada 20kg;DMBEEB20;Dumbbells;Dumbbell Monobloco;par;20;;9506.91.00;;true;;;Emborrachado;Emborrachada;;;;Monobloco;;;;;;false;3164;
6a3feaacbbf27f5ae7f19334;Dumbbell Monobloco Emborrachado Pegada Emborrachada 22kg;DMBEEB22;Dumbbells;Dumbbell Monobloco;par;22;;9506.91.00;;true;;;Emborrachado;Emborrachada;;;;Monobloco;;;;;;false;3164;
6a3feaacbbf27f5ae7f19335;Dumbbell Monobloco Emborrachado Pegada Emborrachada 24kg;DMBEEB24;Dumbbells;Dumbbell Monobloco;par;24;;9506.91.00;;true;;;Emborrachado;Emborrachada;;;;Monobloco;;;;;;false;3164;
6a3feaacbbf27f5ae7f19336;Dumbbell Monobloco Emborrachado Pegada Emborrachada 26kg;DMBEEB26;Dumbbells;Dumbbell Monobloco;par;26;;9506.91.00;;true;;;Emborrachado;Emborrachada;;;;Monobloco;;;;;;false;3164;
6a3feaacbbf27f5ae7f19337;Dumbbell Monobloco Emborrachado Pegada Emborrachada 28kg;DMBEEB28;Dumbbells;Dumbbell Monobloco;par;28;;9506.91.00;;true;;;Emborrachado;Emborrachada;;;;Monobloco;;;;;;false;3164;
6a3feaacbbf27f5ae7f19338;Dumbbell Monobloco Emborrachado Pegada Emborrachada 30kg;DMBEEB30;Dumbbells;Dumbbell Monobloco;par;30;;9506.91.00;;true;;;Emborrachado;Emborrachada;;;;Monobloco;;;;;;false;3164;
6a3feaacbbf27f5ae7f19339;Dumbbell Monobloco Emborrachado Pegada Emborrachada 32kg;DMBEEB32;Dumbbells;Dumbbell Monobloco;par;32;;9506.91.00;;true;;;Emborrachado;Emborrachada;;;;Monobloco;;;;;;false;3164;
6a3feaacbbf27f5ae7f1933a;Dumbbell Monobloco Emborrachado Pegada Emborrachada 34kg;DMBEEB34;Dumbbells;Dumbbell Monobloco;par;34;;9506.91.00;;true;;;Emborrachado;Emborrachada;;;;Monobloco;;;;;;false;3164;
6a3feaacbbf27f5ae7f1933b;Dumbbell Monobloco Emborrachado Pegada Emborrachada 36kg;DMBEEB36;Dumbbells;Dumbbell Monobloco;par;36;;9506.91.00;;true;;;Emborrachado;Emborrachada;;;;Monobloco;;;;;;false;3164;
6a3feaacbbf27f5ae7f1933c;Dumbbell Monobloco Emborrachado Pegada Emborrachada 38kg;DMBEEB38;Dumbbells;Dumbbell Monobloco;par;38;;9506.91.00;;true;;;Emborrachado;Emborrachada;;;;Monobloco;;;;;;false;3164;
6a3feaacbbf27f5ae7f1933d;Dumbbell Monobloco Emborrachado Pegada Emborrachada 40kg;DMBEEB40;Dumbbells;Dumbbell Monobloco;par;40;;9506.91.00;;true;;;Emborrachado;Emborrachada;;;;Monobloco;;;;;;false;3164;
6a3feaacbbf27f5ae7f1933e;Dumbbell Monobloco Emborrachado Pegada Emborrachada 42kg;DMBEEB42;Dumbbells;Dumbbell Monobloco;par;42;;9506.91.00;;true;;;Emborrachado;Emborrachada;;;;Monobloco;;;;;;false;3164;
6a3feaacbbf27f5ae7f1933f;Dumbbell Monobloco Emborrachado Pegada Emborrachada 44kg;DMBEEB44;Dumbbells;Dumbbell Monobloco;par;44;;9506.91.00;;true;;;Emborrachado;Emborrachada;;;;Monobloco;;;;;;false;3164;
6a3feaacbbf27f5ae7f19340;Dumbbell Monobloco Emborrachado Pegada Emborrachada 46kg;DMBEEB46;Dumbbells;Dumbbell Monobloco;par;46;;9506.91.00;;true;;;Emborrachado;Emborrachada;;;;Monobloco;;;;;;false;3164;
6a3feaacbbf27f5ae7f19341;Dumbbell Monobloco Emborrachado Pegada Emborrachada 48kg;DMBEEB48;Dumbbells;Dumbbell Monobloco;par;48;;9506.91.00;;true;;;Emborrachado;Emborrachada;;;;Monobloco;;;;;;false;3164;
6a3feaacbbf27f5ae7f19342;Dumbbell Monobloco Emborrachado Pegada Emborrachada 50kg;DMBEEB50;Dumbbells;Dumbbell Monobloco;par;50;;9506.91.00;;true;;;Emborrachado;Emborrachada;;;;Monobloco;;;;;;false;3164;
6a3feaacbbf27f5ae7f19343;Dumbbell Monobloco Emborrachado Pegada Injetada 10kg;DMBEIN10;Dumbbells;Dumbbell Monobloco;par;10;;9506.91.00;;true;;;Emborrachado;Injetada;;;;Monobloco;;;;;;false;3164;
6a3feaacbbf27f5ae7f19344;Dumbbell Monobloco Emborrachado Pegada Injetada 12kg;DMBEIN12;Dumbbells;Dumbbell Monobloco;par;12;;9506.91.00;;true;;;Emborrachado;Injetada;;;;Monobloco;;;;;;false;3164;
6a3feaacbbf27f5ae7f19345;Dumbbell Monobloco Emborrachado Pegada Injetada 14kg;DMBEIN14;Dumbbells;Dumbbell Monobloco;par;14;;9506.91.00;;true;;;Emborrachado;Injetada;;;;Monobloco;;;;;;false;3164;
6a3feaacbbf27f5ae7f19346;Dumbbell Monobloco Emborrachado Pegada Injetada 16kg;DMBEIN16;Dumbbells;Dumbbell Monobloco;par;16;;9506.91.00;;true;;;Emborrachado;Injetada;;;;Monobloco;;;;;;false;3164;
6a3feaacbbf27f5ae7f19347;Dumbbell Monobloco Emborrachado Pegada Injetada 18kg;DMBEIN18;Dumbbells;Dumbbell Monobloco;par;18;;9506.91.00;;true;;;Emborrachado;Injetada;;;;Monobloco;;;;;;false;3164;
6a3feaacbbf27f5ae7f19348;Dumbbell Monobloco Emborrachado Pegada Injetada 20kg;DMBEIN20;Dumbbells;Dumbbell Monobloco;par;20;;9506.91.00;;true;;;Emborrachado;Injetada;;;;Monobloco;;;;;;false;3164;
6a3feaacbbf27f5ae7f19349;Dumbbell Monobloco Emborrachado Pegada Injetada 22kg;DMBEIN22;Dumbbells;Dumbbell Monobloco;par;22;;9506.91.00;;true;;;Emborrachado;Injetada;;;;Monobloco;;;;;;false;3164;
6a3feaacbbf27f5ae7f1934a;Dumbbell Monobloco Emborrachado Pegada Injetada 24kg;DMBEIN24;Dumbbells;Dumbbell Monobloco;par;24;;9506.91.00;;true;;;Emborrachado;Injetada;;;;Monobloco;;;;;;false;3164;
6a3feaacbbf27f5ae7f1934b;Dumbbell Monobloco Emborrachado Pegada Injetada 26kg;DMBEIN26;Dumbbells;Dumbbell Monobloco;par;26;;9506.91.00;;true;;;Emborrachado;Injetada;;;;Monobloco;;;;;;false;3164;
6a3feaacbbf27f5ae7f1934c;Dumbbell Monobloco Emborrachado Pegada Injetada 28kg;DMBEIN28;Dumbbells;Dumbbell Monobloco;par;28;;9506.91.00;;true;;;Emborrachado;Injetada;;;;Monobloco;;;;;;false;3164;
6a3feaacbbf27f5ae7f1934d;Dumbbell Monobloco Emborrachado Pegada Injetada 30kg;DMBEIN30;Dumbbells;Dumbbell Monobloco;par;30;;9506.91.00;;true;;;Emborrachado;Injetada;;;;Monobloco;;;;;;false;3164;
6a3feaacbbf27f5ae7f1934e;Dumbbell Monobloco Emborrachado Pegada Injetada 32kg;DMBEIN32;Dumbbells;Dumbbell Monobloco;par;32;;9506.91.00;;true;;;Emborrachado;Injetada;;;;Monobloco;;;;;;false;3164;
6a3feaacbbf27f5ae7f1934f;Dumbbell Monobloco Emborrachado Pegada Injetada 34kg;DMBEIN34;Dumbbells;Dumbbell Monobloco;par;34;;9506.91.00;;true;;;Emborrachado;Injetada;;;;Monobloco;;;;;;false;3164;
6a3feaacbbf27f5ae7f19350;Dumbbell Monobloco Emborrachado Pegada Injetada 36kg;DMBEIN36;Dumbbells;Dumbbell Monobloco;par;36;;9506.91.00;;true;;;Emborrachado;Injetada;;;;Monobloco;;;;;;false;3164;
6a3feaacbbf27f5ae7f19351;Dumbbell Monobloco Emborrachado Pegada Injetada 38kg;DMBEIN38;Dumbbells;Dumbbell Monobloco;par;38;;9506.91.00;;true;;;Emborrachado;Injetada;;;;Monobloco;;;;;;false;3164;
6a3feaacbbf27f5ae7f19352;Dumbbell Monobloco Emborrachado Pegada Injetada 40kg;DMBEIN40;Dumbbells;Dumbbell Monobloco;par;40;;9506.91.00;;true;;;Emborrachado;Injetada;;;;Monobloco;;;;;;false;3164;
6a3feaacbbf27f5ae7f19353;Dumbbell Monobloco Emborrachado Pegada Injetada 42kg;DMBEIN42;Dumbbells;Dumbbell Monobloco;par;42;;9506.91.00;;true;;;Emborrachado;Injetada;;;;Monobloco;;;;;;false;3164;
6a3feaacbbf27f5ae7f19354;Dumbbell Monobloco Emborrachado Pegada Injetada 44kg;DMBEIN44;Dumbbells;Dumbbell Monobloco;par;44;;9506.91.00;;true;;;Emborrachado;Injetada;;;;Monobloco;;;;;;false;3164;
6a3feaacbbf27f5ae7f19355;Dumbbell Monobloco Emborrachado Pegada Injetada 46kg;DMBEIN46;Dumbbells;Dumbbell Monobloco;par;46;;9506.91.00;;true;;;Emborrachado;Injetada;;;;Monobloco;;;;;;false;3164;
6a3feaacbbf27f5ae7f19356;Dumbbell Monobloco Emborrachado Pegada Injetada 48kg;DMBEIN48;Dumbbells;Dumbbell Monobloco;par;48;;9506.91.00;;true;;;Emborrachado;Injetada;;;;Monobloco;;;;;;false;3164;
6a3feaacbbf27f5ae7f19357;Dumbbell Monobloco Emborrachado Pegada Injetada 50kg;DMBEIN50;Dumbbells;Dumbbell Monobloco;par;50;;9506.91.00;;true;;;Emborrachado;Injetada;;;;Monobloco;;;;;;false;3164;
6a3feaacbbf27f5ae7f19358;Dumbbell Sextavado Pintado Pegada Recartilhada 10kg;DSXPR10;Dumbbells;Dumbbell Sextavado;par;10;https://base44.app/api/apps/68c9d5dd3cf0f8fd8a834875/files/mp/public/68c9d5dd3cf0f8fd8a834875/de61bde2f_dumbbell-sextavado-pintado-pegada-cromada-halter-hexagonal-cromado.jpg;9506.91.00;;true;;;Pintado;Recartilhada;;;;Sextavado;;;;;;false;3164;
6a3feaacbbf27f5ae7f19359;Dumbbell Sextavado Pintado Pegada Recartilhada 12kg;DSXPR12;Dumbbells;Dumbbell Sextavado;par;12;https://base44.app/api/apps/68c9d5dd3cf0f8fd8a834875/files/mp/public/68c9d5dd3cf0f8fd8a834875/de61bde2f_dumbbell-sextavado-pintado-pegada-cromada-halter-hexagonal-cromado.jpg;9506.91.00;;true;;;Pintado;Recartilhada;;;;Sextavado;;;;;;false;3164;
6a3feaacbbf27f5ae7f1935a;Dumbbell Sextavado Pintado Pegada Recartilhada 14kg;DSXPR14;Dumbbells;Dumbbell Sextavado;par;14;https://base44.app/api/apps/68c9d5dd3cf0f8fd8a834875/files/mp/public/68c9d5dd3cf0f8fd8a834875/de61bde2f_dumbbell-sextavado-pintado-pegada-cromada-halter-hexagonal-cromado.jpg;9506.91.00;;true;;;Pintado;Recartilhada;;;;Sextavado;;;;;;false;3164;
6a3feaacbbf27f5ae7f1935b;Dumbbell Sextavado Pintado Pegada Recartilhada 16kg;DSXPR16;Dumbbells;Dumbbell Sextavado;par;16;https://base44.app/api/apps/68c9d5dd3cf0f8fd8a834875/files/mp/public/68c9d5dd3cf0f8fd8a834875/de61bde2f_dumbbell-sextavado-pintado-pegada-cromada-halter-hexagonal-cromado.jpg;9506.91.00;;true;;;Pintado;Recartilhada;;;;Sextavado;;;;;;false;3164;
6a3feaacbbf27f5ae7f1935c;Dumbbell Sextavado Pintado Pegada Recartilhada 18kg;DSXPR18;Dumbbells;Dumbbell Sextavado;par;18;https://base44.app/api/apps/68c9d5dd3cf0f8fd8a834875/files/mp/public/68c9d5dd3cf0f8fd8a834875/de61bde2f_dumbbell-sextavado-pintado-pegada-cromada-halter-hexagonal-cromado.jpg;9506.91.00;;true;;;Pintado;Recartilhada;;;;Sextavado;;;;;;false;3164;
6a3feaacbbf27f5ae7f1935d;Dumbbell Sextavado Pintado Pegada Recartilhada 20kg;DSXPR20;Dumbbells;Dumbbell Sextavado;par;20;https://base44.app/api/apps/68c9d5dd3cf0f8fd8a834875/files/mp/public/68c9d5dd3cf0f8fd8a834875/de61bde2f_dumbbell-sextavado-pintado-pegada-cromada-halter-hexagonal-cromado.jpg;9506.91.00;;true;;;Pintado;Recartilhada;;;;Sextavado;;;;;;false;3164;
6a3feaacbbf27f5ae7f1935e;Dumbbell Sextavado Pintado Pegada Recartilhada 22kg;DSXPR22;Dumbbells;Dumbbell Sextavado;par;22;https://base44.app/api/apps/68c9d5dd3cf0f8fd8a834875/files/mp/public/68c9d5dd3cf0f8fd8a834875/de61bde2f_dumbbell-sextavado-pintado-pegada-cromada-halter-hexagonal-cromado.jpg;9506.91.00;;true;;;Pintado;Recartilhada;;;;Sextavado;;;;;;false;3164;
6a3feaacbbf27f5ae7f1935f;Dumbbell Sextavado Pintado Pegada Recartilhada 24kg;DSXPR24;Dumbbells;Dumbbell Sextavado;par;24;https://base44.app/api/apps/68c9d5dd3cf0f8fd8a834875/files/mp/public/68c9d5dd3cf0f8fd8a834875/de61bde2f_dumbbell-sextavado-pintado-pegada-cromada-halter-hexagonal-cromado.jpg;9506.91.00;;true;;;Pintado;Recartilhada;;;;Sextavado;;;;;;false;3164;
6a3feaacbbf27f5ae7f19360;Dumbbell Sextavado Pintado Pegada Recartilhada 26kg;DSXPR26;Dumbbells;Dumbbell Sextavado;par;26;https://base44.app/api/apps/68c9d5dd3cf0f8fd8a834875/files/mp/public/68c9d5dd3cf0f8fd8a834875/de61bde2f_dumbbell-sextavado-pintado-pegada-cromada-halter-hexagonal-cromado.jpg;9506.91.00;;true;;;Pintado;Recartilhada;;;;Sextavado;;;;;;false;3164;
6a3feaacbbf27f5ae7f19361;Dumbbell Sextavado Pintado Pegada Recartilhada 28kg;DSXPR28;Dumbbells;Dumbbell Sextavado;par;28;https://base44.app/api/apps/68c9d5dd3cf0f8fd8a834875/files/mp/public/68c9d5dd3cf0f8fd8a834875/de61bde2f_dumbbell-sextavado-pintado-pegada-cromada-halter-hexagonal-cromado.jpg;9506.91.00;;true;;;Pintado;Recartilhada;;;;Sextavado;;;;;;false;3164;
6a3feaacbbf27f5ae7f19362;Dumbbell Sextavado Pintado Pegada Recartilhada 30kg;DSXPR30;Dumbbells;Dumbbell Sextavado;par;30;https://base44.app/api/apps/68c9d5dd3cf0f8fd8a834875/files/mp/public/68c9d5dd3cf0f8fd8a834875/de61bde2f_dumbbell-sextavado-pintado-pegada-cromada-halter-hexagonal-cromado.jpg;9506.91.00;;true;;;Pintado;Recartilhada;;;;Sextavado;;;;;;false;3164;
6a3feaacbbf27f5ae7f19363;Dumbbell Sextavado Pintado Pegada Recartilhada 32kg;DSXPR32;Dumbbells;Dumbbell Sextavado;par;32;https://base44.app/api/apps/68c9d5dd3cf0f8fd8a834875/files/mp/public/68c9d5dd3cf0f8fd8a834875/de61bde2f_dumbbell-sextavado-pintado-pegada-cromada-halter-hexagonal-cromado.jpg;9506.91.00;;true;;;Pintado;Recartilhada;;;;Sextavado;;;;;;false;3164;
6a3feaacbbf27f5ae7f19364;Dumbbell Sextavado Pintado Pegada Recartilhada 34kg;DSXPR34;Dumbbells;Dumbbell Sextavado;par;34;https://base44.app/api/apps/68c9d5dd3cf0f8fd8a834875/files/mp/public/68c9d5dd3cf0f8fd8a834875/de61bde2f_dumbbell-sextavado-pintado-pegada-cromada-halter-hexagonal-cromado.jpg;9506.91.00;;true;;;Pintado;Recartilhada;;;;Sextavado;;;;;;false;3164;
6a3feaacbbf27f5ae7f19365;Dumbbell Sextavado Pintado Pegada Recartilhada 36kg;DSXPR36;Dumbbells;Dumbbell Sextavado;par;36;https://base44.app/api/apps/68c9d5dd3cf0f8fd8a834875/files/mp/public/68c9d5dd3cf0f8fd8a834875/de61bde2f_dumbbell-sextavado-pintado-pegada-cromada-halter-hexagonal-cromado.jpg;9506.91.00;;true;;;Pintado;Recartilhada;;;;Sextavado;;;;;;false;3164;
6a3feaacbbf27f5ae7f19366;Dumbbell Sextavado Pintado Pegada Recartilhada 38kg;DSXPR38;Dumbbells;Dumbbell Sextavado;par;38;https://base44.app/api/apps/68c9d5dd3cf0f8fd8a834875/files/mp/public/68c9d5dd3cf0f8fd8a834875/de61bde2f_dumbbell-sextavado-pintado-pegada-cromada-halter-hexagonal-cromado.jpg;9506.91.00;;true;;;Pintado;Recartilhada;;;;Sextavado;;;;;;false;3164;
6a3feaacbbf27f5ae7f19367;Dumbbell Sextavado Pintado Pegada Recartilhada 40kg;DSXPR40;Dumbbells;Dumbbell Sextavado;par;40;https://base44.app/api/apps/68c9d5dd3cf0f8fd8a834875/files/mp/public/68c9d5dd3cf0f8fd8a834875/de61bde2f_dumbbell-sextavado-pintado-pegada-cromada-halter-hexagonal-cromado.jpg;9506.91.00;;true;;;Pintado;Recartilhada;;;;Sextavado;;;;;;false;3164;
6a3feaacbbf27f5ae7f19368;Dumbbell Sextavado Pintado Pegada Recartilhada 42kg;DSXPR42;Dumbbells;Dumbbell Sextavado;par;42;https://base44.app/api/apps/68c9d5dd3cf0f8fd8a834875/files/mp/public/68c9d5dd3cf0f8fd8a834875/de61bde2f_dumbbell-sextavado-pintado-pegada-cromada-halter-hexagonal-cromado.jpg;9506.91.00;;true;;;Pintado;Recartilhada;;;;Sextavado;;;;;;false;3164;
6a3feaacbbf27f5ae7f19369;Dumbbell Sextavado Pintado Pegada Recartilhada 44kg;DSXPR44;Dumbbells;Dumbbell Sextavado;par;44;https://base44.app/api/apps/68c9d5dd3cf0f8fd8a834875/files/mp/public/68c9d5dd3cf0f8fd8a834875/de61bde2f_dumbbell-sextavado-pintado-pegada-cromada-halter-hexagonal-cromado.jpg;9506.91.00;;true;;;Pintado;Recartilhada;;;;Sextavado;;;;;;false;3164;
6a3feaacbbf27f5ae7f1936a;Dumbbell Sextavado Pintado Pegada Recartilhada 46kg;DSXPR46;Dumbbells;Dumbbell Sextavado;par;46;https://base44.app/api/apps/68c9d5dd3cf0f8fd8a834875/files/mp/public/68c9d5dd3cf0f8fd8a834875/de61bde2f_dumbbell-sextavado-pintado-pegada-cromada-halter-hexagonal-cromado.jpg;9506.91.00;;true;;;Pintado;Recartilhada;;;;Sextavado;;;;;;false;3164;
6a3feaacbbf27f5ae7f1936b;Dumbbell Sextavado Pintado Pegada Recartilhada 48kg;DSXPR48;Dumbbells;Dumbbell Sextavado;par;48;https://base44.app/api/apps/68c9d5dd3cf0f8fd8a834875/files/mp/public/68c9d5dd3cf0f8fd8a834875/de61bde2f_dumbbell-sextavado-pintado-pegada-cromada-halter-hexagonal-cromado.jpg;9506.91.00;;true;;;Pintado;Recartilhada;;;;Sextavado;;;;;;false;3164;
6a3feaacbbf27f5ae7f1936c;Dumbbell Sextavado Pintado Pegada Recartilhada 50kg;DSXPR50;Dumbbells;Dumbbell Sextavado;par;50;https://base44.app/api/apps/68c9d5dd3cf0f8fd8a834875/files/mp/public/68c9d5dd3cf0f8fd8a834875/de61bde2f_dumbbell-sextavado-pintado-pegada-cromada-halter-hexagonal-cromado.jpg;9506.91.00;;true;;;Pintado;Recartilhada;;;;Sextavado;;;;;;false;3164;
6a3feaacbbf27f5ae7f1936d;Dumbbell Sextavado Pintado Pegada Pintada 10kg;DSXPPT10;Dumbbells;Dumbbell Sextavado;par;10;https://base44.app/api/apps/68c9d5dd3cf0f8fd8a834875/files/mp/public/68c9d5dd3cf0f8fd8a834875/48c254c97_dumbbell-sextavado-pintado-halter-hexagonal-pintado-academia1.jpg;9506.91.00;;true;;;Pintado;Pintada;;;;Sextavado;;;;;;false;3164;
6a3feaacbbf27f5ae7f1936e;Dumbbell Sextavado Pintado Pegada Pintada 12kg;DSXPPT12;Dumbbells;Dumbbell Sextavado;par;12;https://base44.app/api/apps/68c9d5dd3cf0f8fd8a834875/files/mp/public/68c9d5dd3cf0f8fd8a834875/48c254c97_dumbbell-sextavado-pintado-halter-hexagonal-pintado-academia1.jpg;9506.91.00;;true;;;Pintado;Pintada;;;;Sextavado;;;;;;false;3164;
6a3feaacbbf27f5ae7f1936f;Dumbbell Sextavado Pintado Pegada Pintada 14kg;DSXPPT14;Dumbbells;Dumbbell Sextavado;par;14;https://base44.app/api/apps/68c9d5dd3cf0f8fd8a834875/files/mp/public/68c9d5dd3cf0f8fd8a834875/48c254c97_dumbbell-sextavado-pintado-halter-hexagonal-pintado-academia1.jpg;9506.91.00;;true;;;Pintado;Pintada;;;;Sextavado;;;;;;false;3164;
6a3feaacbbf27f5ae7f19370;Dumbbell Sextavado Pintado Pegada Pintada 16kg;DSXPPT16;Dumbbells;Dumbbell Sextavado;par;16;https://base44.app/api/apps/68c9d5dd3cf0f8fd8a834875/files/mp/public/68c9d5dd3cf0f8fd8a834875/48c254c97_dumbbell-sextavado-pintado-halter-hexagonal-pintado-academia1.jpg;9506.91.00;;true;;;Pintado;Pintada;;;;Sextavado;;;;;;false;3164;
6a3feaacbbf27f5ae7f19371;Dumbbell Sextavado Pintado Pegada Pintada 18kg;DSXPPT18;Dumbbells;Dumbbell Sextavado;par;18;https://base44.app/api/apps/68c9d5dd3cf0f8fd8a834875/files/mp/public/68c9d5dd3cf0f8fd8a834875/48c254c97_dumbbell-sextavado-pintado-halter-hexagonal-pintado-academia1.jpg;9506.91.00;;true;;;Pintado;Pintada;;;;Sextavado;;;;;;false;3164;
6a3feaacbbf27f5ae7f19372;Dumbbell Sextavado Pintado Pegada Pintada 20kg;DSXPPT20;Dumbbells;Dumbbell Sextavado;par;20;https://base44.app/api/apps/68c9d5dd3cf0f8fd8a834875/files/mp/public/68c9d5dd3cf0f8fd8a834875/48c254c97_dumbbell-sextavado-pintado-halter-hexagonal-pintado-academia1.jpg;9506.91.00;;true;;;Pintado;Pintada;;;;Sextavado;;;;;;false;3164;
6a3feaacbbf27f5ae7f19373;Dumbbell Sextavado Pintado Pegada Pintada 22kg;DSXPPT22;Dumbbells;Dumbbell Sextavado;par;22;https://base44.app/api/apps/68c9d5dd3cf0f8fd8a834875/files/mp/public/68c9d5dd3cf0f8fd8a834875/48c254c97_dumbbell-sextavado-pintado-halter-hexagonal-pintado-academia1.jpg;9506.91.00;;true;;;Pintado;Pintada;;;;Sextavado;;;;;;false;3164;
6a3feaacbbf27f5ae7f19374;Dumbbell Sextavado Pintado Pegada Pintada 24kg;DSXPPT24;Dumbbells;Dumbbell Sextavado;par;24;https://base44.app/api/apps/68c9d5dd3cf0f8fd8a834875/files/mp/public/68c9d5dd3cf0f8fd8a834875/48c254c97_dumbbell-sextavado-pintado-halter-hexagonal-pintado-academia1.jpg;9506.91.00;;true;;;Pintado;Pintada;;;;Sextavado;;;;;;false;3164;
6a3feaacbbf27f5ae7f19375;Dumbbell Sextavado Pintado Pegada Pintada 26kg;DSXPPT26;Dumbbells;Dumbbell Sextavado;par;26;https://base44.app/api/apps/68c9d5dd3cf0f8fd8a834875/files/mp/public/68c9d5dd3cf0f8fd8a834875/48c254c97_dumbbell-sextavado-pintado-halter-hexagonal-pintado-academia1.jpg;9506.91.00;;true;;;Pintado;Pintada;;;;Sextavado;;;;;;false;3164;
6a3feaacbbf27f5ae7f19376;Dumbbell Sextavado Pintado Pegada Pintada 28kg;DSXPPT28;Dumbbells;Dumbbell Sextavado;par;28;https://base44.app/api/apps/68c9d5dd3cf0f8fd8a834875/files/mp/public/68c9d5dd3cf0f8fd8a834875/48c254c97_dumbbell-sextavado-pintado-halter-hexagonal-pintado-academia1.jpg;9506.91.00;;true;;;Pintado;Pintada;;;;Sextavado;;;;;;false;3164;
6a3feaacbbf27f5ae7f19377;Dumbbell Sextavado Pintado Pegada Pintada 30kg;DSXPPT30;Dumbbells;Dumbbell Sextavado;par;30;;9506.91.00;;true;;;Pintado;Pintada;;;;Sextavado;;;;;;false;3164;
6a3feaacbbf27f5ae7f19378;Dumbbell Sextavado Pintado Pegada Pintada 32kg;DSXPPT32;Dumbbells;Dumbbell Sextavado;par;32;;9506.91.00;;true;;;Pintado;Pintada;;;;Sextavado;;;;;;false;3164;
6a3feaacbbf27f5ae7f19382;Dumbbell Sextavado Pintado Pegada Emborrachada 10kg;DSXPEB10;Dumbbells;Dumbbell Sextavado;par;10;;9506.91.00;;true;;;Pintado;Emborrachada;;;;Sextavado;;;;;;false;3164;
6a3feaacbbf27f5ae7f19383;Dumbbell Sextavado Pintado Pegada Emborrachada 12kg;DSXPEB12;Dumbbells;Dumbbell Sextavado;par;12;;9506.91.00;;true;;;Pintado;Emborrachada;;;;Sextavado;;;;;;false;3164;
6a3feaacbbf27f5ae7f19384;Dumbbell Sextavado Pintado Pegada Emborrachada 14kg;DSXPEB14;Dumbbells;Dumbbell Sextavado;par;14;;9506.91.00;;true;;;Pintado;Emborrachada;;;;Sextavado;;;;;;false;3164;
6a3feaacbbf27f5ae7f19385;Dumbbell Sextavado Pintado Pegada Emborrachada 16kg;DSXPEB16;Dumbbells;Dumbbell Sextavado;par;16;;9506.91.00;;true;;;Pintado;Emborrachada;;;;Sextavado;;;;;;false;3164;
6a3feaacbbf27f5ae7f19386;Dumbbell Sextavado Pintado Pegada Emborrachada 18kg;DSXPEB18;Dumbbells;Dumbbell Sextavado;par;18;;9506.91.00;;true;;;Pintado;Emborrachada;;;;Sextavado;;;;;;false;3164;
6a3feaacbbf27f5ae7f19387;Dumbbell Sextavado Pintado Pegada Emborrachada 20kg;DSXPEB20;Dumbbells;Dumbbell Sextavado;par;20;;9506.91.00;;true;;;Pintado;Emborrachada;;;;Sextavado;;;;;;false;3164;
6a3feaacbbf27f5ae7f19388;Dumbbell Sextavado Pintado Pegada Emborrachada 22kg;DSXPEB22;Dumbbells;Dumbbell Sextavado;par;22;;9506.91.00;;true;;;Pintado;Emborrachada;;;;Sextavado;;;;;;false;3164;
6a3feaacbbf27f5ae7f19389;Dumbbell Sextavado Pintado Pegada Emborrachada 24kg;DSXPEB24;Dumbbells;Dumbbell Sextavado;par;24;;9506.91.00;;true;;;Pintado;Emborrachada;;;;Sextavado;;;;;;false;3164;
6a3feaacbbf27f5ae7f1938a;Dumbbell Sextavado Pintado Pegada Emborrachada 26kg;DSXPEB26;Dumbbells;Dumbbell Sextavado;par;26;;9506.91.00;;true;;;Pintado;Emborrachada;;;;Sextavado;;;;;;false;3164;
6a3feaacbbf27f5ae7f1938b;Dumbbell Sextavado Pintado Pegada Emborrachada 28kg;DSXPEB28;Dumbbells;Dumbbell Sextavado;par;28;;9506.91.00;;true;;;Pintado;Emborrachada;;;;Sextavado;;;;;;false;3164;
6a3feaacbbf27f5ae7f1938c;Dumbbell Sextavado Pintado Pegada Emborrachada 30kg;DSXPEB30;Dumbbells;Dumbbell Sextavado;par;30;;9506.91.00;;true;;;Pintado;Emborrachada;;;;Sextavado;;;;;;false;3164;
6a3feaacbbf27f5ae7f1938d;Dumbbell Sextavado Pintado Pegada Emborrachada 32kg;DSXPEB32;Dumbbells;Dumbbell Sextavado;par;32;;9506.91.00;;true;;;Pintado;Emborrachada;;;;Sextavado;;;;;;false;3164;
6a3feaacbbf27f5ae7f1938e;Dumbbell Sextavado Pintado Pegada Emborrachada 34kg;DSXPEB34;Dumbbells;Dumbbell Sextavado;par;34;;9506.91.00;;true;;;Pintado;Emborrachada;;;;Sextavado;;;;;;false;3164;
6a3feaacbbf27f5ae7f1938f;Dumbbell Sextavado Pintado Pegada Emborrachada 36kg;DSXPEB36;Dumbbells;Dumbbell Sextavado;par;36;;9506.91.00;;true;;;Pintado;Emborrachada;;;;Sextavado;;;;;;false;3164;
6a3feaacbbf27f5ae7f19390;Dumbbell Sextavado Pintado Pegada Emborrachada 38kg;DSXPEB38;Dumbbells;Dumbbell Sextavado;par;38;;9506.91.00;;true;;;Pintado;Emborrachada;;;;Sextavado;;;;;;false;3164;
6a3feaacbbf27f5ae7f19391;Dumbbell Sextavado Pintado Pegada Emborrachada 40kg;DSXPEB40;Dumbbells;Dumbbell Sextavado;par;40;;9506.91.00;;true;;;Pintado;Emborrachada;;;;Sextavado;;;;;;false;3164;
6a3feaacbbf27f5ae7f19392;Dumbbell Sextavado Pintado Pegada Emborrachada 42kg;DSXPEB42;Dumbbells;Dumbbell Sextavado;par;42;;9506.91.00;;true;;;Pintado;Emborrachada;;;;Sextavado;;;;;;false;3164;
6a3feaacbbf27f5ae7f19393;Dumbbell Sextavado Pintado Pegada Emborrachada 44kg;DSXPEB44;Dumbbells;Dumbbell Sextavado;par;44;;9506.91.00;;true;;;Pintado;Emborrachada;;;;Sextavado;;;;;;false;3164;
6a3feaacbbf27f5ae7f19394;Dumbbell Sextavado Pintado Pegada Emborrachada 46kg;DSXPEB46;Dumbbells;Dumbbell Sextavado;par;46;;9506.91.00;;true;;;Pintado;Emborrachada;;;;Sextavado;;;;;;false;3164;
6a3feaacbbf27f5ae7f19395;Dumbbell Sextavado Pintado Pegada Emborrachada 48kg;DSXPEB48;Dumbbells;Dumbbell Sextavado;par;48;;9506.91.00;;true;;;Pintado;Emborrachada;;;;Sextavado;;;;;;false;3164;
6a3feaacbbf27f5ae7f19396;Dumbbell Sextavado Pintado Pegada Emborrachada 50kg;DSXPEB50;Dumbbells;Dumbbell Sextavado;par;50;;9506.91.00;;true;;;Pintado;Emborrachada;;;;Sextavado;;;;;;false;3164;
6a3feaacbbf27f5ae7f19397;Dumbbell Sextavado Pintado Pegada Injetada 10kg;DSXPIN10;Dumbbells;Dumbbell Sextavado;par;10;;9506.91.00;;true;;;Pintado;Injetada;;;;Sextavado;;;;;;false;3164;
6a3feaacbbf27f5ae7f19398;Dumbbell Sextavado Pintado Pegada Injetada 12kg;DSXPIN12;Dumbbells;Dumbbell Sextavado;par;12;;9506.91.00;;true;;;Pintado;Injetada;;;;Sextavado;;;;;;false;3164;
6a3feaacbbf27f5ae7f19399;Dumbbell Sextavado Pintado Pegada Injetada 14kg;DSXPIN14;Dumbbells;Dumbbell Sextavado;par;14;;9506.91.00;;true;;;Pintado;Injetada;;;;Sextavado;;;;;;false;3164;
6a3feaacbbf27f5ae7f1939a;Dumbbell Sextavado Pintado Pegada Injetada 16kg;DSXPIN16;Dumbbells;Dumbbell Sextavado;par;16;;9506.91.00;;true;;;Pintado;Injetada;;;;Sextavado;;;;;;false;3164;
6a3feaacbbf27f5ae7f1939b;Dumbbell Sextavado Pintado Pegada Injetada 18kg;DSXPIN18;Dumbbells;Dumbbell Sextavado;par;18;;9506.91.00;;true;;;Pintado;Injetada;;;;Sextavado;;;;;;false;3164;
6a3feaacbbf27f5ae7f1939c;Dumbbell Sextavado Pintado Pegada Injetada 20kg;DSXPIN20;Dumbbells;Dumbbell Sextavado;par;20;;9506.91.00;;true;;;Pintado;Injetada;;;;Sextavado;;;;;;false;3164;
6a3feaacbbf27f5ae7f1939d;Dumbbell Sextavado Pintado Pegada Injetada 22kg;DSXPIN22;Dumbbells;Dumbbell Sextavado;par;22;;9506.91.00;;true;;;Pintado;Injetada;;;;Sextavado;;;;;;false;3164;
6a3feaacbbf27f5ae7f1939e;Dumbbell Sextavado Pintado Pegada Injetada 24kg;DSXPIN24;Dumbbells;Dumbbell Sextavado;par;24;;9506.91.00;;true;;;Pintado;Injetada;;;;Sextavado;;;;;;false;3164;
6a3feaacbbf27f5ae7f1939f;Dumbbell Sextavado Pintado Pegada Injetada 26kg;DSXPIN26;Dumbbells;Dumbbell Sextavado;par;26;;9506.91.00;;true;;;Pintado;Injetada;;;;Sextavado;;;;;;false;3164;
6a3feaacbbf27f5ae7f193a0;Dumbbell Sextavado Pintado Pegada Injetada 28kg;DSXPIN28;Dumbbells;Dumbbell Sextavado;par;28;;9506.91.00;;true;;;Pintado;Injetada;;;;Sextavado;;;;;;false;3164;
6a3feaacbbf27f5ae7f193a1;Dumbbell Sextavado Pintado Pegada Injetada 30kg;DSXPIN30;Dumbbells;Dumbbell Sextavado;par;30;;9506.91.00;;true;;;Pintado;Injetada;;;;Sextavado;;;;;;false;3164;
6a3feaacbbf27f5ae7f193a2;Dumbbell Sextavado Pintado Pegada Injetada 32kg;DSXPIN32;Dumbbells;Dumbbell Sextavado;par;32;;9506.91.00;;true;;;Pintado;Injetada;;;;Sextavado;;;;;;false;3164;
6a3feaacbbf27f5ae7f193a3;Dumbbell Sextavado Pintado Pegada Injetada 34kg;DSXPIN34;Dumbbells;Dumbbell Sextavado;par;34;;9506.91.00;;true;;;Pintado;Injetada;;;;Sextavado;;;;;;false;3164;
6a3feaacbbf27f5ae7f193a4;Dumbbell Sextavado Pintado Pegada Injetada 36kg;DSXPIN36;Dumbbells;Dumbbell Sextavado;par;36;;9506.91.00;;true;;;Pintado;Injetada;;;;Sextavado;;;;;;false;3164;
6a3feaacbbf27f5ae7f193a5;Dumbbell Sextavado Pintado Pegada Injetada 38kg;DSXPIN38;Dumbbells;Dumbbell Sextavado;par;38;;9506.91.00;;true;;;Pintado;Injetada;;;;Sextavado;;;;;;false;3164;
6a3feaacbbf27f5ae7f193a6;Dumbbell Sextavado Pintado Pegada Injetada 40kg;DSXPIN40;Dumbbells;Dumbbell Sextavado;par;40;;9506.91.00;;true;;;Pintado;Injetada;;;;Sextavado;;;;;;false;3164;
6a3feaacbbf27f5ae7f193a7;Dumbbell Sextavado Pintado Pegada Injetada 42kg;DSXPIN42;Dumbbells;Dumbbell Sextavado;par;42;;9506.91.00;;true;;;Pintado;Injetada;;;;Sextavado;;;;;;false;3164;
6a3feaacbbf27f5ae7f193a8;Dumbbell Sextavado Pintado Pegada Injetada 44kg;DSXPIN44;Dumbbells;Dumbbell Sextavado;par;44;;9506.91.00;;true;;;Pintado;Injetada;;;;Sextavado;;;;;;false;3164;
6a3feaacbbf27f5ae7f193a9;Dumbbell Sextavado Pintado Pegada Injetada 46kg;DSXPIN46;Dumbbells;Dumbbell Sextavado;par;46;;9506.91.00;;true;;;Pintado;Injetada;;;;Sextavado;;;;;;false;3164;
6a3feaacbbf27f5ae7f193aa;Dumbbell Sextavado Pintado Pegada Injetada 48kg;DSXPIN48;Dumbbells;Dumbbell Sextavado;par;48;;9506.91.00;;true;;;Pintado;Injetada;;;;Sextavado;;;;;;false;3164;
6a3feaacbbf27f5ae7f193ab;Dumbbell Sextavado Pintado Pegada Injetada 50kg;DSXPIN50;Dumbbells;Dumbbell Sextavado;par;50;;9506.91.00;;true;;;Pintado;Injetada;;;;Sextavado;;;;;;false;3164;
6a3feaacbbf27f5ae7f193ac;Dumbbell Sextavado Injetado Pegada Recartilhada 10kg;DSXIR10;Dumbbells;Dumbbell Sextavado;par;10;https://base44.app/api/apps/68c9d5dd3cf0f8fd8a834875/files/mp/public/68c9d5dd3cf0f8fd8a834875/16c2dcc4d_dumbbell-sextavado-pintado-pegada-cromada-halter-hexagonal-cromado1.jpg;9506.91.00;;true;;;Injetado;Recartilhada;;;;Sextavado;;;;;;false;3164;
6a3feaacbbf27f5ae7f193ad;Dumbbell Sextavado Injetado Pegada Recartilhada 12kg;DSXIR12;Dumbbells;Dumbbell Sextavado;par;12;https://base44.app/api/apps/68c9d5dd3cf0f8fd8a834875/files/mp/public/68c9d5dd3cf0f8fd8a834875/16c2dcc4d_dumbbell-sextavado-pintado-pegada-cromada-halter-hexagonal-cromado1.jpg;9506.91.00;;true;;;Injetado;Recartilhada;;;;Sextavado;;;;;;false;3164;
6a3feaacbbf27f5ae7f193ae;Dumbbell Sextavado Injetado Pegada Recartilhada 14kg;DSXIR14;Dumbbells;Dumbbell Sextavado;par;14;https://base44.app/api/apps/68c9d5dd3cf0f8fd8a834875/files/mp/public/68c9d5dd3cf0f8fd8a834875/16c2dcc4d_dumbbell-sextavado-pintado-pegada-cromada-halter-hexagonal-cromado1.jpg;9506.91.00;;true;;;Injetado;Recartilhada;;;;Sextavado;;;;;;false;3164;
6a3feaacbbf27f5ae7f193af;Dumbbell Sextavado Injetado Pegada Recartilhada 16kg;DSXIR16;Dumbbells;Dumbbell Sextavado;par;16;https://base44.app/api/apps/68c9d5dd3cf0f8fd8a834875/files/mp/public/68c9d5dd3cf0f8fd8a834875/16c2dcc4d_dumbbell-sextavado-pintado-pegada-cromada-halter-hexagonal-cromado1.jpg;9506.91.00;;true;;;Injetado;Recartilhada;;;;Sextavado;;;;;;false;3164;
6a3feaacbbf27f5ae7f193b0;Dumbbell Sextavado Injetado Pegada Recartilhada 18kg;DSXIR18;Dumbbells;Dumbbell Sextavado;par;18;https://base44.app/api/apps/68c9d5dd3cf0f8fd8a834875/files/mp/public/68c9d5dd3cf0f8fd8a834875/16c2dcc4d_dumbbell-sextavado-pintado-pegada-cromada-halter-hexagonal-cromado1.jpg;9506.91.00;;true;;;Injetado;Recartilhada;;;;Sextavado;;;;;;false;3164;
6a3feaacbbf27f5ae7f193b1;Dumbbell Sextavado Injetado Pegada Recartilhada 20kg;DSXIR20;Dumbbells;Dumbbell Sextavado;par;20;https://base44.app/api/apps/68c9d5dd3cf0f8fd8a834875/files/mp/public/68c9d5dd3cf0f8fd8a834875/16c2dcc4d_dumbbell-sextavado-pintado-pegada-cromada-halter-hexagonal-cromado1.jpg;9506.91.00;;true;;;Injetado;Recartilhada;;;;Sextavado;;;;;;false;3164;
6a3feaacbbf27f5ae7f193b2;Dumbbell Sextavado Injetado Pegada Recartilhada 22kg;DSXIR22;Dumbbells;Dumbbell Sextavado;par;22;;9506.91.00;;true;;;Injetado;Recartilhada;;;;Sextavado;;;;;;false;3164;
6a3feaacbbf27f5ae7f193b3;Dumbbell Sextavado Injetado Pegada Recartilhada 24kg;DSXIR24;Dumbbells;Dumbbell Sextavado;par;24;https://base44.app/api/apps/68c9d5dd3cf0f8fd8a834875/files/mp/public/68c9d5dd3cf0f8fd8a834875/16c2dcc4d_dumbbell-sextavado-pintado-pegada-cromada-halter-hexagonal-cromado1.jpg;9506.91.00;;true;;;Injetado;Recartilhada;;;;Sextavado;;;;;;false;3164;
6a3feaacbbf27f5ae7f193b4;Dumbbell Sextavado Injetado Pegada Recartilhada 26kg;DSXIR26;Dumbbells;Dumbbell Sextavado;par;26;https://base44.app/api/apps/68c9d5dd3cf0f8fd8a834875/files/mp/public/68c9d5dd3cf0f8fd8a834875/16c2dcc4d_dumbbell-sextavado-pintado-pegada-cromada-halter-hexagonal-cromado1.jpg;9506.91.00;;true;;;Injetado;Recartilhada;;;;Sextavado;;;;;;false;3164;
6a3feaacbbf27f5ae7f193b5;Dumbbell Sextavado Injetado Pegada Recartilhada 28kg;DSXIR28;Dumbbells;Dumbbell Sextavado;par;28;https://base44.app/api/apps/68c9d5dd3cf0f8fd8a834875/files/mp/public/68c9d5dd3cf0f8fd8a834875/16c2dcc4d_dumbbell-sextavado-pintado-pegada-cromada-halter-hexagonal-cromado1.jpg;9506.91.00;;true;;;Injetado;Recartilhada;;;;Sextavado;;;;;;false;3164;
6a3feaacbbf27f5ae7f193b6;Dumbbell Sextavado Injetado Pegada Recartilhada 30kg;DSXIR30;Dumbbells;Dumbbell Sextavado;par;30;https://base44.app/api/apps/68c9d5dd3cf0f8fd8a834875/files/mp/public/68c9d5dd3cf0f8fd8a834875/16c2dcc4d_dumbbell-sextavado-pintado-pegada-cromada-halter-hexagonal-cromado1.jpg;9506.91.00;;true;;;Injetado;Recartilhada;;;;Sextavado;;;;;;false;3164;
6a3feaacbbf27f5ae7f193b7;Dumbbell Sextavado Injetado Pegada Recartilhada 32kg;DSXIR32;Dumbbells;Dumbbell Sextavado;par;32;https://base44.app/api/apps/68c9d5dd3cf0f8fd8a834875/files/mp/public/68c9d5dd3cf0f8fd8a834875/16c2dcc4d_dumbbell-sextavado-pintado-pegada-cromada-halter-hexagonal-cromado1.jpg;9506.91.00;;true;;;Injetado;Recartilhada;;;;Sextavado;;;;;;false;3164;
6a3feaacbbf27f5ae7f193b8;Dumbbell Sextavado Injetado Pegada Recartilhada 34kg;DSXIR34;Dumbbells;Dumbbell Sextavado;par;34;https://base44.app/api/apps/68c9d5dd3cf0f8fd8a834875/files/mp/public/68c9d5dd3cf0f8fd8a834875/16c2dcc4d_dumbbell-sextavado-pintado-pegada-cromada-halter-hexagonal-cromado1.jpg;9506.91.00;;true;;;Injetado;Recartilhada;;;;Sextavado;;;;;;false;3164;
6a3feaacbbf27f5ae7f193b9;Dumbbell Sextavado Injetado Pegada Recartilhada 36kg;DSXIR36;Dumbbells;Dumbbell Sextavado;par;36;https://base44.app/api/apps/68c9d5dd3cf0f8fd8a834875/files/mp/public/68c9d5dd3cf0f8fd8a834875/16c2dcc4d_dumbbell-sextavado-pintado-pegada-cromada-halter-hexagonal-cromado1.jpg;9506.91.00;;true;;;Injetado;Recartilhada;;;;Sextavado;;;;;;false;3164;
6a3feaacbbf27f5ae7f193ba;Dumbbell Sextavado Injetado Pegada Recartilhada 38kg;DSXIR38;Dumbbells;Dumbbell Sextavado;par;38;https://base44.app/api/apps/68c9d5dd3cf0f8fd8a834875/files/mp/public/68c9d5dd3cf0f8fd8a834875/16c2dcc4d_dumbbell-sextavado-pintado-pegada-cromada-halter-hexagonal-cromado1.jpg;9506.91.00;;true;;;Injetado;Recartilhada;;;;Sextavado;;;;;;false;3164;
6a3feaacbbf27f5ae7f193bb;Dumbbell Sextavado Injetado Pegada Recartilhada 40kg;DSXIR40;Dumbbells;Dumbbell Sextavado;par;40;https://base44.app/api/apps/68c9d5dd3cf0f8fd8a834875/files/mp/public/68c9d5dd3cf0f8fd8a834875/16c2dcc4d_dumbbell-sextavado-pintado-pegada-cromada-halter-hexagonal-cromado1.jpg;9506.91.00;;true;;;Injetado;Recartilhada;;;;Sextavado;;;;;;false;3164;
6a3feaacbbf27f5ae7f193bc;Dumbbell Sextavado Injetado Pegada Recartilhada 42kg;DSXIR42;Dumbbells;Dumbbell Sextavado;par;42;https://base44.app/api/apps/68c9d5dd3cf0f8fd8a834875/files/mp/public/68c9d5dd3cf0f8fd8a834875/16c2dcc4d_dumbbell-sextavado-pintado-pegada-cromada-halter-hexagonal-cromado1.jpg;9506.91.00;;true;;;Injetado;Recartilhada;;;;Sextavado;;;;;;false;3164;
6a3feaacbbf27f5ae7f193bd;Dumbbell Sextavado Injetado Pegada Recartilhada 44kg;DSXIR44;Dumbbells;Dumbbell Sextavado;par;44;https://base44.app/api/apps/68c9d5dd3cf0f8fd8a834875/files/mp/public/68c9d5dd3cf0f8fd8a834875/16c2dcc4d_dumbbell-sextavado-pintado-pegada-cromada-halter-hexagonal-cromado1.jpg;9506.91.00;;true;;;Injetado;Recartilhada;;;;Sextavado;;;;;;false;3164;
6a3feaacbbf27f5ae7f193be;Dumbbell Sextavado Injetado Pegada Recartilhada 46kg;DSXIR46;Dumbbells;Dumbbell Sextavado;par;46;https://base44.app/api/apps/68c9d5dd3cf0f8fd8a834875/files/mp/public/68c9d5dd3cf0f8fd8a834875/16c2dcc4d_dumbbell-sextavado-pintado-pegada-cromada-halter-hexagonal-cromado1.jpg;9506.91.00;;true;;;Injetado;Recartilhada;;;;Sextavado;;;;;;false;3164;
6a3feaacbbf27f5ae7f193bf;Dumbbell Sextavado Injetado Pegada Recartilhada 48kg;DSXIR48;Dumbbells;Dumbbell Sextavado;par;48;https://base44.app/api/apps/68c9d5dd3cf0f8fd8a834875/files/mp/public/68c9d5dd3cf0f8fd8a834875/16c2dcc4d_dumbbell-sextavado-pintado-pegada-cromada-halter-hexagonal-cromado1.jpg;9506.91.00;;true;;;Injetado;Recartilhada;;;;Sextavado;;;;;;false;3164;
6a3feaacbbf27f5ae7f193c0;Dumbbell Sextavado Injetado Pegada Recartilhada 50kg;DSXIR50;Dumbbells;Dumbbell Sextavado;par;50;https://base44.app/api/apps/68c9d5dd3cf0f8fd8a834875/files/mp/public/68c9d5dd3cf0f8fd8a834875/16c2dcc4d_dumbbell-sextavado-pintado-pegada-cromada-halter-hexagonal-cromado1.jpg;9506.91.00;;true;;;Injetado;Recartilhada;;;;Sextavado;;;;;;false;3164;
6a3feaacbbf27f5ae7f193c1;Dumbbell Sextavado Injetado Pegada Pintada 10kg;DSXIPT10;Dumbbells;Dumbbell Sextavado;par;10;;9506.91.00;;true;;;Injetado;Pintada;;;;Sextavado;;;;;;false;3164;
6a3feaacbbf27f5ae7f193c2;Dumbbell Sextavado Injetado Pegada Pintada 12kg;DSXIPT12;Dumbbells;Dumbbell Sextavado;par;12;;9506.91.00;;true;;;Injetado;Pintada;;;;Sextavado;;;;;;false;3164;
6a3feaacbbf27f5ae7f193c3;Dumbbell Sextavado Injetado Pegada Pintada 14kg;DSXIPT14;Dumbbells;Dumbbell Sextavado;par;14;;9506.91.00;;true;;;Injetado;Pintada;;;;Sextavado;;;;;;false;3164;
6a3feaacbbf27f5ae7f193c4;Dumbbell Sextavado Injetado Pegada Pintada 16kg;DSXIPT16;Dumbbells;Dumbbell Sextavado;par;16;;9506.91.00;;true;;;Injetado;Pintada;;;;Sextavado;;;;;;false;3164;
6a3feaacbbf27f5ae7f193c5;Dumbbell Sextavado Injetado Pegada Pintada 18kg;DSXIPT18;Dumbbells;Dumbbell Sextavado;par;18;;9506.91.00;;true;;;Injetado;Pintada;;;;Sextavado;;;;;;false;3164;
6a3feaacbbf27f5ae7f193c6;Dumbbell Sextavado Injetado Pegada Pintada 20kg;DSXIPT20;Dumbbells;Dumbbell Sextavado;par;20;;9506.91.00;;true;;;Injetado;Pintada;;;;Sextavado;;;;;;false;3164;
6a3feaacbbf27f5ae7f193c7;Dumbbell Sextavado Injetado Pegada Pintada 22kg;DSXIPT22;Dumbbells;Dumbbell Sextavado;par;22;;9506.91.00;;true;;;Injetado;Pintada;;;;Sextavado;;;;;;false;3164;
6a3feaacbbf27f5ae7f193c8;Dumbbell Sextavado Injetado Pegada Pintada 24kg;DSXIPT24;Dumbbells;Dumbbell Sextavado;par;24;;9506.91.00;;true;;;Injetado;Pintada;;;;Sextavado;;;;;;false;3164;
6a3feaacbbf27f5ae7f193c9;Dumbbell Sextavado Injetado Pegada Pintada 26kg;DSXIPT26;Dumbbells;Dumbbell Sextavado;par;26;;9506.91.00;;true;;;Injetado;Pintada;;;;Sextavado;;;;;;false;3164;
6a3feaacbbf27f5ae7f193ca;Dumbbell Sextavado Injetado Pegada Pintada 28kg;DSXIPT28;Dumbbells;Dumbbell Sextavado;par;28;;9506.91.00;;true;;;Injetado;Pintada;;;;Sextavado;;;;;;false;3164;
6a3feaacbbf27f5ae7f193cb;Dumbbell Sextavado Injetado Pegada Pintada 30kg;DSXIPT30;Dumbbells;Dumbbell Sextavado;par;30;;9506.91.00;;true;;;Injetado;Pintada;;;;Sextavado;;;;;;false;3164;
6a3feaacbbf27f5ae7f193cc;Dumbbell Sextavado Injetado Pegada Pintada 32kg;DSXIPT32;Dumbbells;Dumbbell Sextavado;par;32;;9506.91.00;;true;;;Injetado;Pintada;;;;Sextavado;;;;;;false;3164;
6a3feaacbbf27f5ae7f193cd;Dumbbell Sextavado Injetado Pegada Pintada 34kg;DSXIPT34;Dumbbells;Dumbbell Sextavado;par;34;;9506.91.00;;true;;;Injetado;Pintada;;;;Sextavado;;;;;;false;3164;
6a3feaacbbf27f5ae7f193ce;Dumbbell Sextavado Injetado Pegada Pintada 36kg;DSXIPT36;Dumbbells;Dumbbell Sextavado;par;36;;9506.91.00;;true;;;Injetado;Pintada;;;;Sextavado;;;;;;false;3164;
6a3feaacbbf27f5ae7f193cf;Dumbbell Sextavado Injetado Pegada Pintada 38kg;DSXIPT38;Dumbbells;Dumbbell Sextavado;par;38;;9506.91.00;;true;;;Injetado;Pintada;;;;Sextavado;;;;;;false;3164;
6a3feaacbbf27f5ae7f193d0;Dumbbell Sextavado Injetado Pegada Pintada 40kg;DSXIPT40;Dumbbells;Dumbbell Sextavado;par;40;;9506.91.00;;true;;;Injetado;Pintada;;;;Sextavado;;;;;;false;3164;
6a3feaacbbf27f5ae7f193d1;Dumbbell Sextavado Injetado Pegada Pintada 42kg;DSXIPT42;Dumbbells;Dumbbell Sextavado;par;42;;9506.91.00;;true;;;Injetado;Pintada;;;;Sextavado;;;;;;false;3164;
6a3feaacbbf27f5ae7f193d2;Dumbbell Sextavado Injetado Pegada Pintada 44kg;DSXIPT44;Dumbbells;Dumbbell Sextavado;par;44;;9506.91.00;;true;;;Injetado;Pintada;;;;Sextavado;;;;;;false;3164;
6a3feaacbbf27f5ae7f193d3;Dumbbell Sextavado Injetado Pegada Pintada 46kg;DSXIPT46;Dumbbells;Dumbbell Sextavado;par;46;;9506.91.00;;true;;;Injetado;Pintada;;;;Sextavado;;;;;;false;3164;
6a3feaacbbf27f5ae7f193d4;Dumbbell Sextavado Injetado Pegada Pintada 48kg;DSXIPT48;Dumbbells;Dumbbell Sextavado;par;48;;9506.91.00;;true;;;Injetado;Pintada;;;;Sextavado;;;;;;false;3164;
6a3feaacbbf27f5ae7f193d5;Dumbbell Sextavado Injetado Pegada Pintada 50kg;DSXIPT50;Dumbbells;Dumbbell Sextavado;par;50;;9506.91.00;;true;;;Injetado;Pintada;;;;Sextavado;;;;;;false;3164;
6a3feaacbbf27f5ae7f193d6;Dumbbell Sextavado Injetado Pegada Emborrachada 10kg;DSXIEB10;Dumbbells;Dumbbell Sextavado;par;10;;9506.91.00;;true;;;Injetado;Emborrachada;;;;Sextavado;;;;;;false;3164;
6a3feaacbbf27f5ae7f193d7;Dumbbell Sextavado Injetado Pegada Emborrachada 12kg;DSXIEB12;Dumbbells;Dumbbell Sextavado;par;12;;9506.91.00;;true;;;Injetado;Emborrachada;;;;Sextavado;;;;;;false;3164;
6a3feaacbbf27f5ae7f193d8;Dumbbell Sextavado Injetado Pegada Emborrachada 14kg;DSXIEB14;Dumbbells;Dumbbell Sextavado;par;14;;9506.91.00;;true;;;Injetado;Emborrachada;;;;Sextavado;;;;;;false;3164;
6a3feaacbbf27f5ae7f193d9;Dumbbell Sextavado Injetado Pegada Emborrachada 16kg;DSXIEB16;Dumbbells;Dumbbell Sextavado;par;16;;9506.91.00;;true;;;Injetado;Emborrachada;;;;Sextavado;;;;;;false;3164;
6a3feaacbbf27f5ae7f193da;Dumbbell Sextavado Injetado Pegada Emborrachada 18kg;DSXIEB18;Dumbbells;Dumbbell Sextavado;par;18;;9506.91.00;;true;;;Injetado;Emborrachada;;;;Sextavado;;;;;;false;3164;
6a3feaacbbf27f5ae7f193db;Dumbbell Sextavado Injetado Pegada Emborrachada 20kg;DSXIEB20;Dumbbells;Dumbbell Sextavado;par;20;;9506.91.00;;true;;;Injetado;Emborrachada;;;;Sextavado;;;;;;false;3164;
6a3feaacbbf27f5ae7f193dc;Dumbbell Sextavado Injetado Pegada Emborrachada 22kg;DSXIEB22;Dumbbells;Dumbbell Sextavado;par;22;;9506.91.00;;true;;;Injetado;Emborrachada;;;;Sextavado;;;;;;false;3164;
6a3feaacbbf27f5ae7f193dd;Dumbbell Sextavado Injetado Pegada Emborrachada 24kg;DSXIEB24;Dumbbells;Dumbbell Sextavado;par;24;;9506.91.00;;true;;;Injetado;Emborrachada;;;;Sextavado;;;;;;false;3164;
6a3feaacbbf27f5ae7f193de;Dumbbell Sextavado Injetado Pegada Emborrachada 26kg;DSXIEB26;Dumbbells;Dumbbell Sextavado;par;26;;9506.91.00;;true;;;Injetado;Emborrachada;;;;Sextavado;;;;;;false;3164;
6a3feaacbbf27f5ae7f193df;Dumbbell Sextavado Injetado Pegada Emborrachada 28kg;DSXIEB28;Dumbbells;Dumbbell Sextavado;par;28;;9506.91.00;;true;;;Injetado;Emborrachada;;;;Sextavado;;;;;;false;3164;
6a3feaacbbf27f5ae7f193e0;Dumbbell Sextavado Injetado Pegada Emborrachada 30kg;DSXIEB30;Dumbbells;Dumbbell Sextavado;par;30;;9506.91.00;;true;;;Injetado;Emborrachada;;;;Sextavado;;;;;;false;3164;
6a3feaacbbf27f5ae7f193e1;Dumbbell Sextavado Injetado Pegada Emborrachada 32kg;DSXIEB32;Dumbbells;Dumbbell Sextavado;par;32;;9506.91.00;;true;;;Injetado;Emborrachada;;;;Sextavado;;;;;;false;3164;
6a3feaacbbf27f5ae7f193e2;Dumbbell Sextavado Injetado Pegada Emborrachada 34kg;DSXIEB34;Dumbbells;Dumbbell Sextavado;par;34;;9506.91.00;;true;;;Injetado;Emborrachada;;;;Sextavado;;;;;;false;3164;
6a3feaacbbf27f5ae7f193e3;Dumbbell Sextavado Injetado Pegada Emborrachada 36kg;DSXIEB36;Dumbbells;Dumbbell Sextavado;par;36;;9506.91.00;;true;;;Injetado;Emborrachada;;;;Sextavado;;;;;;false;3164;
6a3feaacbbf27f5ae7f193e4;Dumbbell Sextavado Injetado Pegada Emborrachada 38kg;DSXIEB38;Dumbbells;Dumbbell Sextavado;par;38;;9506.91.00;;true;;;Injetado;Emborrachada;;;;Sextavado;;;;;;false;3164;
6a3feaacbbf27f5ae7f193e5;Dumbbell Sextavado Injetado Pegada Emborrachada 40kg;DSXIEB40;Dumbbells;Dumbbell Sextavado;par;40;;9506.91.00;;true;;;Injetado;Emborrachada;;;;Sextavado;;;;;;false;3164;
6a3feaacbbf27f5ae7f193e6;Dumbbell Sextavado Injetado Pegada Emborrachada 42kg;DSXIEB42;Dumbbells;Dumbbell Sextavado;par;42;;9506.91.00;;true;;;Injetado;Emborrachada;;;;Sextavado;;;;;;false;3164;
6a3feaacbbf27f5ae7f193e7;Dumbbell Sextavado Injetado Pegada Emborrachada 44kg;DSXIEB44;Dumbbells;Dumbbell Sextavado;par;44;;9506.91.00;;true;;;Injetado;Emborrachada;;;;Sextavado;;;;;;false;3164;
6a3feaacbbf27f5ae7f193e8;Dumbbell Sextavado Injetado Pegada Emborrachada 46kg;DSXIEB46;Dumbbells;Dumbbell Sextavado;par;46;;9506.91.00;;true;;;Injetado;Emborrachada;;;;Sextavado;;;;;;false;3164;
6a3feaacbbf27f5ae7f193e9;Dumbbell Sextavado Injetado Pegada Emborrachada 48kg;DSXIEB48;Dumbbells;Dumbbell Sextavado;par;48;;9506.91.00;;true;;;Injetado;Emborrachada;;;;Sextavado;;;;;;false;3164;
6a3feaacbbf27f5ae7f193ea;Dumbbell Sextavado Injetado Pegada Emborrachada 50kg;DSXIEB50;Dumbbells;Dumbbell Sextavado;par;50;;9506.91.00;;true;;;Injetado;Emborrachada;;;;Sextavado;;;;;;false;3164;
6a3feaacbbf27f5ae7f19400;Dumbbell Sextavado Emborrachado Pegada Recartilhada 10kg;DSXER10;Dumbbells;Dumbbell Sextavado;par;10;https://base44.app/api/apps/68c9d5dd3cf0f8fd8a834875/files/mp/public/68c9d5dd3cf0f8fd8a834875/62eb97c10_dumbbell-sextavado-texturizado-pegada-cromada-halter-hexagonal-academia1.jpg;9506.91.00;;true;;;Emborrachado;Recartilhada;;;;Sextavado;;;;;;false;3164;
6a3feaacbbf27f5ae7f19401;Dumbbell Sextavado Emborrachado Pegada Recartilhada 12kg;DSXER12;Dumbbells;Dumbbell Sextavado;par;12;https://base44.app/api/apps/68c9d5dd3cf0f8fd8a834875/files/mp/public/68c9d5dd3cf0f8fd8a834875/62eb97c10_dumbbell-sextavado-texturizado-pegada-cromada-halter-hexagonal-academia1.jpg;9506.91.00;;true;;;Emborrachado;Recartilhada;;;;Sextavado;;;;;;false;3164;
6a3feaacbbf27f5ae7f19402;Dumbbell Sextavado Emborrachado Pegada Recartilhada 14kg;DSXER14;Dumbbells;Dumbbell Sextavado;par;14;https://base44.app/api/apps/68c9d5dd3cf0f8fd8a834875/files/mp/public/68c9d5dd3cf0f8fd8a834875/62eb97c10_dumbbell-sextavado-texturizado-pegada-cromada-halter-hexagonal-academia1.jpg;9506.91.00;;true;;;Emborrachado;Recartilhada;;;;Sextavado;;;;;;false;3164;
6a3feaacbbf27f5ae7f19403;Dumbbell Sextavado Emborrachado Pegada Recartilhada 16kg;DSXER16;Dumbbells;Dumbbell Sextavado;par;16;https://base44.app/api/apps/68c9d5dd3cf0f8fd8a834875/files/mp/public/68c9d5dd3cf0f8fd8a834875/62eb97c10_dumbbell-sextavado-texturizado-pegada-cromada-halter-hexagonal-academia1.jpg;9506.91.00;;true;;;Emborrachado;Recartilhada;;;;Sextavado;;;;;;false;3164;
6a3feaacbbf27f5ae7f19404;Dumbbell Sextavado Emborrachado Pegada Recartilhada 18kg;DSXER18;Dumbbells;Dumbbell Sextavado;par;18;https://base44.app/api/apps/68c9d5dd3cf0f8fd8a834875/files/mp/public/68c9d5dd3cf0f8fd8a834875/62eb97c10_dumbbell-sextavado-texturizado-pegada-cromada-halter-hexagonal-academia1.jpg;9506.91.00;;true;;;Emborrachado;Recartilhada;;;;Sextavado;;;;;;false;3164;
6a3feaacbbf27f5ae7f19405;Dumbbell Sextavado Emborrachado Pegada Recartilhada 20kg;DSXER20;Dumbbells;Dumbbell Sextavado;par;20;https://base44.app/api/apps/68c9d5dd3cf0f8fd8a834875/files/mp/public/68c9d5dd3cf0f8fd8a834875/62eb97c10_dumbbell-sextavado-texturizado-pegada-cromada-halter-hexagonal-academia1.jpg;9506.91.00;;true;;;Emborrachado;Recartilhada;;;;Sextavado;;;;;;false;3164;
6a3feaacbbf27f5ae7f19406;Dumbbell Sextavado Emborrachado Pegada Recartilhada 22kg;DSXER22;Dumbbells;Dumbbell Sextavado;par;22;https://base44.app/api/apps/68c9d5dd3cf0f8fd8a834875/files/mp/public/68c9d5dd3cf0f8fd8a834875/62eb97c10_dumbbell-sextavado-texturizado-pegada-cromada-halter-hexagonal-academia1.jpg;9506.91.00;;true;;;Emborrachado;Recartilhada;;;;Sextavado;;;;;;false;3164;
6a3feaacbbf27f5ae7f19407;Dumbbell Sextavado Emborrachado Pegada Recartilhada 24kg;DSXER24;Dumbbells;Dumbbell Sextavado;par;24;https://base44.app/api/apps/68c9d5dd3cf0f8fd8a834875/files/mp/public/68c9d5dd3cf0f8fd8a834875/62eb97c10_dumbbell-sextavado-texturizado-pegada-cromada-halter-hexagonal-academia1.jpg;9506.91.00;;true;;;Emborrachado;Recartilhada;;;;Sextavado;;;;;;false;3164;
6a3feaacbbf27f5ae7f19408;Dumbbell Sextavado Emborrachado Pegada Recartilhada 26kg;DSXER26;Dumbbells;Dumbbell Sextavado;par;26;https://base44.app/api/apps/68c9d5dd3cf0f8fd8a834875/files/mp/public/68c9d5dd3cf0f8fd8a834875/62eb97c10_dumbbell-sextavado-texturizado-pegada-cromada-halter-hexagonal-academia1.jpg;9506.91.00;;true;;;Emborrachado;Recartilhada;;;;Sextavado;;;;;;false;3164;
6a3feaacbbf27f5ae7f19409;Dumbbell Sextavado Emborrachado Pegada Recartilhada 28kg;DSXER28;Dumbbells;Dumbbell Sextavado;par;28;https://base44.app/api/apps/68c9d5dd3cf0f8fd8a834875/files/mp/public/68c9d5dd3cf0f8fd8a834875/62eb97c10_dumbbell-sextavado-texturizado-pegada-cromada-halter-hexagonal-academia1.jpg;9506.91.00;;true;;;Emborrachado;Recartilhada;;;;Sextavado;;;;;;false;3164;
6a3feaacbbf27f5ae7f1940a;Dumbbell Sextavado Emborrachado Pegada Recartilhada 30kg;DSXER30;Dumbbells;Dumbbell Sextavado;par;30;https://base44.app/api/apps/68c9d5dd3cf0f8fd8a834875/files/mp/public/68c9d5dd3cf0f8fd8a834875/62eb97c10_dumbbell-sextavado-texturizado-pegada-cromada-halter-hexagonal-academia1.jpg;9506.91.00;;true;;;Emborrachado;Recartilhada;;;;Sextavado;;;;;;false;3164;
6a3feaacbbf27f5ae7f1940b;Dumbbell Sextavado Emborrachado Pegada Recartilhada 32kg;DSXER32;Dumbbells;Dumbbell Sextavado;par;32;https://base44.app/api/apps/68c9d5dd3cf0f8fd8a834875/files/mp/public/68c9d5dd3cf0f8fd8a834875/62eb97c10_dumbbell-sextavado-texturizado-pegada-cromada-halter-hexagonal-academia1.jpg;9506.91.00;;true;;;Emborrachado;Recartilhada;;;;Sextavado;;;;;;false;3164;
6a3feaacbbf27f5ae7f1940c;Dumbbell Sextavado Emborrachado Pegada Recartilhada 34kg;DSXER34;Dumbbells;Dumbbell Sextavado;par;34;https://base44.app/api/apps/68c9d5dd3cf0f8fd8a834875/files/mp/public/68c9d5dd3cf0f8fd8a834875/62eb97c10_dumbbell-sextavado-texturizado-pegada-cromada-halter-hexagonal-academia1.jpg;9506.91.00;;true;;;Emborrachado;Recartilhada;;;;Sextavado;;;;;;false;3164;
6a3feaacbbf27f5ae7f1940d;Dumbbell Sextavado Emborrachado Pegada Recartilhada 36kg;DSXER36;Dumbbells;Dumbbell Sextavado;par;36;https://base44.app/api/apps/68c9d5dd3cf0f8fd8a834875/files/mp/public/68c9d5dd3cf0f8fd8a834875/62eb97c10_dumbbell-sextavado-texturizado-pegada-cromada-halter-hexagonal-academia1.jpg;9506.91.00;;true;;;Emborrachado;Recartilhada;;;;Sextavado;;;;;;false;3164;
6a3feaacbbf27f5ae7f1940e;Dumbbell Sextavado Emborrachado Pegada Recartilhada 38kg;DSXER38;Dumbbells;Dumbbell Sextavado;par;38;https://base44.app/api/apps/68c9d5dd3cf0f8fd8a834875/files/mp/public/68c9d5dd3cf0f8fd8a834875/62eb97c10_dumbbell-sextavado-texturizado-pegada-cromada-halter-hexagonal-academia1.jpg;9506.91.00;;true;;;Emborrachado;Recartilhada;;;;Sextavado;;;;;;false;3164;
6a3feaacbbf27f5ae7f1940f;Dumbbell Sextavado Emborrachado Pegada Recartilhada 40kg;DSXER40;Dumbbells;Dumbbell Sextavado;par;40;https://base44.app/api/apps/68c9d5dd3cf0f8fd8a834875/files/mp/public/68c9d5dd3cf0f8fd8a834875/62eb97c10_dumbbell-sextavado-texturizado-pegada-cromada-halter-hexagonal-academia1.jpg;9506.91.00;;true;;;Emborrachado;Recartilhada;;;;Sextavado;;;;;;false;3164;
6a3feaacbbf27f5ae7f19410;Dumbbell Sextavado Emborrachado Pegada Recartilhada 42kg;DSXER42;Dumbbells;Dumbbell Sextavado;par;42;https://base44.app/api/apps/68c9d5dd3cf0f8fd8a834875/files/mp/public/68c9d5dd3cf0f8fd8a834875/62eb97c10_dumbbell-sextavado-texturizado-pegada-cromada-halter-hexagonal-academia1.jpg;9506.91.00;;true;;;Emborrachado;Recartilhada;;;;Sextavado;;;;;;false;3164;
6a3feaacbbf27f5ae7f19411;Dumbbell Sextavado Emborrachado Pegada Recartilhada 44kg;DSXER44;Dumbbells;Dumbbell Sextavado;par;44;https://anilhasehalteresbrasil.com.br/wp-content/uploads/2019/12/IMG-20191203-WA0041.jpg;9506.91.00;;true;;;Emborrachado;Recartilhada;;;;Sextavado;;;;;;false;3164;
6a3feaacbbf27f5ae7f19412;Dumbbell Sextavado Emborrachado Pegada Recartilhada 46kg;DSXER46;Dumbbells;Dumbbell Sextavado;par;46;https://base44.app/api/apps/68c9d5dd3cf0f8fd8a834875/files/mp/public/68c9d5dd3cf0f8fd8a834875/62eb97c10_dumbbell-sextavado-texturizado-pegada-cromada-halter-hexagonal-academia1.jpg;9506.91.00;;true;;;Emborrachado;Recartilhada;;;;Sextavado;;;;;;false;3164;
6a3feaacbbf27f5ae7f19413;Dumbbell Sextavado Emborrachado Pegada Recartilhada 48kg;DSXER48;Dumbbells;Dumbbell Sextavado;par;48;https://base44.app/api/apps/68c9d5dd3cf0f8fd8a834875/files/mp/public/68c9d5dd3cf0f8fd8a834875/62eb97c10_dumbbell-sextavado-texturizado-pegada-cromada-halter-hexagonal-academia1.jpg;9506.91.00;;true;;;Emborrachado;Recartilhada;;;;Sextavado;;;;;;false;3164;
6a3feaacbbf27f5ae7f19414;Dumbbell Sextavado Emborrachado Pegada Recartilhada 50kg;DSXER50;Dumbbells;Dumbbell Sextavado;par;50;https://base44.app/api/apps/68c9d5dd3cf0f8fd8a834875/files/mp/public/68c9d5dd3cf0f8fd8a834875/62eb97c10_dumbbell-sextavado-texturizado-pegada-cromada-halter-hexagonal-academia1.jpg;9506.91.00;;true;;;Emborrachado;Recartilhada;;;;Sextavado;;;;;;false;3164;
6a3feaacbbf27f5ae7f19415;Dumbbell Sextavado Emborrachado Pegada Pintada 10kg;DSXEPT10;Dumbbells;Dumbbell Sextavado;par;10;;9506.91.00;;true;;;Emborrachado;Pintada;;;;Sextavado;;;;;;false;3164;
6a3feaacbbf27f5ae7f19416;Dumbbell Sextavado Emborrachado Pegada Pintada 12kg;DSXEPT12;Dumbbells;Dumbbell Sextavado;par;12;;9506.91.00;;true;;;Emborrachado;Pintada;;;;Sextavado;;;;;;false;3164;
6a3feaacbbf27f5ae7f19417;Dumbbell Sextavado Emborrachado Pegada Pintada 14kg;DSXEPT14;Dumbbells;Dumbbell Sextavado;par;14;;9506.91.00;;true;;;Emborrachado;Pintada;;;;Sextavado;;;;;;false;3164;
6a3feaacbbf27f5ae7f19418;Dumbbell Sextavado Emborrachado Pegada Pintada 16kg;DSXEPT16;Dumbbells;Dumbbell Sextavado;par;16;;9506.91.00;;true;;;Emborrachado;Pintada;;;;Sextavado;;;;;;false;3164;
6a3feaacbbf27f5ae7f19419;Dumbbell Sextavado Emborrachado Pegada Pintada 18kg;DSXEPT18;Dumbbells;Dumbbell Sextavado;par;18;;9506.91.00;;true;;;Emborrachado;Pintada;;;;Sextavado;;;;;;false;3164;
6a3feaacbbf27f5ae7f1941a;Dumbbell Sextavado Emborrachado Pegada Pintada 20kg;DSXEPT20;Dumbbells;Dumbbell Sextavado;par;20;;9506.91.00;;true;;;Emborrachado;Pintada;;;;Sextavado;;;;;;false;3164;
6a3feaacbbf27f5ae7f1941b;Dumbbell Sextavado Emborrachado Pegada Pintada 22kg;DSXEPT22;Dumbbells;Dumbbell Sextavado;par;22;;9506.91.00;;true;;;Emborrachado;Pintada;;;;Sextavado;;;;;;false;3164;
6a3feaacbbf27f5ae7f1941c;Dumbbell Sextavado Emborrachado Pegada Pintada 24kg;DSXEPT24;Dumbbells;Dumbbell Sextavado;par;24;;9506.91.00;;true;;;Emborrachado;Pintada;;;;Sextavado;;;;;;false;3164;
6a3feaacbbf27f5ae7f1941d;Dumbbell Sextavado Emborrachado Pegada Pintada 26kg;DSXEPT26;Dumbbells;Dumbbell Sextavado;par;26;;9506.91.00;;true;;;Emborrachado;Pintada;;;;Sextavado;;;;;;false;3164;
6a3feaacbbf27f5ae7f1941e;Dumbbell Sextavado Emborrachado Pegada Pintada 28kg;DSXEPT28;Dumbbells;Dumbbell Sextavado;par;28;;9506.91.00;;true;;;Emborrachado;Pintada;;;;Sextavado;;;;;;false;3164;
6a3feaacbbf27f5ae7f1941f;Dumbbell Sextavado Emborrachado Pegada Pintada 30kg;DSXEPT30;Dumbbells;Dumbbell Sextavado;par;30;;9506.91.00;;true;;;Emborrachado;Pintada;;;;Sextavado;;;;;;false;3164;
6a3feaacbbf27f5ae7f19420;Dumbbell Sextavado Emborrachado Pegada Pintada 32kg;DSXEPT32;Dumbbells;Dumbbell Sextavado;par;32;;9506.91.00;;true;;;Emborrachado;Pintada;;;;Sextavado;;;;;;false;3164;
6a3feaacbbf27f5ae7f19421;Dumbbell Sextavado Emborrachado Pegada Pintada 34kg;DSXEPT34;Dumbbells;Dumbbell Sextavado;par;34;;9506.91.00;;true;;;Emborrachado;Pintada;;;;Sextavado;;;;;;false;3164;
6a3feaacbbf27f5ae7f19422;Dumbbell Sextavado Emborrachado Pegada Pintada 36kg;DSXEPT36;Dumbbells;Dumbbell Sextavado;par;36;;9506.91.00;;true;;;Emborrachado;Pintada;;;;Sextavado;;;;;;false;3164;
6a3feaacbbf27f5ae7f19423;Dumbbell Sextavado Emborrachado Pegada Pintada 38kg;DSXEPT38;Dumbbells;Dumbbell Sextavado;par;38;;9506.91.00;;true;;;Emborrachado;Pintada;;;;Sextavado;;;;;;false;3164;
6a3feaacbbf27f5ae7f19424;Dumbbell Sextavado Emborrachado Pegada Pintada 40kg;DSXEPT40;Dumbbells;Dumbbell Sextavado;par;40;;9506.91.00;;true;;;Emborrachado;Pintada;;;;Sextavado;;;;;;false;3164;
6a3feaacbbf27f5ae7f19425;Dumbbell Sextavado Emborrachado Pegada Pintada 42kg;DSXEPT42;Dumbbells;Dumbbell Sextavado;par;42;;9506.91.00;;true;;;Emborrachado;Pintada;;;;Sextavado;;;;;;false;3164;
6a3feaacbbf27f5ae7f19426;Dumbbell Sextavado Emborrachado Pegada Pintada 44kg;DSXEPT44;Dumbbells;Dumbbell Sextavado;par;44;;9506.91.00;;true;;;Emborrachado;Pintada;;;;Sextavado;;;;;;false;3164;
6a3feaacbbf27f5ae7f19427;Dumbbell Sextavado Emborrachado Pegada Pintada 46kg;DSXEPT46;Dumbbells;Dumbbell Sextavado;par;46;;9506.91.00;;true;;;Emborrachado;Pintada;;;;Sextavado;;;;;;false;3164;
6a3feaacbbf27f5ae7f19428;Dumbbell Sextavado Emborrachado Pegada Pintada 48kg;DSXEPT48;Dumbbells;Dumbbell Sextavado;par;48;;9506.91.00;;true;;;Emborrachado;Pintada;;;;Sextavado;;;;;;false;3164;
6a3feaacbbf27f5ae7f19429;Dumbbell Sextavado Emborrachado Pegada Pintada 50kg;DSXEPT50;Dumbbells;Dumbbell Sextavado;par;50;;9506.91.00;;true;;;Emborrachado;Pintada;;;;Sextavado;;;;;;false;3164;
6a3feaacbbf27f5ae7f1942a;Dumbbell Sextavado Emborrachado Pegada Emborrachada 10kg;DSXEEB10;Dumbbells;Dumbbell Sextavado;par;10;https://base44.app/api/apps/68c9d5dd3cf0f8fd8a834875/files/mp/public/68c9d5dd3cf0f8fd8a834875/6d9ecf037_dumbbell-sextavado-emborrachado.jpg;9506.91.00;;true;;;Emborrachado;Emborrachada;;;;Sextavado;;;;;;false;3164;
6a3feaacbbf27f5ae7f1942b;Dumbbell Sextavado Emborrachado Pegada Emborrachada 12kg;DSXEEB12;Dumbbells;Dumbbell Sextavado;par;12;https://base44.app/api/apps/68c9d5dd3cf0f8fd8a834875/files/mp/public/68c9d5dd3cf0f8fd8a834875/6d9ecf037_dumbbell-sextavado-emborrachado.jpg;9506.91.00;;true;;;Emborrachado;Emborrachada;;;;Sextavado;;;;;;false;3164;
6a3feaacbbf27f5ae7f1942c;Dumbbell Sextavado Emborrachado Pegada Emborrachada 14kg;DSXEEB14;Dumbbells;Dumbbell Sextavado;par;14;https://base44.app/api/apps/68c9d5dd3cf0f8fd8a834875/files/mp/public/68c9d5dd3cf0f8fd8a834875/6d9ecf037_dumbbell-sextavado-emborrachado.jpg;9506.91.00;;true;;;Emborrachado;Emborrachada;;;;Sextavado;;;;;;false;3164;
6a3feaacbbf27f5ae7f1942d;Dumbbell Sextavado Emborrachado Pegada Emborrachada 16kg;DSXEEB16;Dumbbells;Dumbbell Sextavado;par;16;https://base44.app/api/apps/68c9d5dd3cf0f8fd8a834875/files/mp/public/68c9d5dd3cf0f8fd8a834875/6d9ecf037_dumbbell-sextavado-emborrachado.jpg;9506.91.00;;true;;;Emborrachado;Emborrachada;;;;Sextavado;;;;;;false;3164;
6a3feaacbbf27f5ae7f1942e;Dumbbell Sextavado Emborrachado Pegada Emborrachada 18kg;DSXEEB18;Dumbbells;Dumbbell Sextavado;par;18;https://base44.app/api/apps/68c9d5dd3cf0f8fd8a834875/files/mp/public/68c9d5dd3cf0f8fd8a834875/6d9ecf037_dumbbell-sextavado-emborrachado.jpg;9506.91.00;;true;;;Emborrachado;Emborrachada;;;;Sextavado;;;;;;false;3164;
6a3feaacbbf27f5ae7f1942f;Dumbbell Sextavado Emborrachado Pegada Emborrachada 20kg;DSXEEB20;Dumbbells;Dumbbell Sextavado;par;20;https://base44.app/api/apps/68c9d5dd3cf0f8fd8a834875/files/mp/public/68c9d5dd3cf0f8fd8a834875/6d9ecf037_dumbbell-sextavado-emborrachado.jpg;9506.91.00;;true;;;Emborrachado;Emborrachada;;;;Sextavado;;;;;;false;3164;
6a3feaacbbf27f5ae7f19430;Dumbbell Sextavado Emborrachado Pegada Emborrachada 22kg;DSXEEB22;Dumbbells;Dumbbell Sextavado;par;22;https://base44.app/api/apps/68c9d5dd3cf0f8fd8a834875/files/mp/public/68c9d5dd3cf0f8fd8a834875/6d9ecf037_dumbbell-sextavado-emborrachado.jpg;9506.91.00;;true;;;Emborrachado;Emborrachada;;;;Sextavado;;;;;;false;3164;
6a3feaacbbf27f5ae7f19431;Dumbbell Sextavado Emborrachado Pegada Emborrachada 24kg;DSXEEB24;Dumbbells;Dumbbell Sextavado;par;24;https://base44.app/api/apps/68c9d5dd3cf0f8fd8a834875/files/mp/public/68c9d5dd3cf0f8fd8a834875/6d9ecf037_dumbbell-sextavado-emborrachado.jpg;9506.91.00;;true;;;Emborrachado;Emborrachada;;;;Sextavado;;;;;;false;3164;
6a3feaacbbf27f5ae7f19432;Dumbbell Sextavado Emborrachado Pegada Emborrachada 26kg;DSXEEB26;Dumbbells;Dumbbell Sextavado;par;26;https://base44.app/api/apps/68c9d5dd3cf0f8fd8a834875/files/mp/public/68c9d5dd3cf0f8fd8a834875/6d9ecf037_dumbbell-sextavado-emborrachado.jpg;9506.91.00;;true;;;Emborrachado;Emborrachada;;;;Sextavado;;;;;;false;3164;
6a3feaacbbf27f5ae7f19433;Dumbbell Sextavado Emborrachado Pegada Emborrachada 28kg;DSXEEB28;Dumbbells;Dumbbell Sextavado;par;28;https://base44.app/api/apps/68c9d5dd3cf0f8fd8a834875/files/mp/public/68c9d5dd3cf0f8fd8a834875/6d9ecf037_dumbbell-sextavado-emborrachado.jpg;9506.91.00;;true;;;Emborrachado;Emborrachada;;;;Sextavado;;;;;;false;3164;
6a3feaacbbf27f5ae7f19434;Dumbbell Sextavado Emborrachado Pegada Emborrachada 30kg;DSXEEB30;Dumbbells;Dumbbell Sextavado;par;30;https://base44.app/api/apps/68c9d5dd3cf0f8fd8a834875/files/mp/public/68c9d5dd3cf0f8fd8a834875/6d9ecf037_dumbbell-sextavado-emborrachado.jpg;9506.91.00;;true;;;Emborrachado;Emborrachada;;;;Sextavado;;;;;;false;3164;
6a3feaacbbf27f5ae7f19435;Dumbbell Sextavado Emborrachado Pegada Emborrachada 32kg;DSXEEB32;Dumbbells;Dumbbell Sextavado;par;32;https://base44.app/api/apps/68c9d5dd3cf0f8fd8a834875/files/mp/public/68c9d5dd3cf0f8fd8a834875/6d9ecf037_dumbbell-sextavado-emborrachado.jpg;9506.91.00;;true;;;Emborrachado;Emborrachada;;;;Sextavado;;;;;;false;3164;
6a3feaacbbf27f5ae7f1943f;Dumbbell Sextavado Emborrachado Pegada Injetada 10kg;DSXEIN10;Dumbbells;Dumbbell Sextavado;par;10;;9506.91.00;;true;;;Emborrachado;Injetada;;;;Sextavado;;;;;;false;3164;
6a3feaacbbf27f5ae7f19440;Dumbbell Sextavado Emborrachado Pegada Injetada 12kg;DSXEIN12;Dumbbells;Dumbbell Sextavado;par;12;;9506.91.00;;true;;;Emborrachado;Injetada;;;;Sextavado;;;;;;false;3164;
6a3feaacbbf27f5ae7f19441;Dumbbell Sextavado Emborrachado Pegada Injetada 14kg;DSXEIN14;Dumbbells;Dumbbell Sextavado;par;14;;9506.91.00;;true;;;Emborrachado;Injetada;;;;Sextavado;;;;;;false;3164;
6a3feaacbbf27f5ae7f19442;Dumbbell Sextavado Emborrachado Pegada Injetada 16kg;DSXEIN16;Dumbbells;Dumbbell Sextavado;par;16;;9506.91.00;;true;;;Emborrachado;Injetada;;;;Sextavado;;;;;;false;3164;
6a3feaacbbf27f5ae7f19443;Dumbbell Sextavado Emborrachado Pegada Injetada 18kg;DSXEIN18;Dumbbells;Dumbbell Sextavado;par;18;;9506.91.00;;true;;;Emborrachado;Injetada;;;;Sextavado;;;;;;false;3164;
6a3feaacbbf27f5ae7f19444;Dumbbell Sextavado Emborrachado Pegada Injetada 20kg;DSXEIN20;Dumbbells;Dumbbell Sextavado;par;20;;9506.91.00;;true;;;Emborrachado;Injetada;;;;Sextavado;;;;;;false;3164;
6a3feaacbbf27f5ae7f19445;Dumbbell Sextavado Emborrachado Pegada Injetada 22kg;DSXEIN22;Dumbbells;Dumbbell Sextavado;par;22;;9506.91.00;;true;;;Emborrachado;Injetada;;;;Sextavado;;;;;;false;3164;
6a3feaacbbf27f5ae7f19446;Dumbbell Sextavado Emborrachado Pegada Injetada 24kg;DSXEIN24;Dumbbells;Dumbbell Sextavado;par;24;;9506.91.00;;true;;;Emborrachado;Injetada;;;;Sextavado;;;;;;false;3164;
6a3feaacbbf27f5ae7f19447;Dumbbell Sextavado Emborrachado Pegada Injetada 26kg;DSXEIN26;Dumbbells;Dumbbell Sextavado;par;26;;9506.91.00;;true;;;Emborrachado;Injetada;;;;Sextavado;;;;;;false;3164;
6a3feaacbbf27f5ae7f19448;Dumbbell Sextavado Emborrachado Pegada Injetada 28kg;DSXEIN28;Dumbbells;Dumbbell Sextavado;par;28;;9506.91.00;;true;;;Emborrachado;Injetada;;;;Sextavado;;;;;;false;3164;
6a3feaacbbf27f5ae7f19449;Dumbbell Sextavado Emborrachado Pegada Injetada 30kg;DSXEIN30;Dumbbells;Dumbbell Sextavado;par;30;;9506.91.00;;true;;;Emborrachado;Injetada;;;;Sextavado;;;;;;false;3164;
6a3feaacbbf27f5ae7f1944a;Dumbbell Sextavado Emborrachado Pegada Injetada 32kg;DSXEIN32;Dumbbells;Dumbbell Sextavado;par;32;;9506.91.00;;true;;;Emborrachado;Injetada;;;;Sextavado;;;;;;false;3164;
6a3feaacbbf27f5ae7f1944b;Dumbbell Sextavado Emborrachado Pegada Injetada 34kg;DSXEIN34;Dumbbells;Dumbbell Sextavado;par;34;;9506.91.00;;true;;;Emborrachado;Injetada;;;;Sextavado;;;;;;false;3164;
6a43d03d489599a52bac3e23;Tijolinho Guia Jaú Sem acabamento Furo Chato 6kg;TJJBRGC6;Tijolinhos;Jaú;peça;6;;9506.91.00;;true;;Chato;Sem acabamento;;;;;;;;;Guia;;false;3217;
6a43d03d489599a52bac3e24;Tijolinho Guia Jaú Sem acabamento Furo Chato 6.5kg;TJJBRGC6.5;Tijolinhos;Jaú;peça;6.5;;9506.91.00;;true;;Chato;Sem acabamento;;;;;;;;;Guia;;true;3217;
6a43d03d489599a52bac3e25;Tijolinho Guia Jaú Sem acabamento Furo Chato 7kg;TJJBRGC7;Tijolinhos;Jaú;peça;7;;9506.91.00;;true;;Chato;Sem acabamento;;;;;;;;;Guia;;false;3217;
6a43d03d489599a52bac3e26;Tijolinho Guia Jaú Sem acabamento Furo Tubular 6kg;TJJBRGT6;Tijolinhos;Jaú;peça;6;;9506.91.00;;true;;Tubular;Sem acabamento;;;;;;;;;Guia;;false;3217;
6a43d03d489599a52bac3e27;Tijolinho Guia Jaú Sem acabamento Furo Tubular 6.5kg;TJJBRGT6.5;Tijolinhos;Jaú;peça;6.5;;9506.91.00;;true;;Tubular;Sem acabamento;;;;;;;;;Guia;;true;3217;
6a43d03d489599a52bac3e28;Tijolinho Guia Jaú Sem acabamento Furo Tubular 7kg;TJJBRGT7;Tijolinhos;Jaú;peça;7;;9506.91.00;;true;;Tubular;Sem acabamento;;;;;;;;;Guia;;false;3217;
6a43d03d489599a52bac3e29;Tijolinho Jaú Sem acabamento 5kg;TJJBR5;Tijolinhos;Jaú;peça;5;;9506.91.00;;true;;;Sem acabamento;;;;;;;;;Padrão;;false;3217;
6a43d03d489599a52bac3e2a;Tijolinho Jaú Sem acabamento 10kg;TJJBR10;Tijolinhos;Jaú;peça;10;;9506.91.00;;true;;;Sem acabamento;;;;;;;;;Padrão;;false;3217;
6a43d03d489599a52bac3e2b;Tijolinho Guia Jaú Pintado Furo Chato 6kg;TJJPIGC6;Tijolinhos;Jaú;peça;6;;9506.91.00;;true;;Chato;Pintado;;;;;;;;;Guia;;false;3217;
6a43d03d489599a52bac3e2c;Tijolinho Guia Jaú Pintado Furo Chato 6.5kg;TJJPIGC6.5;Tijolinhos;Jaú;peça;6.5;;9506.91.00;;true;;Chato;Pintado;;;;;;;;;Guia;;true;3217;
6a43d03d489599a52bac3e2d;Tijolinho Guia Jaú Pintado Furo Chato 7kg;TJJPIGC7;Tijolinhos;Jaú;peça;7;https://img.irroba.com.br/fit-in/1000x1000/filters:fill(fff):quality(80)/anilhasd/catalog/guias-tijolinhos/guias-tijolinhos-jau/guias-tijolinhos-jau-pintado/af-gtj-jau-7-p-furo-retang-fr.jpg;9506.91.00;;true;;Chato;Pintado;;;;;;;;;Guia;;false;3217;
6a43d03d489599a52bac3e2e;Tijolinho Guia Jaú Pintado Furo Tubular 6kg;TJJPIGT6;Tijolinhos;Jaú;peça;6;;9506.91.00;;true;;Tubular;Pintado;;;;;;;;;Guia;;false;3217;
6a43d03d489599a52bac3e2f;Tijolinho Guia Jaú Pintado Furo Tubular 6.5kg;TJJPIGT6.5;Tijolinhos;Jaú;peça;6.5;;9506.91.00;;true;;Tubular;Pintado;;;;;;;;;Guia;;true;3217;
6a43d03d489599a52bac3e30;Tijolinho Guia Jaú Pintado Furo Tubular 7kg;TJJPIGT7;Tijolinhos;Jaú;peça;7;https://img.irroba.com.br/fit-in/1000x1000/filters:fill(fff):quality(80)/anilhasd/catalog/guias-tijolinhos/guias-tijolinhos-jau/guias-tijolinhos-jau-pintado/af-gtj-jau-7-p-furo-redondo-fr.jpg;9506.91.00;;true;;Tubular;Pintado;;;;;;;;;Guia;;false;3217;
6a43d03d489599a52bac3e31;Tijolinho Jaú Pintado 5kg;TJJPI5;Tijolinhos;Jaú;peça;5;https://base44.app/api/apps/68c9d5dd3cf0f8fd8a834875/files/mp/public/68c9d5dd3cf0f8fd8a834875/e63b043f3_af-tjo-jau-slim-10-p-fr.webp;9506.91.00;;true;;;Pintado;;;;;;;;;Padrão;;false;3217;
6a43d03d489599a52bac3e32;Tijolinho Jaú Pintado 10kg;TJJPI10;Tijolinhos;Jaú;peça;10;https://base44.app/api/apps/68c9d5dd3cf0f8fd8a834875/files/mp/public/68c9d5dd3cf0f8fd8a834875/e63b043f3_af-tjo-jau-slim-10-p-fr.webp;9506.91.00;;true;;;Pintado;;;;;;;;;Padrão;;false;3217;
6a43d03d489599a52bac3e33;Tijolinho Guia Jaú Injetado Furo Chato 6kg;TJJINGC6;Tijolinhos;Jaú;peça;6;https://img.irroba.com.br/fit-in/1000x1000/filters:fill(fff):quality(80)/anilhasd/catalog/guias-tijolinhos/guias-tijolinhos-jau/guias-tijolinhos-jau-injetado/af-gtj-jau-6-i-furo-retang-fr.jpg;9506.91.00;;true;;Chato;Injetado;;;;;;;;;Guia;;false;3217;
6a43d03d489599a52bac3e34;Tijolinho Guia Jaú Injetado Furo Chato 6.5kg;TJJINGC6.5;Tijolinhos;Jaú;peça;6.5;;9506.91.00;;true;;Chato;Injetado;;;;;;;;;Guia;;true;3217;
6a43d03d489599a52bac3e35;Tijolinho Guia Jaú Injetado Furo Chato 7kg;TJJINGC7;Tijolinhos;Jaú;peça;7;;9506.91.00;;true;;Chato;Injetado;;;;;;;;;Guia;;false;3217;
6a43d03d489599a52bac3e36;Tijolinho Guia Jaú Injetado Furo Tubular 6kg;TJJINGT6;Tijolinhos;Jaú;peça;6;https://img.irroba.com.br/fit-in/1000x1000/filters:fill(fff):quality(80)/anilhasd/catalog/guias-tijolinhos/guias-tijolinhos-jau/guias-tijolinhos-jau-injetado/af-gtj-jau-6-i-furo-redondo-fr.jpg;9506.91.00;;true;;Tubular;Injetado;;;;;;;;;Guia;;false;3217;
6a43d03d489599a52bac3e37;Tijolinho Guia Jaú Injetado Furo Tubular 6.5kg;TJJINGT6.5;Tijolinhos;Jaú;peça;6.5;;9506.91.00;;true;;Tubular;Injetado;;;;;;;;;Guia;;true;3217;
6a43d03d489599a52bac3e38;Tijolinho Guia Jaú Injetado Furo Tubular 7kg;TJJINGT7;Tijolinhos;Jaú;peça;7;;9506.91.00;;true;;Tubular;Injetado;;;;;;;;;Guia;;false;3217;
6a43d03d489599a52bac3e39;Tijolinho Jaú Injetado 5kg;TJJIN5;Tijolinhos;Jaú;peça;5;https://base44.app/api/apps/68c9d5dd3cf0f8fd8a834875/files/mp/public/68c9d5dd3cf0f8fd8a834875/7e23f4349_af-tjo-jau-5-i-fr.webp;9506.91.00;;true;;;Injetado;;;;;;;;;Padrão;;false;3217;
6a43d03d489599a52bac3e3a;Tijolinho Jaú Injetado 10kg;TJJIN10;Tijolinhos;Jaú;peça;10;https://base44.app/api/apps/68c9d5dd3cf0f8fd8a834875/files/mp/public/68c9d5dd3cf0f8fd8a834875/7e23f4349_af-tjo-jau-5-i-fr.webp;9506.91.00;;true;;;Injetado;;;;;;;;;Padrão;;false;3217;
6a43d03d489599a52bac3e3b;Tijolinho Guia Retangular Sem acabamento Furo Chato 6kg;TJRBRGC6;Tijolinhos;Retangular;peça;6;;9506.91.00;;true;;Chato;Sem acabamento;;;;;;;;;Guia;;false;3217;
6a43d03d489599a52bac3e3c;Tijolinho Guia Retangular Sem acabamento Furo Chato 6.5kg;TJRBRGC6.5;Tijolinhos;Retangular;peça;6.5;;9506.91.00;;true;;Chato;Sem acabamento;;;;;;;;;Guia;;true;3217;
6a43d03d489599a52bac3e3d;Tijolinho Guia Retangular Sem acabamento Furo Chato 7kg;TJRBRGC7;Tijolinhos;Retangular;peça;7;;9506.91.00;;true;;Chato;Sem acabamento;;;;;;;;;Guia;;false;3217;
6a43d03d489599a52bac3e3e;Tijolinho Guia Retangular Sem acabamento Furo Tubular 6kg;TJRBRGT6;Tijolinhos;Retangular;peça;6;;9506.91.00;;true;;Tubular;Sem acabamento;;;;;;;;;Guia;;false;3217;
6a43d03d489599a52bac3e3f;Tijolinho Guia Retangular Sem acabamento Furo Tubular 6.5kg;TJRBRGT6.5;Tijolinhos;Retangular;peça;6.5;;9506.91.00;;true;;Tubular;Sem acabamento;;;;;;;;;Guia;;true;3217;
6a43d03d489599a52bac3e40;Tijolinho Guia Retangular Sem acabamento Furo Tubular 7kg;TJRBRGT7;Tijolinhos;Retangular;peça;7;;9506.91.00;;true;;Tubular;Sem acabamento;;;;;;;;;Guia;;false;3217;
6a43d03d489599a52bac3e41;Tijolinho Retangular Sem acabamento 5kg;TJRBR5;Tijolinhos;Retangular;peça;5;;9506.91.00;;true;;;Sem acabamento;;;;;;;;;Padrão;;false;3217;
6a43d03d489599a52bac3e42;Tijolinho Retangular Sem acabamento 10kg;TJRBR10;Tijolinhos;Retangular;peça;10;;9506.91.00;;true;;;Sem acabamento;;;;;;;;;Padrão;;false;3217;
6a43d03d489599a52bac3e43;Tijolinho Guia Retangular Pintado Furo Chato 6kg;TJRPIGC6;Tijolinhos;Retangular;peça;6;;9506.91.00;;true;;Chato;Pintado;;;;;;;;;Guia;;false;3217;
6a43d03d489599a52bac3e44;Tijolinho Guia Retangular Pintado Furo Chato 6.5kg;TJRPIGC6.5;Tijolinhos;Retangular;peça;6.5;;9506.91.00;;true;;Chato;Pintado;;;;;;;;;Guia;;true;3217;
6a43d03d489599a52bac3e45;Tijolinho Guia Retangular Pintado Furo Chato 7kg;TJRPIGC7;Tijolinhos;Retangular;peça;7;;9506.91.00;;true;;Chato;Pintado;;;;;;;;;Guia;;false;3217;
6a43d03d489599a52bac3e46;Tijolinho Guia Retangular Pintado Furo Tubular 6kg;TJRPIGT6;Tijolinhos;Retangular;peça;6;;9506.91.00;;true;;Tubular;Pintado;;;;;;;;;Guia;;false;3217;
6a43d03d489599a52bac3e47;Tijolinho Guia Retangular Pintado Furo Tubular 6.5kg;TJRPIGT6.5;Tijolinhos;Retangular;peça;6.5;;9506.91.00;;true;;Tubular;Pintado;;;;;;;;;Guia;;true;3217;
6a43d03d489599a52bac3e48;Tijolinho Guia Retangular Pintado Furo Tubular 7kg;TJRPIGT7;Tijolinhos;Retangular;peça;7;;9506.91.00;;true;;Tubular;Pintado;;;;;;;;;Guia;;false;3217;
6a43d03d489599a52bac3e49;Tijolinho Retangular Pintado 5kg;TJRPI5;Tijolinhos;Retangular;peça;5;;9506.91.00;;true;;;Pintado;;;;;;;;;Padrão;;false;3217;
6a43d03d489599a52bac3e4a;Tijolinho Retangular Pintado 10kg;TJRPI10;Tijolinhos;Retangular;peça;10;;9506.91.00;;true;;;Pintado;;;;;;;;;Padrão;;false;3217;
6a43d03d489599a52bac3e4b;Tijolinho Guia Retangular Injetado Furo Chato 6kg;TJRINGC6;Tijolinhos;Retangular;peça;6;;9506.91.00;;true;;Chato;Injetado;;;;;;;;;Guia;;false;3217;
6a43d03d489599a52bac3e4c;Tijolinho Guia Retangular Injetado Furo Chato 6.5kg;TJRINGC6.5;Tijolinhos;Retangular;peça;6.5;;9506.91.00;;true;;Chato;Injetado;;;;;;;;;Guia;;true;3217;
6a43d03d489599a52bac3e4d;Tijolinho Guia Retangular Injetado Furo Chato 7kg;TJRINGC7;Tijolinhos;Retangular;peça;7;;9506.91.00;;true;;Chato;Injetado;;;;;;;;;Guia;;false;3217;
6a43d03d489599a52bac3e4e;Tijolinho Guia Retangular Injetado Furo Tubular 6kg;TJRINGT6;Tijolinhos;Retangular;peça;6;;9506.91.00;;true;;Tubular;Injetado;;;;;;;;;Guia;;false;3217;
6a43d03d489599a52bac3e4f;Tijolinho Guia Retangular Injetado Furo Tubular 6.5kg;TJRINGT6.5;Tijolinhos;Retangular;peça;6.5;;9506.91.00;;true;;Tubular;Injetado;;;;;;;;;Guia;;true;3217;
6a43d03d489599a52bac3e50;Tijolinho Guia Retangular Injetado Furo Tubular 7kg;TJRINGT7;Tijolinhos;Retangular;peça;7;;9506.91.00;;true;;Tubular;Injetado;;;;;;;;;Guia;;false;3217;
6a43d03d489599a52bac3e51;Tijolinho Retangular Injetado 5kg;TJRIN5;Tijolinhos;Retangular;peça;5;;9506.91.00;;true;;;Injetado;;;;;;;;;Padrão;;false;3217;
6a43d03d489599a52bac3e52;Tijolinho Retangular Injetado 10kg;TJRIN10;Tijolinhos;Retangular;peça;10;;9506.91.00;;true;;;Injetado;;;;;;;;;Padrão;;false;3217;
6a43d03d489599a52bac3e53;Tijolinho Guia Meia Lua Sem acabamento Furo Chato 6kg;TJMBRGC6;Tijolinhos;Meia Lua;peça;6;;9506.91.00;;true;;Chato;Sem acabamento;;;;;;;;;Guia;;false;3217;
6a43d03d489599a52bac3e54;Tijolinho Guia Meia Lua Sem acabamento Furo Chato 6.5kg;TJMBRGC6.5;Tijolinhos;Meia Lua;peça;6.5;;9506.91.00;;true;;Chato;Sem acabamento;;;;;;;;;Guia;;true;3217;
6a43d03d489599a52bac3e55;Tijolinho Guia Meia Lua Sem acabamento Furo Chato 7kg;TJMBRGC7;Tijolinhos;Meia Lua;peça;7;;9506.91.00;;true;;Chato;Sem acabamento;;;;;;;;;Guia;;false;3217;
6a43d03d489599a52bac3e56;Tijolinho Guia Meia Lua Sem acabamento Furo Tubular 6kg;TJMBRGT6;Tijolinhos;Meia Lua;peça;6;;9506.91.00;;true;;Tubular;Sem acabamento;;;;;;;;;Guia;;false;3217;
6a43d03d489599a52bac3e57;Tijolinho Guia Meia Lua Sem acabamento Furo Tubular 6.5kg;TJMBRGT6.5;Tijolinhos;Meia Lua;peça;6.5;;9506.91.00;;true;;Tubular;Sem acabamento;;;;;;;;;Guia;;true;3217;
6a43d03d489599a52bac3e58;Tijolinho Guia Meia Lua Sem acabamento Furo Tubular 7kg;TJMBRGT7;Tijolinhos;Meia Lua;peça;7;;9506.91.00;;true;;Tubular;Sem acabamento;;;;;;;;;Guia;;false;3217;
6a43d03d489599a52bac3e59;Tijolinho Meia Lua Sem acabamento 5kg;TJMBR5;Tijolinhos;Meia Lua;peça;5;;9506.91.00;;true;;;Sem acabamento;;;;;;;;;Padrão;;false;3217;
6a43d03d489599a52bac3e5a;Tijolinho Meia Lua Sem acabamento 10kg;TJMBR10;Tijolinhos;Meia Lua;peça;10;;9506.91.00;;true;;;Sem acabamento;;;;;;;;;Padrão;;false;3217;
6a43d03d489599a52bac3e5b;Tijolinho Guia Meia Lua Pintado Furo Chato 6kg;TJMPIGC6;Tijolinhos;Meia Lua;peça;6;;9506.91.00;;true;;Chato;Pintado;;;;;;;;;Guia;;false;3217;
6a43d03d489599a52bac3e5c;Tijolinho Guia Meia Lua Pintado Furo Chato 6.5kg;TJMPIGC6.5;Tijolinhos;Meia Lua;peça;6.5;;9506.91.00;;true;;Chato;Pintado;;;;;;;;;Guia;;true;3217;
6a43d03d489599a52bac3e5d;Tijolinho Guia Meia Lua Pintado Furo Chato 7kg;TJMPIGC7;Tijolinhos;Meia Lua;peça;7;;9506.91.00;;true;;Chato;Pintado;;;;;;;;;Guia;;false;3217;
6a43d03d489599a52bac3e5e;Tijolinho Guia Meia Lua Pintado Furo Tubular 6kg;TJMPIGT6;Tijolinhos;Meia Lua;peça;6;;9506.91.00;;true;;Tubular;Pintado;;;;;;;;;Guia;;false;3217;
6a43d03d489599a52bac3e5f;Tijolinho Guia Meia Lua Pintado Furo Tubular 6.5kg;TJMPIGT6.5;Tijolinhos;Meia Lua;peça;6.5;;9506.91.00;;true;;Tubular;Pintado;;;;;;;;;Guia;;true;3217;
6a43d03d489599a52bac3e60;Tijolinho Guia Meia Lua Pintado Furo Tubular 7kg;TJMPIGT7;Tijolinhos;Meia Lua;peça;7;;9506.91.00;;true;;Tubular;Pintado;;;;;;;;;Guia;;false;3217;
6a43d03d489599a52bac3e61;Tijolinho Meia Lua Pintado 5kg;TJMPI5;Tijolinhos;Meia Lua;peça;5;;9506.91.00;;true;;;Pintado;;;;;;;;;Padrão;;false;3217;
6a43d03d489599a52bac3e62;Tijolinho Meia Lua Pintado 10kg;TJMPI10;Tijolinhos;Meia Lua;peça;10;;9506.91.00;;true;;;Pintado;;;;;;;;;Padrão;;false;3217;
6a43d03d489599a52bac3e63;Tijolinho Guia Meia Lua Injetado Furo Chato 6kg;TJMINGC6;Tijolinhos;Meia Lua;peça;6;;9506.91.00;;true;;Chato;Injetado;;;;;;;;;Guia;;false;3217;
6a43d03d489599a52bac3e64;Tijolinho Guia Meia Lua Injetado Furo Chato 6.5kg;TJMINGC6.5;Tijolinhos;Meia Lua;peça;6.5;;9506.91.00;;true;;Chato;Injetado;;;;;;;;;Guia;;true;3217;
6a43d03d489599a52bac3e65;Tijolinho Guia Meia Lua Injetado Furo Chato 7kg;TJMINGC7;Tijolinhos;Meia Lua;peça;7;;9506.91.00;;true;;Chato;Injetado;;;;;;;;;Guia;;false;3217;
6a43d03d489599a52bac3e66;Tijolinho Guia Meia Lua Injetado Furo Tubular 6kg;TJMINGT6;Tijolinhos;Meia Lua;peça;6;;9506.91.00;;true;;Tubular;Injetado;;;;;;;;;Guia;;false;3217;
6a43d03d489599a52bac3e67;Tijolinho Guia Meia Lua Injetado Furo Tubular 6.5kg;TJMINGT6.5;Tijolinhos;Meia Lua;peça;6.5;;9506.91.00;;true;;Tubular;Injetado;;;;;;;;;Guia;;true;3217;
6a43d03d489599a52bac3e68;Tijolinho Guia Meia Lua Injetado Furo Tubular 7kg;TJMINGT7;Tijolinhos;Meia Lua;peça;7;;9506.91.00;;true;;Tubular;Injetado;;;;;;;;;Guia;;false;3217;
6a43d03d489599a52bac3e69;Tijolinho Meia Lua Injetado 5kg;TJMIN5;Tijolinhos;Meia Lua;peça;5;;9506.91.00;;true;;;Injetado;;;;;;;;;Padrão;;false;3217;
6a43d03d489599a52bac3e6a;Tijolinho Meia Lua Injetado 10kg;TJMIN10;Tijolinhos;Meia Lua;peça;10;;9506.91.00;;true;;;Injetado;;;;;;;;;Padrão;;false;3217;
6a43d03d489599a52bac3e6b;Tijolinho Guia Batman Sem acabamento Furo Chato 6kg;TJBBRGC6;Tijolinhos;Batman;peça;6;;9506.91.00;;true;;Chato;Sem acabamento;;;;;;;;;Guia;;false;3217;
6a43d03d489599a52bac3e6c;Tijolinho Guia Batman Sem acabamento Furo Chato 6.5kg;TJBBRGC6.5;Tijolinhos;Batman;peça;6.5;;9506.91.00;;true;;Chato;Sem acabamento;;;;;;;;;Guia;;true;3217;
6a43d03d489599a52bac3e6d;Tijolinho Guia Batman Sem acabamento Furo Chato 7kg;TJBBRGC7;Tijolinhos;Batman;peça;7;;9506.91.00;;true;;Chato;Sem acabamento;;;;;;;;;Guia;;false;3217;
6a43d03d489599a52bac3e6e;Tijolinho Guia Batman Sem acabamento Furo Tubular 6kg;TJBBRGT6;Tijolinhos;Batman;peça;6;;9506.91.00;;true;;Tubular;Sem acabamento;;;;;;;;;Guia;;false;3217;
6a43d03d489599a52bac3e6f;Tijolinho Guia Batman Sem acabamento Furo Tubular 6.5kg;TJBBRGT6.5;Tijolinhos;Batman;peça;6.5;;9506.91.00;;true;;Tubular;Sem acabamento;;;;;;;;;Guia;;true;3217;
6a43d03d489599a52bac3e70;Tijolinho Guia Batman Sem acabamento Furo Tubular 7kg;TJBBRGT7;Tijolinhos;Batman;peça;7;;9506.91.00;;true;;Tubular;Sem acabamento;;;;;;;;;Guia;;false;3217;
6a43d03d489599a52bac3e71;Tijolinho Batman Sem acabamento 5kg;TJBBR5;Tijolinhos;Batman;peça;5;;9506.91.00;;true;;;Sem acabamento;;;;;;;;;Padrão;;false;3217;
6a43d03d489599a52bac3e72;Tijolinho Batman Sem acabamento 10kg;TJBBR10;Tijolinhos;Batman;peça;10;;9506.91.00;;true;;;Sem acabamento;;;;;;;;;Padrão;;false;3217;
6a43d03d489599a52bac3e73;Tijolinho Guia Batman Pintado Furo Chato 6kg;TJBPIGC6;Tijolinhos;Batman;peça;6;;9506.91.00;;true;;Chato;Pintado;;;;;;;;;Guia;;false;3217;
6a43d03d489599a52bac3e74;Tijolinho Guia Batman Pintado Furo Chato 6.5kg;TJBPIGC6.5;Tijolinhos;Batman;peça;6.5;;9506.91.00;;true;;Chato;Pintado;;;;;;;;;Guia;;true;3217;
6a43d03d489599a52bac3e75;Tijolinho Guia Batman Pintado Furo Chato 7kg;TJBPIGC7;Tijolinhos;Batman;peça;7;;9506.91.00;;true;;Chato;Pintado;;;;;;;;;Guia;;false;3217;
6a43d03d489599a52bac3e76;Tijolinho Guia Batman Pintado Furo Tubular 6kg;TJBPIGT6;Tijolinhos;Batman;peça;6;;9506.91.00;;true;;Tubular;Pintado;;;;;;;;;Guia;;false;3217;
6a43d03d489599a52bac3e77;Tijolinho Guia Batman Pintado Furo Tubular 6.5kg;TJBPIGT6.5;Tijolinhos;Batman;peça;6.5;;9506.91.00;;true;;Tubular;Pintado;;;;;;;;;Guia;;true;3217;
6a43d03d489599a52bac3e78;Tijolinho Guia Batman Pintado Furo Tubular 7kg;TJBPIGT7;Tijolinhos;Batman;peça;7;;9506.91.00;;true;;Tubular;Pintado;;;;;;;;;Guia;;false;3217;
6a43d03d489599a52bac3e79;Tijolinho Batman Pintado 5kg;TJBPI5;Tijolinhos;Batman;peça;5;https://base44.app/api/apps/68c9d5dd3cf0f8fd8a834875/files/mp/public/68c9d5dd3cf0f8fd8a834875/655375db5_unibras_TIJOLINHO-BATMAN_PINTADO.jpg;9506.91.00;;true;;;Pintado;;;;;;;;;Padrão;;false;3217;
6a43d03d489599a52bac3e7a;Tijolinho Batman Pintado 10kg;TJBPI10;Tijolinhos;Batman;peça;10;https://base44.app/api/apps/68c9d5dd3cf0f8fd8a834875/files/mp/public/68c9d5dd3cf0f8fd8a834875/655375db5_unibras_TIJOLINHO-BATMAN_PINTADO.jpg;9506.91.00;;true;;;Pintado;;;;;;;;;Padrão;;false;3217;
6a43d03d489599a52bac3e7b;Tijolinho Guia Batman Injetado Furo Chato 6kg;TJBINGC6;Tijolinhos;Batman;peça;6;;9506.91.00;;true;;Chato;Injetado;;;;;;;;;Guia;;false;3217;
6a43d03d489599a52bac3e7c;Tijolinho Guia Batman Injetado Furo Chato 6.5kg;TJBINGC6.5;Tijolinhos;Batman;peça;6.5;;9506.91.00;;true;;Chato;Injetado;;;;;;;;;Guia;;true;3217;
6a43d03d489599a52bac3e7d;Tijolinho Guia Batman Injetado Furo Chato 7kg;TJBINGC7;Tijolinhos;Batman;peça;7;;9506.91.00;;true;;Chato;Injetado;;;;;;;;;Guia;;false;3217;
6a43d03d489599a52bac3e7e;Tijolinho Guia Batman Injetado Furo Tubular 6kg;TJBINGT6;Tijolinhos;Batman;peça;6;;9506.91.00;;true;;Tubular;Injetado;;;;;;;;;Guia;;false;3217;
6a43d03d489599a52bac3e7f;Tijolinho Guia Batman Injetado Furo Tubular 6.5kg;TJBINGT6.5;Tijolinhos;Batman;peça;6.5;;9506.91.00;;true;;Tubular;Injetado;;;;;;;;;Guia;;true;3217;
6a43d03d489599a52bac3e80;Tijolinho Guia Batman Injetado Furo Tubular 7kg;TJBINGT7;Tijolinhos;Batman;peça;7;;9506.91.00;;true;;Tubular;Injetado;;;;;;;;;Guia;;false;3217;
6a43d03d489599a52bac3e81;Tijolinho Batman Injetado 5kg;TJBIN5;Tijolinhos;Batman;peça;5;;9506.91.00;;true;;;Injetado;;;;;;;;;Padrão;;false;3217;
6a43d03d489599a52bac3e82;Tijolinho Batman Injetado 10kg;TJBIN10;Tijolinhos;Batman;peça;10;;9506.91.00;;true;;;Injetado;;;;;;;;;Padrão;;false;3217;
6a4d1fb1e93f93e6d7aea9a4;Anilha Tech-Pro Injetado 1kg;ATI1;Anilhas;Tech-Pro;peça;1;https://base44.app/api/apps/68c9d5dd3cf0f8fd8a834875/files/mp/public/68c9d5dd3cf0f8fd8a834875/f378d13d0_anilha-pro-tech-injetada-furo-normal1.webp;9506.91.00;;true;;Padrão;Injetado;;;;;;;;;;;false;3164;
6a4d1fb1e93f93e6d7aea9a5;Anilha Tech-Pro Injetado 2kg;ATI2;Anilhas;Tech-Pro;peça;2;https://base44.app/api/apps/68c9d5dd3cf0f8fd8a834875/files/mp/public/68c9d5dd3cf0f8fd8a834875/f378d13d0_anilha-pro-tech-injetada-furo-normal1.webp;9506.91.00;;true;;Padrão;Injetado;;;;;;;;;;;false;3164;
6a4d1fb1e93f93e6d7aea9a6;Anilha Tech-Pro Injetado 3kg;ATI3;Anilhas;Tech-Pro;peça;3;https://base44.app/api/apps/68c9d5dd3cf0f8fd8a834875/files/mp/public/68c9d5dd3cf0f8fd8a834875/f378d13d0_anilha-pro-tech-injetada-furo-normal1.webp;9506.91.00;;true;;Padrão;Injetado;;;;;;;;;;;false;3164;
6a4d1fb1e93f93e6d7aea9a7;Anilha Tech-Pro Injetado 4kg;ATI4;Anilhas;Tech-Pro;peça;4;https://base44.app/api/apps/68c9d5dd3cf0f8fd8a834875/files/mp/public/68c9d5dd3cf0f8fd8a834875/f378d13d0_anilha-pro-tech-injetada-furo-normal1.webp;9506.91.00;;true;;Padrão;Injetado;;;;;;;;;;;false;3164;
6a4d1fb1e93f93e6d7aea9a8;Anilha Tech-Pro Injetado 5kg;ATI5;Anilhas;Tech-Pro;peça;5;https://base44.app/api/apps/68c9d5dd3cf0f8fd8a834875/files/mp/public/68c9d5dd3cf0f8fd8a834875/f378d13d0_anilha-pro-tech-injetada-furo-normal1.webp;9506.91.00;;true;;Padrão;Injetado;;;;;;;;;;;false;3164;
6a4d1fb1e93f93e6d7aea9a9;Anilha Tech-Pro Injetado 10kg;ATI10;Anilhas;Tech-Pro;peça;10;https://base44.app/api/apps/68c9d5dd3cf0f8fd8a834875/files/mp/public/68c9d5dd3cf0f8fd8a834875/f378d13d0_anilha-pro-tech-injetada-furo-normal1.webp;9506.91.00;;true;;Padrão;Injetado;;;;;;;;;;;false;3164;
6a4d1fb1e93f93e6d7aea9ab;Anilha Tech-Pro Injetado 20kg;ATI20;Anilhas;Tech-Pro;peça;20;https://base44.app/api/apps/68c9d5dd3cf0f8fd8a834875/files/mp/public/68c9d5dd3cf0f8fd8a834875/f378d13d0_anilha-pro-tech-injetada-furo-normal1.webp;9506.91.00;;true;;Padrão;Injetado;;;;;;;;;;;false;3164;
6a4d2f028f092573faefcc39;Dumbbell Sextavado Texturizado Pegada Recartilhada 10kg;DSXTER10;Dumbbells;Dumbbell Sextavado;par;10;https://base44.app/api/apps/68c9d5dd3cf0f8fd8a834875/files/mp/public/68c9d5dd3cf0f8fd8a834875/4f6ea592c_dumbbell-sextavado-texturizado-pegada-cromada-halter-hexagonal-academia1.jpg;9506.91.00;;true;;;Texturizado;Recartilhada;;;;Sextavado;;;;;;false;3164;
6a4d2f028f092573faefcc3a;Dumbbell Sextavado Texturizado Pegada Recartilhada 12kg;DSXTER12;Dumbbells;Dumbbell Sextavado;par;12;https://base44.app/api/apps/68c9d5dd3cf0f8fd8a834875/files/mp/public/68c9d5dd3cf0f8fd8a834875/4f6ea592c_dumbbell-sextavado-texturizado-pegada-cromada-halter-hexagonal-academia1.jpg;9506.91.00;;true;;;Texturizado;Recartilhada;;;;Sextavado;;;;;;false;3164;
6a4d2f028f092573faefcc3b;Dumbbell Sextavado Texturizado Pegada Recartilhada 14kg;DSXTER14;Dumbbells;Dumbbell Sextavado;par;14;https://base44.app/api/apps/68c9d5dd3cf0f8fd8a834875/files/mp/public/68c9d5dd3cf0f8fd8a834875/4f6ea592c_dumbbell-sextavado-texturizado-pegada-cromada-halter-hexagonal-academia1.jpg;9506.91.00;;true;;;Texturizado;Recartilhada;;;;Sextavado;;;;;;false;3164;
6a4d2f028f092573faefcc3c;Dumbbell Sextavado Texturizado Pegada Recartilhada 16kg;DSXTER16;Dumbbells;Dumbbell Sextavado;par;16;https://base44.app/api/apps/68c9d5dd3cf0f8fd8a834875/files/mp/public/68c9d5dd3cf0f8fd8a834875/4f6ea592c_dumbbell-sextavado-texturizado-pegada-cromada-halter-hexagonal-academia1.jpg;9506.91.00;;true;;;Texturizado;Recartilhada;;;;Sextavado;;;;;;false;3164;
6a4d2f028f092573faefcc3d;Dumbbell Sextavado Texturizado Pegada Recartilhada 18kg;DSXTER18;Dumbbells;Dumbbell Sextavado;par;18;https://base44.app/api/apps/68c9d5dd3cf0f8fd8a834875/files/mp/public/68c9d5dd3cf0f8fd8a834875/4f6ea592c_dumbbell-sextavado-texturizado-pegada-cromada-halter-hexagonal-academia1.jpg;9506.91.00;;true;;;Texturizado;Recartilhada;;;;Sextavado;;;;;;false;3164;
6a4d2f028f092573faefcc3e;Dumbbell Sextavado Texturizado Pegada Recartilhada 20kg;DSXTER20;Dumbbells;Dumbbell Sextavado;par;20;https://base44.app/api/apps/68c9d5dd3cf0f8fd8a834875/files/mp/public/68c9d5dd3cf0f8fd8a834875/4f6ea592c_dumbbell-sextavado-texturizado-pegada-cromada-halter-hexagonal-academia1.jpg;9506.91.00;;true;;;Texturizado;Recartilhada;;;;Sextavado;;;;;;false;3164;
6a4d2f028f092573faefcc3f;Dumbbell Sextavado Texturizado Pegada Recartilhada 22kg;DSXTER22;Dumbbells;Dumbbell Sextavado;par;22;https://base44.app/api/apps/68c9d5dd3cf0f8fd8a834875/files/mp/public/68c9d5dd3cf0f8fd8a834875/4f6ea592c_dumbbell-sextavado-texturizado-pegada-cromada-halter-hexagonal-academia1.jpg;9506.91.00;;true;;;Texturizado;Recartilhada;;;;Sextavado;;;;;;false;3164;
6a4d2f028f092573faefcc40;Dumbbell Sextavado Texturizado Pegada Recartilhada 24kg;DSXTER24;Dumbbells;Dumbbell Sextavado;par;24;https://base44.app/api/apps/68c9d5dd3cf0f8fd8a834875/files/mp/public/68c9d5dd3cf0f8fd8a834875/4f6ea592c_dumbbell-sextavado-texturizado-pegada-cromada-halter-hexagonal-academia1.jpg;9506.91.00;;true;;;Texturizado;Recartilhada;;;;Sextavado;;;;;;false;3164;
6a4d2f028f092573faefcc41;Dumbbell Sextavado Texturizado Pegada Recartilhada 26kg;DSXTER26;Dumbbells;Dumbbell Sextavado;par;26;https://base44.app/api/apps/68c9d5dd3cf0f8fd8a834875/files/mp/public/68c9d5dd3cf0f8fd8a834875/4f6ea592c_dumbbell-sextavado-texturizado-pegada-cromada-halter-hexagonal-academia1.jpg;9506.91.00;;true;;;Texturizado;Recartilhada;;;;Sextavado;;;;;;false;3164;
6a4d2f028f092573faefcc42;Dumbbell Sextavado Texturizado Pegada Recartilhada 28kg;DSXTER28;Dumbbells;Dumbbell Sextavado;par;28;https://base44.app/api/apps/68c9d5dd3cf0f8fd8a834875/files/mp/public/68c9d5dd3cf0f8fd8a834875/4f6ea592c_dumbbell-sextavado-texturizado-pegada-cromada-halter-hexagonal-academia1.jpg;9506.91.00;;true;;;Texturizado;Recartilhada;;;;Sextavado;;;;;;false;3164;
6a4d2f028f092573faefcc43;Dumbbell Sextavado Texturizado Pegada Recartilhada 30kg;DSXTER30;Dumbbells;Dumbbell Sextavado;par;30;https://base44.app/api/apps/68c9d5dd3cf0f8fd8a834875/files/mp/public/68c9d5dd3cf0f8fd8a834875/4f6ea592c_dumbbell-sextavado-texturizado-pegada-cromada-halter-hexagonal-academia1.jpg;9506.91.00;;true;;;Texturizado;Recartilhada;;;;Sextavado;;;;;;false;3164;
6a4d2f028f092573faefcc44;Dumbbell Sextavado Texturizado Pegada Recartilhada 32kg;DSXTER32;Dumbbells;Dumbbell Sextavado;par;32;https://base44.app/api/apps/68c9d5dd3cf0f8fd8a834875/files/mp/public/68c9d5dd3cf0f8fd8a834875/4f6ea592c_dumbbell-sextavado-texturizado-pegada-cromada-halter-hexagonal-academia1.jpg;9506.91.00;;true;;;Texturizado;Recartilhada;;;;Sextavado;;;;;;false;3164;
6a4d2f028f092573faefcc45;Dumbbell Sextavado Texturizado Pegada Recartilhada 34kg;DSXTER34;Dumbbells;Dumbbell Sextavado;par;34;https://base44.app/api/apps/68c9d5dd3cf0f8fd8a834875/files/mp/public/68c9d5dd3cf0f8fd8a834875/4f6ea592c_dumbbell-sextavado-texturizado-pegada-cromada-halter-hexagonal-academia1.jpg;9506.91.00;;true;;;Texturizado;Recartilhada;;;;Sextavado;;;;;;false;3164;
6a4d2f028f092573faefcc46;Dumbbell Sextavado Texturizado Pegada Recartilhada 36kg;DSXTER36;Dumbbells;Dumbbell Sextavado;par;36;https://base44.app/api/apps/68c9d5dd3cf0f8fd8a834875/files/mp/public/68c9d5dd3cf0f8fd8a834875/4f6ea592c_dumbbell-sextavado-texturizado-pegada-cromada-halter-hexagonal-academia1.jpg;9506.91.00;;true;;;Texturizado;Recartilhada;;;;Sextavado;;;;;;false;3164;
6a4d2f028f092573faefcc47;Dumbbell Sextavado Texturizado Pegada Recartilhada 38kg;DSXTER38;Dumbbells;Dumbbell Sextavado;par;38;https://base44.app/api/apps/68c9d5dd3cf0f8fd8a834875/files/mp/public/68c9d5dd3cf0f8fd8a834875/4f6ea592c_dumbbell-sextavado-texturizado-pegada-cromada-halter-hexagonal-academia1.jpg;9506.91.00;;true;;;Texturizado;Recartilhada;;;;Sextavado;;;;;;false;3164;
6a4d2f028f092573faefcc48;Dumbbell Sextavado Texturizado Pegada Recartilhada 40kg;DSXTER40;Dumbbells;Dumbbell Sextavado;par;40;https://base44.app/api/apps/68c9d5dd3cf0f8fd8a834875/files/mp/public/68c9d5dd3cf0f8fd8a834875/4f6ea592c_dumbbell-sextavado-texturizado-pegada-cromada-halter-hexagonal-academia1.jpg;9506.91.00;;true;;;Texturizado;Recartilhada;;;;Sextavado;;;;;;false;3164;
6a4d2f028f092573faefcc49;Dumbbell Sextavado Texturizado Pegada Recartilhada 42kg;DSXTER42;Dumbbells;Dumbbell Sextavado;par;42;https://base44.app/api/apps/68c9d5dd3cf0f8fd8a834875/files/mp/public/68c9d5dd3cf0f8fd8a834875/4f6ea592c_dumbbell-sextavado-texturizado-pegada-cromada-halter-hexagonal-academia1.jpg;9506.91.00;;true;;;Texturizado;Recartilhada;;;;Sextavado;;;;;;false;3164;
6a4d2f028f092573faefcc4a;Dumbbell Sextavado Texturizado Pegada Recartilhada 44kg;DSXTER44;Dumbbells;Dumbbell Sextavado;par;44;https://base44.app/api/apps/68c9d5dd3cf0f8fd8a834875/files/mp/public/68c9d5dd3cf0f8fd8a834875/4f6ea592c_dumbbell-sextavado-texturizado-pegada-cromada-halter-hexagonal-academia1.jpg;9506.91.00;;true;;;Texturizado;Recartilhada;;;;Sextavado;;;;;;false;3164;
6a4d2f028f092573faefcc4b;Dumbbell Sextavado Texturizado Pegada Recartilhada 46kg;DSXTER46;Dumbbells;Dumbbell Sextavado;par;46;https://base44.app/api/apps/68c9d5dd3cf0f8fd8a834875/files/mp/public/68c9d5dd3cf0f8fd8a834875/4f6ea592c_dumbbell-sextavado-texturizado-pegada-cromada-halter-hexagonal-academia1.jpg;9506.91.00;;true;;;Texturizado;Recartilhada;;;;Sextavado;;;;;;false;3164;
6a4d2f028f092573faefcc4c;Dumbbell Sextavado Texturizado Pegada Recartilhada 48kg;DSXTER48;Dumbbells;Dumbbell Sextavado;par;48;https://base44.app/api/apps/68c9d5dd3cf0f8fd8a834875/files/mp/public/68c9d5dd3cf0f8fd8a834875/4f6ea592c_dumbbell-sextavado-texturizado-pegada-cromada-halter-hexagonal-academia1.jpg;9506.91.00;;true;;;Texturizado;Recartilhada;;;;Sextavado;;;;;;false;3164;
6a4d2f028f092573faefcc4d;Dumbbell Sextavado Texturizado Pegada Recartilhada 50kg;DSXTER50;Dumbbells;Dumbbell Sextavado;par;50;https://base44.app/api/apps/68c9d5dd3cf0f8fd8a834875/files/mp/public/68c9d5dd3cf0f8fd8a834875/4f6ea592c_dumbbell-sextavado-texturizado-pegada-cromada-halter-hexagonal-academia1.jpg;9506.91.00;;true;;;Texturizado;Recartilhada;;;;Sextavado;;;;;;false;3164;
6a4d3256fdbb5001ac61dd6c;Dumbbell Monobloco Sextavado Injetado Pegada Injetada 12kg;DMSIIN12;Dumbbells;Dumbbell Monobloco Sextavado;peça;12;https://base44.app/api/apps/68c9d5dd3cf0f8fd8a834875/files/mp/public/68c9d5dd3cf0f8fd8a834875/1532681a1_dmipi.jpg;9506.91.00;;true;;;Injetado;Injetada;;;;Monobloco Sextavado;;;;;;false;3164;
6a4d3256fdbb5001ac61dd6d;Dumbbell Monobloco Sextavado Injetado Pegada Injetada 14kg;DMSIIN14;Dumbbells;Dumbbell Monobloco Sextavado;peça;14;https://base44.app/api/apps/68c9d5dd3cf0f8fd8a834875/files/mp/public/68c9d5dd3cf0f8fd8a834875/1532681a1_dmipi.jpg;9506.91.00;;true;;;Injetado;Injetada;;;;Monobloco Sextavado;;;;;;false;3164;
6a4d3256fdbb5001ac61dd6e;Dumbbell Monobloco Sextavado Injetado Pegada Injetada 16kg;DMSIIN16;Dumbbells;Dumbbell Monobloco Sextavado;peça;16;https://base44.app/api/apps/68c9d5dd3cf0f8fd8a834875/files/mp/public/68c9d5dd3cf0f8fd8a834875/1532681a1_dmipi.jpg;9506.91.00;;true;;;Injetado;Injetada;;;;Monobloco Sextavado;;;;;;false;3164;
6a4d3256fdbb5001ac61dd6f;Dumbbell Monobloco Sextavado Injetado Pegada Injetada 18kg;DMSIIN18;Dumbbells;Dumbbell Monobloco Sextavado;peça;18;https://base44.app/api/apps/68c9d5dd3cf0f8fd8a834875/files/mp/public/68c9d5dd3cf0f8fd8a834875/1532681a1_dmipi.jpg;9506.91.00;;true;;;Injetado;Injetada;;;;Monobloco Sextavado;;;;;;false;3164;
6a4d3256fdbb5001ac61dd70;Dumbbell Monobloco Sextavado Injetado Pegada Injetada 20kg;DMSIIN20;Dumbbells;Dumbbell Monobloco Sextavado;peça;20;https://base44.app/api/apps/68c9d5dd3cf0f8fd8a834875/files/mp/public/68c9d5dd3cf0f8fd8a834875/1532681a1_dmipi.jpg;9506.91.00;;true;;;Injetado;Injetada;;;;Monobloco Sextavado;;;;;;false;3164;
6a4d3256fdbb5001ac61dd71;Dumbbell Monobloco Sextavado Injetado Pegada Injetada 22kg;DMSIIN22;Dumbbells;Dumbbell Monobloco Sextavado;peça;22;https://base44.app/api/apps/68c9d5dd3cf0f8fd8a834875/files/mp/public/68c9d5dd3cf0f8fd8a834875/1532681a1_dmipi.jpg;9506.91.00;;true;;;Injetado;Injetada;;;;Monobloco Sextavado;;;;;;false;3164;
6a4d3256fdbb5001ac61dd72;Dumbbell Monobloco Sextavado Injetado Pegada Injetada 24kg;DMSIIN24;Dumbbells;Dumbbell Monobloco Sextavado;peça;24;https://base44.app/api/apps/68c9d5dd3cf0f8fd8a834875/files/mp/public/68c9d5dd3cf0f8fd8a834875/1532681a1_dmipi.jpg;9506.91.00;;true;;;Injetado;Injetada;;;;Monobloco Sextavado;;;;;;false;3164;
6a4d3256fdbb5001ac61dd73;Dumbbell Monobloco Sextavado Injetado Pegada Injetada 26kg;DMSIIN26;Dumbbells;Dumbbell Monobloco Sextavado;peça;26;https://base44.app/api/apps/68c9d5dd3cf0f8fd8a834875/files/mp/public/68c9d5dd3cf0f8fd8a834875/1532681a1_dmipi.jpg;9506.91.00;;true;;;Injetado;Injetada;;;;Monobloco Sextavado;;;;;;false;3164;
6a4d3256fdbb5001ac61dd74;Dumbbell Monobloco Sextavado Injetado Pegada Injetada 28kg;DMSIIN28;Dumbbells;Dumbbell Monobloco Sextavado;peça;28;https://base44.app/api/apps/68c9d5dd3cf0f8fd8a834875/files/mp/public/68c9d5dd3cf0f8fd8a834875/1532681a1_dmipi.jpg;9506.91.00;;true;;;Injetado;Injetada;;;;Monobloco Sextavado;;;;;;false;3164;
6a4d3256fdbb5001ac61dd75;Dumbbell Monobloco Sextavado Injetado Pegada Injetada 30kg;DMSIIN30;Dumbbells;Dumbbell Monobloco Sextavado;peça;30;https://base44.app/api/apps/68c9d5dd3cf0f8fd8a834875/files/mp/public/68c9d5dd3cf0f8fd8a834875/1532681a1_dmipi.jpg;9506.91.00;;true;;;Injetado;Injetada;;;;Monobloco Sextavado;;;;;;false;3164;
6a4e4ec44a37a0dfc14c4830;Dumbbell Sextavado Pintado Pegada Pintada 12,5kg;DSXPPT125;Dumbbells;Dumbbell Sextavado;par;12.5;https://base44.app/api/apps/68c9d5dd3cf0f8fd8a834875/files/mp/public/68c9d5dd3cf0f8fd8a834875/48c254c97_dumbbell-sextavado-pintado-halter-hexagonal-pintado-academia1.jpg;9506.91.00;;true;;;Pintado;Pintada;;;;Sextavado;;;;;;true;3164;
6a4e4ec44a37a0dfc14c4831;Dumbbell Sextavado Pintado Pegada Pintada 15kg;DSXPPT15;Dumbbells;Dumbbell Sextavado;par;15;https://base44.app/api/apps/68c9d5dd3cf0f8fd8a834875/files/mp/public/68c9d5dd3cf0f8fd8a834875/48c254c97_dumbbell-sextavado-pintado-halter-hexagonal-pintado-academia1.jpg;9506.91.00;;true;;;Pintado;Pintada;;;;Sextavado;;;;;;false;3164;
6a4e4ec44a37a0dfc14c4832;Dumbbell Sextavado Pintado Pegada Pintada 22,5kg;DSXPPT225;Dumbbells;Dumbbell Sextavado;par;22.5;https://base44.app/api/apps/68c9d5dd3cf0f8fd8a834875/files/mp/public/68c9d5dd3cf0f8fd8a834875/48c254c97_dumbbell-sextavado-pintado-halter-hexagonal-pintado-academia1.jpg;9506.91.00;;true;;;Pintado;Pintada;;;;Sextavado;;;;;;true;3164;
6a4e4ec44a37a0dfc14c4833;Dumbbell Sextavado Emborrachado Pegada Emborrachada 12,5kg;DSXEEB125;Dumbbells;Dumbbell Sextavado;par;12.5;https://base44.app/api/apps/68c9d5dd3cf0f8fd8a834875/files/mp/public/68c9d5dd3cf0f8fd8a834875/6d9ecf037_dumbbell-sextavado-emborrachado.jpg;9506.91.00;;true;;;Emborrachado;Emborrachada;;;;Sextavado;;;;;;true;3164;
6a4e4ec44a37a0dfc14c4834;Dumbbell Sextavado Emborrachado Pegada Emborrachada 15kg;DSXEEB15;Dumbbells;Dumbbell Sextavado;par;15;https://base44.app/api/apps/68c9d5dd3cf0f8fd8a834875/files/mp/public/68c9d5dd3cf0f8fd8a834875/6d9ecf037_dumbbell-sextavado-emborrachado.jpg;9506.91.00;;true;;;Emborrachado;Emborrachada;;;;Sextavado;;;;;;false;3164;
6a4e4ec44a37a0dfc14c4835;Dumbbell Sextavado Emborrachado Pegada Emborrachada 22,5kg;DSXEEB225;Dumbbells;Dumbbell Sextavado;par;22.5;https://base44.app/api/apps/68c9d5dd3cf0f8fd8a834875/files/mp/public/68c9d5dd3cf0f8fd8a834875/6d9ecf037_dumbbell-sextavado-emborrachado.jpg;9506.91.00;;true;;;Emborrachado;Emborrachada;;;;Sextavado;;;;;;true;3164;
6a57bd17f3c30862052b5965;Barra Maciça Cromada Recartilhada Reta 30cm c/ Presilha Espiral;BAR-001;Barras;Barra Maciça;peça;;https://metalformaadm.webtrafego.com.br/acesso/imagens/1698677207-Barra_Reta_Recartilhada_Cromada.jpg;9506.91.00;;true;;;;;;Cromada;;;;;;;;false;3271;
6a57bd17f3c30862052b5966;Barra Maciça Cromada Recartilhada Reta 40cm c/ Presilha Espiral;BAR-002;Barras;Barra Maciça;peça;;https://metalformaadm.webtrafego.com.br/acesso/imagens/1698677578-Barra_Reta_Recartilhada_Cromada.jpg;9506.91.00;;true;;;;;;Cromada;;;;;;;;false;3271;
6a57bd17f3c30862052b5967;Barra Maciça Cromada Recartilhada Reta 1,2m c/ Presilha Espiral;BAR-003;Barras;Barra Maciça;peça;;;9506.91.00;;true;;;;;;Cromada;;;;;;;;false;3271;
6a57bd17f3c30862052b5968;Barra Maciça Cromada Recartilhada Reta 1,5m c/ Presilha Espiral;BAR-004;Barras;Barra Maciça;peça;;https://metalformaadm.webtrafego.com.br/acesso/imagens/1698689779-BARRA_0LIMPICA_CR0MADA.jpg;9506.91.00;;true;;;;;;Cromada;;;;;;;;false;3271;
6a57bd17f3c30862052b5969;Barra Maciça Cromada Recartilhada Reta 1,6m c/ Presilha Espiral;BAR-005;Barras;Barra Maciça;peça;;;9506.91.00;;true;;;;;;Cromada;;;;;;;;false;3271;
6a57bd17f3c30862052b596a;Barra Maciça Cromada Recartilhada Reta 1,8m c/ Presilha Espiral;BAR-006;Barras;Barra Maciça;peça;;https://metalformaadm.webtrafego.com.br/acesso/imagens/1715351405-BARRA_0LIMPICA_CR0MADA.jpg;9506.91.00;;true;;;;;;Cromada;;;;;;;;false;3271;
6a57bd17f3c30862052b596b;Barra Maciça Cromada Recartilhada Reta 2m c/ Presilha Espiral;BAR-007;Barras;Barra Maciça;peça;;https://metalformaadm.webtrafego.com.br/acesso/imagens/1698689892-BARRA_0LIMPICA_CR0MADA.jpg;9506.91.00;;true;;;;;;Cromada;;;;;;;;false;3271;
6a57bd17f3c30862052b596c;Barra Maciça Cromada Recartilhada Reta 2,2m c/ Presilha Espiral;BAR-008;Barras;Barra Maciça;peça;;https://metalformaadm.webtrafego.com.br/acesso/imagens/1698689951-BARRA_0LIMPICA_CR0MADA.jpg;9506.91.00;;true;;;;;;Cromada;;;;;;;;false;3271;
6a57bd17f3c30862052b596d;Barra Maciça Cromada Recartilhada "W" 1,2m c/ Presilha Espiral;BAR-009;Barras;Barra Maciça;peça;;https://metalformaadm.webtrafego.com.br/acesso/imagens/1708634128-barra_recartilhada_w.jpg;9506.91.00;;true;;;;;;Cromada;;;;;;;;false;3271;
6a57bd17f3c30862052b596e;Barra Maciça Cromada Recartilhada "H" c/ Presilha Espiral;BAR-010;Barras;Barra Maciça;peça;;https://metalformaadm.webtrafego.com.br/acesso/imagens/1698691223-BARRA_0LIMPICA_H_CR0MADA.jpg;9506.91.00;;true;;;;;;Cromada;;;;;;;;false;3271;
6a57bd17f3c30862052b596f;Barra Maciça Cromada Recartilhada Reta 30cm c/ Lock Press Mini;BAR-011;Barras;Barra Maciça;peça;;https://metalformaadm.webtrafego.com.br/acesso/imagens/1698692825-Barra_55cm_olimpica.jpg;9506.91.00;;true;;;;;;Cromada;;;;;;;;false;3271;
6a57bd17f3c30862052b5970;Barra Maciça Cromada Recartilhada Reta 40cm c/ Lock Press Mini;BAR-012;Barras;Barra Maciça;peça;;https://metalformaadm.webtrafego.com.br/acesso/imagens/1698694367-Barra_55cm_olimpica.jpg;9506.91.00;;true;;;;;;Cromada;;;;;;;;false;3271;
6a57bd17f3c30862052b5971;Barra Maciça Cromada Recartilhada Reta 1,2m c/ Lock Press Mini;BAR-013;Barras;Barra Maciça;peça;;https://metalformaadm.webtrafego.com.br/acesso/imagens/1702999889-BARRA_0LIMPICA_MASCULINA_20KG_PRATA.jpg;9506.91.00;;true;;;;;;Cromada;;;;;;;;false;3271;
6a57bd17f3c30862052b5972;Barra Maciça Cromada Recartilhada Reta 1,5m c/ Lock Press Mini;BAR-014;Barras;Barra Maciça;peça;;https://metalformaadm.webtrafego.com.br/acesso/imagens/1715352573-BARRA_0LIMPICA_CR0MADA.jpg;9506.91.00;;true;;;;;;Cromada;;;;;;;;false;3271;
6a57bd17f3c30862052b5973;Barra Maciça Cromada Recartilhada Reta 1,6m c/ Lock Press Mini;BAR-015;Barras;Barra Maciça;peça;;;9506.91.00;;true;;;;;;Cromada;;;;;;;;false;3271;
6a57bd17f3c30862052b5974;Barra Maciça Cromada Recartilhada Reta 1,8m c/ Lock Press Mini;BAR-016;Barras;Barra Maciça;peça;;https://metalformaadm.webtrafego.com.br/acesso/imagens/1715351441-BARRA_0LIMPICA_CR0MADA.jpg;9506.91.00;;true;;;;;;Cromada;;;;;;;;false;3271;
6a57bd17f3c30862052b5975;Barra Maciça Cromada Recartilhada Reta 2m c/ Lock Press Mini;BAR-017;Barras;Barra Maciça;peça;;https://metalformaadm.webtrafego.com.br/acesso/imagens/1703005393-BARRA_0LIMPICA_MASCULINA_20KG_PRATA.jpg;9506.91.00;;true;;;;;;Cromada;;;;;;;;false;3271;
6a57bd17f3c30862052b5976;Barra Maciça Cromada Recartilhada Reta 2,2m c/ Lock Press Mini;BAR-018;Barras;Barra Maciça;peça;;https://metalformaadm.webtrafego.com.br/acesso/imagens/1703005873-BARRA_0LIMPICA_MASCULINA_20KG_PRATA.jpg;9506.91.00;;true;;;;;;Cromada;;;;;;;;false;3271;
6a57bd17f3c30862052b5977;Barra Maciça Cromada Recartilhada "W" 1,2m c/ Lock Press Mini;BAR-019;Barras;Barra Maciça;peça;;;9506.91.00;;true;;;;;;Cromada;;;;;;;;false;3271;
6a57bd17f3c30862052b5978;Barra Maciça Cromada Recartilhada "H" c/ Lock Press Mini;BAR-020;Barras;Barra Maciça;peça;;https://metalformaadm.webtrafego.com.br/acesso/imagens/1703008193-BARRA_0LIMPICA_H_CR0MADA.jpg;9506.91.00;;true;;;;;;Cromada;;;;;;;;false;3271;
6a57bd17f3c30862052b5979;Barra Maciça Cromada Recartilhada Reta 30cm c/ Rosca;BAR-021;Barras;Barra Maciça;peça;;;9506.91.00;;true;;;;;;Cromada;;;;;;;;false;3271;
6a57bd17f3c30862052b597a;Barra Maciça Cromada Recartilhada Reta 40cm c/ Rosca;BAR-022;Barras;Barra Maciça;peça;;https://metalformaadm.webtrafego.com.br/acesso/imagens/1705503966-Barra_Recartilhada_Cromada_com_Rosca.jpg;9506.91.00;;true;;;;;;Cromada;;;;;;;;false;3271;
6a57bd17f3c30862052b597b;Barra Maciça Cromada Recartilhada Reta 1,2m c/ Rosca;BAR-023;Barras;Barra Maciça;peça;;https://metalformaadm.webtrafego.com.br/acesso/imagens/1705505271-Barra_Recartilhada_com_Rosca.jpg;9506.91.00;;true;;;;;;Cromada;;;;;;;;false;3271;
6a57bd17f3c30862052b597c;Barra Maciça Cromada Recartilhada "W" 1,2m c/ Rosca;BAR-024;Barras;Barra Maciça;peça;;https://metalformaadm.webtrafego.com.br/acesso/imagens/1705505768-141029_Barra_recartilhada_com_Rosca_W.jpg;9506.91.00;;true;;;;;;Cromada;;;;;;;;false;3271;
6a57bd17f3c30862052b597d;Barra Oca Cromada 30cm c/ Presilha Espiral;BAR-025;Barras;Barra Oca;peça;;https://anilhasehalteresbrasil.com.br/wp-content/uploads/2019/04/barra-oca.jpg;9506.91.00;;true;;;;;;Cromada;;;;;;;;false;3271;
6a57bd17f3c30862052b597e;Barra Oca Cromada 40cm c/ Presilha Espiral;BAR-026;Barras;Barra Oca;peça;;https://metalformaadm.webtrafego.com.br/acesso/imagens/1703009562-BARRA_RETA_0CA_0,30___0,40cm.jpg;9506.91.00;;true;;;;;;Cromada;;;;;;;;false;3271;
6a57bd17f3c30862052b597f;Barra Oca Cromada 1,2m c/ Presilha Espiral;BAR-027;Barras;Barra Oca;peça;;https://metalformaadm.webtrafego.com.br/acesso/imagens/1703010191-BARRA_RETA_0CA.jpg;9506.91.00;;true;;;;;;Cromada;;;;;;;;false;3271;
6a57bd17f3c30862052b5980;Barra Oca Cromada 1,5m c/ Presilha Espiral;BAR-028;Barras;Barra Oca;peça;;https://metalformaadm.webtrafego.com.br/acesso/imagens/1703010652-BARRA_RETA_0CA.jpg;9506.91.00;;true;;;;;;Cromada;;;;;;;;false;3271;
6a57bd17f3c30862052b5981;Barra Oca Kit Pump 1,3m Pintada Preta c/ Lock Press Mini Pump;BAR-029;Barras;Barra Oca;peça;;;9506.91.00;;true;;;;;;Pintada;;;;;;;;false;3271;
6a57bd17f3c30862052b5982;Barra Maciça Pintada Reta 40cm c/ Presilha Espiral (sem recartilhado);BAR-030;Barras;Barra Maciça;par;;https://anilhasehalteresbrasil.com.br/wp-content/uploads/2019/03/20200521_100202.jpg;9506.91.00;;true;;;;;;Pintada;;;;;;;;false;3271;
6a57bd17f3c30862052b5983;Barra Maciça Pintada Reta 1,2m c/ Presilha Espiral (sem recartilhado);BAR-031;Barras;Barra Maciça;peça;;https://anilhasehalteresbrasil.com.br/wp-content/uploads/2019/03/20200521_100202.jpg;9506.91.00;;true;;;;;;Pintada;;;;;;;;false;3271;
6a57bd17f3c30862052b5984;Barra Maciça Pintada Reta 1,5m c/ Presilha Espiral (sem recartilhado);BAR-032;Barras;Barra Maciça;peça;;https://anilhasehalteresbrasil.com.br/wp-content/uploads/2019/03/20200521_100202.jpg;9506.91.00;;true;;;;;;Pintada;;;;;;;;false;3271;
6a57bd17f3c30862052b5985;Barra Maciça Pintada Reta 1,8m c/ Presilha Espiral (sem recartilhado);BAR-033;Barras;Barra Maciça;peça;;https://anilhasehalteresbrasil.com.br/wp-content/uploads/2019/03/20200521_100202.jpg;9506.91.00;;true;;;;;;Pintada;;;;;;;;false;3271;
6a57bd17f3c30862052b5986;Barra Oca Pintada 40cm c/ Presilha Espiral (sem recartilhado);BAR-034;Barras;Barra Oca;par;;https://anilhasehalteresbrasil.com.br/wp-content/uploads/2019/03/20200521_100202.jpg;9506.91.00;;true;;;;;;Pintada;;;;;;;;false;3271;
6a57bd17f3c30862052b5987;Barra Oca Pintada 1,2m c/ Presilha Espiral (sem recartilhado);BAR-035;Barras;Barra Oca;peça;;https://anilhasehalteresbrasil.com.br/wp-content/uploads/2019/03/20200521_100202.jpg;9506.91.00;;true;;;;;;Pintada;;;;;;;;false;3271;
6a57bd17f3c30862052b5988;Barra Oca Pintada 1,5m c/ Presilha Espiral (sem recartilhado);BAR-036;Barras;Barra Oca;peça;;https://anilhasehalteresbrasil.com.br/wp-content/uploads/2019/03/20200521_100202.jpg;9506.91.00;;true;;;;;;Pintada;;;;;;;;false;3271;
6a57bd17f3c30862052b5989;Barra Oca Pintada 1,8m c/ Presilha Espiral (sem recartilhado);BAR-037;Barras;Barra Oca;peça;;https://anilhasehalteresbrasil.com.br/wp-content/uploads/2019/03/20200521_100202.jpg;9506.91.00;;true;;;;;;Pintada;;;;;;;;false;3271;
6a57bd17f3c30862052b598a;Barra Hexagonal Maciça Preta - Pegada Cromada Recartilhada;BAR-038;Barras;Barra Hexagonal;peça;;https://metalformaadm.webtrafego.com.br/acesso/imagens/1715349668-BARRA_0LIMPICA_HEXAG0NAL.jpg;9506.91.00;;true;;;;;;Preta;;;;;;;;false;3271;
6a57bd17f3c30862052b598b;Barra Hexagonal Maciça Olímpica Preta - Pegada Cromada Recartilhada;BAR-039;Barras;Barra Hexagonal;peça;;https://metalformaadm.webtrafego.com.br/acesso/imagens/1705511614-BARRA_0LIMPICA_HEXAG0NAL.jpg;9506.91.00;;true;;;;;;Preta;;;;;;;;false;3271;
6a57bd17f3c30862052b598c;Barra Hexagonal Tubular Preta Pegada;BAR-040;Barras;Barra Hexagonal;peça;;https://base44.app/api/apps/68c9d5dd3cf0f8fd8a834875/files/mp/public/68c9d5dd3cf0f8fd8a834875/3653c2735_catalogo-barra_hex.jpg;9506.91.00;;true;;;;;;Preta;;;;;;;;false;3271;
6a57bd17f3c30862052b598d;Barra Hexagonal Tubular Olímpica Preta;BAR-041;Barras;Barra Hexagonal;peça;;https://anilhasehalteresbrasil.com.br/wp-content/uploads/2019/03/barra-sextavada.jpeg;9506.91.00;;true;;;;;;Preta;;;;;;;;false;3271;
6a57bd17f3c30862052b598e;Barra Olímpica 20kg 2.2m 4 Rolamentos Cromada;BAR-042;Barras;Barra Olímpica;peça;20;https://metalformaadm.webtrafego.com.br/acesso/imagens/1703011464-BARRA_0LIMPICA_FEMININA___15KG.jpg;9506.91.00;;true;;;;;;Cromada;;;;;;;;false;3271;
6a57bd17f3c30862052b598f;Barra Olímpica 20kg 2.2m Rolamento de Bronze Cromada;BAR-043;Barras;Barra Olímpica;peça;20;https://anilhasehalteresbrasil.com.br/wp-content/uploads/2019/04/barra-olimpica-1.jpeg;9506.91.00;;true;;;;;;Cromada;;;;;;;;false;3271;
6a57bd17f3c30862052b5990;Barra Olímpica 20kg 2.2m 4 Rolamentos Zinco Extra;BAR-044;Barras;Barra Olímpica;peça;20;;9506.91.00;;true;;;;;;Zinco Extra;;;;;;;;false;3271;
6a57bd17f3c30862052b5991;Barra Olímpica 20kg 2.2m Rolamento de Bronze Zinco Extra;BAR-045;Barras;Barra Olímpica;peça;20;;9506.91.00;;true;;;;;;Zinco Extra;;;;;;;;false;3271;
6a57bd17f3c30862052b5992;Barra Olímpica 20kg 2.2m 4 Rolamentos Zinco Preto;BAR-046;Barras;Barra Olímpica;peça;20;;9506.91.00;;true;;;;;;Zinco Preto;;;;;;;;false;3271;
6a57bd17f3c30862052b5993;Barra Olímpica 15kg 2.0m 4 Rolamentos Cromada;BAR-047;Barras;Barra Olímpica;peça;15;https://media.base44.com/images/public/68c9d5dd3cf0f8fd8a834875/185fadab4_barra-olimpica-horizontal.jpg;9506.91.00;;true;;;;;;Cromada;;;;;;;;false;3271;
6a57bd17f3c30862052b5994;Barra Olímpica 15kg 2.0m Rolamento de Bronze Cromada;BAR-048;Barras;Barra Olímpica;peça;15;https://anilhasehalteresbrasil.com.br/wp-content/uploads/2019/04/barra-olimpica-1.jpeg;9506.91.00;;true;;;;;;Cromada;;;;;;;;false;3271;
6a57bd17f3c30862052b5995;Barra Olímpica 15kg 2.0m 4 Rolamentos Zinco Extra;BAR-049;Barras;Barra Olímpica;peça;15;;9506.91.00;;true;;;;;;Zinco Extra;;;;;;;;false;3271;
6a57bd17f3c30862052b5996;Barra Olímpica 15kg 2.0m Rolamento de Bronze Zinco Extra;BAR-050;Barras;Barra Olímpica;peça;15;;9506.91.00;;true;;;;;;Zinco Extra;;;;;;;;false;3271;
6a57bd17f3c30862052b5997;Barra Olímpica 15kg 2.0m 4 Rolamentos Zinco Preto;BAR-051;Barras;Barra Olímpica;peça;15;;9506.91.00;;true;;;;;;Zinco Preto;;;;;;;;false;3271;
6a57bd17f3c30862052b5998;Barra Olímpica 10kg 1.62m 4 Rolamentos Cromada;BAR-052;Barras;Barra Olímpica;peça;10;https://metalformaadm.webtrafego.com.br/acesso/imagens/1715349462-Barra_olimpica_1,2___1,5__1,8_(3).jpg;9506.91.00;;true;;;;;;Cromada;;;;;;;;false;3271;
6a57bd17f3c30862052b5999;Barra Olímpica 10kg 1.62m Rolamento de Bronze Cromada;BAR-053;Barras;Barra Olímpica;peça;10;https://anilhasehalteresbrasil.com.br/wp-content/uploads/2019/04/barra-olimpica-1.jpeg;9506.91.00;;true;;;;;;Cromada;;;;;;;;false;3271;
6a57bd17f3c30862052b599a;Barra Olímpica 10kg 1.62m 4 Rolamentos Zinco Extra;BAR-054;Barras;Barra Olímpica;peça;10;;9506.91.00;;true;;;;;;Zinco Extra;;;;;;;;false;3271;
6a57bd17f3c30862052b599b;Barra Olímpica 10kg 1.62m Rolamento de Bronze Zinco Extra;BAR-055;Barras;Barra Olímpica;peça;10;;9506.91.00;;true;;;;;;Zinco Extra;;;;;;;;false;3271;
6a57bd17f3c30862052b599c;Barra Olímpica 10kg 1.62m 4 Rolamentos Zinco Preto;BAR-056;Barras;Barra Olímpica;peça;10;;9506.91.00;;true;;;;;;Zinco Preto;;;;;;;;false;3271;
6a57bd17f3c30862052b599d;Barra Olímpica 1,8m Cromada c/ Rolamento;BAR-057;Barras;Barra Olímpica;peça;;https://metalformaadm.webtrafego.com.br/acesso/imagens/1715351798-BARRA_0LIMPICA_CR0MADA.jpg;9506.91.00;;true;;;;;;Cromada;;;;;;;;false;3271;
6a57bd17f3c30862052b599e;Barra Olímpica 1,5m Cromada c/ Rolamento;BAR-058;Barras;Barra Olímpica;peça;;https://metalformaadm.webtrafego.com.br/acesso/imagens/1705515055-BARRA_0LIMPICA_CR0MADA.jpg;9506.91.00;;true;;;;;;Cromada;;;;;;;;false;3271;
6a57bd17f3c30862052b599f;Barra Olímpica 1,2m Cromada c/ Rolamento;BAR-059;Barras;Barra Olímpica;peça;;https://metalformaadm.webtrafego.com.br/acesso/imagens/1705515872-BARRA_0LIMPICA_CR0MADA.jpg;9506.91.00;;true;;;;;;Cromada;;;;;;;;false;3271;
6a57bd17f3c30862052b59a0;Barra Olímpica "W" Cromada c/ Rolamento;BAR-060;Barras;Barra Olímpica;peça;;https://metalformaadm.webtrafego.com.br/acesso/imagens/1705516393-Barra_0limpica_W.jpg;9506.91.00;;true;;;;;;Cromada;;;;;;;;false;3271;
6a57bd17f3c30862052b59a1;Barra Olímpica "H" Cromada c/ Rolamento;BAR-061;Barras;Barra Olímpica;peça;;https://metalformaadm.webtrafego.com.br/acesso/imagens/1705516912-BARRA_0LIMPICA_H_CR0MADA.jpg;9506.91.00;;true;;;;;;Cromada;;;;;;;;false;3271;
6a57bd17f3c30862052b59a2;Barra Olímpica 40lbs 2.2m 4 Rolamentos Cromada;BAR-062;Barras;Barra Olímpica;peça;40;https://media.base44.com/images/public/68c9d5dd3cf0f8fd8a834875/185fadab4_barra-olimpica-horizontal.jpg;9506.91.00;;true;;;;;;Cromada;;;;;;;;false;3271;
6a57bd17f3c30862052b59a3;Barra Olímpica 40lbs 2.2m Rolamento de Bronze Cromada;BAR-063;Barras;Barra Olímpica;peça;40;https://anilhasehalteresbrasil.com.br/wp-content/uploads/2019/04/barra-olimpica-1.jpeg;9506.91.00;;true;;;;;;Cromada;;;;;;;;false;3271;
6a57bd17f3c30862052b59a4;Barra Olímpica 40lbs 2.2m 4 Rolamentos Zinco Extra;BAR-064;Barras;Barra Olímpica;peça;40;;9506.91.00;;true;;;;;;Zinco Extra;;;;;;;;false;3271;
6a57bd17f3c30862052b59a5;Barra Olímpica 40lbs 2.2m Rolamento de Bronze Zinco Extra;BAR-065;Barras;Barra Olímpica;peça;40;;9506.91.00;;true;;;;;;Zinco Extra;;;;;;;;false;3271;
6a57bd17f3c30862052b59a6;Barra Olímpica 40lbs 2.2m 4 Rolamentos Zinco Preto;BAR-066;Barras;Barra Olímpica;peça;40;;9506.91.00;;true;;;;;;Zinco Preto;;;;;;;;false;3271;
6a57bd17f3c30862052b59a7;Barra Olímpica 30lbs 2.0m 4 Rolamentos Cromada;BAR-067;Barras;Barra Olímpica;peça;30;https://media.base44.com/images/public/68c9d5dd3cf0f8fd8a834875/185fadab4_barra-olimpica-horizontal.jpg;9506.91.00;;true;;;;;;Cromada;;;;;;;;false;3271;
6a57bd17f3c30862052b59a8;Barra Olímpica 30lbs 2.0m Rolamento de Bronze Cromada;BAR-068;Barras;Barra Olímpica;peça;30;https://anilhasehalteresbrasil.com.br/wp-content/uploads/2019/04/barra-olimpica-1.jpeg;9506.91.00;;true;;;;;;Cromada;;;;;;;;false;3271;
6a57bd17f3c30862052b59a9;Barra Olímpica 30lbs 2.0m 4 Rolamentos Zinco Extra;BAR-069;Barras;Barra Olímpica;peça;30;;9506.91.00;;true;;;;;;Zinco Extra;;;;;;;;false;3271;
6a57bd17f3c30862052b59aa;Barra Olímpica 30lbs 2.0m Rolamento de Bronze Zinco Extra;BAR-070;Barras;Barra Olímpica;peça;30;;9506.91.00;;true;;;;;;Zinco Extra;;;;;;;;false;3271;
6a57bd17f3c30862052b59ab;Barra Olímpica 30lbs 2.0m 4 Rolamentos Zinco Preto;BAR-071;Barras;Barra Olímpica;peça;30;;9506.91.00;;true;;;;;;Zinco Preto;;;;;;;;false;3271;
6a57bd17f3c30862052b59ac;Barra Olímpica 20lbs 1.62m 4 Rolamentos Cromada;BAR-072;Barras;Barra Olímpica;peça;20;https://metalformaadm.webtrafego.com.br/acesso/imagens/1700839165-BARRA_0LIMPICA_JUNI0R_10KG.jpg;9506.91.00;;true;;;;;;Cromada;;;;;;;;false;3271;
6a57bd17f3c30862052b59ad;Barra Olímpica 20lbs 1.62m Rolamento de Bronze Cromada;BAR-073;Barras;Barra Olímpica;peça;20;https://anilhasehalteresbrasil.com.br/wp-content/uploads/2019/04/barra-olimpica-1.jpeg;9506.91.00;;true;;;;;;Cromada;;;;;;;;false;3271;
6a57bd17f3c30862052b59ae;Barra Olímpica 20lbs 1.62m 4 Rolamentos Zinco Extra;BAR-074;Barras;Barra Olímpica;peça;20;;9506.91.00;;true;;;;;;Zinco Extra;;;;;;;;false;3271;
6a57bd17f3c30862052b59af;Barra Olímpica 20lbs 1.62m Rolamento de Bronze Zinco Extra;BAR-075;Barras;Barra Olímpica;peça;20;;9506.91.00;;true;;;;;;Zinco Extra;;;;;;;;false;3271;
6a57bd17f3c30862052b59b0;Barra Olímpica 20lbs 1.62m 4 Rolamentos Zinco Preto;BAR-076;Barras;Barra Olímpica;peça;20;;9506.91.00;;true;;;;;;Zinco Preto;;;;;;;;false;3271;
6a57bd17f3c30862052b59b1;Adaptador Olímpico Inox 48 x 500mm (B. Hexagonal);BAR-077;Barras;Adaptador Olímpico;peça;;;9506.91.00;;true;;;;;;;;;;;;;;false;3271;
6a57bd17f3c30862052b59b2;Adaptador Olímpico Inox 48 x 380mm (Barra 2 a 2,20);BAR-078;Barras;Adaptador Olímpico;peça;;;9506.91.00;;true;;;;;;;;;;;;;;false;3271;
6a57bd17f3c30862052b59b3;Adaptador Olímpico Inox 48 x 330mm (Barra 1,80);BAR-079;Barras;Adaptador Olímpico;peça;;;9506.91.00;;true;;;;;;;;;;;;;;false;3271;
6a57bd17f3c30862052b59b4;Adaptador Olímpico Inox 48 x 300mm (Barra 1,50-1,60);BAR-080;Barras;Adaptador Olímpico;peça;;;9506.91.00;;true;;;;;;;;;;;;;;false;3271;
6a57bd17f3c30862052b59b5;Adaptador Olímpico Inox 48 x 250mm (Barra 1,20);BAR-081;Barras;Adaptador Olímpico;peça;;;9506.91.00;;true;;;;;;;;;;;;;;false;3271;
6a57bd17f3c30862052b59b6;Presilha Espiral 2 Voltas 1";BAR-082;Barras;Presilha;par;;https://metalformaadm.webtrafego.com.br/acesso/imagens/1700839662-144500_144501_Presilha_Espiral_2_voltas_1_1,8_(para_barra_oca_standard).jpg;9506.91.00;;true;;;;;;;;;;;;;;false;3271;
6a57bd17f3c30862052b59b7;Presilha Espiral 2 Voltas 1.1/8";BAR-083;Barras;Presilha;par;;https://anilhasehalteresbrasil.com.br/wp-content/uploads/2019/05/presilha.jpg;9506.91.00;;true;;;;;;;;;;;;;;false;3271;
6a57bd17f3c30862052b59b8;Presilha Lock Press Pump 1" (25,4mm);BAR-084;Barras;Presilha;par;;https://anilhasehalteresbrasil.com.br/wp-content/uploads/2021/12/1638453385598.jpg;9506.91.00;;true;;;;;;;;;;;;;;false;3271;
6a57bd17f3c30862052b59b9;Presilha Lock Press Mini 1.1/8" (28,5mm);BAR-085;Barras;Presilha;par;;https://anilhasehalteresbrasil.com.br/wp-content/uploads/2021/12/1638453402396.jpg;9506.91.00;;true;;;;;;;;;;;;;;false;3271;
6a57bd17f3c30862052b59ba;Presilha Lock Press One 2" (Olímpica);BAR-086;Barras;Presilha;par;;https://anilhasehalteresbrasil.com.br/wp-content/uploads/2019/05/1638541195428.jpg;9506.91.00;;true;;;;;;;;;;;;;;false;3271;
6a57bd17f3c30862052b59bb;Puxador Romano "D" 1m com Giro Preto;PUX-001;Puxadores;Puxador Pintado;peça;;https://base44.app/api/apps/68c9d5dd3cf0f8fd8a834875/files/mp/public/68c9d5dd3cf0f8fd8a834875/a4311fe8f_puxadorD.webp;9506.91.00;;true;;;Preto;;;;;;;;;;;false;3217;
6a57bd17f3c30862052b59bc;Puxador Romano "D" 1m Preto;PUX-002;Puxadores;Puxador Pintado;peça;;https://base44.app/api/apps/68c9d5dd3cf0f8fd8a834875/files/mp/public/68c9d5dd3cf0f8fd8a834875/b694f5aed_51YLppjv4L_AC_SX679_.jpg;9506.91.00;;true;;;Preto;;;;;;;;;;;false;3217;
6a57bd17f3c30862052b59bd;Puxador Estribo Aberto c/ Manopla Preto;PUX-003;Puxadores;Puxador Pintado;peça;;https://base44.app/api/apps/68c9d5dd3cf0f8fd8a834875/files/mp/public/68c9d5dd3cf0f8fd8a834875/b694f5aed_51YLppjv4L_AC_SX679_.jpg;9506.91.00;;true;;;Preto;;;;;;;;;;;false;3217;
6a57bd17f3c30862052b59be;Puxador Estribo Fechado c/ Manopla Preto;PUX-004;Puxadores;Puxador Pintado;peça;;https://base44.app/api/apps/68c9d5dd3cf0f8fd8a834875/files/mp/public/68c9d5dd3cf0f8fd8a834875/b694f5aed_51YLppjv4L_AC_SX679_.jpg;9506.91.00;;true;;;Preto;;;;;;;;;;;false;3217;
6a57bd657fa67faa93ade120;Puxador Pulley Curvo e Reto 1,2m c/ Manopla e Giro Preto;PUX-005;Puxadores;Puxador Pintado;peça;;https://base44.app/api/apps/68c9d5dd3cf0f8fd8a834875/files/mp/public/68c9d5dd3cf0f8fd8a834875/b694f5aed_51YLppjv4L_AC_SX679_.jpg;9506.91.00;;true;;;Preto;;;;;;;;;;;false;3217;
6a57bd657fa67faa93ade121;Puxador Pulley Curvo e Reto 1,2m c/ Manopla;PUX-006;Puxadores;Puxador Pintado;peça;;https://base44.app/api/apps/68c9d5dd3cf0f8fd8a834875/files/mp/public/68c9d5dd3cf0f8fd8a834875/1307ca6c4_curvoereto.webp;9506.91.00;;true;;;Preto;;;;;;;;;;;false;3217;
6a57bd657fa67faa93ade122;Puxador Pulley Reto 1,2m c/ Manopla e Giro Preto;PUX-007;Puxadores;Puxador Pintado;peça;;https://base44.app/api/apps/68c9d5dd3cf0f8fd8a834875/files/mp/public/68c9d5dd3cf0f8fd8a834875/b694f5aed_51YLppjv4L_AC_SX679_.jpg;9506.91.00;;true;;;Preto;;;;;;;;;;;false;3217;
6a57bd657fa67faa93ade123;Puxador Pulley Reto 1,2m c/ Manopla Preto;PUX-008;Puxadores;Puxador Pintado;peça;;https://base44.app/api/apps/68c9d5dd3cf0f8fd8a834875/files/mp/public/68c9d5dd3cf0f8fd8a834875/b694f5aed_51YLppjv4L_AC_SX679_.jpg;9506.91.00;;true;;;Preto;;;;;;;;;;;false;3217;
6a57bd657fa67faa93ade124;Puxador Triângulo Grande Preto;PUX-009;Puxadores;Triângulo;peça;;https://base44.app/api/apps/68c9d5dd3cf0f8fd8a834875/files/mp/public/68c9d5dd3cf0f8fd8a834875/c7c25c299_triangulo.jpg;9506.91.00;;true;;;Preto;;;;;;;;;;;false;3217;
6a57bd657fa67faa93ade125;Puxador Triângulo Grande com Giro Preto;PUX-010;Puxadores;Triângulo;peça;;https://base44.app/api/apps/68c9d5dd3cf0f8fd8a834875/files/mp/public/68c9d5dd3cf0f8fd8a834875/b694f5aed_51YLppjv4L_AC_SX679_.jpg;9506.91.00;;true;;;Preto;;;;;;;;;;;false;3217;
6a57bd657fa67faa93ade126;Puxador Triângulo Pequeno Preto;PUX-011;Puxadores;Triângulo;peça;;https://base44.app/api/apps/68c9d5dd3cf0f8fd8a834875/files/mp/public/68c9d5dd3cf0f8fd8a834875/b694f5aed_51YLppjv4L_AC_SX679_.jpg;9506.91.00;;true;;;Preto;;;;;;;;;;;false;3217;
6a57bd657fa67faa93ade127;Puxador Triângulo Pequeno com Giro Preto;PUX-012;Puxadores;Triângulo;peça;;https://base44.app/api/apps/68c9d5dd3cf0f8fd8a834875/files/mp/public/68c9d5dd3cf0f8fd8a834875/b694f5aed_51YLppjv4L_AC_SX679_.jpg;9506.91.00;;true;;;Preto;;;;;;;;;;;false;3217;
6a57bd657fa67faa93ade128;Puxador Triângulo Bigode Maciço c/ Manopla e Giro Preto;PUX-013;Puxadores;Triângulo;peça;;https://base44.app/api/apps/68c9d5dd3cf0f8fd8a834875/files/mp/public/68c9d5dd3cf0f8fd8a834875/b694f5aed_51YLppjv4L_AC_SX679_.jpg;9506.91.00;;true;;;Preto;;;;;;;;;;;false;3217;
6a57bd657fa67faa93ade129;Puxador Tríceps Curvo 0,50m c/ Manopla e Giro Preto;PUX-014;Puxadores;Puxador Pintado;peça;;https://base44.app/api/apps/68c9d5dd3cf0f8fd8a834875/files/mp/public/68c9d5dd3cf0f8fd8a834875/7058a4ef1_curvo-square.png;9506.91.00;;true;;;Preto;;;;;;;;;;;false;3217;
6a57bd657fa67faa93ade12a;Puxador Tríceps Curvo 0,50m c/ Manopla Preto;PUX-015;Puxadores;Puxador Pintado;peça;;https://base44.app/api/apps/68c9d5dd3cf0f8fd8a834875/files/mp/public/68c9d5dd3cf0f8fd8a834875/b694f5aed_51YLppjv4L_AC_SX679_.jpg;9506.91.00;;true;;;Preto;;;;;;;;;;;false;3217;
6a57bd657fa67faa93ade12b;Puxador Tríceps Reto 0,50m c/ Manopla e Giro Preto;PUX-016;Puxadores;Puxador Pintado;peça;;https://base44.app/api/apps/68c9d5dd3cf0f8fd8a834875/files/mp/public/68c9d5dd3cf0f8fd8a834875/b694f5aed_51YLppjv4L_AC_SX679_.jpg;9506.91.00;;true;;;Preto;;;;;;;;;;;false;3217;
6a57bd657fa67faa93ade12c;Puxador Tríceps Reto 0,50m c/ Manopla Preto;PUX-017;Puxadores;Puxador Pintado;peça;;https://base44.app/api/apps/68c9d5dd3cf0f8fd8a834875/files/mp/public/68c9d5dd3cf0f8fd8a834875/b694f5aed_51YLppjv4L_AC_SX679_.jpg;9506.91.00;;true;;;Preto;;;;;;;;;;;false;3217;
6a57bd657fa67faa93ade12d;Puxador "V" com Manopla e Giro Preto;PUX-018;Puxadores;Puxador Pintado;peça;;https://base44.app/api/apps/68c9d5dd3cf0f8fd8a834875/files/mp/public/68c9d5dd3cf0f8fd8a834875/b694f5aed_51YLppjv4L_AC_SX679_.jpg;9506.91.00;;true;;;Preto;;;;;;;;;;;false;3217;
6a57bd657fa67faa93ade12e;Puxador "V" c/ Manopla Preto;PUX-019;Puxadores;Puxador Pintado;peça;;https://base44.app/api/apps/68c9d5dd3cf0f8fd8a834875/files/mp/public/68c9d5dd3cf0f8fd8a834875/b694f5aed_51YLppjv4L_AC_SX679_.jpg;9506.91.00;;true;;;Preto;;;;;;;;;;;false;3217;
6a57bd657fa67faa93ade12f;Puxador Corda;PUX-020;Puxadores;Puxador Cromado;peça;;https://anilhasehalteresbrasil.com.br/wp-content/uploads/2019/05/puxador-corda.jpg;9506.91.00;;true;;;Cromado;;;;;;;;;;;false;3217;
6a57bd657fa67faa93ade130;Puxador Romano "D" 1m com Giro Cromado;PUX-021;Puxadores;Puxador Cromado;peça;;https://anilhasehalteresbrasil.com.br/wp-content/uploads/2019/03/Puxador-D-Romano.jpg;9506.91.00;;true;;;Cromado;;;;;;;;;;;false;3217;
6a57bd657fa67faa93ade131;Puxador Romano "D" 1m Cromado;PUX-022;Puxadores;Puxador Cromado;peça;;;9506.91.00;;true;;;Cromado;;;;;;;;;;;false;3217;
6a57bd657fa67faa93ade132;Puxador Estribo Aberto c/ Manopla Cromado;PUX-023;Puxadores;Puxador Cromado;peça;;https://metalformaadm.webtrafego.com.br/acesso/imagens/1705950288-145020_Puxador_Estribo_Aberto_Cromado_145020.jpg;9506.91.00;;true;;;Cromado;;;;;;;;;;;false;3217;
6a57bd657fa67faa93ade133;Puxador Estribo Fechado c/ Manopla Cromado;PUX-024;Puxadores;Puxador Cromado;peça;;https://metalformaadm.webtrafego.com.br/acesso/imagens/1708545345-Puxador_Estribo_Fechado_Cromado.jpg;9506.91.00;;true;;;Cromado;;;;;;;;;;;false;3217;
6a57bd657fa67faa93ade134;Puxador Pulley Curvo 1,2m c/ Manopla e Giro Cromado;PUX-025;Puxadores;Puxador Cromado;peça;;https://base44.app/api/apps/68c9d5dd3cf0f8fd8a834875/files/mp/public/68c9d5dd3cf0f8fd8a834875/2371b11ab_pulley-square.png;9506.91.00;;true;;;Cromado;;;;;;;;;;;false;3217;
6a57bd657fa67faa93ade135;Puxador Pulley Curvo 1,2m c/ Manopla Cromado;PUX-026;Puxadores;Puxador Cromado;peça;;;9506.91.00;;true;;;Cromado;;;;;;;;;;;false;3217;
6a57bd657fa67faa93ade136;Puxador Pulley Reto 1,2m c/ Manopla e Giro Cromado;PUX-027;Puxadores;Puxador Cromado;peça;;https://anilhasehalteresbrasil.com.br/wp-content/uploads/2019/05/Puxador-Pulley-Reto-Crom-Movel-com-manopla-1-20m-97-90-600x600.jpg;9506.91.00;;true;;;Cromado;;;;;;;;;;;false;3217;
6a57bd657fa67faa93ade137;Puxador Pulley Reto 1,2m c/ Manopla Cromado;PUX-028;Puxadores;Puxador Cromado;peça;;;9506.91.00;;true;;;Cromado;;;;;;;;;;;false;3217;
6a57bd657fa67faa93ade138;Puxador Triângulo Grande Cromado;PUX-029;Puxadores;Triângulo;peça;;;9506.91.00;;true;;;Cromado;;;;;;;;;;;false;3217;
6a57bd657fa67faa93ade139;Puxador Triângulo Grande com Giro Cromado;PUX-030;Puxadores;Triângulo;peça;;https://metalformaadm.webtrafego.com.br/acesso/imagens/1718311044-puxador_triangulo_grande_cromado.jpg;9506.91.00;;true;;;Cromado;;;;;;;;;;;false;3217;
6a57bd657fa67faa93ade13a;Puxador Triângulo Pequeno Cromado;PUX-031;Puxadores;Triângulo;peça;;;9506.91.00;;true;;;Cromado;;;;;;;;;;;false;3217;
6a57bd657fa67faa93ade13b;Puxador Triângulo Pequeno com Giro Cromado;PUX-032;Puxadores;Triângulo;peça;;https://metalformaadm.webtrafego.com.br/acesso/imagens/1705953836-145046_Puxador_Triangulo_Cromado_Pequeno_com_Giro_03.jpg;9506.91.00;;true;;;Cromado;;;;;;;;;;;false;3217;
6a57bd657fa67faa93ade13c;Puxador Tríceps Bigode Maciço c/ Manopla e Giro Cromado;PUX-033;Puxadores;Puxador Cromado;peça;;https://base44.app/api/apps/68c9d5dd3cf0f8fd8a834875/files/mp/public/68c9d5dd3cf0f8fd8a834875/92c279a88_9-p20_303_w.jpg;9506.91.00;;true;;;Cromado;;;;;;;;;;;false;3217;
6a57bd657fa67faa93ade13d;Puxador Tríceps Curvo 0,50m c/ Manopla e Giro Cromado;PUX-034;Puxadores;Puxador Cromado;peça;;https://anilhasehalteresbrasil.com.br/wp-content/uploads/2019/05/Puxador-Triceps-curvo-fixo-crom.-c-manopla-050cm_2017-01-18_14-57-25_0.jpg;9506.91.00;;true;;;Cromado;;;;;;;;;;;false;3217;
6a57bd657fa67faa93ade13e;Puxador Tríceps Curvo 0,50m c/ Manopla Cromado;PUX-035;Puxadores;Puxador Cromado;peça;;;9506.91.00;;true;;;Cromado;;;;;;;;;;;false;3217;
6a57bd657fa67faa93ade13f;Puxador Tríceps Reto 0,50m c/ Manopla e Giro Cromado;PUX-036;Puxadores;Puxador Cromado;peça;;https://base44.app/api/apps/68c9d5dd3cf0f8fd8a834875/files/mp/public/68c9d5dd3cf0f8fd8a834875/8635d1ae0_reto-square.png;9506.91.00;;true;;;Cromado;;;;;;;;;;;false;3217;
6a57bd657fa67faa93ade140;Puxador Tríceps Reto 0,50m c/ Manopla Cromado;PUX-037;Puxadores;Puxador Cromado;peça;;;9506.91.00;;true;;;Cromado;;;;;;;;;;;false;3217;
6a57bd657fa67faa93ade141;Puxador "V" com Manopla e Giro Cromado;PUX-038;Puxadores;Puxador Cromado;peça;;https://metalformaadm.webtrafego.com.br/acesso/imagens/1708529188-145065_Puxador_triceps_V_com_giro_145065.jpg;9506.91.00;;true;;;Cromado;;;;;;;;;;;false;3217;
6a57bd657fa67faa93ade142;Puxador "V" c/ Manopla Cromado;PUX-039;Puxadores;Puxador Cromado;peça;;;9506.91.00;;true;;;Cromado;;;;;;;;;;;false;3217;
6a57bd657fa67faa93ade143;Suporte Anilha Tipo Gaiola p/ 500kg;SUP-001;Suportes;Suporte/Expositor;peça;;https://metalformaadm.webtrafego.com.br/acesso/imagens/1708115796-145500_Suporte_Gaiola_500kg.jpg;9506.91.00;;true;;Padrão;;;;;;;;;;;;false;8083;500kg de capacidade
6a57bd657fa67faa93ade144;Suporte Anilha Tipo Gaiola p/ 700kg;SUP-002;Suportes;Suporte/Expositor;peça;;https://placefit.com.br/produtos/expositor-anilha-tipo-gaiola-p-700kg.jpg;9506.91.00;;true;;Padrão;;;;;;;;;;;;false;8083;700kg de capacidade
6a57bd657fa67faa93ade145;Suporte Anilha Olímpica Tipo Gaiola;SUP-003;Suportes;Suporte/Expositor;peça;;https://placefit.com.br/produtos/expositor-anilha-olimpica-tipo-gaiola.jpg;9506.91.00;;true;;Olímpico;;;;;;;;;;;;false;8083;
6a57bd657fa67faa93ade146;Suporte Anilha "T" p/ 200kg;SUP-004;Suportes;Suporte/Expositor;peça;;https://metalformaadm.webtrafego.com.br/acesso/imagens/1700850859-145502_EXP0SIT0R_ANILHA_T_PARA_200KG.jpg;9506.91.00;;true;;Padrão;;;;;;;;;;;;false;8083;200kg de capacidade
6a57bd657fa67faa93ade147;Suporte Anilha "T" + 8 Barras p/ 200kg;SUP-005;Barras;Suporte/Expositor;peça;;https://placefit.com.br/produtos/expositor-anilha-t-8-barras-p-200kg.jpg;9506.91.00;;true;;Padrão;;;;;;;;;;;;false;8083;200kg de capacidade, 8 barras
6a57bd657fa67faa93ade148;Suporte Anilha Olímpica Horizontal c/ 2 Rodízios;SUP-006;Suportes;Suporte/Expositor;peça;;https://metalformaadm.webtrafego.com.br/acesso/imagens/1708097079-145515_EXP0SIT0R_ANILHA_0LIMPICA_H0RIZ0NTAL_C0M_2_R0DIZI0S.jpg;9506.91.00;;true;;Olímpico;;;;;;;;;;;;false;8083;2 rodízios
6a57bd657fa67faa93ade149;Suporte Anilha Olímpica Vertical c/ 4 Rodízios;SUP-007;Suportes;Suporte/Expositor;peça;;;9506.91.00;;true;;Olímpico;;;;;;;;;;;;false;8083;4 rodízios
6a57bd657fa67faa93ade14a;Suporte Anilha Olímpica Vertical Fixo;SUP-008;Suportes;Suporte/Expositor;peça;;https://placefit.com.br/produtos/expositor-anilha-olimpica-vertical-fixo.jpg;9506.91.00;;true;;Olímpico;;;;;;;;;;;;false;8083;
6a57bd657fa67faa93ade14b;Suporte Wall Ball 4 Divisões;SUP-009;Suportes;Suporte/Expositor;peça;;https://anilhasehalteresbrasil.com.br/wp-content/uploads/2020/02/20200210_143517.jpg;9506.91.00;;true;;;;;;;;;;;;;;false;8083;capacidade 12 Wall Ball
6a57bd657fa67faa93ade14c;Extensão Wall Ball 4 Divisões 1m;SUP-010;Suportes;Suporte/Expositor;peça;;https://metalformaadm.webtrafego.com.br/acesso/imagens/1708108864-145513__EXTENSA0_ESTANTE_WALL_BALL___4_DIVIS0ES.jpg;9506.91.00;;true;;;;;;;;;;;;;;false;8083;capacidade 12 Wall Ball
6a57bd657fa67faa93ade14d;Suporte Multiuso 1m 2 Div. Wall Ball / 2 Div. Prateleira;SUP-011;Suportes;Suporte/Expositor;peça;;https://placefit.com.br/produtos/expositor-multiuso-1m-2-div-wall-ball-2-div-prateleira.jpg;9506.91.00;;true;;;;;;;;;;;;;;false;8083;
6a57bd657fa67faa93ade14e;Extensão Multiuso 1m 2 Div. Wall Ball / 2 Div. Prateleira;SUP-012;Suportes;Suporte/Expositor;peça;;https://metalformaadm.webtrafego.com.br/acesso/imagens/1708109856-145521_EXTENSA0_ESTANTE_MULTIUS0___2_DIV._WALL_BALL___2_DIV._PRATELEIRA.jpg;9506.91.00;;true;;;;;;;;;;;;;;false;8083;
6a57bd657fa67faa93ade14f;Suporte Multiuso 4 Prateleiras 1m;SUP-013;Suportes;Suporte/Expositor;peça;;https://placefit.com.br/produtos/expositor-multiuso-4-prateleiras-1m.jpg;9506.91.00;;true;;;;;;;;;;;;;;false;8083;
6a57bd657fa67faa93ade151;Suporte Halter 20 Pares;SUP-015;Suportes;Suporte/Expositor;peça;;https://placefit.com.br/produtos/expositor-halter-20-pares.jpg;9506.91.00;;true;;;;;;;;;;;;;;false;8083;20 pares
6a57bd657fa67faa93ade152;Suporte Halter 10 Pares;SUP-016;Suportes;Suporte/Expositor;peça;;https://placefit.com.br/produtos/expositor-halter-10-pares.jpg;9506.91.00;;true;;;;;;;;;;;;;;false;8083;10 pares
6a57bd657fa67faa93ade153;Suporte Halter 5 Pares;SUP-017;Suportes;Suporte/Expositor;peça;;https://placefit.com.br/produtos/expositor-halter-5-pares.jpg;9506.91.00;;true;;;;;;;;;;;;;;false;8083;5 pares
6a57bd657fa67faa93ade154;Suporte Halter Torre 3" 10 Pares;SUP-018;Suportes;Suporte/Expositor;peça;;https://placefit.com.br/produtos/expositor-halter-torre-3-10-pares.jpg;9506.91.00;;true;;;;;;;;;;;;;;false;8083;10 pares
6a57bd657fa67faa93ade155;Suporte Halter Parede 5 Pares;SUP-019;Suportes;Suporte/Expositor;peça;;https://placefit.com.br/produtos/expositor-halter-parede-5-pares.jpg;9506.91.00;;true;;;;;;;;;;;;;;false;8083;5 pares
6a57bd657fa67faa93ade156;Suporte 4 em 1 Tubular 1".1/2" p/300kg;SUP-020;Suportes;Suporte/Expositor;peça;;;9506.91.00;;true;;;;;;;;;;;;;;false;8083;300kg de capacidade
6a57bd657fa67faa93ade157;Suporte 3 em 1 50x50 p/200kg;SUP-021;Suportes;Suporte/Expositor;peça;;https://anilhasehalteresbrasil.com.br/wp-content/uploads/2019/05/Suporte-3-em-1-50x50-p-300-kg_2017-03-16_17-25-35_0_min.jpg;9506.91.00;;true;;;;;;;;;;;;;;false;8083;200kg de capacidade
6a57bd657fa67faa93ade158;Suporte Fogueteiro para 10 Barras 28mm;SUP-022;Barras;Suporte/Expositor;peça;;https://placefit.com.br/produtos/expositor-fogueteiro-para-10-barras-28mm.jpg;9506.91.00;;true;;Padrão;;;;;;;;;;;;false;8083;10 barras
6a57bd657fa67faa93ade159;Suporte Fogueteiro para 12 Barras 28mm Box;SUP-023;Barras;Suporte/Expositor;peça;;https://placefit.com.br/produtos/expositor-fogueteiro-para-12-barras-28mm-box.jpg;9506.91.00;;true;;Padrão;;;;;;;;;;;;false;8083;12 barras
6a57bd657fa67faa93ade15a;Suporte Parede p/ 6 Barras Olímpicas;SUP-024;Barras;Suporte/Expositor;peça;;https://placefit.com.br/produtos/expositor-parede-p-6-barras-olimpicas.jpg;9506.91.00;;true;;Olímpico;;;;;;;;;;;;false;8083;6 barras
6a57bd657fa67faa93ade15b;Suporte Fogueteiro para 10 Barras Olímpicas;SUP-025;Barras;Suporte/Expositor;peça;;https://metalformaadm.webtrafego.com.br/acesso/imagens/1705956044-146828_EXP0SIT0R_F0QUETEIR0_PARA_10_BARRAS_0LIMPICAS.jpg;9506.91.00;;true;;Olímpico;;;;;;;;;;;;false;8083;10 barras
6a57bd657fa67faa93ade15c;Suporte Fogueteiro para 12 Barras Olímpicas Box;SUP-026;Barras;Suporte/Expositor;peça;;https://metalformaadm.webtrafego.com.br/acesso/imagens/1708538388-146825_EXP0SIT0R_PARA_12_BARRAS_0LIMPICAS___CAIXA_(2).jpg;9506.91.00;;true;;Olímpico;;;;;;;;;;;;false;8083;12 barras
6a57bd657fa67faa93ade15e;Suporte Kettlebell;SUP-028;Suportes;Suporte/Expositor;peça;;https://anilhasehalteresbrasil.com.br/wp-content/uploads/2021/07/IMG-20210308-WA0054.jpg;9506.91.00;;true;;;;;;;;;;;;;;false;8083;
6a57bd657fa67faa93ade15f;Suporte para Kettlebells e Bolas;SUP-029;Suportes;Suporte/Expositor;peça;;https://anilhasehalteresbrasil.com.br/wp-content/uploads/2019/09/IMG-20190801-WA0018.jpg;9506.91.00;;true;;;;;;;;;;;;;;false;8083;
6a57bd657fa67faa93ade160;Suporte Colchonete;SUP-030;Colchonetes;Suporte/Expositor;peça;;https://anilhasehalteresbrasil.com.br/wp-content/uploads/2019/09/IMG-20191101-WA0017.jpg;9506.91.00;;true;;;;;;;;;;;;;;false;499803;
6a57bd657fa67faa93ade161;Suporte T para Anilhas 250kg;SUP-031;Suportes;Suporte/Expositor;peça;;;9506.91.00;;true;;Padrão;;;;;;;;;;;;false;8083;250kg de capacidade
6a57bd657fa67faa93ade162;Suporte para 15 Wallball;SUP-032;Suportes;Suporte/Expositor;peça;;;9506.91.00;;true;;;;;;;;;;;;;;false;8083;15 unidades
6a57bd657fa67faa93ade163;Suporte 3x1 (Anilha, Barra e Halter);SUP-033;Barras;Suporte/Expositor;peça;;;9506.91.00;;true;;Padrão;;;;;;;;;;;;false;8083;
6a57bd657fa67faa93ade164;Suporte para Caneleira;SUP-034;Suportes;Suporte/Expositor;peça;;https://anilhasehalteresbrasil.com.br/wp-content/uploads/2019/09/IMG-20190801-WA0057.jpg;9506.91.00;;true;;;;;;;;;;;;;;false;8083;
6a57bd657fa67faa93ade165;Suporte para Anilhas 500kg;SUP-035;Suportes;Suporte/Expositor;peça;;;9506.91.00;;true;;Padrão;;;;;;;;;;;;false;8083;500kg de capacidade
6a57bd657fa67faa93ade166;Suporte para Corda Náutica;SUP-036;Suportes;Suporte/Expositor;peça;;;9506.91.00;;true;;;;;;;;;;;;;;false;8083;
6a57bd657fa67faa93ade167;Suporte para Elástico e Corda;SUP-037;Suportes;Suporte/Expositor;peça;;;9506.91.00;;true;;;;;;;;;;;;;;false;8083;
6a57bd657fa67faa93ade168;Suporte Dumbbell para 5 Pares;SUP-038;Suportes;Suporte/Expositor;peça;;;9506.91.00;;true;;;;;;;;;;;;;;false;8083;5 pares
6a57bd657fa67faa93ade169;Suporte Dumbbell para 6 Pares;SUP-039;Suportes;Suporte/Expositor;peça;;;9506.91.00;;true;;;;;;;;;;;;;;false;8083;6 pares
6a57bd657fa67faa93ade16a;Suporte Dumbbell para 7 Pares;SUP-040;Suportes;Suporte/Expositor;peça;;;9506.91.00;;true;;;;;;;;;;;;;;false;8083;7 pares
6a57bd657fa67faa93ade16b;Suporte Dumbbell para 8 Pares;SUP-041;Suportes;Suporte/Expositor;peça;;https://metalformaadm.webtrafego.com.br/acesso/imagens/1708085994-145505_EXP0SIT0R_DUMBBELL_8_PARES_01.jpg;9506.91.00;;true;;;;;;;;;;;;;;false;8083;8 pares
6a57bd657fa67faa93ade16c;Suporte Dumbbell para 10 Pares;SUP-042;Suportes;Suporte/Expositor;peça;;https://metalformaadm.webtrafego.com.br/acesso/imagens/1707944467-145504_EXP0SIT0R_DUMBBELL_10_PARES_01.jpg;9506.91.00;;true;;;;;;;;;;;;;;false;8083;10 pares
6a57bd657fa67faa93ade16d;Suporte Dumbbell para 12 Pares;SUP-043;Suportes;Suporte/Expositor;peça;;https://metalformaadm.webtrafego.com.br/acesso/imagens/1700852396-145516_EXP0SIT0R_DUMBBELL_12_PARES_01.jpg;9506.91.00;;true;;;;;;;;;;;;;;false;8083;12 pares
6a57bd657fa67faa93ade16e;Suporte Dumbbell para 14 Pares;SUP-044;Suportes;Suporte/Expositor;peça;;https://base44.app/api/apps/68c9d5dd3cf0f8fd8a834875/files/mp/public/68c9d5dd3cf0f8fd8a834875/80fc060f6_catalogo-sup_dum_montado.jpg;9506.91.00;;true;;;;;;;;;;;;;;false;8083;14 pares
6a57bd657fa67faa93ade16f;Suporte Dumbbell para 5 Pares (c/ calço);SUP-045;Suportes;Suporte/Expositor;peça;;;9506.91.00;;true;;;;;;;;;;;;;;false;8083;5 pares c/ calço
6a57bd657fa67faa93ade170;Suporte Dumbbell para 6 Pares (c/ calço);SUP-046;Suportes;Suporte/Expositor;peça;;;9506.91.00;;true;;;;;;;;;;;;;;false;8083;6 pares c/ calço
6a57bd657fa67faa93ade171;Suporte Dumbbell para 7 Pares (c/ calço);SUP-047;Suportes;Suporte/Expositor;peça;;;9506.91.00;;true;;;;;;;;;;;;;;false;8083;7 pares c/ calço
6a57bd657fa67faa93ade172;Suporte Dumbbell para 8 Pares (c/ calço);SUP-048;Suportes;Suporte/Expositor;peça;;;9506.91.00;;true;;;;;;;;;;;;;;false;8083;8 pares c/ calço
6a57bd657fa67faa93ade173;Suporte Dumbbell para 10 Pares (c/ calço);SUP-049;Suportes;Suporte/Expositor;peça;;;9506.91.00;;true;;;;;;;;;;;;;;false;8083;10 pares c/ calço
6a57bd657fa67faa93ade174;Suporte Dumbbell para 12 Pares (c/ calço);SUP-050;Suportes;Suporte/Expositor;peça;;;9506.91.00;;true;;;;;;;;;;;;;;false;8083;12 pares c/ calço
6a57bd657fa67faa93ade175;Suporte Dumbbell para 14 Pares (c/ calço);SUP-051;Suportes;Suporte/Expositor;peça;;;9506.91.00;;true;;;;;;;;;;;;;;false;8083;14 pares c/ calço
6a57bd657fa67faa93ade176;Suporte Dumbbell Sextavado para 5 Pares;SUP-052;Suportes;Suporte/Expositor;peça;;https://base44.app/api/apps/68c9d5dd3cf0f8fd8a834875/files/mp/public/68c9d5dd3cf0f8fd8a834875/73720470f_4-p15_254.jpg;9506.91.00;;true;;;;;;;;;;;;;;false;8083;5 pares
6a57bd657fa67faa93ade177;Suporte Dumbbell Sextavado para 6 Pares;SUP-053;Suportes;Suporte/Expositor;peça;;https://base44.app/api/apps/68c9d5dd3cf0f8fd8a834875/files/mp/public/68c9d5dd3cf0f8fd8a834875/73720470f_4-p15_254.jpg;9506.91.00;;true;;;;;;;;;;;;;;false;8083;6 pares
6a57bd657fa67faa93ade178;Suporte Dumbbell Sextavado para 7 Pares;SUP-054;Suportes;Suporte/Expositor;peça;;https://base44.app/api/apps/68c9d5dd3cf0f8fd8a834875/files/mp/public/68c9d5dd3cf0f8fd8a834875/73720470f_4-p15_254.jpg;9506.91.00;;true;;;;;;;;;;;;;;false;8083;7 pares
6a57bd657fa67faa93ade179;Suporte Dumbbell Sextavado para 8 Pares;SUP-055;Suportes;Suporte/Expositor;peça;;https://base44.app/api/apps/68c9d5dd3cf0f8fd8a834875/files/mp/public/68c9d5dd3cf0f8fd8a834875/73720470f_4-p15_254.jpg;9506.91.00;;true;;;;;;;;;;;;;;false;8083;8 pares
6a57bdb389f31864ba0fb459;Suporte Dumbbell Sextavado para 10 Pares;SUP-056;Suportes;Suporte/Expositor;peça;;https://base44.app/api/apps/68c9d5dd3cf0f8fd8a834875/files/mp/public/68c9d5dd3cf0f8fd8a834875/73720470f_4-p15_254.jpg;9506.91.00;;true;;;;;;;;;;;;;;false;8083;10 pares
6a57bdb389f31864ba0fb45a;Suporte para Jogo de Halter Bola 10 Pares;SUP-057;Suportes;Suporte/Expositor;peça;;;9506.91.00;;true;;;;;;;;;;;;;;false;8083;10 pares
6a57bdb389f31864ba0fb45b;Suporte para Barras Montadas 5pçs;SUP-058;Barras;Suporte/Expositor;peça;;;9506.91.00;;true;;Padrão;;;;;;;;;;;;false;8083;5 unid.
6a57bdb389f31864ba0fb45c;Suporte para Barras Montadas 6pçs;SUP-059;Barras;Suporte/Expositor;peça;;;9506.91.00;;true;;Padrão;;;;;;;;;;;;false;8083;6 unid.
6a57bdb389f31864ba0fb45d;Suporte para Barras Montadas 8pçs;SUP-060;Barras;Suporte/Expositor;peça;;;9506.91.00;;true;;Padrão;;;;;;;;;;;;false;8083;8 unid.
6a57bdb389f31864ba0fb45e;Suporte para Barras Montadas 10pçs;SUP-061;Barras;Suporte/Expositor;peça;;https://metalformaadm.webtrafego.com.br/acesso/imagens/1708376450-Expositor_para_barra_montada__(2).jpg;9506.91.00;;true;;Padrão;;;;;;;;;;;;false;8083;10 unid.
6a57bdb389f31864ba0fb45f;Suporte para Barras 5pçs;SUP-062;Barras;Suporte/Expositor;peça;;;9506.91.00;;true;;Padrão;;;;;;;;;;;;false;8083;5 unid.
6a57bdb389f31864ba0fb460;Suporte para Barras 6pçs;SUP-063;Barras;Suporte/Expositor;peça;;;9506.91.00;;true;;Padrão;;;;;;;;;;;;false;8083;6 unid.
6a57bdb389f31864ba0fb461;Suporte para Barras 8pçs;SUP-064;Barras;Suporte/Expositor;peça;;;9506.91.00;;true;;Padrão;;;;;;;;;;;;false;8083;8 unid.
6a57bdb389f31864ba0fb462;Suporte para Barras 10pçs;SUP-065;Barras;Suporte/Expositor;peça;;;9506.91.00;;true;;Padrão;;;;;;;;;;;;false;8083;10 unid.
6a57bdb389f31864ba0fb463;Suporte para Barras 12pçs;SUP-066;Barras;Suporte/Expositor;peça;;;9506.91.00;;true;;Padrão;;;;;;;;;;;;false;8083;12 unid.
6a57bdb389f31864ba0fb464;Suporte para Barras 15pçs;SUP-067;Barras;Suporte/Expositor;peça;;;9506.91.00;;true;;Padrão;;;;;;;;;;;;false;8083;15 unid.
6a57bdb389f31864ba0fb465;Suporte para Barras Olímpicas 5pçs;SUP-068;Barras;Suporte/Expositor;peça;;;9506.91.00;;true;;Olímpico;;;;;;;;;;;;false;8083;5 unid.
6a57bdb389f31864ba0fb466;Suporte para Barras Olímpicas 6pçs;SUP-069;Barras;Suporte/Expositor;peça;;;9506.91.00;;true;;Olímpico;;;;;;;;;;;;false;8083;6 unid.
6a57bdb389f31864ba0fb467;Suporte para Barras Olímpicas 8pçs;SUP-070;Barras;Suporte/Expositor;peça;;;9506.91.00;;true;;Olímpico;;;;;;;;;;;;false;8083;8 unid.
6a57bdb389f31864ba0fb468;Suporte para Barras Olímpicas 10pçs;SUP-071;Barras;Suporte/Expositor;peça;;;9506.91.00;;true;;Olímpico;;;;;;;;;;;;false;8083;10 unid.
6a57bdb389f31864ba0fb469;Suporte para Barras Olímpicas 12pçs;SUP-072;Barras;Suporte/Expositor;peça;;;9506.91.00;;true;;Olímpico;;;;;;;;;;;;false;8083;12 unid.
6a57bdb389f31864ba0fb46a;Suporte para Barras Olímpicas 15pçs;SUP-073;Barras;Suporte/Expositor;peça;;;9506.91.00;;true;;Olímpico;;;;;;;;;;;;false;8083;15 unid.
6a57bdb389f31864ba0fb46b;Suporte Dumbbells Sextavado 3 Andares (12 ao 30);SUP-074;Suportes;Suporte/Expositor;peça;;https://anilhasehalteresbrasil.com.br/wp-content/uploads/2019/09/IMG-20191101-WA0007.jpg;9506.91.00;;true;;;;;;;;;;;;;;false;8083;3 andares
6a57bdb389f31864ba0fb46c;Suporte Dumbbells Sextavado 2 Andares (12 ao 30);SUP-075;Suportes;Suporte/Expositor;peça;;;9506.91.00;;true;;;;;;;;;;;;;;false;8083;2 andares
6a57bdb389f31864ba0fb46d;PullUp 1,10m;EST-001;Estruturas;Hack/Gaiola;peça;;;9506.91.00;;true;;;;;;;;;;;;;;false;3542;
6a57bdb389f31864ba0fb46e;PullUp 1,80m;EST-002;Estruturas;Hack/Gaiola;peça;;;9506.91.00;;true;;;;;;;;;;;;;;false;3542;
6a57bdb389f31864ba0fb46f;PullUp 1,50m;EST-003;Estruturas;Hack/Gaiola;peça;;;9506.91.00;;true;;;;;;;;;;;;;;false;3542;
6a57bdb389f31864ba0fb470;Pilar com Regulagem 50x50x3m;EST-004;Estruturas;Hack/Gaiola;peça;;;9506.91.00;;true;;;;;;;;;;;;;;false;3542;
6a57bdb389f31864ba0fb471;Pilar com Regulagem 80x80x3m;EST-005;Estruturas;Hack/Gaiola;peça;;;9506.91.00;;true;;;;;;;;;;;;;;false;3542;
6a57bdb389f31864ba0fb472;Alvo para Gaiola;EST-006;Estruturas;Hack/Gaiola;peça;;;9506.91.00;;true;;;;;;;;;;;;;;false;3542;
6a57bdb389f31864ba0fb473;Pezinho para Gaiola;EST-007;Estruturas;Hack/Gaiola;peça;;;9506.91.00;;true;;;;;;;;;;;;;;false;3542;
6a57bdb389f31864ba0fb474;Gancheira de Pilar com Regulagem;EST-008;Estruturas;Hack/Gaiola;peça;;;9506.91.00;;true;;;;;;;;;;;;;;false;3542;
6a57bdb389f31864ba0fb475;Espaldar;EST-009;Estruturas;Hack/Gaiola;peça;;https://metalformaadm.webtrafego.com.br/acesso/imagens/1718378331-Espaldar.jpg;9506.91.00;;true;;;;;;;;;;;;;;false;3542;
6a57bdb389f31864ba0fb476;Hack de Agachamento;EST-010;Estruturas;Hack/Gaiola;peça;;;9506.91.00;;true;;;;;;;;;;;;;;false;3542;
6a57bdb389f31864ba0fb477;Treno;EST-011;Estruturas;Hack/Gaiola;peça;;;9506.91.00;;true;;;;;;;;;;;;;;false;3542;
6a57bdb389f31864ba0fb478;Mina Terrestre;EST-012;Estruturas;Hack/Gaiola;peça;;;9506.91.00;;true;;;;;;;;;;;;;;false;3542;
6a57bdb389f31864ba0fb479;Caneleira Elite Super Reforçada 1kg (Par);ACE-001;Acessórios;Caneleira;par;1;https://placefit.com.br/produtos/caneleira-1kg.jpg;9506.91.00;;true;;;;;;;;;;;;;;false;Sporting Goods > Exercise & Fitness;
6a57bdb389f31864ba0fb47a;Caneleira Elite Super Reforçada 2kg (Par);ACE-002;Acessórios;Caneleira;par;2;https://placefit.com.br/produtos/caneleira-2kg.jpg;9506.91.00;;true;;;;;;;;;;;;;;false;Sporting Goods > Exercise & Fitness;
6a57bdb389f31864ba0fb47b;Caneleira Elite Super Reforçada 3kg (Par);ACE-003;Acessórios;Caneleira;par;3;https://placefit.com.br/produtos/caneleira-3kg.jpg;9506.91.00;;true;;;;;;;;;;;;;;false;Sporting Goods > Exercise & Fitness;
6a57bdb389f31864ba0fb47c;Caneleira Elite Super Reforçada 4kg (Par);ACE-004;Acessórios;Caneleira;par;4;https://placefit.com.br/produtos/caneleira-4kg.jpg;9506.91.00;;true;;;;;;;;;;;;;;false;Sporting Goods > Exercise & Fitness;
6a57bdb389f31864ba0fb47d;Caneleira Elite Super Reforçada 5kg (Par);ACE-005;Acessórios;Caneleira;par;5;https://placefit.com.br/produtos/caneleira-5kg.jpg;9506.91.00;;true;;;;;;;;;;;;;;false;Sporting Goods > Exercise & Fitness;
6a57bdb389f31864ba0fb47e;Caneleira Elite Super Reforçada 6kg (Par);ACE-006;Acessórios;Caneleira;par;6;https://placefit.com.br/produtos/caneleira-6kg.jpg;9506.91.00;;true;;;;;;;;;;;;;;false;Sporting Goods > Exercise & Fitness;
6a57bdb389f31864ba0fb47f;Caneleira Elite Super Reforçada 7kg (Par);ACE-007;Acessórios;Caneleira;par;7;;9506.91.00;;true;;;;;;;;;;;;;;false;Sporting Goods > Exercise & Fitness;
6a57bdb389f31864ba0fb480;Caneleira Elite Super Reforçada 8kg (Par);ACE-008;Acessórios;Caneleira;par;8;https://placefit.com.br/produtos/caneleira-8kg.jpg;9506.91.00;;true;;;;;;;;;;;;;;false;Sporting Goods > Exercise & Fitness;
6a57bdb389f31864ba0fb481;Caneleira Elite Super Reforçada 9kg (Par);ACE-009;Acessórios;Caneleira;par;9;;9506.91.00;;true;;;;;;;;;;;;;;false;Sporting Goods > Exercise & Fitness;
6a57bdb389f31864ba0fb482;Caneleira Elite Super Reforçada 10kg (Par);ACE-010;Acessórios;Caneleira;par;10;https://placefit.com.br/produtos/caneleira-10kg.jpg;9506.91.00;;true;;;;;;;;;;;;;;false;Sporting Goods > Exercise & Fitness;
6a57bdb389f31864ba0fb483;Caneleira Elite Super Reforçada 11kg (Par);ACE-011;Acessórios;Caneleira;par;11;;9506.91.00;;true;;;;;;;;;;;;;;false;Sporting Goods > Exercise & Fitness;
6a57bdb389f31864ba0fb484;Caneleira Elite Super Reforçada 12kg (Par);ACE-012;Acessórios;Caneleira;par;12;;9506.91.00;;true;;;;;;;;;;;;;;false;Sporting Goods > Exercise & Fitness;
6a57bdb389f31864ba0fb485;Caneleira Elite Super Reforçada 13kg (Par);ACE-013;Acessórios;Caneleira;par;13;;9506.91.00;;true;;;;;;;;;;;;;;false;Sporting Goods > Exercise & Fitness;
6a57bdb389f31864ba0fb486;Caneleira Elite Super Reforçada 14kg (Par);ACE-014;Acessórios;Caneleira;par;14;;9506.91.00;;true;;;;;;;;;;;;;;false;Sporting Goods > Exercise & Fitness;
6a57bdb389f31864ba0fb487;Caneleira Elite Super Reforçada 15kg (Par);ACE-015;Acessórios;Caneleira;par;15;;9506.91.00;;true;;;;;;;;;;;;;;false;Sporting Goods > Exercise & Fitness;
6a57bdb389f31864ba0fb488;Caneleira Elite Super Reforçada 16kg (Par);ACE-016;Acessórios;Caneleira;par;16;;9506.91.00;;true;;;;;;;;;;;;;;false;Sporting Goods > Exercise & Fitness;
6a57bdb389f31864ba0fb489;Caneleira Elite Super Reforçada 17kg (Par);ACE-017;Acessórios;Caneleira;par;17;;9506.91.00;;true;;;;;;;;;;;;;;false;Sporting Goods > Exercise & Fitness;
6a57bdb389f31864ba0fb48a;Caneleira Elite Super Reforçada 18kg (Par);ACE-018;Acessórios;Caneleira;par;18;;9506.91.00;;true;;;;;;;;;;;;;;false;Sporting Goods > Exercise & Fitness;
6a57bdb389f31864ba0fb48b;Caneleira Elite Super Reforçada 19kg (Par);ACE-019;Acessórios;Caneleira;par;19;;9506.91.00;;true;;;;;;;;;;;;;;false;Sporting Goods > Exercise & Fitness;
6a57bdb389f31864ba0fb48c;Caneleira Elite Super Reforçada 20kg (Par);ACE-020;Acessórios;Caneleira;par;20;;9506.91.00;;true;;;;;;;;;;;;;;false;Sporting Goods > Exercise & Fitness;
6a57bdb389f31864ba0fb48d;Capa Para Colchonete 110x60cm;ACE-021;Colchonetes;Acessório;peça;;;9506.91.00;;true;;;;;;;;;;;;;;false;499803;
6a57bdb389f31864ba0fb48e;Capa Para Colchonete 95x45cm;ACE-022;Colchonetes;Acessório;peça;;;9506.91.00;;true;;;;;;;;;;;;;;false;499803;
6a57bdb389f31864ba0fb48f;Cinta Chute ou Glúteo;ACE-023;Acessórios;Acessório;peça;;;9506.91.00;;true;;;;;;;;;;;;;;false;Sporting Goods > Exercise & Fitness;
6a57bdb389f31864ba0fb490;Cinto de Musculação Para Agachamento (P);ACE-024;Acessórios;Acessório;peça;;;9506.91.00;;true;;;;;;;;;;;;;;false;Sporting Goods > Exercise & Fitness;
6a57bdb389f31864ba0fb491;Cinto de Musculação Para Agachamento (M);ACE-025;Acessórios;Acessório;peça;;;9506.91.00;;true;;;;;;;;;;;;;;false;Sporting Goods > Exercise & Fitness;
6a57bdb389f31864ba0fb492;Cinto de Musculação Para Agachamento (G);ACE-026;Acessórios;Acessório;peça;;;9506.91.00;;true;;;;;;;;;;;;;;false;Sporting Goods > Exercise & Fitness;
6a57bdb389f31864ba0fb493;Cinto de Tração (P);ACE-027;Acessórios;Acessório;peça;;https://base44.app/api/apps/68c9d5dd3cf0f8fd8a834875/files/mp/public/68c9d5dd3cf0f8fd8a834875/7b8c8e73c_cinto_tracao.jpg;9506.91.00;;true;;;;;;;;;;;;;;false;Sporting Goods > Exercise & Fitness;
6a57bdb389f31864ba0fb494;Cinto de Tração (M);ACE-028;Acessórios;Acessório;peça;;https://base44.app/api/apps/68c9d5dd3cf0f8fd8a834875/files/mp/public/68c9d5dd3cf0f8fd8a834875/7b8c8e73c_cinto_tracao.jpg;9506.91.00;;true;;;;;;;;;;;;;;false;Sporting Goods > Exercise & Fitness;
6a57bdb389f31864ba0fb495;Cinto de Tração (G);ACE-029;Acessórios;Acessório;peça;;https://base44.app/api/apps/68c9d5dd3cf0f8fd8a834875/files/mp/public/68c9d5dd3cf0f8fd8a834875/7b8c8e73c_cinto_tracao.jpg;9506.91.00;;true;;;;;;;;;;;;;;false;Sporting Goods > Exercise & Fitness;
6a57bdb389f31864ba0fb496;Cinto de Tração Modelo Simples (P);ACE-030;Acessórios;Acessório;peça;;;9506.91.00;;true;;;;;;;;;;;;;;false;Sporting Goods > Exercise & Fitness;
6a57bdb389f31864ba0fb497;Cinto de Tração Modelo Simples (M);ACE-031;Acessórios;Acessório;peça;;;9506.91.00;;true;;;;;;;;;;;;;;false;Sporting Goods > Exercise & Fitness;
6a57bdb389f31864ba0fb498;Cinto de Tração Modelo Simples (G);ACE-032;Acessórios;Acessório;peça;;;9506.91.00;;true;;;;;;;;;;;;;;false;Sporting Goods > Exercise & Fitness;
6a57bdb389f31864ba0fb499;Colchonete AG90 95x45x3cm;ACE-033;Colchonetes;Acessório;peça;;;9506.91.00;;true;;;;;;;;;;;;;;false;499803;
6a57bdb389f31864ba0fb49a;Colchonete AG90 110x60x3cm;ACE-034;Colchonetes;Acessório;peça;;;9506.91.00;;true;;;;;;;;;;;;;;false;499803;
6a57bdb389f31864ba0fb49b;Corda de Escalada 36mm Com Suporte 3m;ACE-035;Acessórios;Acessório;peça;;https://base44.app/api/apps/68c9d5dd3cf0f8fd8a834875/files/mp/public/68c9d5dd3cf0f8fd8a834875/a73e9256e_corda_escalada.jpg;9506.91.00;;true;;;;;;;;;;;;;;false;Sporting Goods > Exercise & Fitness;
6a57bdb389f31864ba0fb49c;Corda de Escalada 36mm Com Suporte 4m;ACE-036;Acessórios;Acessório;peça;;https://base44.app/api/apps/68c9d5dd3cf0f8fd8a834875/files/mp/public/68c9d5dd3cf0f8fd8a834875/a73e9256e_corda_escalada.jpg;9506.91.00;;true;;;;;;;;;;;;;;false;Sporting Goods > Exercise & Fitness;
6a57bdb389f31864ba0fb49d;Corda de Escalada 36mm Com Suporte 5m;ACE-037;Acessórios;Acessório;peça;;https://base44.app/api/apps/68c9d5dd3cf0f8fd8a834875/files/mp/public/68c9d5dd3cf0f8fd8a834875/a73e9256e_corda_escalada.jpg;9506.91.00;;true;;;;;;;;;;;;;;false;Sporting Goods > Exercise & Fitness;
6a57bdb389f31864ba0fb49e;Corda de Escalada 36mm Com Suporte 6m;ACE-038;Acessórios;Acessório;peça;;https://base44.app/api/apps/68c9d5dd3cf0f8fd8a834875/files/mp/public/68c9d5dd3cf0f8fd8a834875/a73e9256e_corda_escalada.jpg;9506.91.00;;true;;;;;;;;;;;;;;false;Sporting Goods > Exercise & Fitness;
6a57bdb389f31864ba0fb49f;Corda de Escalada 36mm Com Suporte 7m;ACE-039;Acessórios;Acessório;peça;;https://base44.app/api/apps/68c9d5dd3cf0f8fd8a834875/files/mp/public/68c9d5dd3cf0f8fd8a834875/a73e9256e_corda_escalada.jpg;9506.91.00;;true;;;;;;;;;;;;;;false;Sporting Goods > Exercise & Fitness;
6a57bdb389f31864ba0fb4a0;Corda de Escalada 36mm Com Suporte 8m;ACE-040;Acessórios;Acessório;peça;;https://base44.app/api/apps/68c9d5dd3cf0f8fd8a834875/files/mp/public/68c9d5dd3cf0f8fd8a834875/a73e9256e_corda_escalada.jpg;9506.91.00;;true;;;;;;;;;;;;;;false;Sporting Goods > Exercise & Fitness;
6a57bdb389f31864ba0fb4a1;Corda de Escalada 36mm Com Suporte 9m;ACE-041;Acessórios;Acessório;peça;;https://base44.app/api/apps/68c9d5dd3cf0f8fd8a834875/files/mp/public/68c9d5dd3cf0f8fd8a834875/a73e9256e_corda_escalada.jpg;9506.91.00;;true;;;;;;;;;;;;;;false;Sporting Goods > Exercise & Fitness;
6a57bdb389f31864ba0fb4a2;Corda de Escalada 36mm Com Suporte 10m;ACE-042;Acessórios;Acessório;peça;;https://base44.app/api/apps/68c9d5dd3cf0f8fd8a834875/files/mp/public/68c9d5dd3cf0f8fd8a834875/a73e9256e_corda_escalada.jpg;9506.91.00;;true;;;;;;;;;;;;;;false;Sporting Goods > Exercise & Fitness;
6a57bdb389f31864ba0fb4a3;Corda de Escalada 36mm Com Suporte 11m;ACE-043;Acessórios;Acessório;peça;;https://base44.app/api/apps/68c9d5dd3cf0f8fd8a834875/files/mp/public/68c9d5dd3cf0f8fd8a834875/a73e9256e_corda_escalada.jpg;9506.91.00;;true;;;;;;;;;;;;;;false;Sporting Goods > Exercise & Fitness;
6a57bdb389f31864ba0fb4a4;Corda de Escalada 36mm Com Suporte 12m;ACE-044;Acessórios;Acessório;peça;;https://base44.app/api/apps/68c9d5dd3cf0f8fd8a834875/files/mp/public/68c9d5dd3cf0f8fd8a834875/a73e9256e_corda_escalada.jpg;9506.91.00;;true;;;;;;;;;;;;;;false;Sporting Goods > Exercise & Fitness;
6a57bdb389f31864ba0fb4a5;Corda Naval Fitness Pegada Emborrachada 36mm 6m;ACE-045;Acessórios;Acessório;peça;;https://base44.app/api/apps/68c9d5dd3cf0f8fd8a834875/files/mp/public/68c9d5dd3cf0f8fd8a834875/aaf156e6d_corda_naval_emborrachada.jpg;9506.91.00;;true;;;;;;;;;;;;;;false;Sporting Goods > Exercise & Fitness;
6a57bdb389f31864ba0fb4a6;Corda Naval Fitness Pegada Emborrachada 36mm 8m;ACE-046;Acessórios;Acessório;peça;;https://base44.app/api/apps/68c9d5dd3cf0f8fd8a834875/files/mp/public/68c9d5dd3cf0f8fd8a834875/aaf156e6d_corda_naval_emborrachada.jpg;9506.91.00;;true;;;;;;;;;;;;;;false;Sporting Goods > Exercise & Fitness;
6a57bdb389f31864ba0fb4a7;Corda Naval Fitness Pegada Emborrachada 36mm 10m;ACE-047;Acessórios;Acessório;peça;;https://base44.app/api/apps/68c9d5dd3cf0f8fd8a834875/files/mp/public/68c9d5dd3cf0f8fd8a834875/aaf156e6d_corda_naval_emborrachada.jpg;9506.91.00;;true;;;;;;;;;;;;;;false;Sporting Goods > Exercise & Fitness;
6a57bdb389f31864ba0fb4a8;Corda Naval Fitness Pegada Emborrachada 36mm 12m;ACE-048;Acessórios;Acessório;peça;;https://base44.app/api/apps/68c9d5dd3cf0f8fd8a834875/files/mp/public/68c9d5dd3cf0f8fd8a834875/aaf156e6d_corda_naval_emborrachada.jpg;9506.91.00;;true;;;;;;;;;;;;;;false;Sporting Goods > Exercise & Fitness;
6a57bdb389f31864ba0fb4aa;Corda Naval Fitness Revestida Pegada Emborrachada 36mm 8m;ACE-050;Acessórios;Acessório;peça;;https://base44.app/api/apps/68c9d5dd3cf0f8fd8a834875/files/mp/public/68c9d5dd3cf0f8fd8a834875/db3bc6b23_corda_naval_revestida.jpg;9506.91.00;;true;;;;;;;;;;;;;;false;Sporting Goods > Exercise & Fitness;
6a57bdb389f31864ba0fb4ab;Corda Naval Fitness Revestida Pegada Emborrachada 36mm 10m;ACE-051;Acessórios;Acessório;peça;;https://base44.app/api/apps/68c9d5dd3cf0f8fd8a834875/files/mp/public/68c9d5dd3cf0f8fd8a834875/db3bc6b23_corda_naval_revestida.jpg;9506.91.00;;true;;;;;;;;;;;;;;false;Sporting Goods > Exercise & Fitness;
6a57bdb389f31864ba0fb4ac;Corda Naval Fitness Revestida Pegada Emborrachada 36mm 12m;ACE-052;Acessórios;Acessório;peça;;https://base44.app/api/apps/68c9d5dd3cf0f8fd8a834875/files/mp/public/68c9d5dd3cf0f8fd8a834875/db3bc6b23_corda_naval_revestida.jpg;9506.91.00;;true;;;;;;;;;;;;;;false;Sporting Goods > Exercise & Fitness;
6a57bdb389f31864ba0fb4ad;Elástico Extensor Fitness Emborrachado 2m;ACE-053;Acessórios;Acessório;peça;;;9506.91.00;;true;;;;;;;;;;;;;;false;Sporting Goods > Exercise & Fitness;
6a57bdb389f31864ba0fb4ae;Elástico Extensor Fitness Emborrachado 1m;ACE-054;Acessórios;Acessório;peça;;;9506.91.00;;true;;;;;;;;;;;;;;false;Sporting Goods > Exercise & Fitness;
6a57bdb389f31864ba0fb4af;Elástico Extensor Fitness Emborrachado Pegada Dupla Fixa 1m;ACE-055;Acessórios;Acessório;peça;;https://base44.app/api/apps/68c9d5dd3cf0f8fd8a834875/files/mp/public/68c9d5dd3cf0f8fd8a834875/ea44b53d8_elastico_pegada_dupla.jpg;9506.91.00;;true;;;;;;;;;;;;;;false;Sporting Goods > Exercise & Fitness;
6a57bdb389f31864ba0fb4b0;Elástico Extensor Fitness Emborrachado Pegada Simples 1m (Par);ACE-056;Acessórios;Acessório;peça;;;9506.91.00;;true;;;;;;;;;;;;;;false;Sporting Goods > Exercise & Fitness;
6a57bdb389f31864ba0fb4b1;Power Bag 5kg;ACE-057;Acessórios;Acessório;peça;5;https://base44.app/api/apps/68c9d5dd3cf0f8fd8a834875/files/mp/public/68c9d5dd3cf0f8fd8a834875/dc1928a1b_powerbag.jpg;9506.91.00;;true;;;;;;;;;;;;;;false;Sporting Goods > Exercise & Fitness;
6a57bdb389f31864ba0fb4b2;Power Bag 8kg;ACE-058;Acessórios;Acessório;peça;8;https://base44.app/api/apps/68c9d5dd3cf0f8fd8a834875/files/mp/public/68c9d5dd3cf0f8fd8a834875/dc1928a1b_powerbag.jpg;9506.91.00;;true;;;;;;;;;;;;;;false;Sporting Goods > Exercise & Fitness;
6a57bdd225180899c32f9cf5;Power Bag 10kg;ACE-059;Acessórios;Acessório;peça;10;https://base44.app/api/apps/68c9d5dd3cf0f8fd8a834875/files/mp/public/68c9d5dd3cf0f8fd8a834875/dc1928a1b_powerbag.jpg;9506.91.00;;true;;;;;;;;;;;;;;false;Sporting Goods > Exercise & Fitness;
6a57bdd225180899c32f9cf6;Power Bag 12kg;ACE-060;Acessórios;Acessório;peça;12;https://base44.app/api/apps/68c9d5dd3cf0f8fd8a834875/files/mp/public/68c9d5dd3cf0f8fd8a834875/dc1928a1b_powerbag.jpg;9506.91.00;;true;;;;;;;;;;;;;;false;Sporting Goods > Exercise & Fitness;
6a57bdd225180899c32f9cf7;Power Bag 14kg;ACE-061;Acessórios;Acessório;peça;14;https://base44.app/api/apps/68c9d5dd3cf0f8fd8a834875/files/mp/public/68c9d5dd3cf0f8fd8a834875/dc1928a1b_powerbag.jpg;9506.91.00;;true;;;;;;;;;;;;;;false;Sporting Goods > Exercise & Fitness;
6a57bdd225180899c32f9cf8;Power Bag 18kg;ACE-062;Acessórios;Acessório;peça;18;https://base44.app/api/apps/68c9d5dd3cf0f8fd8a834875/files/mp/public/68c9d5dd3cf0f8fd8a834875/dc1928a1b_powerbag.jpg;9506.91.00;;true;;;;;;;;;;;;;;false;Sporting Goods > Exercise & Fitness;
6a57bdd225180899c32f9cf9;Power Bag 20kg;ACE-063;Acessórios;Acessório;peça;20;https://base44.app/api/apps/68c9d5dd3cf0f8fd8a834875/files/mp/public/68c9d5dd3cf0f8fd8a834875/dc1928a1b_powerbag.jpg;9506.91.00;;true;;;;;;;;;;;;;;false;Sporting Goods > Exercise & Fitness;
6a57bdd225180899c32f9cfa;Power Bag 22kg;ACE-064;Acessórios;Acessório;peça;22;https://base44.app/api/apps/68c9d5dd3cf0f8fd8a834875/files/mp/public/68c9d5dd3cf0f8fd8a834875/dc1928a1b_powerbag.jpg;9506.91.00;;true;;;;;;;;;;;;;;false;Sporting Goods > Exercise & Fitness;
6a57bdd225180899c32f9cfb;Power Bag 24kg;ACE-065;Acessórios;Acessório;peça;24;https://base44.app/api/apps/68c9d5dd3cf0f8fd8a834875/files/mp/public/68c9d5dd3cf0f8fd8a834875/dc1928a1b_powerbag.jpg;9506.91.00;;true;;;;;;;;;;;;;;false;Sporting Goods > Exercise & Fitness;
6a57bdd225180899c32f9cfc;Protetor de Barra Para Agachamento (Pro);ACE-066;Barras;Acessório;peça;;https://base44.app/api/apps/68c9d5dd3cf0f8fd8a834875/files/mp/public/68c9d5dd3cf0f8fd8a834875/c6345c915_protetor-300x300.png;9506.91.00;;true;;;;;;;;;;;;;;false;Sporting Goods > Exercise & Fitness;
6a57bdd225180899c32f9cfd;Puxador Cross Over Braço/Mão/Perna/Tríceps;ACE-067;Puxadores;Acessório;peça;;https://base44.app/api/apps/68c9d5dd3cf0f8fd8a834875/files/mp/public/68c9d5dd3cf0f8fd8a834875/2d64813e4_puxadorcrossover.webp;9506.91.00;;true;;;;;;;;;;;;;;false;Sporting Goods > Exercise & Fitness;
6a57bdd225180899c32f9cfe;Puxador Cross Over Mão (Par);ACE-068;Puxadores;Acessório;peça;;;9506.91.00;;true;;;;;;;;;;;;;;false;Sporting Goods > Exercise & Fitness;
6a57bdd225180899c32f9cff;Puxador Cross Over Tríceps - Peça;ACE-069;Puxadores;Acessório;peça;;;9506.91.00;;true;;;;;;;;;;;;;;false;Sporting Goods > Exercise & Fitness;
6a57bdd225180899c32f9d00;Puxador Cross Over Perna - Peça;ACE-070;Puxadores;Acessório;peça;;;9506.91.00;;true;;;;;;;;;;;;;;false;Sporting Goods > Exercise & Fitness;
6a57bdd225180899c32f9d01;Puxador Para Cross Over Perna (Par);ACE-071;Puxadores;Acessório;peça;;;9506.91.00;;true;;;;;;;;;;;;;;false;Sporting Goods > Exercise & Fitness;
6a57bdd225180899c32f9d02;Slide Board (Plataforma Deslizante) 200x50x0,7cm;ACE-072;Acessórios;Acessório;peça;;https://base44.app/api/apps/68c9d5dd3cf0f8fd8a834875/files/mp/public/68c9d5dd3cf0f8fd8a834875/9f5abc05e_slide_board.png;9506.91.00;;true;;;;;;;;;;;;;;false;Sporting Goods > Exercise & Fitness;
6a57bdd225180899c32f9d03;Wall Ball 6 Libras / 2.72kg;ACE-073;Acessórios;Acessório;peça;2.72;https://base44.app/api/apps/68c9d5dd3cf0f8fd8a834875/files/mp/public/68c9d5dd3cf0f8fd8a834875/0bb702179_wall-ball-em-couro-6kg.jpg;9506.91.00;;true;;;;;;;;;;;;;;false;Sporting Goods > Exercise & Fitness;
6a57bdd225180899c32f9d04;Wall Ball 8 Libras / 3.63kg;ACE-074;Acessórios;Acessório;peça;3.63;;9506.91.00;;true;;;;;;;;;;;;;;false;Sporting Goods > Exercise & Fitness;
6a57bdd225180899c32f9d05;Wall Ball 10 Libras / 4.54kg;ACE-075;Acessórios;Acessório;peça;4.54;;9506.91.00;;true;;;;;;;;;;;;;;false;Sporting Goods > Exercise & Fitness;
6a57bdd225180899c32f9d06;Wall Ball 12 Libras / 5.45kg;ACE-076;Acessórios;Acessório;peça;5.45;;9506.91.00;;true;;;;;;;;;;;;;;false;Sporting Goods > Exercise & Fitness;
6a57bdd225180899c32f9d07;Wall Ball 14 Libras / 6.35kg;ACE-077;Acessórios;Acessório;peça;6.35;;9506.91.00;;true;;;;;;;;;;;;;;false;Sporting Goods > Exercise & Fitness;
6a57bdd225180899c32f9d08;Wall Ball 16 Libras / 7.26kg;ACE-078;Acessórios;Acessório;peça;7.26;;9506.91.00;;true;;;;;;;;;;;;;;false;Sporting Goods > Exercise & Fitness;
6a57bdd225180899c32f9d09;Wall Ball 18 Libras / 8.17kg;ACE-079;Acessórios;Acessório;peça;8.17;;9506.91.00;;true;;;;;;;;;;;;;;false;Sporting Goods > Exercise & Fitness;
6a57bdd225180899c32f9d0a;Wall Ball 20 Libras / 9.07kg;ACE-080;Acessórios;Acessório;peça;9.07;;9506.91.00;;true;;;;;;;;;;;;;;false;Sporting Goods > Exercise & Fitness;
6a57bdd225180899c32f9d0b;Wall Ball 25 Libras / 11.34kg;ACE-081;Acessórios;Acessório;peça;11.34;;9506.91.00;;true;;;;;;;;;;;;;;false;Sporting Goods > Exercise & Fitness;
6a57bdd225180899c32f9d0c;Wall Ball 30 Libras / 13.6kg;ACE-082;Acessórios;Acessório;peça;13.6;;9506.91.00;;true;;;;;;;;;;;;;;false;Sporting Goods > Exercise & Fitness;
6a57bdd225180899c32f9d0d;Saco de Pancada 70x90cm;ACE-083;Acessórios;Acessório;peça;;;9506.91.00;;true;;;;;;;;;;;;;;false;Sporting Goods > Exercise & Fitness;
6a57bdd225180899c32f9d0e;Saco de Pancada 100x90cm;ACE-084;Acessórios;Acessório;peça;;;9506.91.00;;true;;;;;;;;;;;;;;false;Sporting Goods > Exercise & Fitness;
6a57bdd225180899c32f9d0f;Saco de Pancada 100x100cm;ACE-085;Acessórios;Acessório;peça;;;9506.91.00;;true;;;;;;;;;;;;;;false;Sporting Goods > Exercise & Fitness;
6a57bdd225180899c32f9d10;Saco de Pancada 120x90cm;ACE-086;Acessórios;Acessório;peça;;;9506.91.00;;true;;;;;;;;;;;;;;false;Sporting Goods > Exercise & Fitness;
6a57bdd225180899c32f9d11;Saco de Pancada 150x90cm;ACE-087;Acessórios;Acessório;peça;;;9506.91.00;;true;;;;;;;;;;;;;;false;Sporting Goods > Exercise & Fitness;
6a57bdd225180899c32f9d12;Saco de Pancada 150x100cm;ACE-088;Acessórios;Acessório;peça;;;9506.91.00;;true;;;;;;;;;;;;;;false;Sporting Goods > Exercise & Fitness;
6a57bdd225180899c32f9d13;Saco de Pancada 150x120cm;ACE-089;Acessórios;Acessório;peça;;;9506.91.00;;true;;;;;;;;;;;;;;false;Sporting Goods > Exercise & Fitness;
6a57bdd225180899c32f9d14;Saco de Pancada 180x100cm;ACE-090;Acessórios;Acessório;peça;;;9506.91.00;;true;;;;;;;;;;;;;;false;Sporting Goods > Exercise & Fitness;
6a57bdd225180899c32f9d15;Saco de Pancada 180x120cm;ACE-091;Acessórios;Acessório;peça;;;9506.91.00;;true;;;;;;;;;;;;;;false;Sporting Goods > Exercise & Fitness;
6a57bdd225180899c32f9d16;Saco de Pancada 50x50cm;ACE-092;Acessórios;Acessório;peça;;;9506.91.00;;true;;;;;;;;;;;;;;false;Sporting Goods > Exercise & Fitness;
6a57bdd225180899c32f9d17;Saco de Pancada Horizontal 100x100cm;ACE-093;Acessórios;Acessório;peça;;;9506.91.00;;true;;;;;;;;;;;;;;false;Sporting Goods > Exercise & Fitness;
6a57bdd225180899c32f9d18;Fita TRX;ACE-094;Acessórios;Acessório;peça;;https://base44.app/api/apps/68c9d5dd3cf0f8fd8a834875/files/mp/public/68c9d5dd3cf0f8fd8a834875/7c22bdad6_fita_trx.jpg;9506.91.00;;true;;;;;;;;;;;;;;false;Sporting Goods > Exercise & Fitness;
6a57bdd225180899c32f9d1a;Clubbell Pegada Pintada Corpo Emborrachado;OUT-002;Outros;Clubbell;kg;;;9506.91.00;;false;;;;;;;;;;;;;;false;3164;DESATIVADO 10/08/2026: placeholder sem peso, substituido pelos CLB-PIN-* e CLB-EMB-* com peso. O preco que estava vinculado aqui era a taxa por kg, nao o preco do produto.
6a57db9fcbeb4107550b2a3b;Caneleira 0.5kg (Par);CAN-MEI-KG;Acessórios;;par;0.5;https://haxfit.com.br/wp-content/uploads/2025/05/foto12.jpg;9506.91.00;;true;;;;;;;;;;;;;;true;Sporting Goods > Exercise & Fitness;
6a57db9fcbeb4107550b2a3c;Caneleira 1kg (Par);CAN-01-KG;Acessórios;;par;1;https://haxfit.com.br/wp-content/uploads/2025/05/foto12.jpg;9506.91.00;;true;;;;;;;;;;;;;;false;Sporting Goods > Exercise & Fitness;
6a57db9fcbeb4107550b2a3d;Caneleira 2kg (Par);CAN-02-KG;Acessórios;;par;2;https://haxfit.com.br/wp-content/uploads/2025/05/foto12.jpg;9506.91.00;;true;;;;;;;;;;;;;;false;Sporting Goods > Exercise & Fitness;
6a57db9fcbeb4107550b2a3e;Caneleira 3kg (Par);CAN-03-KG;Acessórios;;par;3;https://haxfit.com.br/wp-content/uploads/2025/05/foto12.jpg;9506.91.00;;true;;;;;;;;;;;;;;false;Sporting Goods > Exercise & Fitness;
6a57db9fcbeb4107550b2a3f;Caneleira 4kg (Par);CAN-04-KG;Acessórios;;par;4;https://haxfit.com.br/wp-content/uploads/2025/05/foto12.jpg;9506.91.00;;true;;;;;;;;;;;;;;false;Sporting Goods > Exercise & Fitness;
6a57db9fcbeb4107550b2a40;Caneleira 5kg (Par);CAN-05-KG;Acessórios;;par;5;https://haxfit.com.br/wp-content/uploads/2025/05/foto12.jpg;9506.91.00;;true;;;;;;;;;;;;;;false;Sporting Goods > Exercise & Fitness;
6a57db9fcbeb4107550b2a41;Caneleira 6kg (Par);CAN-06-KG;Acessórios;;par;6;https://haxfit.com.br/wp-content/uploads/2025/05/foto12.jpg;9506.91.00;;true;;;;;;;;;;;;;;false;Sporting Goods > Exercise & Fitness;
6a57db9fcbeb4107550b2a42;Caneleira 7kg (Par);CAN-07-KG;Acessórios;;par;7;https://haxfit.com.br/wp-content/uploads/2025/05/foto12.jpg;9506.91.00;;true;;;;;;;;;;;;;;false;Sporting Goods > Exercise & Fitness;
6a57db9fcbeb4107550b2a43;Caneleira 8kg (Par);CAN-08-KG;Acessórios;;par;8;https://haxfit.com.br/wp-content/uploads/2025/05/foto12.jpg;9506.91.00;;true;;;;;;;;;;;;;;false;Sporting Goods > Exercise & Fitness;
6a57db9fcbeb4107550b2a44;Caneleira 9kg (Par);CAN-09-KG;Acessórios;;par;9;https://haxfit.com.br/wp-content/uploads/2025/05/foto12.jpg;9506.91.00;;true;;;;;;;;;;;;;;false;Sporting Goods > Exercise & Fitness;
6a57db9fcbeb4107550b2a45;Caneleira 10kg (Par);CAN-10-KG;Acessórios;;par;10;https://haxfit.com.br/wp-content/uploads/2025/05/foto12.jpg;9506.91.00;;true;;;;;;;;;;;;;;false;Sporting Goods > Exercise & Fitness;
6a57db9fcbeb4107550b2a46;Caneleira 11kg (Par);CAN-11-KG;Acessórios;;par;11;https://haxfit.com.br/wp-content/uploads/2025/05/foto12.jpg;9506.91.00;;true;;;;;;;;;;;;;;false;Sporting Goods > Exercise & Fitness;
6a57db9fcbeb4107550b2a47;Caneleira 12kg (Par);CAN-12-KG;Acessórios;;par;12;https://haxfit.com.br/wp-content/uploads/2025/05/foto12.jpg;9506.91.00;;true;;;;;;;;;;;;;;false;Sporting Goods > Exercise & Fitness;
6a57db9fcbeb4107550b2a48;Caneleira 13kg (Par);CAN-13-KG;Acessórios;;par;13;https://haxfit.com.br/wp-content/uploads/2025/05/foto12.jpg;9506.91.00;;true;;;;;;;;;;;;;;false;Sporting Goods > Exercise & Fitness;
6a57db9fcbeb4107550b2a49;Caneleira 14kg (Par);CAN-14-KG;Acessórios;;par;14;https://haxfit.com.br/wp-content/uploads/2025/05/foto12.jpg;9506.91.00;;true;;;;;;;;;;;;;;false;Sporting Goods > Exercise & Fitness;
6a57db9fcbeb4107550b2a4a;Caneleira 15kg (Par);CAN-15-KG;Acessórios;;par;15;https://haxfit.com.br/wp-content/uploads/2025/05/foto12.jpg;9506.91.00;;true;;;;;;;;;;;;;;false;Sporting Goods > Exercise & Fitness;
6a57db9fcbeb4107550b2a4b;Caneleira 16kg (Par);CAN-16-KG;Acessórios;;par;16;https://haxfit.com.br/wp-content/uploads/2025/05/foto12.jpg;9506.91.00;;true;;;;;;;;;;;;;;false;Sporting Goods > Exercise & Fitness;
6a57db9fcbeb4107550b2a4c;Caneleira 17kg (Par);CAN-17-KG;Acessórios;;par;17;https://haxfit.com.br/wp-content/uploads/2025/05/foto12.jpg;9506.91.00;;true;;;;;;;;;;;;;;false;Sporting Goods > Exercise & Fitness;
6a57db9fcbeb4107550b2a4d;Caneleira 18kg (Par);CAN-18-KG;Acessórios;;par;18;https://haxfit.com.br/wp-content/uploads/2025/05/foto12.jpg;9506.91.00;;true;;;;;;;;;;;;;;false;Sporting Goods > Exercise & Fitness;
6a57db9fcbeb4107550b2a4e;Caneleira 19kg (Par);CAN-19-KG;Acessórios;;par;19;https://haxfit.com.br/wp-content/uploads/2025/05/foto12.jpg;9506.91.00;;true;;;;;;;;;;;;;;false;Sporting Goods > Exercise & Fitness;
6a57db9fcbeb4107550b2a4f;Caneleira 20kg (Par);CAN-20-KG;Acessórios;;par;20;https://haxfit.com.br/wp-content/uploads/2025/05/foto12.jpg;9506.91.00;;true;;;;;;;;;;;;;;false;Sporting Goods > Exercise & Fitness;
6a57db9fcbeb4107550b2a50;Colchonete Comum 90x50x3 D20;COL-COM-90X;Colchonetes;;peça;;https://haxfit.com.br/wp-content/uploads/2025/05/Design-sem-nome-14.jpg;9506.91.00;;true;;;;;;;;;;;;;;false;499803;
6a57db9fcbeb4107550b2a51;Colchonete Bagum 90x50x2,5 D80;COL-BAG-90X;Colchonetes;;peça;;https://haxfit.com.br/wp-content/uploads/2025/05/Design-sem-nome-14.jpg;9506.91.00;;true;;;;;;;;;;;;;;false;499803;
6a57db9fcbeb4107550b2a52;Colchonete Bagum & Cia 100x60x2,5 D80;COL-BAG-CIA;Colchonetes;;peça;;https://haxfit.com.br/wp-content/uploads/2025/05/Design-sem-nome-14.jpg;9506.91.00;;true;;;;;;;;;;;;;;false;499803;
6a57db9fcbeb4107550b2a53;Colchonete Smart 100x60x2,5 D80;COL-100-D80;Colchonetes;;peça;;https://haxfit.com.br/wp-content/uploads/2025/05/Design-sem-nome-14.jpg;9506.91.00;;true;;;;;;;;;;;;;;false;499803;
6a57db9fcbeb4107550b2a54;Puxador Tira de Perna;PUX-TIR-DE;Puxadores;;peça;;;9506.91.00;;true;;;;;;;;;;;;;;false;3217;
6a57db9fcbeb4107550b2a55;Protetor de Barra;PRO-DE-BAR;Barras;;peça;;https://metalformaadm.webtrafego.com.br/acesso/imagens/1702934771-protetor_de_barra.jpg;9506.91.00;;true;;;;;;;;;;;;;;false;Sporting Goods > Exercise & Fitness;
6a7a5778c55f947381e6c2a8;Clubbell Pintado Preto 4kg;CLB-PIN-4;Outros;Clubbell;peça;4;https://haxfit.com.br/wp-content/uploads/2025/05/clubbell_12_kg_pintado_2093_2_20200709130507.webp;9506.91.00;;true;;;Pintado;;;;;;;;;;;false;3164;
6a7a5778c55f947381e6c2a9;Clubbell Pintado Preto 6kg;CLB-PIN-6;Outros;Clubbell;peça;6;https://haxfit.com.br/wp-content/uploads/2025/05/clubbell_12_kg_pintado_2093_2_20200709130507.webp;9506.91.00;;true;;;Pintado;;;;;;;;;;;false;3164;
6a7a5778c55f947381e6c2aa;Clubbell Pintado Preto 8kg;CLB-PIN-8;Outros;Clubbell;peça;8;https://haxfit.com.br/wp-content/uploads/2025/05/clubbell_12_kg_pintado_2093_2_20200709130507.webp;9506.91.00;;true;;;Pintado;;;;;;;;;;;false;3164;
6a7a5778c55f947381e6c2ab;Clubbell Pintado Preto 10kg;CLB-PIN-10;Outros;Clubbell;peça;10;https://haxfit.com.br/wp-content/uploads/2025/05/clubbell_12_kg_pintado_2093_2_20200709130507.webp;9506.91.00;;true;;;Pintado;;;;;;;;;;;false;3164;
6a7a5778c55f947381e6c2ac;Clubbell Pintado Preto 12kg;CLB-PIN-12;Outros;Clubbell;peça;12;https://haxfit.com.br/wp-content/uploads/2025/05/clubbell_12_kg_pintado_2093_2_20200709130507.webp;9506.91.00;;true;;;Pintado;;;;;;;;;;;false;3164;
6a7a5778c55f947381e6c2ad;Clubbell Pegada Pintada Corpo Emborrachado 4kg;CLB-EMB-4;Outros;Clubbell;peça;4;https://haxfit.com.br/wp-content/uploads/2025/05/Design-sem-nome-4.jpg;9506.91.00;;true;;;Emborrachado Pegada Pintada;;;;;;;;;;;false;3164;
6a7a5778c55f947381e6c2ae;Clubbell Pegada Pintada Corpo Emborrachado 6kg;CLB-EMB-6;Outros;Clubbell;peça;6;https://haxfit.com.br/wp-content/uploads/2025/05/Design-sem-nome-4.jpg;9506.91.00;;true;;;Emborrachado Pegada Pintada;;;;;;;;;;;false;3164;
6a7a5778c55f947381e6c2af;Clubbell Pegada Pintada Corpo Emborrachado 8kg;CLB-EMB-8;Outros;Clubbell;peça;8;https://haxfit.com.br/wp-content/uploads/2025/05/Design-sem-nome-4.jpg;9506.91.00;;true;;;Emborrachado Pegada Pintada;;;;;;;;;;;false;3164;
6a7a5778c55f947381e6c2b0;Clubbell Pegada Pintada Corpo Emborrachado 10kg;CLB-EMB-10;Outros;Clubbell;peça;10;https://haxfit.com.br/wp-content/uploads/2025/05/Design-sem-nome-4.jpg;9506.91.00;;true;;;Emborrachado Pegada Pintada;;;;;;;;;;;false;3164;
6a7a5778c55f947381e6c2b1;Clubbell Pegada Pintada Corpo Emborrachado 12kg;CLB-EMB-12;Outros;Clubbell;peça;12;https://haxfit.com.br/wp-content/uploads/2025/05/Design-sem-nome-4.jpg;9506.91.00;;true;;;Emborrachado Pegada Pintada;;;;;;;;;;;false;3164;
6a7a6ab6464e9cd3f919712c;Barra Montada Monobloco Injetado Pegada Pintada 6kg;BAR-MON-INJ-06;Barras;Barra Montada Monobloco;peça;6;;9506.91.00;;true;;Padrão;Injetado;Pintada;;;;;;;;;;false;3271;
6a7a6ab6464e9cd3f919712d;Barra Montada Monobloco Injetado Pegada Pintada 8kg;BAR-MON-INJ-08;Barras;Barra Montada Monobloco;peça;8;;9506.91.00;;true;;Padrão;Injetado;Pintada;;;;;;;;;;false;3271;
6a7a6ab6464e9cd3f919712e;Barra Montada Monobloco Injetado Pegada Pintada 10kg;BAR-MON-INJ-10;Barras;Barra Montada Monobloco;peça;10;;9506.91.00;;true;;Padrão;Injetado;Pintada;;;;;;;;;;false;3271;
6a7a6ab6464e9cd3f919712f;Barra Montada Monobloco Injetado Pegada Pintada 12kg;BAR-MON-INJ-12;Barras;Barra Montada Monobloco;peça;12;;9506.91.00;;true;;Padrão;Injetado;Pintada;;;;;;;;;;false;3271;
6a7a6ab6464e9cd3f9197130;Barra Montada Monobloco Injetado Pegada Pintada 14kg;BAR-MON-INJ-14;Barras;Barra Montada Monobloco;peça;14;;9506.91.00;;true;;Padrão;Injetado;Pintada;;;;;;;;;;false;3271;
6a7a6ab6464e9cd3f9197131;Barra Montada Monobloco Injetado Pegada Pintada 16kg;BAR-MON-INJ-16;Barras;Barra Montada Monobloco;peça;16;;9506.91.00;;true;;Padrão;Injetado;Pintada;;;;;;;;;;false;3271;
6a7a6ab6464e9cd3f9197132;Barra Montada Monobloco Injetado Pegada Pintada 18kg;BAR-MON-INJ-18;Barras;Barra Montada Monobloco;peça;18;;9506.91.00;;true;;Padrão;Injetado;Pintada;;;;;;;;;;false;3271;
6a7a6ab6464e9cd3f9197133;Barra Montada Monobloco Injetado Pegada Pintada 20kg;BAR-MON-INJ-20;Barras;Barra Montada Monobloco;peça;20;;9506.91.00;;true;;Padrão;Injetado;Pintada;;;;;;;;;;false;3271;
6a7a6ab6464e9cd3f9197134;Barra Montada Monobloco Injetado Pegada Pintada 22kg;BAR-MON-INJ-22;Barras;Barra Montada Monobloco;peça;22;;9506.91.00;;true;;Padrão;Injetado;Pintada;;;;;;;;;;false;3271;
6a7a6ab6464e9cd3f9197135;Barra Montada Monobloco Injetado Pegada Pintada 24kg;BAR-MON-INJ-24;Barras;Barra Montada Monobloco;peça;24;;9506.91.00;;true;;Padrão;Injetado;Pintada;;;;;;;;;;false;3271;
6a7a6ab6464e9cd3f9197136;Barra Montada Monobloco Injetado Pegada Pintada 26kg;BAR-MON-INJ-26;Barras;Barra Montada Monobloco;peça;26;;9506.91.00;;true;;Padrão;Injetado;Pintada;;;;;;;;;;false;3271;
6a7a6ab6464e9cd3f9197137;Barra Montada Monobloco Injetado Pegada Pintada 28kg;BAR-MON-INJ-28;Barras;Barra Montada Monobloco;peça;28;;9506.91.00;;true;;Padrão;Injetado;Pintada;;;;;;;;;;false;3271;
6a7a6ab6464e9cd3f9197138;Barra Montada Monobloco Injetado Pegada Pintada 30kg;BAR-MON-INJ-30;Barras;Barra Montada Monobloco;peça;30;;9506.91.00;;true;;Padrão;Injetado;Pintada;;;;;;;;;;false;3271;
6a7a6ab6464e9cd3f9197139;Barra Montada Monobloco Pintado Pegada Pintada 6kg;BAR-MON-PIN-06;Barras;Barra Montada Monobloco;peça;6;;9506.91.00;;true;;Padrão;Pintado;Pintada;;;;;;;;;;false;3271;
6a7a6ab6464e9cd3f919713a;Barra Montada Monobloco Pintado Pegada Pintada 8kg;BAR-MON-PIN-08;Barras;Barra Montada Monobloco;peça;8;;9506.91.00;;true;;Padrão;Pintado;Pintada;;;;;;;;;;false;3271;
6a7a6ab6464e9cd3f919713b;Barra Montada Monobloco Pintado Pegada Pintada 10kg;BAR-MON-PIN-10;Barras;Barra Montada Monobloco;peça;10;;9506.91.00;;true;;Padrão;Pintado;Pintada;;;;;;;;;;false;3271;
6a7a6ab6464e9cd3f919713c;Barra Montada Monobloco Pintado Pegada Pintada 12kg;BAR-MON-PIN-12;Barras;Barra Montada Monobloco;peça;12;;9506.91.00;;true;;Padrão;Pintado;Pintada;;;;;;;;;;false;3271;
6a7a6ab6464e9cd3f919713d;Barra Montada Monobloco Pintado Pegada Pintada 14kg;BAR-MON-PIN-14;Barras;Barra Montada Monobloco;peça;14;;9506.91.00;;true;;Padrão;Pintado;Pintada;;;;;;;;;;false;3271;
6a7a6ab6464e9cd3f919713e;Barra Montada Monobloco Pintado Pegada Pintada 16kg;BAR-MON-PIN-16;Barras;Barra Montada Monobloco;peça;16;;9506.91.00;;true;;Padrão;Pintado;Pintada;;;;;;;;;;false;3271;
6a7a6ab6464e9cd3f919713f;Barra Montada Monobloco Pintado Pegada Pintada 18kg;BAR-MON-PIN-18;Barras;Barra Montada Monobloco;peça;18;;9506.91.00;;true;;Padrão;Pintado;Pintada;;;;;;;;;;false;3271;
6a7a6ab6464e9cd3f9197140;Barra Montada Monobloco Pintado Pegada Pintada 20kg;BAR-MON-PIN-20;Barras;Barra Montada Monobloco;peça;20;;9506.91.00;;true;;Padrão;Pintado;Pintada;;;;;;;;;;false;3271;
6a7a6ab6464e9cd3f9197141;Barra Montada Monobloco Pintado Pegada Pintada 22kg;BAR-MON-PIN-22;Barras;Barra Montada Monobloco;peça;22;;9506.91.00;;true;;Padrão;Pintado;Pintada;;;;;;;;;;false;3271;
6a7a6ab6464e9cd3f9197142;Barra Montada Monobloco Pintado Pegada Pintada 24kg;BAR-MON-PIN-24;Barras;Barra Montada Monobloco;peça;24;;9506.91.00;;true;;Padrão;Pintado;Pintada;;;;;;;;;;false;3271;
6a7a6ab6464e9cd3f9197143;Barra Montada Monobloco Pintado Pegada Pintada 26kg;BAR-MON-PIN-26;Barras;Barra Montada Monobloco;peça;26;;9506.91.00;;true;;Padrão;Pintado;Pintada;;;;;;;;;;false;3271;
6a7a6ab6464e9cd3f9197144;Barra Montada Monobloco Pintado Pegada Pintada 28kg;BAR-MON-PIN-28;Barras;Barra Montada Monobloco;peça;28;;9506.91.00;;true;;Padrão;Pintado;Pintada;;;;;;;;;;false;3271;
6a7a6ab6464e9cd3f9197145;Barra Montada Monobloco Pintado Pegada Pintada 30kg;BAR-MON-PIN-30;Barras;Barra Montada Monobloco;peça;30;;9506.91.00;;true;;Padrão;Pintado;Pintada;;;;;;;;;;false;3271;
6a7a6ab6464e9cd3f9197146;Barra Montada Monobloco Emborrachado Pegada Pintada 6kg;BAR-MON-EMB-06;Barras;Barra Montada Monobloco;peça;6;;9506.91.00;;true;;Padrão;Emborrachado;Pintada;;;;;;;;;;false;3271;
6a7a6ab6464e9cd3f9197147;Barra Montada Monobloco Emborrachado Pegada Pintada 8kg;BAR-MON-EMB-08;Barras;Barra Montada Monobloco;peça;8;;9506.91.00;;true;;Padrão;Emborrachado;Pintada;;;;;;;;;;false;3271;
6a7a6ab6464e9cd3f9197148;Barra Montada Monobloco Emborrachado Pegada Pintada 10kg;BAR-MON-EMB-10;Barras;Barra Montada Monobloco;peça;10;;9506.91.00;;true;;Padrão;Emborrachado;Pintada;;;;;;;;;;false;3271;
6a7a6ab6464e9cd3f9197149;Barra Montada Monobloco Emborrachado Pegada Pintada 12kg;BAR-MON-EMB-12;Barras;Barra Montada Monobloco;peça;12;;9506.91.00;;true;;Padrão;Emborrachado;Pintada;;;;;;;;;;false;3271;
6a7a6ab6464e9cd3f919714a;Barra Montada Monobloco Emborrachado Pegada Pintada 14kg;BAR-MON-EMB-14;Barras;Barra Montada Monobloco;peça;14;;9506.91.00;;true;;Padrão;Emborrachado;Pintada;;;;;;;;;;false;3271;
6a7a6ab6464e9cd3f919714b;Barra Montada Monobloco Emborrachado Pegada Pintada 16kg;BAR-MON-EMB-16;Barras;Barra Montada Monobloco;peça;16;;9506.91.00;;true;;Padrão;Emborrachado;Pintada;;;;;;;;;;false;3271;
6a7a6ab6464e9cd3f919714c;Barra Montada Monobloco Emborrachado Pegada Pintada 18kg;BAR-MON-EMB-18;Barras;Barra Montada Monobloco;peça;18;;9506.91.00;;true;;Padrão;Emborrachado;Pintada;;;;;;;;;;false;3271;
6a7a6ab6464e9cd3f919714d;Barra Montada Monobloco Emborrachado Pegada Pintada 20kg;BAR-MON-EMB-20;Barras;Barra Montada Monobloco;peça;20;;9506.91.00;;true;;Padrão;Emborrachado;Pintada;;;;;;;;;;false;3271;
6a7a6ab6464e9cd3f919714e;Barra Montada Monobloco Emborrachado Pegada Pintada 22kg;BAR-MON-EMB-22;Barras;Barra Montada Monobloco;peça;22;;9506.91.00;;true;;Padrão;Emborrachado;Pintada;;;;;;;;;;false;3271;
6a7a6ab6464e9cd3f919714f;Barra Montada Monobloco Emborrachado Pegada Pintada 24kg;BAR-MON-EMB-24;Barras;Barra Montada Monobloco;peça;24;;9506.91.00;;true;;Padrão;Emborrachado;Pintada;;;;;;;;;;false;3271;
6a7a6ab6464e9cd3f9197150;Barra Montada Monobloco Emborrachado Pegada Pintada 26kg;BAR-MON-EMB-26;Barras;Barra Montada Monobloco;peça;26;;9506.91.00;;true;;Padrão;Emborrachado;Pintada;;;;;;;;;;false;3271;
6a7a6ab6464e9cd3f9197151;Barra Montada Monobloco Emborrachado Pegada Pintada 28kg;BAR-MON-EMB-28;Barras;Barra Montada Monobloco;peça;28;;9506.91.00;;true;;Padrão;Emborrachado;Pintada;;;;;;;;;;false;3271;
6a7a6ab6464e9cd3f9197152;Barra Montada Monobloco Emborrachado Pegada Pintada 30kg;BAR-MON-EMB-30;Barras;Barra Montada Monobloco;peça;30;;9506.91.00;;true;;Padrão;Emborrachado;Pintada;;;;;;;;;;false;3271;
6a7a780059bed08bfdc0021f;Jump Profissional 4kg;FUN-JUMP-PRO-04;Acessórios;Funcional;peça;4;https://base44.app/api/apps/68c9d5dd3cf0f8fd8a834875/files/mp/public/68c9d5dd3cf0f8fd8a834875/c87eb6e97_WhatsAppImage2026-08-20at195241.jpeg;9506.91.00;;false;;;;;;;;;;;;;;false;Sporting Goods > Exercise & Fitness;Jump profissional para treino funcional e aeróbico, 4kg.
6a7b12dc0628997484b815e6;Luvinha Emborrachada Nº 1 E Nº 2 2kg;ACE-N006;Acessórios;;peça;2;https://base44.app/api/apps/68c9d5dd3cf0f8fd8a834875/files/mp/public/68c9d5dd3cf0f8fd8a834875/14a07105a_unibras_LUVINHA_REVESTIDA.jpg;9506.91.00;;true;;;Emborrachado;;;;;;;;;;;false;Sporting Goods > Exercise & Fitness;Origem: Fundicao Unibras
6a7b12dc0628997484b815e7;Luvinha Emborrachada Nº 1 E Nº 2 1kg;ACE-N007;Acessórios;;peça;1;https://base44.app/api/apps/68c9d5dd3cf0f8fd8a834875/files/mp/public/68c9d5dd3cf0f8fd8a834875/14a07105a_unibras_LUVINHA_REVESTIDA.jpg;9506.91.00;;true;;;Emborrachado;;;;;;;;;;;false;Sporting Goods > Exercise & Fitness;Origem: Fundicao Unibras
6a7b12dc0628997484b815e8;Luvinha Pintada Nº 1 E Nº 2 (Preto / Azul ) 2kg;ACE-N008;Acessórios;;peça;2;https://base44.app/api/apps/68c9d5dd3cf0f8fd8a834875/files/mp/public/68c9d5dd3cf0f8fd8a834875/cc53a10b7_unibras_LUVINHA_PINTADA.jpg;9506.91.00;;true;;;Pintado;;;;;;;;;;;false;Sporting Goods > Exercise & Fitness;Origem: Fundicao Unibras
6a7b12dc0628997484b815e9;Luvinha Pintada Nº 1 E Nº 2 (Preto / Azul ) 1kg;ACE-N009;Acessórios;;peça;1;https://base44.app/api/apps/68c9d5dd3cf0f8fd8a834875/files/mp/public/68c9d5dd3cf0f8fd8a834875/cc53a10b7_unibras_LUVINHA_PINTADA.jpg;9506.91.00;;true;;;Pintado;;;;;;;;;;;false;Sporting Goods > Exercise & Fitness;Origem: Fundicao Unibras
6a7b12dc0628997484b815ea;Bola Arremesso Pintada - Preto 6kg;ACE-N010;Acessórios;Bola;peça;6;https://base44.app/api/apps/68c9d5dd3cf0f8fd8a834875/files/mp/public/68c9d5dd3cf0f8fd8a834875/e67c1a96e_unibras_BOLA-DE-ARREMESSO_.jpg;9506.91.00;;true;;;Pintado;;;;;;;;;;;false;Sporting Goods > Exercise & Fitness;Origem: Fundicao Unibras
6a7b12dc0628997484b815eb;Bola Arremesso Pintada - Preto 4kg;ACE-N011;Acessórios;Bola;peça;4;https://base44.app/api/apps/68c9d5dd3cf0f8fd8a834875/files/mp/public/68c9d5dd3cf0f8fd8a834875/e67c1a96e_unibras_BOLA-DE-ARREMESSO_.jpg;9506.91.00;;true;;;Pintado;;;;;;;;;;;false;Sporting Goods > Exercise & Fitness;Origem: Fundicao Unibras
6a7b12dc0628997484b815ec;Abmat;ACE-N012;Acessórios;;peça;;;9506.91.00;;true;;;;;;;;;;;;;;false;Sporting Goods > Exercise & Fitness;Origem: Furious Equipment
6a7b12dc0628997484b815ed;Almofada / Amortecimento LPO;ACE-N013;Acessórios;;peça;;https://metalformaadm.webtrafego.com.br/acesso/imagens/1700858836-146937almofada_de_amortecimento_lpo.jpg;9506.91.00;;true;;;;;;;;;;;;;;false;Sporting Goods > Exercise & Fitness;Origem: Furious Equipment
6a7b12dc0628997484b815ee;Anaconda (Worm) Com 3 Bags De 36Kgs Cada;ACE-N014;Acessórios;;peça;36;;9506.91.00;;true;;;;;;;;;;;;;;false;Sporting Goods > Exercise & Fitness;Origem: Furious Equipment
6a7b12dc0628997484b815ef;Capa Para Anaconda;ACE-N015;Acessórios;;peça;;;9506.91.00;;true;;;;;;;;;;;;;;false;Sporting Goods > Exercise & Fitness;Origem: Furious Equipment
6a7b12dc0628997484b815f0;Corda De Salto - Speed Rope Sr 2.1 - Preta;ACE-N016;Acessórios;;peça;;;9506.91.00;;true;;;;;;;;;;;;;;false;Sporting Goods > Exercise & Fitness;Origem: Furious Equipment
6a7b12dc0628997484b815f1;Corda Sisal Com Acabamento Nas Pontas 3Mts 38Mm;ACE-N017;Acessórios;;peça;;;9506.91.00;;true;;;;;;;;;;;;;;false;Sporting Goods > Exercise & Fitness;Origem: Furious Equipment
6a7b12dc0628997484b815f2;Corda Sisal Com Acabamento Nas Pontas 6Mts 38Mm;ACE-N018;Acessórios;;peça;;;9506.91.00;;true;;;;;;;;;;;;;;false;Sporting Goods > Exercise & Fitness;Origem: Furious Equipment
6a7b12dc0628997484b815f3;Corda Sisal Com Acabamento Nas Pontas 50Mm;ACE-N019;Acessórios;;peça;;;9506.91.00;;true;;;;;;;;;;;;;;false;Sporting Goods > Exercise & Fitness;Origem: Furious Equipment
6a7b12dc0628997484b815f4;Corda Naval Nylon 38Mm;ACE-N020;Acessórios;;peça;;;9506.91.00;;true;;;;;;;;;;;;;;false;Sporting Goods > Exercise & Fitness;Origem: Furious Equipment
6a7b12dc0628997484b815f5;Capa Para Corda Sisal Ou Nylon 38 Ou 50Mm Ø;ACE-N021;Acessórios;;peça;;;9506.91.00;;true;;;;;;;;;;;;;;false;Sporting Goods > Exercise & Fitness;Origem: Furious Equipment
6a7b12dc0628997484b815f7;Banco Supino Reto 1,10 X 0,35 X 0,40;ACE-N023;Acessórios;;peça;;;9506.91.00;;true;;;;;;;;;;;;;;false;Sporting Goods > Exercise & Fitness;Origem: Furious Equipment
6a7b12dc0628997484b815f8;Banco Supino Regulável;ACE-N024;Acessórios;;peça;;;9506.91.00;;true;;;;;;;;;;;;;;false;Sporting Goods > Exercise & Fitness;Origem: Furious Equipment
6a7b12dc0628997484b815f9;Colete De Peso 5Kg;ACE-N025;Acessórios;;peça;5;;9506.91.00;;true;;;;;;;;;;;;;;false;Sporting Goods > Exercise & Fitness;Origem: Furious Equipment
6a7b12dc0628997484b815fa;Colete De Peso 10Kg;ACE-N026;Acessórios;;peça;10;;9506.91.00;;true;;;;;;;;;;;;;;false;Sporting Goods > Exercise & Fitness;Origem: Furious Equipment
6a7b12dc0628997484b815fb;Box Jump 75 X 50 X 60;ACE-N027;Acessórios;;peça;;;9506.91.00;;true;;;;;;;;;;;;;;false;Sporting Goods > Exercise & Fitness;Origem: Furious Equipment
6a7b12dc0628997484b815fc;Box Jump 60 X 35 X 25;ACE-N028;Acessórios;;peça;;;9506.91.00;;true;;;;;;;;;;;;;;false;Sporting Goods > Exercise & Fitness;Origem: Furious Equipment
6a7b12dc0628997484b815fd;Box Jump 45 X 40 X 35;ACE-N029;Acessórios;;peça;;;9506.91.00;;true;;;;;;;;;;;;;;false;Sporting Goods > Exercise & Fitness;Origem: Furious Equipment
6a7b12dc0628997484b815fe;Mini Jump Profissional;ACE-N030;Acessórios;;peça;4;;9506.91.00;;true;;;;;;;;;;;;;;false;Sporting Goods > Exercise & Fitness;Mini Jump Profissional - Cama elástica para exercícios fitness
6a7b12dc0628997484b815ff;Step EVA 60X28X10Cm;ACE-N031;Acessórios;;peça;;https://haxfit.com.br/wp-content/uploads/2026/03/step-menor-1.jpg;9506.91.00;;true;;;;;;;;;;;;;;false;Sporting Goods > Exercise & Fitness;Origem: Furious Equipment
6a7b12dc0628997484b81600;Step EVA 80X28X10Cm;ACE-N032;Acessórios;;peça;;https://haxfit.com.br/wp-content/uploads/2026/03/step-menor-1.jpg;9506.91.00;;true;;;;;;;;;;;;;;false;Sporting Goods > Exercise & Fitness;Origem: Furious Equipment
6a7b12dc0628997484b81601;Step EVA 90X28X10Cm;ACE-N033;Acessórios;;peça;;https://haxfit.com.br/wp-content/uploads/2026/03/step-menor-1.jpg;9506.91.00;;true;;;;;;;;;;;;;;false;Sporting Goods > Exercise & Fitness;Origem: Furious Equipment
6a7b12dc0628997484b81602;Step EVA 90X28X14Cm;ACE-N034;Acessórios;;peça;;https://haxfit.com.br/wp-content/uploads/2026/03/step-menor-1.jpg;9506.91.00;;true;;;;;;;;;;;;;;false;Sporting Goods > Exercise & Fitness;Origem: Furious Equipment
6a7b12dc0628997484b81603;Anilha Madeira Crossfit Diametro 45Cm;ACE-N058;Acessórios;;peça;;;9506.91.00;;true;;;;;;;;;;;;;;false;Sporting Goods > Exercise & Fitness;Origem: Furious Equipment
6a7b12dc0628997484b81604;Bola Suiça Ø 55 cm;ACE-N059;Acessórios;Bola;peça;;;9506.91.00;;true;;;;;;;;;;;;;;false;Sporting Goods > Exercise & Fitness;Origem: Furious Equipment
6a7b12dc0628997484b81605;Bola Suiça Ø 75 cm;ACE-N060;Acessórios;Bola;peça;;;9506.91.00;;true;;;;;;;;;;;;;;false;Sporting Goods > Exercise & Fitness;Origem: Furious Equipment
6a7b12dc0628997484b81606;Escada De Agilidade Nylon 10 Degraus;ACE-N061;Acessórios;;peça;;;9506.91.00;;true;;;;;;;;;;;;;;false;Sporting Goods > Exercise & Fitness;Origem: Furious Equipment
6a7b12dc0628997484b81607;Escada De Agilidade PVC 06 Degraus;ACE-N062;Acessórios;;peça;;;9506.91.00;;true;;;;;;;;;;;;;;false;Sporting Goods > Exercise & Fitness;Origem: Furious Equipment
6a7b12dc0628997484b81608;Escada De Agilidade PVC 08 Degraus;ACE-N063;Acessórios;;peça;;;9506.91.00;;true;;;;;;;;;;;;;;false;Sporting Goods > Exercise & Fitness;Origem: Furious Equipment
6a7b12dc0628997484b81609;Escada De Agilidade PVC 10 Degraus;ACE-N064;Acessórios;;peça;;;9506.91.00;;true;;;;;;;;;;;;;;false;Sporting Goods > Exercise & Fitness;Origem: Furious Equipment
6a7b12dc0628997484b8160a;Cone 24Cm Furado;ACE-N065;Acessórios;;peça;;;9506.91.00;;true;;;;;;;;;;;;;;false;Sporting Goods > Exercise & Fitness;Origem: Furious Equipment
6a7b12dc0628997484b8160b;Cone 24Cm Rígido;ACE-N066;Acessórios;;peça;;;9506.91.00;;true;;;;;;;;;;;;;;false;Sporting Goods > Exercise & Fitness;Origem: Furious Equipment
6a7b12dc0628997484b8160c;Cone 24Cm Flexível;ACE-N067;Acessórios;;peça;;;9506.91.00;;true;;;;;;;;;;;;;;false;Sporting Goods > Exercise & Fitness;Origem: Furious Equipment
6a7b12dc0628997484b8160d;Prato Demarcatório;ACE-N068;Acessórios;;peça;;;9506.91.00;;true;;;;;;;;;;;;;;false;Sporting Goods > Exercise & Fitness;Origem: Furious Equipment
6a7b12dc0628997484b8160e;Cone 50Cm Rígido;ACE-N069;Acessórios;;peça;;;9506.91.00;;true;;;;;;;;;;;;;;false;Sporting Goods > Exercise & Fitness;Origem: Furious Equipment
6a7b12dc0628997484b8160f;Cone 50Cm Furado;ACE-N070;Acessórios;;peça;;;9506.91.00;;true;;;;;;;;;;;;;;false;Sporting Goods > Exercise & Fitness;Origem: Furious Equipment
6a7b12dc0628997484b81610;Estaca Agilidade 1,60Mt Altura;ACE-N071;Acessórios;;peça;;;9506.91.00;;true;;;;;;;;;;;;;;false;Sporting Goods > Exercise & Fitness;Origem: Furious Equipment
6a7b12dc0628997484b81611;Mini Rolo De Massagem;ACE-N072;Acessórios;;peça;;;9506.91.00;;true;;;;;;;;;;;;;;false;Sporting Goods > Exercise & Fitness;Origem: Furious Equipment
6a7b12dc0628997484b81612;Rolo De Massagem;ACE-N073;Acessórios;;peça;;;9506.91.00;;true;;;;;;;;;;;;;;false;Sporting Goods > Exercise & Fitness;Origem: Furious Equipment
6a7b12dc0628997484b81613;Roda Abdominal Dupla;ACE-N074;Acessórios;;peça;;;9506.91.00;;true;;;;;;;;;;;;;;false;Sporting Goods > Exercise & Fitness;Origem: Furious Equipment
6a7b12dc0628997484b81614;Disco De Deslizamento;ACE-N075;Acessórios;;peça;;;9506.91.00;;true;;;;;;;;;;;;;;false;Sporting Goods > Exercise & Fitness;Origem: Furious Equipment
6a7b12dc0628997484b81615;Escada De Agilidade Dupla 20 Degraus 4,5Mt (10 De Cada Lado);ACE-N076;Acessórios;;peça;;;9506.91.00;;true;;;;;;;;;;;;;;false;Sporting Goods > Exercise & Fitness;Origem: Furious Equipment
6a7b12dc0628997484b81616;Air Bike – Tp920;ACE-N077;Acessórios;;peça;;;9506.91.00;;true;;;;;;;;;;;;;;false;Sporting Goods > Exercise & Fitness;Origem: Furious Equipment
6a7b12dc0628997484b81617;Air Remo – Bf810;ACE-N078;Acessórios;;peça;;;9506.91.00;;true;;;;;;;;;;;;;;false;Sporting Goods > Exercise & Fitness;Origem: Furious Equipment
6a7b12dc0628997484b81618;Ghd - Base Fixa No Solo 99,5X148,5Cm;ACE-N079;Acessórios;;peça;;;9506.91.00;;true;;;;;;;;;;;;;;false;Sporting Goods > Exercise & Fitness;Origem: Furious Equipment
6a7b12dc0628997484b81619;Fat Bar;ACE-N081;Acessórios;;peça;;;9506.91.00;;true;;;;;;;;;;;;;;false;Sporting Goods > Exercise & Fitness;Origem: Furious Equipment
6a7b12dc0628997484b8161a;Grama Verde 12Mm;ACE-N082;Acessórios;;peça;;;9506.91.00;;true;;;;;;;;;;;;;;false;Sporting Goods > Exercise & Fitness;Origem: Furious Equipment
6a7b12dc0628997484b8161b;Grama Verde 15Mm;ACE-N083;Acessórios;;peça;;;9506.91.00;;true;;;;;;;;;;;;;;false;Sporting Goods > Exercise & Fitness;Origem: Furious Equipment
6a7b12dc0628997484b8161c;Grama Verde 20Mm;ACE-N084;Acessórios;;peça;;;9506.91.00;;true;;;;;;;;;;;;;;false;Sporting Goods > Exercise & Fitness;Origem: Furious Equipment
6a7b12dc0628997484b8161d;Pilar 50X50X2,75Mt;ACE-N085;Acessórios;;peça;;;9506.91.00;;true;;;;;;;;;;;;;;false;Sporting Goods > Exercise & Fitness;Origem: Furious Equipment
6a7b12dc0628997484b8161e;Pilar 80X80X2,75Mt;ACE-N086;Acessórios;;peça;;;9506.91.00;;true;;;;;;;;;;;;;;false;Sporting Goods > Exercise & Fitness;Origem: Furious Equipment
6a7b12dc0628997484b8161f;Pilar 80X80X2,30Mt;ACE-N087;Acessórios;;peça;;;9506.91.00;;true;;;;;;;;;;;;;;false;Sporting Goods > Exercise & Fitness;Origem: Furious Equipment
6a7b12dc0628997484b81620;Power Bag 25 kg;ACE-N092;Acessórios;;peça;25;https://metalformaadm.webtrafego.com.br/acesso/imagens/1705942861-power_bag.jpg;9506.91.00;;true;;;;;;;;;;;;;;false;Sporting Goods > Exercise & Fitness;Origem: Furious Equipment
6a7b12dc0628997484b81621;Lock Press Mini 24 À 26 mm;ACE-N093;Acessórios;;peça;;;9506.91.00;;true;;;;;;;;;;;;;;false;Sporting Goods > Exercise & Fitness;Origem: Furious Equipment
6a7b12dc0628997484b81622;Tatame EVA 10Mm Preto 1X1 (Cores Consultar);ACE-N094;Acessórios;;peça;;;9506.91.00;;true;;;;;;;;;;;;;;false;Sporting Goods > Exercise & Fitness;Origem: Furious Equipment
6a7b12dc0628997484b81623;Tatame EVA 20Mm Preto 1X1 (Cores Consultar);ACE-N095;Acessórios;;peça;;;9506.91.00;;true;;;;;;;;;;;;;;false;Sporting Goods > Exercise & Fitness;Origem: Furious Equipment
6a7b12dc0628997484b81624;Tatame EVA 30Mm Preto 1X1 (Cores Consultar);ACE-N096;Acessórios;;peça;;;9506.91.00;;true;;;;;;;;;;;;;;false;Sporting Goods > Exercise & Fitness;Origem: Furious Equipment
6a7b12dc0628997484b81625;Tatame EVA 40Mm Preto 1X1 (Cores Consultar);ACE-N097;Acessórios;;peça;;;9506.91.00;;true;;;;;;;;;;;;;;false;Sporting Goods > Exercise & Fitness;Origem: Furious Equipment
6a7b12dc0628997484b81626;Peso De Mão Emborrachado 1 E 2 kg;ACE-N098;Acessórios;;peça;;;9506.91.00;;true;;;Emborrachado;;1-2;;;;;;;;;false;Sporting Goods > Exercise & Fitness;Origem: Salome e Prado
6a7b12dc0628997484b81627;Contra Peso Pintado - Martelo 12.8kg;ACE-N099;Acessórios;;peça;12.8;https://base44.app/api/apps/68c9d5dd3cf0f8fd8a834875/files/mp/public/68c9d5dd3cf0f8fd8a834875/f4749c131_3-contrapeso_martelo.jpg;9506.91.00;;true;;;Pintado;;;;;;;;;;;false;Sporting Goods > Exercise & Fitness;Origem: Salome e Prado
6a7b12dc0628997484b81628;Contra Peso Emborrachado - Martelo 13 kg;ACE-N100;Acessórios;;peça;13;https://base44.app/api/apps/68c9d5dd3cf0f8fd8a834875/files/mp/public/68c9d5dd3cf0f8fd8a834875/667540e21_8-contrapeso_martelo.jpg;9506.91.00;;true;;;Emborrachado;;;;;;;;;;;false;Sporting Goods > Exercise & Fitness;Origem: Salome e Prado
6a7b12dc0628997484b81629;Contra Peso Emborrachado - 3 kg;ACE-N101;Acessórios;;peça;3;https://base44.app/api/apps/68c9d5dd3cf0f8fd8a834875/files/mp/public/68c9d5dd3cf0f8fd8a834875/7a27e4814_7-contrapeso_queijinho.jpg;9506.91.00;;true;;;Emborrachado;;;;;;;;;;;false;Sporting Goods > Exercise & Fitness;Origem: Salome e Prado
6a7b12dc0628997484b8162a;Caneleira Capota Marítima - 5 kg;ACE-N102;Acessórios;;peça;5;https://base44.app/api/apps/68c9d5dd3cf0f8fd8a834875/files/mp/public/68c9d5dd3cf0f8fd8a834875/dd0c457f6_10-p23_350_w.jpg;9506.91.00;;true;;;;;;;;;;;;;;false;Sporting Goods > Exercise & Fitness;Origem: Salome e Prado
6a7b12dc0628997484b8162b;Jump Profissional;ACE-N109;Acessórios;;peça;;;9506.91.00;;true;;;;;;;;;;;;;;false;Sporting Goods > Exercise & Fitness;Origem: Minas Jump
6a7b12dc0628997484b8162c;Anilha Vazada Texturizada F41 - Preto 25kg;ANI-N001;Anilhas;Vazada;peça;25;;9506.91.00;;true;;Padrão;Texturizado;;;;;;;;;;;false;3164;Origem: Fundicao Unibras
6a7b12dc0628997484b8162d;Anilha Vazada Texturizada F41 - Preto 20kg;ANI-N002;Anilhas;Vazada;peça;20;;9506.91.00;;true;;Padrão;Texturizado;;;;;;;;;;;false;3164;Origem: Fundicao Unibras
6a7b12dc0628997484b8162e;Anilha Vazada Texturizada F41 - Preto 15kg;ANI-N003;Anilhas;Vazada;peça;15;;9506.91.00;;true;;Padrão;Texturizado;;;;;;;;;;;false;3164;Origem: Fundicao Unibras
6a7b12dc0628997484b8162f;Anilha Vazada Texturizada F41 - Preto 10kg;ANI-N004;Anilhas;Vazada;peça;10;;9506.91.00;;true;;Padrão;Texturizado;;;;;;;;;;;false;3164;Origem: Fundicao Unibras
6a7b12dc0628997484b81630;Anilha Vazada Texturizada F41 - Preto 5kg;ANI-N005;Anilhas;Vazada;peça;5;;9506.91.00;;true;;Padrão;Texturizado;;;;;;;;;;;false;3164;Origem: Fundicao Unibras
6a7b12dc0628997484b81631;Anilha Vazada Texturizada F41 - Preto 4kg;ANI-N006;Anilhas;Vazada;peça;4;;9506.91.00;;true;;Padrão;Texturizado;;;;;;;;;;;false;3164;Origem: Fundicao Unibras
6a7b134f920160ed9c20e824;Anilha Vazada Texturizada F41 - Preto 3kg;ANI-N007;Anilhas;Vazada;peça;3;;9506.91.00;;true;;Padrão;Texturizado;;;;;;;;;;;false;3164;Origem: Fundicao Unibras
6a7b134f920160ed9c20e825;Anilha Vazada Texturizada F41 - Preto 2kg;ANI-N008;Anilhas;Vazada;peça;2;;9506.91.00;;true;;Padrão;Texturizado;;;;;;;;;;;false;3164;Origem: Fundicao Unibras
6a7b134f920160ed9c20e826;Anilha Vazada Texturizada F41 - Preto 1kg;ANI-N009;Anilhas;Vazada;peça;1;;9506.91.00;;true;;Padrão;Texturizado;;;;;;;;;;;false;3164;Origem: Fundicao Unibras
6a7b134f920160ed9c20e827;Anilha Fracionada F51Mm (Preto) 2.5Kg;ANI-N010;Anilhas;Fracionada;peça;2.5;;9506.91.00;;true;;Padrão;;;;;;;;;;;;false;3164;Origem: Fundicao Unibras
6a7b134f920160ed9c20e828;Anilha Fracionada F51Mm (Preto) 2.25Kg;ANI-N011;Anilhas;Fracionada;peça;2.25;;9506.91.00;;true;;Padrão;;;;;;;;;;;;false;3164;Origem: Fundicao Unibras
6a7b134f920160ed9c20e829;Anilha Fracionada F51Mm (Preto) 2kg;ANI-N012;Anilhas;Fracionada;peça;2;;9506.91.00;;true;;Padrão;;;;;;;;;;;;false;3164;Origem: Fundicao Unibras
6a7b134f920160ed9c20e82a;Anilha Fracionada F51Mm (Preto) 1.25Kg;ANI-N013;Anilhas;Fracionada;peça;1.25;https://base44.app/api/apps/68c9d5dd3cf0f8fd8a834875/files/mp/public/68c9d5dd3cf0f8fd8a834875/480b71820_unibras_ANILHA-COMUM_2.jpg;9506.91.00;;true;;Padrão;;;;;;;;;;;;false;3164;Origem: Fundicao Unibras
6a7b134f920160ed9c20e82b;Anilha Fracionada F51Mm (Preto) 1kg;ANI-N014;Anilhas;Fracionada;peça;1;;9506.91.00;;true;;Padrão;;;;;;;;;;;;false;3164;Origem: Fundicao Unibras
6a7b134f920160ed9c20e82c;Anilha Mini Bumper Olímpica 4Kg;ANI-N015;Anilhas;Bumper;peça;4;https://haxfit.com.br/wp-content/uploads/2024/12/Anilha-Bumper-Mini-Furo-Olimpico-Nova.jpg;9506.91.00;;true;;Olímpico;;;;;;;;;;;;false;3164;Origem: Furious Equipment
6a7b134f920160ed9c20e82d;Anilha Mini Bumper Olímpica 5Kg;ANI-N016;Anilhas;Bumper;peça;5;https://haxfit.com.br/wp-content/uploads/2024/12/Anilha-Bumper-Mini-Furo-Olimpico-Nova.jpg;9506.91.00;;true;;Olímpico;;;;;;;;;;;;false;3164;Origem: Furious Equipment
6a7b134f920160ed9c20e82e;Anilha Furious Black 5Kg;ANI-N017;Anilhas;;peça;5;;9506.91.00;;true;;Padrão;;;;;;;;;;;;false;3164;Origem: Furious Equipment
6a7b134f920160ed9c20e82f;Anilha Furious Black 10Kg;ANI-N018;Anilhas;;peça;10;;9506.91.00;;true;;Padrão;;;;;;;;;;;;false;3164;Origem: Furious Equipment
6a7b134f920160ed9c20e830;Anilha Furious Black 15Kg;ANI-N019;Anilhas;;peça;15;;9506.91.00;;true;;Padrão;;;;;;;;;;;;false;3164;Origem: Furious Equipment
6a7b134f920160ed9c20e831;Anilha Furious Black 20 kg;ANI-N020;Anilhas;;peça;20;;9506.91.00;;true;;Padrão;;;;;;;;;;;;false;3164;Origem: Furious Equipment
6a7b134f920160ed9c20e832;Barra Cromada Recartilhada Montada Anilha Pintada 10Kg Reta;ANI-N021;Barras;Montado;peça;10;;9506.91.00;;true;;Padrão;Cromado;;;;;;;;;;;false;3164;Origem: Furious Equipment
6a7b134f920160ed9c20e833;Barra Cromada Recartilhada Montada Anilha Pintada 12Kg Reta;ANI-N022;Barras;Montado;peça;12;;9506.91.00;;true;;Padrão;Cromado;;;;;;;;;;;false;3164;Origem: Furious Equipment
6a7b134f920160ed9c20e834;Barra Cromada Recartilhada Montada Anilha Pintada 14Kg Reta;ANI-N023;Barras;Montado;peça;14;;9506.91.00;;true;;Padrão;Cromado;;;;;;;;;;;false;3164;Origem: Furious Equipment
6a7b134f920160ed9c20e835;Barra Cromada Recartilhada Montada Anilha Pintada 16Kg Reta;ANI-N024;Barras;Montado;peça;16;;9506.91.00;;true;;Padrão;Cromado;;;;;;;;;;;false;3164;Origem: Furious Equipment
6a7b134f920160ed9c20e836;Barra Cromada Recartilhada Montada Anilha Pintada 20Kg Reta;ANI-N025;Barras;Montado;peça;20;;9506.91.00;;true;;Padrão;Cromado;;;;;;;;;;;false;3164;Origem: Furious Equipment
6a7b134f920160ed9c20e837;Barra Cromada Recartilhada Montada Anilha Pintada 22Kg Reta;ANI-N026;Barras;Montado;peça;22;;9506.91.00;;true;;Padrão;Cromado;;;;;;;;;;;false;3164;Origem: Furious Equipment
6a7b134f920160ed9c20e838;Barra Cromada Recartilhada Montada Anilha Pintada 24Kg Reta;ANI-N027;Barras;Montado;peça;24;;9506.91.00;;true;;Padrão;Cromado;;;;;;;;;;;false;3164;Origem: Furious Equipment
6a7b134f920160ed9c20e839;Barra Cromada Recartilhada Montada Anilha Pintada 26Kg Reta;ANI-N028;Barras;Montado;peça;26;;9506.91.00;;true;;Padrão;Cromado;;;;;;;;;;;false;3164;Origem: Furious Equipment
6a7b134f920160ed9c20e83a;Barra Cromada Recartilhada Montada Anilha Pintada 30Kg Reta;ANI-N029;Barras;Montado;peça;30;;9506.91.00;;true;;Padrão;Cromado;;;;;;;;;;;false;3164;Origem: Furious Equipment
6a7b134f920160ed9c20e83b;Barra Cromada Recartilhada Montada Anilha Pintada 32Kg Reta;ANI-N030;Barras;Montado;peça;32;;9506.91.00;;true;;Padrão;Cromado;;;;;;;;;;;false;3164;Origem: Furious Equipment
6a7b134f920160ed9c20e83c;Barra Cromada Recartilhada Montada Anilha Pintada 34Kg Reta;ANI-N031;Barras;Montado;peça;34;;9506.91.00;;true;;Padrão;Cromado;;;;;;;;;;;false;3164;Origem: Furious Equipment
6a7b134f920160ed9c20e83d;Barra Cromada Recartilhada Montada Anilha Pintada 36Kg Reta;ANI-N032;Barras;Montado;peça;36;;9506.91.00;;true;;Padrão;Cromado;;;;;;;;;;;false;3164;Origem: Furious Equipment
6a7b134f920160ed9c20e83e;Barra Cromada Recartilhada Montada Anilha Pintada 40Kg Reta;ANI-N033;Barras;Montado;peça;40;;9506.91.00;;true;;Padrão;Cromado;;;;;;;;;;;false;3164;Origem: Furious Equipment
6a7b134f920160ed9c20e83f;Barra Cromada Recartilhada Montada Anilha Emborrachada 12Kg;ANI-N034;Barras;Montado;peça;12;;9506.91.00;;true;;Padrão;Emborrachado;;;;;;;;;;;false;3164;Origem: Furious Equipment
6a7b134f920160ed9c20e840;Barra Cromada Recartilhada Montada Anilha Emborrachada 14Kg;ANI-N035;Barras;Montado;peça;14;;9506.91.00;;true;;Padrão;Emborrachado;;;;;;;;;;;false;3164;Origem: Furious Equipment
6a7b134f920160ed9c20e841;Barra Cromada Recartilhada Montada Anilha Emborrachada 16Kg;ANI-N036;Barras;Montado;peça;16;;9506.91.00;;true;;Padrão;Emborrachado;;;;;;;;;;;false;3164;Origem: Furious Equipment
6a7b134f920160ed9c20e842;Barra Cromada Recartilhada Montada Anilha Emborrachada 18Kg;ANI-N037;Barras;Montado;peça;18;;9506.91.00;;true;;Padrão;Emborrachado;;;;;;;;;;;false;3164;Origem: Furious Equipment
6a7b134f920160ed9c20e843;Barra Cromada Recartilhada Montada Anilha Emborrachada 22Kg;ANI-N038;Barras;Montado;peça;22;;9506.91.00;;true;;Padrão;Emborrachado;;;;;;;;;;;false;3164;Origem: Furious Equipment
6a7b134f920160ed9c20e844;Barra Cromada Recartilhada Montada Anilha Emborrachada 24Kg;ANI-N039;Barras;Montado;peça;24;;9506.91.00;;true;;Padrão;Emborrachado;;;;;;;;;;;false;3164;Origem: Furious Equipment
6a7b134f920160ed9c20e845;Barra Cromada Recartilhada Montada Anilha Emborrachada 26Kg;ANI-N040;Barras;Montado;peça;26;;9506.91.00;;true;;Padrão;Emborrachado;;;;;;;;;;;false;3164;Origem: Furious Equipment
6a7b134f920160ed9c20e846;Barra Cromada Recartilhada Montada Anilha Emborrachada 28Kg;ANI-N041;Barras;Montado;peça;28;;9506.91.00;;true;;Padrão;Emborrachado;;;;;;;;;;;false;3164;Origem: Furious Equipment
6a7b134f920160ed9c20e847;Barra Cromada Recartilhada Montada Anilha Emborrachada 32Kg;ANI-N042;Barras;Montado;peça;32;;9506.91.00;;true;;Padrão;Emborrachado;;;;;;;;;;;false;3164;Origem: Furious Equipment
6a7b134f920160ed9c20e848;Barra Cromada Recartilhada Montada Anilha Emborrachada 34Kg;ANI-N043;Barras;Montado;peça;34;;9506.91.00;;true;;Padrão;Emborrachado;;;;;;;;;;;false;3164;Origem: Furious Equipment
6a7b134f920160ed9c20e849;Barra Cromada Recartilhada Montada Anilha Emborrachada 36Kg;ANI-N044;Barras;Montado;peça;36;;9506.91.00;;true;;Padrão;Emborrachado;;;;;;;;;;;false;3164;Origem: Furious Equipment
6a7b134f920160ed9c20e84a;Barra Cromada Recartilhada Montada Anilha Emborrachada 38Kg;ANI-N045;Barras;Montado;peça;38;;9506.91.00;;true;;Padrão;Emborrachado;;;;;;;;;;;false;3164;Origem: Furious Equipment
6a7b134f920160ed9c20e84b;Barra Cromada Recartilhada Montada Anilha Injetada 10Kg;ANI-N046;Barras;Montado;peça;10;;9506.91.00;;true;;Padrão;Injetado;;;;;;;;;;;false;3164;Origem: Furious Equipment
6a7b134f920160ed9c20e84c;Barra Cromada Recartilhada Montada Anilha Injetada 14Kg;ANI-N047;Barras;Montado;peça;14;https://img.irroba.com.br/fit-in/1000x1000/filters:fill(fff):quality(80)/anilhasd/catalog/barras-e-bastoes/af-barra-montada-anilhas-injetadas-r4-site-800-x-400-2.jpg;9506.91.00;;true;;Padrão;Injetado;;;;;;;;;;;false;3164;Origem: Furious Equipment
6a7b134f920160ed9c20e84d;Barra Cromada Recartilhada Montada Anilha Injetada 16Kg;ANI-N048;Barras;Montado;peça;16;https://img.irroba.com.br/fit-in/1000x1000/filters:fill(fff):quality(80)/anilhasd/catalog/barras-e-bastoes/af-barra-montada-anilhas-injetadas-r4-site-800-x-400-2.jpg;9506.91.00;;true;;Padrão;Injetado;;;;;;;;;;;false;3164;Origem: Furious Equipment
6a7b134f920160ed9c20e84e;Barra Cromada Recartilhada Montada Anilha Injetada 18Kg;ANI-N049;Barras;Montado;peça;18;https://img.irroba.com.br/fit-in/1000x1000/filters:fill(fff):quality(80)/anilhasd/catalog/barras-e-bastoes/af-barra-montada-anilhas-injetadas-a2-site-800-x-800.jpg;9506.91.00;;true;;Padrão;Injetado;;;;;;;;;;;false;3164;Origem: Furious Equipment
6a7b134f920160ed9c20e84f;Barra Cromada Recartilhada Montada Anilha Injetada 20Kg;ANI-N050;Barras;Montado;peça;20;https://img.irroba.com.br/fit-in/1000x1000/filters:fill(fff):quality(80)/anilhasd/catalog/barras-e-bastoes/af-barra-montada-anilhas-injetadas-r4-site-800-x-400.jpg;9506.91.00;;true;;Padrão;Injetado;;;;;;;;;;;false;3164;Origem: Furious Equipment
6a7b134f920160ed9c20e850;Barra Cromada Recartilhada Montada Anilha Injetada 24Kg;ANI-N051;Barras;Montado;peça;24;https://img.irroba.com.br/fit-in/1000x1000/filters:fill(fff):quality(80)/anilhasd/catalog/barras-e-bastoes/af-barra-montada-anilhas-injetadas-r4-site-800-x-400-2.jpg;9506.91.00;;true;;Padrão;Injetado;;;;;;;;;;;false;3164;Origem: Furious Equipment
6a7b134f920160ed9c20e851;Barra Cromada Recartilhada Montada Anilha Injetada 26Kg;ANI-N052;Barras;Montado;peça;26;https://img.irroba.com.br/fit-in/1000x1000/filters:fill(fff):quality(80)/anilhasd/catalog/barras-e-bastoes/af-barra-montada-anilhas-injetadas-a1-site-800-x-800.jpg;9506.91.00;;true;;Padrão;Injetado;;;;;;;;;;;false;3164;Origem: Furious Equipment
6a7b134f920160ed9c20e852;Barra Cromada Recartilhada Montada Anilha Injetada 28Kg;ANI-N053;Barras;Montado;peça;28;https://img.irroba.com.br/fit-in/1000x1000/filters:fill(fff):quality(80)/anilhasd/catalog/barras-e-bastoes/af-barra-montada-anilhas-injetadas-a1-site-800-x-800.jpg;9506.91.00;;true;;Padrão;Injetado;;;;;;;;;;;false;3164;Origem: Furious Equipment
6a7b134f920160ed9c20e853;Barra Cromada Recartilhada Montada Anilha Injetada 30Kg;ANI-N054;Barras;Montado;peça;30;https://img.irroba.com.br/fit-in/1000x1000/filters:fill(fff):quality(80)/anilhasd/catalog/barras-e-bastoes/af-barra-montada-anilhas-injetadas-a2-site-800-x-800.jpg;9506.91.00;;true;;Padrão;Injetado;;;;;;;;;;;false;3164;Origem: Furious Equipment
6a7b134f920160ed9c20e854;Barra Cromada Recartilhada Montada Anilha Injetada 34Kg;ANI-N055;Barras;Montado;peça;34;;9506.91.00;;true;;Padrão;Injetado;;;;;;;;;;;false;3164;Origem: Furious Equipment
6a7b134f920160ed9c20e855;Barra Cromada Recartilhada Montada Anilha Injetada 36Kg;ANI-N056;Barras;Montado;peça;36;;9506.91.00;;true;;Padrão;Injetado;;;;;;;;;;;false;3164;Origem: Furious Equipment
6a7b134f920160ed9c20e856;Barra Cromada Recartilhada Montada Anilha Injetada 38Kg;ANI-N057;Barras;Montado;peça;38;;9506.91.00;;true;;Padrão;Injetado;;;;;;;;;;;false;3164;Origem: Furious Equipment
6a7b134f920160ed9c20e857;Barra Cromada Recartilhada Montada Anilha Injetada 40Kg;ANI-N058;Barras;Montado;peça;40;;9506.91.00;;true;;Padrão;Injetado;;;;;;;;;;;false;3164;Origem: Furious Equipment
6a7b134f920160ed9c20e858;Anilha Sport Tradicional Emborrachado;ANI-N059;Anilhas;Sport Tradicional;peça;;;9506.91.00;;true;;Padrão;Emborrachado;;;;;;;;;;;false;3164;Origem: Salome e Prado
6a7b134f920160ed9c20e859;Anilha Injetada Evolution - Anel Inox 1 A 30 kg;ANI-N060;Anilhas;Evolution;peça;;https://base44.app/api/apps/68c9d5dd3cf0f8fd8a834875/files/mp/public/68c9d5dd3cf0f8fd8a834875/335e28d88_catalogo-anilha-evolution.jpg;9506.91.00;;true;;Padrão;Injetado;;1-30;;;;;;;;;false;3164;Origem: Salome e Prado
6a7b134f920160ed9c20e85a;Anilha Injetada Evolution Olímpica - Anel Inox 1 A 30 kg;ANI-N061;Anilhas;Evolution;peça;;https://base44.app/api/apps/68c9d5dd3cf0f8fd8a834875/files/mp/public/68c9d5dd3cf0f8fd8a834875/335e28d88_catalogo-anilha-evolution.jpg;9506.91.00;;true;;Olímpico;Injetado;;1-30;;;;;;;;;false;3164;Origem: Salome e Prado
6a7b134f920160ed9c20e85b;Anilha Injetada Pro Olímpica - Anel Inox 2,5 A 25 kg;ANI-N062;Anilhas;;peça;;https://base44.app/api/apps/68c9d5dd3cf0f8fd8a834875/files/mp/public/68c9d5dd3cf0f8fd8a834875/5066f0c1d_catalogo-anilha-injetada_pro.jpg;9506.91.00;;true;;Olímpico;Injetado;;2.5-25;;;;;;;;;false;3164;Origem: Salome e Prado
6a7b134f920160ed9c20e85c;Anilha Cromometal Olímpica - 2,5 A 25 kg;ANI-N063;Anilhas;;peça;;https://base44.app/api/apps/68c9d5dd3cf0f8fd8a834875/files/mp/public/68c9d5dd3cf0f8fd8a834875/7def0d527_catalogo-anilha-metal_cromo.jpg;9506.91.00;;true;;Olímpico;;;2.5-25;;;;;;;;;false;3164;Origem: Salome e Prado
6a7b134f920160ed9c20e85d;Anilha Evo Niquel - Cromada - Anel Inox 5 A 25 kg;ANI-N064;Anilhas;;peça;;https://base44.app/api/apps/68c9d5dd3cf0f8fd8a834875/files/mp/public/68c9d5dd3cf0f8fd8a834875/ed8c1233c_catalogo-anilha-evo_niquel.jpg;9506.91.00;;false;;Padrão;Cromado;;5-25;;;;;;;;;false;3164;Origem: Salome e Prado. DESATIVADO 10/10/2026: template de faixa (5 a 25 kg, preço por kg) substituído por ANI-N064-05/10/15/20/25, um por peso, os preços foram migrados.
6a7b134f920160ed9c20e85e;Anilha Raios Niquel - Cromada -Anel Inox 5 A 25 kg;ANI-N065;Anilhas;;peça;;https://base44.app/api/apps/68c9d5dd3cf0f8fd8a834875/files/mp/public/68c9d5dd3cf0f8fd8a834875/60d2d5cf8_catalogo-anilha-raios_niquel.jpg;9506.91.00;;true;;Padrão;Cromado;;5-25;;;;;;;;;false;3164;Origem: Salome e Prado
6a7b134f920160ed9c20e85f;Anilha Bumper;ANI-N066;Anilhas;Bumper;peça;;;9506.91.00;;true;;Padrão;;;;;;;;;;;;false;3164;Origem: Salome e Prado
6a7b134f920160ed9c20e860;Barra Montada Com Anilhas Injetadas 06 A 50 kg;ANI-N067;Barras;Montado;peça;;https://base44.app/api/apps/68c9d5dd3cf0f8fd8a834875/files/mp/public/68c9d5dd3cf0f8fd8a834875/661666154_barramontada.webp;9506.91.00;;true;;Padrão;Injetado;;06-50;;;;;;;;;false;3164;Origem: Salome e Prado
6a7b134f920160ed9c20e861;Barra Montada Com Anilhas Emborrachada 06 A 50 kg;ANI-N068;Barras;Montado;peça;;;9506.91.00;;true;;Padrão;Emborrachado;;06-50;;;;;;;;;false;3164;Origem: Salome e Prado
6a7b134f920160ed9c20e862;Barra Montada Com Anilhas Pintadas 06 A 32 kg;ANI-N069;Barras;Montado;peça;;https://base44.app/api/apps/68c9d5dd3cf0f8fd8a834875/files/mp/public/68c9d5dd3cf0f8fd8a834875/576d74465_catalogo-barra_montada_pint.jpg;9506.91.00;;true;;Padrão;Pintado;;06-32;;;;;;;;;false;3164;Origem: Salome e Prado
6a7b134f920160ed9c20e863;Barra Oca 40Cm Pintura Eletr.(Com Presilhas Espiral)-Par;BAR-N001;Barras;Oca;peça;;;9506.91.00;;true;;Padrão;;;;;;;;;;;;false;3271;Origem: Furious Equipment
6a7b134f920160ed9c20e864;Barra Oca 130Cm Pintura Eletr.(Com Presilhas Espiral);BAR-N002;Barras;Oca;peça;;;9506.91.00;;true;;Padrão;;;;;;;;;;;;false;3271;Origem: Furious Equipment
6a7b134f920160ed9c20e865;Barra Oca 180Cm Pintura Eletr.(Com Presilhas Espiral);BAR-N003;Barras;Oca;peça;;;9506.91.00;;true;;Padrão;;;;;;;;;;;;false;3271;Origem: Furious Equipment
6a7b134f920160ed9c20e866;Barra Maciça 40Cm Pintura Eletr. (Com Presilhas Espiral);BAR-N004;Barras;Maciça;peça;;;9506.91.00;;true;;Padrão;;;;;;;;;;;;false;3271;Origem: Furious Equipment
6a7b134f920160ed9c20e867;Barra Maciça 150Cm Pintura Eletr. (Com Presilhas Espiral);BAR-N005;Barras;Maciça;peça;;;9506.91.00;;true;;Padrão;;;;;;;;;;;;false;3271;Origem: Furious Equipment
6a7b134f920160ed9c20e868;Barra Olímpica 15Kg 2,0M KTL E-Coat - Feminina;BAR-N008;Barras;;peça;15;https://metalformaadm.webtrafego.com.br/acesso/imagens/1715349150-Barra_olimpica_masculina.jpg;9506.91.00;;true;;Olímpico;;;;;;;;;;;;false;3271;Origem: Furious Equipment
6a7b134f920160ed9c20e869;Barra Olímpica 10Kg 1,62M KTL E-Coat - Iniciante;BAR-N009;Barras;;peça;10;https://metalformaadm.webtrafego.com.br/acesso/imagens/1715349469-Barra_olimpica_junior.jpg;9506.91.00;;true;;Olímpico;;;;;;;;;;;;false;3271;Origem: Furious Equipment
6a7b134f920160ed9c20e86a;Barra 15 kg, 2,0 Metros, Cromada Com Rolamento Agulha;BAR-N010;Barras;;peça;15;;9506.91.00;;true;;Padrão;Cromado;;;;;;;;;;;false;3271;Origem: Furious Equipment
6a7b134f920160ed9c20e86b;Barra 40Lbs, 2,2 Metros, Cromada Com Rolamento Nylon;BAR-N011;Barras;;peça;;;9506.91.00;;true;;Padrão;Cromado;;;;;;;;;;;false;3271;Origem: Furious Equipment
6a7b134f920160ed9c20e86c;Barra 20Lbs, 1,62 Metros, Cromada Com Rolamento Nylon;BAR-N012;Barras;;peça;;;9506.91.00;;true;;Padrão;Cromado;;;;;;;;;;;false;3271;Origem: Furious Equipment
6a7b134f920160ed9c20e86d;Barra 40Lbs, 2,2 Metros, KTL E-Coat Rolamento Nylon;BAR-N013;Barras;;peça;;https://media.base44.com/images/public/68c9d5dd3cf0f8fd8a834875/185fadab4_barra-olimpica-horizontal.jpg;9506.91.00;;true;;Padrão;;;;;;;;;;;;false;3271;Origem: Furious Equipment
6a7b134f920160ed9c20e86e;Barra 30Lbs, 2,0 Metros, KTL E-Coat Rolamento Nylon;BAR-N014;Barras;;peça;;https://media.base44.com/images/public/68c9d5dd3cf0f8fd8a834875/185fadab4_barra-olimpica-horizontal.jpg;9506.91.00;;true;;Padrão;;;;;;;;;;;;false;3271;Origem: Furious Equipment
6a7b134f920160ed9c20e86f;Barra 20Lbs, 1,62 Metros, KTL E-Coat Rolamento Nylon;BAR-N015;Barras;;peça;;;9506.91.00;;true;;Padrão;;;;;;;;;;;;false;3271;Origem: Furious Equipment
6a7b13c0603b667969eea31c;Barra Fixa De Parede (1Mt Da Parede X 1,10 Largura);BAR-N016;Barras;;peça;;;9506.91.00;;true;;Padrão;;;;;;;;;;;;false;3271;Origem: Furious Equipment
6a7b13c0603b667969eea31d;Presilha Espiral Barra Oca;BAR-N017;Barras;Oca;peça;;;9506.91.00;;true;;Padrão;;;;;;;;;;;;false;3271;Origem: Furious Equipment
6a7b13c0603b667969eea31e;Presilha Espiral Barra Standard;BAR-N018;Barras;;peça;;;9506.91.00;;true;;Padrão;;;;;;;;;;;;false;3271;Origem: Furious Equipment
6a7b13c0603b667969eea31f;Barras W Montadas Sextavada Monobloco Injetada 10 A 50 kg;BAR-N019;Barras;Monobloco Sextavado Montado;peça;;https://base44.app/api/apps/68c9d5dd3cf0f8fd8a834875/files/mp/public/68c9d5dd3cf0f8fd8a834875/7336cbd35_catalogo-barra_w_mono.jpg;9506.91.00;;true;;Padrão;Injetado;;10-50;;;;;;;;;false;3271;Origem: Salome e Prado
6a7b13c0603b667969eea320;Barras Reta Montadas Sextavada Monobloco Injetada 10 A 50 kg;BAR-N020;Barras;Monobloco Sextavado Montado;peça;;https://base44.app/api/apps/68c9d5dd3cf0f8fd8a834875/files/mp/public/68c9d5dd3cf0f8fd8a834875/ce3c138c6_catalogo-barra_reta_mono.jpg;9506.91.00;;true;;Padrão;Injetado;;10-50;;;;;;;;;false;3271;Origem: Salome e Prado
6a7b13c0603b667969eea321;Presilha Lock Press - Para Barras Olímpicas;BAR-N021;Barras;;peça;;https://img.irroba.com.br/fit-in/1000x1000/filters:fill(fff):quality(80)/anilhasd/catalog/presilhas-lock-press-olimpica-295977563-1-52cac9ef481fc53d4a7a2300405c1a99.webp;9506.91.00;;true;;Olímpico;;;;;;;;;;;;false;3271;Origem: Salome e Prado
6a7b13c0603b667969eea322;Colchonete Profissional AG80;COL-N001;Colchonetes;;peça;;https://anilhasehalteresbrasil.com.br/wp-content/uploads/2019/03/colchonete.png;9506.91.00;;true;;;;;;;;;;;;;;false;499803;Origem: Furious Equipment
6a7b13c0603b667969eea323;Dumbbell Vazado Injetado Pegada KTL Preto 32kg;DUM-N001;Dumbbells;Vazada;peça;32;;9506.91.00;;true;;;Injetado;;;;;;;;;;;false;3164;Origem: Fundicao Unibras
6a7b13c0603b667969eea324;Dumbbell Vazado Emborrachado 50kg;DUM-N007;Dumbbells;Vazada;peça;50;;9506.91.00;;true;;;Emborrachado;;;;;;;;;;;false;3164;Origem: Fundicao Unibras
6a7b13c0603b667969eea325;Dumbbell Vazado Todo Pintado 12kg;DUM-N008;Dumbbells;Vazada;peça;12;;9506.91.00;;false;;;Pintado;;;;;;;;;;;false;3164;DESATIVADO 25/08/2026 — duplicata de DMOAVPPT12 (Dumbbell Montado Anilha Vazada Pintado Pegada Pintada 12kg). 'Todo Pintado' = corpo e pegada pintados. O vinculo de preco da Fundicao Unibras (R$ 112,32) foi remanejado para DMOAVPPT12.
6a7b13c0603b667969eea326;Dumbbell Sport Todo Pintado 12kg;DUM-N010;Dumbbells;Sport;peça;12;;9506.91.00;;false;;;Pintado;;;;;;;;;;;false;3164;DESATIVADO 25/08/2026 — duplicata de DMOASPPT12 (Dumbbell Montado Anilha Sport Pintado Pegada Pintada 12kg). 'Todo Pintado' = corpo e pegada pintados. O vinculo de preco da Fundicao Unibras (R$ 112,32) foi remanejado para DMOASPPT12.
6a7b13c0603b667969eea327;Dumbbell Sextavado Pintado 14Kg;DUM-N012;Dumbbells;Sextavado;peça;14;https://base44.app/api/apps/68c9d5dd3cf0f8fd8a834875/files/mp/public/68c9d5dd3cf0f8fd8a834875/9e0974fef_5-sext_pintado.jpg;9506.91.00;;true;;;Pintado;;;;;;;;;;;false;3164;Origem: Furious Equipment
6a7b13c0603b667969eea328;Dumbbell Sextavado Pintado 16Kg;DUM-N013;Dumbbells;Sextavado;peça;16;https://base44.app/api/apps/68c9d5dd3cf0f8fd8a834875/files/mp/public/68c9d5dd3cf0f8fd8a834875/9e0974fef_5-sext_pintado.jpg;9506.91.00;;true;;;Pintado;;;;;;;;;;;false;3164;Origem: Furious Equipment
6a7b13c0603b667969eea329;Dumbbell Sextavado Pintado 18Kg;DUM-N014;Dumbbells;Sextavado;peça;18;https://base44.app/api/apps/68c9d5dd3cf0f8fd8a834875/files/mp/public/68c9d5dd3cf0f8fd8a834875/9e0974fef_5-sext_pintado.jpg;9506.91.00;;true;;;Pintado;;;;;;;;;;;false;3164;Origem: Furious Equipment
6a7b13c0603b667969eea32a;Dumbbell Sextavado Pintado 20Kg;DUM-N015;Dumbbells;Sextavado;peça;20;https://base44.app/api/apps/68c9d5dd3cf0f8fd8a834875/files/mp/public/68c9d5dd3cf0f8fd8a834875/9e0974fef_5-sext_pintado.jpg;9506.91.00;;true;;;Pintado;;;;;;;;;;;false;3164;Origem: Furious Equipment
6a7b13c0603b667969eea32b;Dumbbell Sextavado Pintado 24Kg;DUM-N016;Dumbbells;Sextavado;peça;24;https://base44.app/api/apps/68c9d5dd3cf0f8fd8a834875/files/mp/public/68c9d5dd3cf0f8fd8a834875/9e0974fef_5-sext_pintado.jpg;9506.91.00;;true;;;Pintado;;;;;;;;;;;false;3164;Origem: Furious Equipment
6a7b13c0603b667969eea32c;Dumbbell Sextavado Pintado 26Kg;DUM-N017;Dumbbells;Sextavado;peça;26;https://base44.app/api/apps/68c9d5dd3cf0f8fd8a834875/files/mp/public/68c9d5dd3cf0f8fd8a834875/9e0974fef_5-sext_pintado.jpg;9506.91.00;;true;;;Pintado;;;;;;;;;;;false;3164;Origem: Furious Equipment
6a7b13c0603b667969eea32d;Dumbbell Sextavado Pintado 28Kg;DUM-N018;Dumbbells;Sextavado;peça;28;https://base44.app/api/apps/68c9d5dd3cf0f8fd8a834875/files/mp/public/68c9d5dd3cf0f8fd8a834875/9e0974fef_5-sext_pintado.jpg;9506.91.00;;true;;;Pintado;;;;;;;;;;;false;3164;Origem: Furious Equipment
6a7b13c0603b667969eea32e;Dumbbell Sextavado Pintado 30Kg;DUM-N019;Dumbbells;Sextavado;peça;30;https://base44.app/api/apps/68c9d5dd3cf0f8fd8a834875/files/mp/public/68c9d5dd3cf0f8fd8a834875/9e0974fef_5-sext_pintado.jpg;9506.91.00;;true;;;Pintado;;;;;;;;;;;false;3164;Origem: Furious Equipment
6a7b13c0603b667969eea32f;Dumbbell Sextavado Emborrachado 12Kg;DUM-N020;Dumbbells;Sextavado;peça;12;https://base44.app/api/apps/68c9d5dd3cf0f8fd8a834875/files/mp/public/68c9d5dd3cf0f8fd8a834875/4a9aec72e_6-sext_emborrachado.jpg;9506.91.00;;true;;;Emborrachado;;;;;;;;;;;false;3164;Origem: Furious Equipment
6a7b13c0603b667969eea330;Dumbbell Sextavado Emborrachado 14Kg;DUM-N021;Dumbbells;Sextavado;peça;14;https://base44.app/api/apps/68c9d5dd3cf0f8fd8a834875/files/mp/public/68c9d5dd3cf0f8fd8a834875/4a9aec72e_6-sext_emborrachado.jpg;9506.91.00;;true;;;Emborrachado;;;;;;;;;;;false;3164;Origem: Furious Equipment
6a7b13c0603b667969eea331;Dumbbell Sextavado Emborrachado 16Kg;DUM-N022;Dumbbells;Sextavado;peça;16;https://base44.app/api/apps/68c9d5dd3cf0f8fd8a834875/files/mp/public/68c9d5dd3cf0f8fd8a834875/4a9aec72e_6-sext_emborrachado.jpg;9506.91.00;;true;;;Emborrachado;;;;;;;;;;;false;3164;Origem: Furious Equipment
6a7b13c0603b667969eea332;Dumbbell Sextavado Emborrachado 18Kg;DUM-N023;Dumbbells;Sextavado;peça;18;https://base44.app/api/apps/68c9d5dd3cf0f8fd8a834875/files/mp/public/68c9d5dd3cf0f8fd8a834875/4a9aec72e_6-sext_emborrachado.jpg;9506.91.00;;true;;;Emborrachado;;;;;;;;;;;false;3164;Origem: Furious Equipment
6a7b13c0603b667969eea333;Dumbbell Sextavado Emborrachado 22Kg;DUM-N024;Dumbbells;Sextavado;peça;22;https://base44.app/api/apps/68c9d5dd3cf0f8fd8a834875/files/mp/public/68c9d5dd3cf0f8fd8a834875/4a9aec72e_6-sext_emborrachado.jpg;9506.91.00;;true;;;Emborrachado;;;;;;;;;;;false;3164;Origem: Furious Equipment
6a7b13c0603b667969eea334;Dumbbell Sextavado Emborrachado 24Kg;DUM-N025;Dumbbells;Sextavado;peça;24;https://base44.app/api/apps/68c9d5dd3cf0f8fd8a834875/files/mp/public/68c9d5dd3cf0f8fd8a834875/4a9aec72e_6-sext_emborrachado.jpg;9506.91.00;;true;;;Emborrachado;;;;;;;;;;;false;3164;Origem: Furious Equipment
6a7b13c0603b667969eea335;Dumbbell Sextavado Emborrachado 26Kg;DUM-N026;Dumbbells;Sextavado;peça;26;https://base44.app/api/apps/68c9d5dd3cf0f8fd8a834875/files/mp/public/68c9d5dd3cf0f8fd8a834875/4a9aec72e_6-sext_emborrachado.jpg;9506.91.00;;true;;;Emborrachado;;;;;;;;;;;false;3164;Origem: Furious Equipment
6a7b13c0603b667969eea336;Dumbbell Sextavado Emborrachado 28Kg;DUM-N027;Dumbbells;Sextavado;peça;28;https://base44.app/api/apps/68c9d5dd3cf0f8fd8a834875/files/mp/public/68c9d5dd3cf0f8fd8a834875/4a9aec72e_6-sext_emborrachado.jpg;9506.91.00;;true;;;Emborrachado;;;;;;;;;;;false;3164;Origem: Furious Equipment
6a7b13c0603b667969eea337;Dumbbell Sextavado Emborrachado 32Kg;DUM-N028;Dumbbells;Sextavado;peça;32;https://base44.app/api/apps/68c9d5dd3cf0f8fd8a834875/files/mp/public/68c9d5dd3cf0f8fd8a834875/4a9aec72e_6-sext_emborrachado.jpg;9506.91.00;;true;;;Emborrachado;;;;;;;;;;;false;3164;Origem: Furious Equipment
6a7b13c0603b667969eea338;Dumbbell Injetado Quadrado (Pegada Alumínio) 6,8,10...50 kg;DUM-N045;Dumbbells;;peça;50;https://base44.app/api/apps/68c9d5dd3cf0f8fd8a834875/files/mp/public/68c9d5dd3cf0f8fd8a834875/d3fabaf47_catalogo-dum_inj_quad.jpg;9506.91.00;;true;;;Injetado;Alumínio;;;;;;;;;;false;3164;Origem: Salome e Prado
6a7b13c0603b667969eea339;Dumbbell Monobloco Redondo Cromado Pegada Inox 50kg;DUM-N049;Dumbbells;Monobloco Redondo;peça;50;https://base44.app/api/apps/68c9d5dd3cf0f8fd8a834875/files/mp/public/68c9d5dd3cf0f8fd8a834875/f695f2219_catalogo-dum_mono_red_crom.jpg;9506.91.00;;true;;;Cromado;Inox;;;;;;;;;;false;3164;Origem: Salome e Prado
6a7b13c0603b667969eea33a;Dumbbell Sextavado Pintado;DUM-N052;Dumbbells;Sextavado;peça;;https://base44.app/api/apps/68c9d5dd3cf0f8fd8a834875/files/mp/public/68c9d5dd3cf0f8fd8a834875/9e0974fef_5-sext_pintado.jpg;9506.91.00;;true;;;Pintado;;;;;;;;;;;false;3164;Origem: Salome e Prado
6a7b13c0603b667969eea33b;Dumbbell Sextavado Emborrachado;DUM-N053;Dumbbells;Sextavado;peça;;https://base44.app/api/apps/68c9d5dd3cf0f8fd8a834875/files/mp/public/68c9d5dd3cf0f8fd8a834875/4a9aec72e_6-sext_emborrachado.jpg;9506.91.00;;true;;;Emborrachado;;;;;;;;;;;false;3164;Origem: Salome e Prado
6a7b13c0603b667969eea33c;Rack De Agachamento Simples;EST-N001;Estruturas;;peça;;https://metalformaadm.webtrafego.com.br/acesso/imagens/1715796750-147065_Rack_de_Agachamento_02.jpg;9506.91.00;;true;;;;;;;;;;;;;;false;3542;Origem: Furious Equipment
6a7b13c0603b667969eea33d;Barra Pull Up 1,50Mt Dupla;EST-N002;Barras;;peça;;;9506.91.00;;true;;;;;;;;;;;;;;false;3542;Origem: Furious Equipment
6a7b13c0603b667969eea33e;Barra Pull Up 1,20Mt Dupla;EST-N003;Barras;;peça;;;9506.91.00;;true;;;;;;;;;;;;;;false;3542;Origem: Furious Equipment
6a7b13c0603b667969eea33f;Barra Pull Up 1,80Mt Simples;EST-N004;Barras;;peça;;;9506.91.00;;true;;;;;;;;;;;;;;false;3542;Origem: Furious Equipment
6a7b13c0603b667969eea340;Barra Pull Up 1,20Mt Simples;EST-N005;Barras;;peça;;;9506.91.00;;true;;;;;;;;;;;;;;false;3542;Origem: Furious Equipment
6a7b13c0603b667969eea341;Pull Up 1,00m;EST-N006;Estruturas;;peça;;;9506.91.00;;true;;;;;;;;;;;;;;false;3542;Origem: CrossRigs
6a7b13c0603b667969eea342;Pilar com Regulagem 60x60x1,5m;EST-N007;Estruturas;;peça;;;9506.91.00;;true;;;;;;;;;;;;;;false;3542;Origem: CrossRigs
6a7b13c0603b667969eea343;Paraleto para Calistenia 80x100x55cm;EST-N008;Estruturas;;peça;;;9506.91.00;;true;;;;;;;;;;;;;;false;3542;Origem: CrossRigs
6a7b13c0603b667969eea344;Paraleto para Calistenia;EST-N009;Estruturas;;peça;;;9506.91.00;;true;;;;;;;;;;;;;;false;3542;Origem: CrossRigs
6a7b13c0603b667969eea345;Halter Sextavado Texturizado (Preto) 0.5kg;HAL-N001;Halteres;Sextavado;peça;0.5;;9506.91.00;;true;;;Texturizado;;;;;;;;;;;false;3164;Origem: Fundicao Unibras
6a7b13c0603b667969eea346;Halter Sextavado Emborrachado 0.5kg;HAL-N002;Halteres;Sextavado;peça;0.5;;9506.91.00;;true;;;Emborrachado;;;;;;;;;;;false;3164;Origem: Fundicao Unibras
6a7b13c0603b667969eea349;Halter Vazado Injetado Pegada KTL Preto 4kg;HAL-N005;Halteres;Vazada;peça;4;;9506.91.00;;true;;;Injetado;;;;;;;;;;;false;3164;Origem: Fundicao Unibras
6a7b13c0603b667969eea34a;Halter Sport Injetado Pegada KTL Preto 4kg;HAL-N006;Halteres;Sport;peça;4;;9506.91.00;;true;;;Injetado;;;;;;;;;;;false;3164;Origem: Fundicao Unibras
6a7b13c0603b667969eea34b;Halter Vazado Pintado Pegada Emborrachada Preto 10kg;HAL-N007;Halteres;Vazada;peça;10;;9506.91.00;;true;;;Emborrachado;;;;;;;;;;;false;3164;Origem: Fundicao Unibras
6a7b13c0603b667969eea34c;Halter Vazado Pintado Pegada Emborrachada Preto 8kg;HAL-N008;Halteres;Vazada;peça;8;;9506.91.00;;true;;;Emborrachado;;;;;;;;;;;false;3164;Origem: Fundicao Unibras
6a7b13c0603b667969eea34d;Halter Sport Pintado Pegada Emborrachada Preto 10kg;HAL-N009;Halteres;Sport;peça;10;;9506.91.00;;true;;;Emborrachado;;;;;;;;;;;false;3164;Origem: Fundicao Unibras
6a7b13c0603b667969eea34e;Halter Sport Pintado Pegada Emborrachada Preto 8kg;HAL-N010;Halteres;Sport;peça;8;;9506.91.00;;true;;;Emborrachado;;;;;;;;;;;false;3164;Origem: Fundicao Unibras
6a7b13c0603b667969eea34f;Halter Montado Pintado 4Kg Pegada Alumínio Ou Cromada Recart.;HAL-N026;Halteres;Montado;peça;4;;9506.91.00;;true;;;Cromado;Cromada;;;;;;;;;;false;3164;Origem: Furious Equipment
6a7b13c0603b667969eea350;Halter Montado Pintado 6Kg Pegada Alumínio Ou Cromada Recart.;HAL-N027;Halteres;Montado;peça;6;;9506.91.00;;true;;;Cromado;Cromada;;;;;;;;;;false;3164;Origem: Furious Equipment
6a7b13c0603b667969eea351;Halter Montado Pintado 8Kg Pegada Alumínio Ou Cromada Recart.;HAL-N028;Halteres;Montado;peça;8;;9506.91.00;;true;;;Cromado;Cromada;;;;;;;;;;false;3164;Origem: Furious Equipment
6a7b13c0603b667969eea352;Halter Montado Emborrachado 6Kg Pegada Alumínio Ou Cromada Recart.;HAL-N029;Halteres;Montado;peça;6;;9506.91.00;;true;;;Emborrachado;Cromada;;;;;;;;;;false;3164;Origem: Furious Equipment
6a7b13c0603b667969eea353;Halter Injetado Monobloco8Kg;HAL-N033;Halteres;Monobloco;peça;8;;9506.91.00;;true;;;Injetado;;;;;;;;;;;false;3164;Origem: Furious Equipment
6a7b13c0603b667969eea354;Kettlebell Todo Texturizado 40kg;KET-N001;Kettlebells;;peça;40;https://base44.app/api/apps/68c9d5dd3cf0f8fd8a834875/files/mp/public/68c9d5dd3cf0f8fd8a834875/1589a9e49_unibras_KETTLEBELL_TEXTURIZADO.jpg;9506.91.00;;true;;;Texturizado;;;;;;;;;;;false;3164;Origem: Fundicao Unibras
6a7b13c0603b667969eea355;Kettlebell Todo Texturizado 4kg;KET-N002;Kettlebells;;peça;4;https://base44.app/api/apps/68c9d5dd3cf0f8fd8a834875/files/mp/public/68c9d5dd3cf0f8fd8a834875/1589a9e49_unibras_KETTLEBELL_TEXTURIZADO.jpg;9506.91.00;;true;;;Texturizado;;;;;;;;;;;false;3164;Origem: Fundicao Unibras
6a7b13c0603b667969eea356;Kettlebell Emborrachado Com Alça Preta Pintada;KET-N003;Kettlebells;;peça;;https://base44.app/api/apps/68c9d5dd3cf0f8fd8a834875/files/mp/public/68c9d5dd3cf0f8fd8a834875/d2938a941_3-p08_138.jpg;9506.91.00;;true;;;Emborrachado;;;;;;;;;;;false;3164;Origem: Salome e Prado
6a7b13c0603b667969eea357;Halter Sextavado Injetado - Pegada Cromada - Kit C/ Pares De 1 A 10 kg;KIT-N001;Kits;Sextavado;kit;;;9506.91.00;;true;;;Injetado;Cromada;1-10;;;;;;;;;false;499978;Origem: Anilhas e Halteres Brasil
6a7b13c0603b667969eea358;Kit Dumbbell Vazado Injetado De 12 Á 30 kg;KIT-N003;Kits;Vazada;kit;30;;9506.91.00;;true;;;Injetado;;;;;;;;;;;false;499978;Origem: Fundicao Unibras
6a7b13c0603b667969eea359;Kit Argolas De Agilidade (8 Unidades);KIT-N004;Kits;;kit;;;9506.91.00;;true;;;;;;;;;;;;;;false;499978;Origem: Furious Equipment
6a7b13c0603b667969eea35a;Kit Cone 24Cm Mumerado 0 - 9;KIT-N005;Kits;;kit;;;9506.91.00;;true;;;;;;;;;;;;;;false;499978;Origem: Furious Equipment
6a7b13c0603b667969eea35b;Kit Cone 50Cm Com Barreira;KIT-N006;Kits;;kit;;;9506.91.00;;true;;;;;;;;;;;;;;false;499978;Origem: Furious Equipment
6a7b13c0603b667969eea35c;Kit Agilidade 8 Cones 24Cm 4 Barreiras 80Cm;KIT-N007;Kits;;kit;;;9506.91.00;;true;;;;;;;;;;;;;;false;499978;Origem: Furious Equipment
6a7b13c0603b667969eea35d;Kit De Obstáculos 84Cm Largura C/ 20, 25, 32, 40 E 47Cm Escala Alturas;KIT-N008;Kits;;kit;;;9506.91.00;;true;;;;;;;;;;;;;;false;499978;Origem: Furious Equipment
6a7b13c0603b667969eea35e;Kit Mini Band 3 Tensões;KIT-N010;Kits;;kit;;;9506.91.00;;true;;;;;;;;;;;;;;false;499978;Origem: Furious Equipment
6a7b13c0603b667969eea35f;Kit Puxadores Anatômicos (7 Puxadores);KIT-N011;Puxadores;;kit;;https://metalformaadm.webtrafego.com.br/acesso/imagens/1718115355-kit_puxadores_anatomicos1_2_3_4_5_6_7.jpg;9506.91.00;;true;;;;;;;;;;;;;;false;499978;Origem: Furious Equipment
6a7b13c0603b667969eea360;Kit Halteres Redondo Metal Cromo Pegada Cromada - 1 A 10 kg + Suporte Color G;KIT-N012;Kits;Redondo;kit;;;9506.91.00;;true;;;Cromado;;1-10;;;;;;;;;false;499978;Origem: Salome e Prado
6a7b13c0603b667969eea361;Kit Halteres Redondo Metal Cromo Pegada Cromada - 1 A 10 kg S/ Suporte;KIT-N013;Kits;Redondo;kit;;;9506.91.00;;true;;;Cromado;;1-10;;;;;;;;;false;499978;Origem: Salome e Prado
6a7b13c0603b667969eea362;Kit Halteres Bola Injetados 1 A 10 kg + Suporte Universal;KIT-N014;Kits;Bola;kit;;;9506.91.00;;true;;;Injetado;;1-10;;;;;;;;;false;499978;Origem: Salome e Prado
6a7b13c0603b667969eea363;Kit Halteres Bola Emborrachados 1 A 10 kg + Suporte Universal;KIT-N015;Kits;Bola;kit;;;9506.91.00;;true;;;Emborrachado;;1-10;;;;;;;;;false;499978;Origem: Salome e Prado
6a7b13c0603b667969eea364;Kit Halteres Bola Pintados 1 A 10 kg + Suporte Universal;KIT-N016;Kits;Bola;kit;;;9506.91.00;;true;;;Pintado;;1-10;;;;;;;;;false;499978;Origem: Salome e Prado
6a7b13c0603b667969eea365;Kit Halteres Bola Injetados 1 A 10 kg;KIT-N017;Kits;Bola;kit;;;9506.91.00;;true;;;Injetado;;1-10;;;;;;;;;false;499978;Origem: Salome e Prado
6a7b13c0603b667969eea366;Kit Halteres Bola Emborrachados 1 A 10 kg;KIT-N018;Kits;Bola;kit;;;9506.91.00;;true;;;Emborrachado;;1-10;;;;;;;;;false;499978;Origem: Salome e Prado
6a7b13c0603b667969eea367;Kit Halteres Bola Pintados 1 A 10 kg;KIT-N019;Kits;Bola;kit;;;9506.91.00;;true;;;Pintado;;1-10;;;;;;;;;false;499978;Origem: Salome e Prado
6a7b141aa9c5d531620db927;Kit Halter Sextavado Injetado Pegada Cromada Ou Eletrostática 1 A 10 kg + Sup Universal;KIT-N021;Kits;;kit;;;9506.91.00;;true;;;Cromado;;1-10;;;;;;;;;false;499978;Origem: Salome e Prado
6a7b141aa9c5d531620db928;Kit Halter Sextavado Injetado Pegada Cromada Ou Eletrostática 1 A 5 kg + Sup Universal;KIT-N022;Kits;;kit;;;9506.91.00;;true;;;Cromado;;1-5;;;;;;;;;false;499978;Origem: Salome e Prado
6a7b141aa9c5d531620db929;Kit Halter Sextavado Injetado Pegada Cromada Ou Eletrostática 6 A 10 kg + Sup Universal;KIT-N023;Kits;;kit;;;9506.91.00;;true;;;Cromado;;6-10;;;;;;;;;false;499978;Origem: Salome e Prado
6a7b141aa9c5d531620db92a;Kit Halteres Sextavados Emborrachados 1 A 10 kg + Suporte Universal;KIT-N024;Kits;Sextavado;kit;;;9506.91.00;;true;;;Emborrachado;;1-10;;;;;;;;;false;499978;Origem: Salome e Prado
6a7b141aa9c5d531620db92b;Kit Halteres Sextavados Pintados 1 A 10 kg + Suporte Universal;KIT-N025;Kits;Sextavado;kit;;;9506.91.00;;true;;;Pintado;;1-10;;;;;;;;;false;499978;Origem: Salome e Prado
6a7b141aa9c5d531620db92c;Kit Halter Sextavado Injetado Pegada Cromada Ou Eletrostática 1 A 10 kg (10 Pares);KIT-N027;Kits;;kit;;;9506.91.00;;true;;;Injetado;Cromada;1-10;;;;;;;;;false;499978;Origem: Salome e Prado
6a7b141aa9c5d531620db92d;Kit Halter Sextavado Injetado Pegada Cromada Ou Eletrostática 1 A 5 kg (5 Pares);KIT-N028;Kits;;kit;;;9506.91.00;;true;;;Injetado;Cromada;1-5;;;;;;;;;false;499978;Origem: Salome e Prado
6a7b141aa9c5d531620db92e;Kit Halter Sextavado Injetado Pegada Cromada Ou Eletrostática 6 A 10 kg (5 Pares);KIT-N029;Kits;;kit;;;9506.91.00;;true;;;Injetado;Cromada;6-10;;;;;;;;;false;499978;Origem: Salome e Prado
6a7b141aa9c5d531620db92f;Kit Halteres Sextavados Emborrachados 1 A 10 kg;KIT-N030;Kits;Sextavado;kit;;;9506.91.00;;true;;;Emborrachado;;1-10;;;;;;;;;false;499978;Origem: Salome e Prado
6a7b141aa9c5d531620db930;Kit Halteres Sextavados Pintados 1 A 10 kg;KIT-N031;Kits;Sextavado;kit;;;9506.91.00;;true;;;Pintado;;1-10;;;;;;;;;false;499978;Origem: Salome e Prado
6a7b141aa9c5d531620db931;Kit Dumbbells Injetados Pegada Alumínio - 12 A 30 kg;KIT-N032;Kits;;kit;;;9506.91.00;;true;;;Injetado;Alumínio;12-30;;;;;;;;;false;499978;Origem: Salome e Prado
6a7b141aa9c5d531620db932;Kit Dumbbells Injetados Pegada Cromada - 12 A 30 kg;KIT-N033;Kits;;kit;;;9506.91.00;;true;;;Injetado;Cromada;12-30;;;;;;;;;false;499978;Origem: Salome e Prado
6a7b141aa9c5d531620db933;Kit Dumbbells Injetados Pegada Emborrachada - 12 A 30 kg;KIT-N034;Kits;;kit;;;9506.91.00;;true;;;Emborrachado;Emborrachada;12-30;;;;;;;;;false;499978;Origem: Salome e Prado
6a7b141aa9c5d531620db934;Kit Dumbbells Injetados Quadrado Pegada Alumínio - 12 A 30 kg;KIT-N035;Kits;;kit;;;9506.91.00;;true;;;Injetado;Alumínio;12-30;;;;;;;;;false;499978;Origem: Salome e Prado
6a7b141aa9c5d531620db935;Kit Dumbbells Emborrachados Pegada Alumínio - 12 A 30 kg;KIT-N036;Kits;;kit;;;9506.91.00;;true;;;Emborrachado;Alumínio;12-30;;;;;;;;;false;499978;Origem: Salome e Prado
6a7b141aa9c5d531620db936;Kit Dumbbells Emborrachados Pegada Cromada - 12 A 30 kg;KIT-N037;Kits;;kit;;;9506.91.00;;true;;;Emborrachado;Cromada;12-30;;;;;;;;;false;499978;Origem: Salome e Prado
6a7b141aa9c5d531620db937;Kit Dumbbells Emborrachados Pegada Emborrachada - 12 A 30 kg;KIT-N038;Kits;;kit;;;9506.91.00;;true;;;Emborrachado;Emborrachada;12-30;;;;;;;;;false;499978;Origem: Salome e Prado
6a7b141aa9c5d531620db938;Kit Dumbbells Pintados Pegada Alumínio - 12 A 30 kg;KIT-N039;Kits;;kit;;;9506.91.00;;true;;;Pintado;Alumínio;12-30;;;;;;;;;false;499978;Origem: Salome e Prado
6a7b141aa9c5d531620db939;Kit Dumbbells Pintados Pegada Cromada - 12 A 30 kg;KIT-N040;Kits;;kit;;;9506.91.00;;true;;;Cromado;Cromada;12-30;;;;;;;;;false;499978;Origem: Salome e Prado
6a7b141aa9c5d531620db93a;Kit Dumbbells Pintados Pegada Emborrachada - 12 A 30 kg;KIT-N041;Kits;;kit;;;9506.91.00;;true;;;Emborrachado;Emborrachada;12-30;;;;;;;;;false;499978;Origem: Salome e Prado
6a7b141aa9c5d531620db93b;Kit Dumbbells Sextavado Injetado Monobloco - Pegada Cromada - 12 A 30 kg;KIT-N042;Kits;Monobloco;kit;;;9506.91.00;;true;;;Cromado;;12-30;;;;;;;;;false;499978;Origem: Salome e Prado
6a7b141aa9c5d531620db93c;Kit Dumbbells Sextavado Injetado Monobloco - Pegada Injetada - 12 A 30 kg;KIT-N043;Kits;Monobloco;kit;;;9506.91.00;;true;;;Injetado;;12-30;;;;;;;;;false;499978;Origem: Salome e Prado
6a7b141aa9c5d531620db93d;Kit Dumbbells Sextavado Injetado Monobloco - Pegada Inox - 12 A 30 kg;KIT-N044;Kits;Monobloco;kit;;;9506.91.00;;true;;;;;12-30;;;;;;;;;false;499978;Origem: Salome e Prado
6a7b141aa9c5d531620db93e;Kit Dumbbells Sextavados Emborrachados - 12 A 30 kg;KIT-N045;Kits;Sextavado;kit;;;9506.91.00;;true;;;Emborrachado;;12-30;;;;;;;;;false;499978;Origem: Salome e Prado
6a7b141aa9c5d531620db93f;Kit Dumbbells Sextavados Pintados - 12 A 30 kg;KIT-N046;Kits;Sextavado;kit;;;9506.91.00;;true;;;Pintado;;12-30;;;;;;;;;false;499978;Origem: Salome e Prado
6a7b141aa9c5d531620db940;Suporte Kit Puxador Anatomico;KIT-N047;Puxadores;;kit;;;9506.91.00;;true;;;;;;;;;;;;;;false;499978;Origem: Salome e Prado
6a7b141aa9c5d531620db941;Kit Puxador Anatomico C/5;KIT-N048;Puxadores;;kit;;https://base44.app/api/apps/68c9d5dd3cf0f8fd8a834875/files/mp/public/68c9d5dd3cf0f8fd8a834875/ba5497dd2_kit-square.png;9506.91.00;;true;;;;;;;;;;;;;;false;499978;Origem: Salome e Prado
6a7b141aa9c5d531620db942;Kit Chute (2 Tornozeleiras + 2 Elásticos + 1 Mosquetão);KIT-N049;Kits;;peça;;;9506.91.00;;true;;;;;;;;;;;;;;false;499978;Origem: CPFit
6a7b141aa9c5d531620db943;Kit Elástico Extensor Fitness (4 Elásticos + 2 Mosquetões);KIT-N050;Kits;;peça;;;9506.91.00;;true;;;;;;;;;;;;;;false;499978;Origem: CPFit
6a7b141aa9c5d531620db944;Kit Soco (2 Pegadas + 2 Elásticos + 1 Mosquetão);KIT-N051;Kits;;peça;;;9506.91.00;;true;;;;;;;;;;;;;;false;499978;Origem: CPFit
6a7b141aa9c5d531620db945;Kit Soco e Chute (2 Pegadas + 2 Tornozeleiras + 4 Elásticos + 3 Mosquetões);KIT-N052;Kits;;peça;;;9506.91.00;;true;;;;;;;;;;;;;;false;499978;Origem: CPFit
6a7b141aa9c5d531620db946;Kit Tração Duplo com Fechamento Simples (G);KIT-N053;Kits;;peça;;;9506.91.00;;true;;;;;;;;;;;;;;false;499978;Origem: CPFit
6a7b141aa9c5d531620db947;Kit Tração Duplo com Fechamento Simples (M);KIT-N054;Kits;;peça;;;9506.91.00;;true;;;;;;;;;;;;;;false;499978;Origem: CPFit
6a7b141aa9c5d531620db948;Kit Tração Duplo com Fechamento Simples (P);KIT-N055;Kits;;peça;;;9506.91.00;;true;;;;;;;;;;;;;;false;499978;Origem: CPFit
6a7b141aa9c5d531620db949;Kit Tração Individual com Fechamento Simples (G);KIT-N056;Kits;;peça;;;9506.91.00;;true;;;;;;;;;;;;;;false;499978;Origem: CPFit
6a7b141aa9c5d531620db94a;Kit Tração Individual com Fechamento Simples (M);KIT-N057;Kits;;peça;;;9506.91.00;;true;;;;;;;;;;;;;;false;499978;Origem: CPFit
6a7b141aa9c5d531620db94b;Kit Tração Individual com Fechamento Simples (P);KIT-N058;Kits;;peça;;;9506.91.00;;true;;;;;;;;;;;;;;false;499978;Origem: CPFit
6a7b141aa9c5d531620db94c;Piso Square Liso 1X1 15Mm Preto;PIS-N001;Pisos;;m²;;;9506.91.00;;true;;;;;;;;;;;;;;false;4669;Origem: Furious Equipment
6a7b141aa9c5d531620db94d;Puxador Com 2 Argolas (Ring Muscle Up);PUX-N001;Puxadores;;peça;;;9506.91.00;;true;;;;;;;;;;;;;;false;3217;Origem: Furious Equipment
6a7b141aa9c5d531620db94e;Polia Baixa (Puxador Tornozeleira);PUX-N002;Puxadores;;peça;;https://metalformaadm.webtrafego.com.br/acesso/imagens/1705951320-Polia_Baixa_146933.jpg;9506.91.00;;true;;;;;;;;;;;;;;false;3217;Origem: Furious Equipment
6a7b141aa9c5d531620db94f;Puxador Estribo Crossover Nylon;PUX-N003;Puxadores;;peça;;https://metalformaadm.webtrafego.com.br/acesso/imagens/1705950970-147028_Puxador_Estribo_crossover_nylon_147028.jpg;9506.91.00;;true;;;;;;;;;;;;;;false;3217;Origem: Furious Equipment
6a7b141aa9c5d531620db950;Puxador Tríceps Corda Cros Over;PUX-N004;Puxadores;;peça;;https://base44.app/api/apps/68c9d5dd3cf0f8fd8a834875/files/mp/public/68c9d5dd3cf0f8fd8a834875/8e00cb558_corda-square.png;9506.91.00;;true;;;;;;;;;;;;;;false;3217;Origem: Salome e Prado
6a7b141aa9c5d531620db951;Alça Tornozeleira Puxador Gluteos;PUX-N005;Puxadores;;peça;;;9506.91.00;;true;;;;;;;;;;;;;;false;3217;Origem: Salome e Prado
6a7b141aa9c5d531620db952;Puxador Tríceps Curvo 60 cm - Preto;PUX-N006;Puxadores;;peça;;;9506.91.00;;true;;;;;;;;;;;;;;false;3217;Origem: Salome e Prado
6a7b141aa9c5d531620db953;Puxador Tríceps Curvo 60 cm - Cromado;PUX-N007;Puxadores;;peça;;;9506.91.00;;true;;;Cromado;;;;;;;;;;;false;3217;Origem: Salome e Prado
6a7b141aa9c5d531620db954;Puxador Tríceps Reto 60 cm - Preto;PUX-N008;Puxadores;;peça;;https://base44.app/api/apps/68c9d5dd3cf0f8fd8a834875/files/mp/public/68c9d5dd3cf0f8fd8a834875/462cf0cce_18-puxador_reto.jpg;9506.91.00;;true;;;;;;;;;;;;;;false;3217;Origem: Salome e Prado
6a7b141aa9c5d531620db955;Puxador Tríceps Reto 60 cm - Cromado;PUX-N009;Puxadores;;peça;;https://base44.app/api/apps/68c9d5dd3cf0f8fd8a834875/files/mp/public/68c9d5dd3cf0f8fd8a834875/af0d14172_14-puxador_reto.jpg;9506.91.00;;true;;;Cromado;;;;;;;;;;;false;3217;Origem: Salome e Prado
6a7b141aa9c5d531620db956;Puxador Tríceps "V" - Preto;PUX-N012;Puxadores;;peça;;https://base44.app/api/apps/68c9d5dd3cf0f8fd8a834875/files/mp/public/68c9d5dd3cf0f8fd8a834875/ebe1039c6_15-puxador_v.jpg;9506.91.00;;true;;;;;;;;;;;;;;false;3217;Origem: Salome e Prado
6a7b141aa9c5d531620db957;Puxador Tríceps "V" - Cromado;PUX-N013;Puxadores;;peça;;https://base44.app/api/apps/68c9d5dd3cf0f8fd8a834875/files/mp/public/68c9d5dd3cf0f8fd8a834875/e861fa5a4_16-puxador_v.jpg;9506.91.00;;true;;;Cromado;;;;;;;;;;;false;3217;Origem: Salome e Prado
6a7b141aa9c5d531620db958;Puxador Estribo / Cross Over (Par) - Preto;PUX-N014;Puxadores;;peça;;;9506.91.00;;true;;;;;;;;;;;;;;false;3217;Origem: Salome e Prado
6a7b141aa9c5d531620db959;Puxador Estribo / Cross Over (Par) - Cromado;PUX-N015;Puxadores;;peça;;;9506.91.00;;true;;;Cromado;;;;;;;;;;;false;3217;Origem: Salome e Prado
6a7b141aa9c5d531620db95a;Expositor Anilha "T" Olímpico;SUP-N001;Suportes;;peça;;https://metalformaadm.webtrafego.com.br/acesso/imagens/1708116663-147058_EXP0SIT0R_ANILHA_T_PARA_200KG.jpg;9506.91.00;;true;;;;;;;;;;;;;;false;8083;Origem: Furious Equipment
6a7b141aa9c5d531620db95b;Expositor Dumbbell Montado 4 Pares;SUP-N002;Suportes;Montado;peça;;https://base44.app/api/apps/68c9d5dd3cf0f8fd8a834875/files/mp/public/68c9d5dd3cf0f8fd8a834875/80fc060f6_catalogo-sup_dum_montado.jpg;9506.91.00;;true;;;;;;;;;;;;;;false;8083;Origem: Furious Equipment
6a7b141aa9c5d531620db95c;Suporte Para Barra C/ Regulagem Para Exercício Livre;SUP-N008;Barras;;peça;;;9506.91.00;;true;;;;;;;;;;;;;;false;8083;Origem: Furious Equipment
6a7b141aa9c5d531620db95d;Suporte Caneleira 1,00 X 0,80 X 070 - 10 Pares (1 A 10);SUP-N009;Suportes;;peça;;;9506.91.00;;true;;;;;;;;;;;;;;false;8083;Origem: Furious Equipment
6a7b141aa9c5d531620db95e;Tijolinho Pintado;TIJ-N001;Tijolinhos;;peça;;https://anilhasehalteresbrasil.com.br/wp-content/uploads/2019/03/tijolinho-meia-lua.jpeg;9506.91.00;;true;;;Pintado;;;;;;;;;;;false;3217;Origem: Anilhas e Halteres Brasil
6a7b141aa9c5d531620db95f;Guia Pintado;TIJ-N002;Tijolinhos;;peça;;https://anilhasehalteresbrasil.com.br/wp-content/uploads/2019/03/Guia-Meia-Lua-1.jpeg;9506.91.00;;true;;;Pintado;;;;;;;;;;;false;3217;Origem: Anilhas e Halteres Brasil
6a7b141aa9c5d531620db960;Tijolinho Injetado;TIJ-N003;Tijolinhos;;peça;;https://anilhasehalteresbrasil.com.br/wp-content/uploads/2019/08/1754_1_20160321160558.jpg;9506.91.00;;true;;;Injetado;;;;;;;;;;;false;3217;Origem: Anilhas e Halteres Brasil
6a7b141aa9c5d531620db961;Guia Injetado;TIJ-N004;Tijolinhos;;peça;;https://anilhasehalteresbrasil.com.br/wp-content/uploads/2019/08/guia-injetada.jpg;9506.91.00;;true;;;Injetado;;;;;;;;;;;false;3217;Origem: Anilhas e Halteres Brasil
6a7b141aa9c5d531620db962;Bucha Para Tijolinho Injetado Pp 1";TIJ-N008;Tijolinhos;;peça;;https://base44.app/api/apps/68c9d5dd3cf0f8fd8a834875/files/mp/public/68c9d5dd3cf0f8fd8a834875/7b81806fe_5-p13_220.jpg;9506.91.00;;true;;;Injetado;;;;;;;;;;;false;3217;Origem: Furious Equipment
6a7b141aa9c5d531620db963;Bucha Para Tijolinho Injetado Pp 7/8";TIJ-N009;Tijolinhos;;peça;;https://base44.app/api/apps/68c9d5dd3cf0f8fd8a834875/files/mp/public/68c9d5dd3cf0f8fd8a834875/bbdad2c5d_catalogo-tij_bucha_inj.jpg;9506.91.00;;true;;;Injetado;;;;;;;;;;;false;3217;Origem: Furious Equipment
6a7b141aa9c5d531620db964;Bucha Para Tijolinho Jaú Pp 1";TIJ-N010;Tijolinhos;Jaú;peça;;https://base44.app/api/apps/68c9d5dd3cf0f8fd8a834875/files/mp/public/68c9d5dd3cf0f8fd8a834875/b6cad190d_1-p13_222.jpg;9506.91.00;;true;;;;;;;;;;;;;;false;3217;Origem: Furious Equipment
6a7b141aa9c5d531620db965;Bucha Para Guia Injetada Pp 1";TIJ-N011;Tijolinhos;;peça;;https://base44.app/api/apps/68c9d5dd3cf0f8fd8a834875/files/mp/public/68c9d5dd3cf0f8fd8a834875/5e333c370_catalogo-tij_bucha_guia_inj.jpg;9506.91.00;;true;;;Injetado;;;;;;;;;;;false;3217;Origem: Furious Equipment
6a7b141aa9c5d531620db966;Bucha Para Guia Injetada Pp 7/8";TIJ-N012;Tijolinhos;;peça;;https://base44.app/api/apps/68c9d5dd3cf0f8fd8a834875/files/mp/public/68c9d5dd3cf0f8fd8a834875/5e333c370_catalogo-tij_bucha_guia_inj.jpg;9506.91.00;;true;;;Injetado;;;;;;;;;;;false;3217;Origem: Furious Equipment
6a7b141aa9c5d531620db967;Bucha Para Guia Jaú Pp 1";TIJ-N013;Tijolinhos;Jaú;peça;;https://base44.app/api/apps/68c9d5dd3cf0f8fd8a834875/files/mp/public/68c9d5dd3cf0f8fd8a834875/8b3deca9c_8-p13_228.jpg;9506.91.00;;true;;;;;;;;;;;;;;false;3217;Origem: Furious Equipment
6a7b141aa9c5d531620db968;Bucha Para Guia Jaú Pp 7/8";TIJ-N014;Tijolinhos;Jaú;peça;;https://base44.app/api/apps/68c9d5dd3cf0f8fd8a834875/files/mp/public/68c9d5dd3cf0f8fd8a834875/d6107f322_catalogo-tij_bucha_guia_jau.jpg;9506.91.00;;true;;;;;;;;;;;;;;false;3217;Origem: Furious Equipment
6a7b141aa9c5d531620db969;Tijolinho Injetado Evolution 5 E 10 kg;TIJ-N015;Tijolinhos;Evolution;peça;;;9506.91.00;;true;;;Injetado;;5-10;;;;;;;;;false;3217;Origem: Salome e Prado
6a7b141aa9c5d531620db96a;Tijolinho Quadrado Injetado 5 E 10 kg;TIJ-N016;Tijolinhos;Quadrado;peça;;https://img.irroba.com.br/fit-in/1000x1000/filters:fill(fff):quality(80)/anilhasd/catalog/tijolinhos/tijolinho-quadrado-injetado/af-tjo-quadrado-5-i.jpg;9506.91.00;;true;;;Injetado;;5-10;;;;;;;;;false;3217;Origem: Salome e Prado
6a7b141aa9c5d531620db96b;Tijolinho Quadrado Pintado 5 E 10 kg;TIJ-N017;Tijolinhos;Quadrado;peça;;;9506.91.00;;true;;;Pintado;;5-10;;;;;;;;;false;3217;Origem: Salome e Prado
6a7b141aa9c5d531620db96c;Tijolinho Quadrado Rt Pintado 5 E 10 kg;TIJ-N018;Tijolinhos;Quadrado;peça;;https://base44.app/api/apps/68c9d5dd3cf0f8fd8a834875/files/mp/public/68c9d5dd3cf0f8fd8a834875/c76d544ca_catalogo-tij_quad_rt.jpg;9506.91.00;;true;;;Pintado;;5-10;;;;;;;;;false;3217;Origem: Salome e Prado
6a7b141aa9c5d531620db96d;Guia Tijolinho Injetado Evolution 6 kg;TIJ-N019;Tijolinhos;Evolution;peça;6;https://base44.app/api/apps/68c9d5dd3cf0f8fd8a834875/files/mp/public/68c9d5dd3cf0f8fd8a834875/4beb711b0_guia-square.png;9506.91.00;;true;;;Injetado;;;;;;;;;;;false;3217;Origem: Salome e Prado
6a7b141aa9c5d531620db96e;Acabamento Tijolinho/Guia Injetado Evolution - Cores;TIJ-N020;Tijolinhos;Evolution;peça;;https://base44.app/api/apps/68c9d5dd3cf0f8fd8a834875/files/mp/public/68c9d5dd3cf0f8fd8a834875/2d49521e2_catalogo-tij_evolution.jpg;9506.91.00;;true;;;Injetado;;;;;;;;;;;false;3217;Origem: Salome e Prado
6a7b141aa9c5d531620db96f;Guia Tijolinho Quadrado Injetada 6 kg;TIJ-N021;Tijolinhos;Quadrado;peça;6;;9506.91.00;;true;;;Injetado;;;;;;;;;;;false;3217;Origem: Salome e Prado
6a7b141aa9c5d531620db970;Guia Tijolinho Quadrado Pintada 7 kg;TIJ-N022;Tijolinhos;Quadrado;peça;7;;9506.91.00;;true;;;Pintado;;;;;;;;;;;false;3217;Origem: Salome e Prado
6a7b1e807b1911fd4530624a;Corda Naval Fitness Emborrachada Pegada Emborrachada - 36Mm (6 Metros);ACE-N001;Acessórios;;peça;;;9506.91.00;;false;;;;;;;;;;;;;;false;Sporting Goods > Exercise & Fitness;DUPLICATA — leva de 11/08/2026 13:07 UTC, reenvio indevido do lote U1. Desativado em 11/08/2026. O registro válido é o da leva de 12:17 UTC (ou o template pré-existente do catálogo).
6a7b1e807b1911fd4530624b;Corda Naval Fitness Emborrachada Pegada Emborrachada - 36Mm (8 Metros);ACE-N002;Acessórios;;peça;;;9506.91.00;;false;;;;;;;;;;;;;;false;Sporting Goods > Exercise & Fitness;DUPLICATA — leva de 11/08/2026 13:07 UTC, reenvio indevido do lote U1. Desativado em 11/08/2026. O registro válido é o da leva de 12:17 UTC (ou o template pré-existente do catálogo).
6a7b1e807b1911fd4530624c;Corda Naval Fitness Emborrachada Pegada Emborrachada - 36Mm (10 Metros);ACE-N003;Acessórios;;peça;;;9506.91.00;;false;;;;;;;;;;;;;;false;Sporting Goods > Exercise & Fitness;DUPLICATA — leva de 11/08/2026 13:07 UTC, reenvio indevido do lote U1. Desativado em 11/08/2026. O registro válido é o da leva de 12:17 UTC (ou o template pré-existente do catálogo).
6a7b1e807b1911fd4530624d;Corda Naval Fitness Emborrachada Pegada Emborrachada - 36Mm (12 Metros);ACE-N004;Acessórios;;peça;;;9506.91.00;;false;;;;;;;;;;;;;;false;Sporting Goods > Exercise & Fitness;DUPLICATA — leva de 11/08/2026 13:07 UTC, reenvio indevido do lote U1. Desativado em 11/08/2026. O registro válido é o da leva de 12:17 UTC (ou o template pré-existente do catálogo).
6a7b1e807b1911fd4530624e;Cinto De Tração Modelos Simples (G);ACE-N005;Acessórios;;peça;;;9506.91.00;;false;;;;;;;;;;;;;;false;Sporting Goods > Exercise & Fitness;DUPLICATA — leva de 11/08/2026 13:07 UTC, reenvio indevido do lote U1. Desativado em 11/08/2026. O registro válido é o da leva de 12:17 UTC (ou o template pré-existente do catálogo).
6a7b1e807b1911fd4530624f;Luvinha Emborrachada Nº 1 E Nº 2 2kg;ACE-N006;Acessórios;;peça;2;;9506.91.00;;false;;;Emborrachado;;;;;;;;;;;false;Sporting Goods > Exercise & Fitness;DUPLICATA — leva de 11/08/2026 13:07 UTC, reenvio indevido do lote U1. Desativado em 11/08/2026. O registro válido é o da leva de 12:17 UTC (ou o template pré-existente do catálogo).
6a7b1e807b1911fd45306250;Luvinha Emborrachada Nº 1 E Nº 2 1kg;ACE-N007;Acessórios;;peça;1;;9506.91.00;;false;;;Emborrachado;;;;;;;;;;;false;Sporting Goods > Exercise & Fitness;DUPLICATA — leva de 11/08/2026 13:07 UTC, reenvio indevido do lote U1. Desativado em 11/08/2026. O registro válido é o da leva de 12:17 UTC (ou o template pré-existente do catálogo).
6a7b1e807b1911fd45306251;Luvinha Pintada Nº 1 E Nº 2 (Preto / Azul) 2kg;ACE-N008;Acessórios;;peça;2;;9506.91.00;;false;;;Pintado;;;;;;;;;;;false;Sporting Goods > Exercise & Fitness;DUPLICATA — leva de 11/08/2026 13:07 UTC, reenvio indevido do lote U1. Desativado em 11/08/2026. O registro válido é o da leva de 12:17 UTC (ou o template pré-existente do catálogo).
6a7b1e807b1911fd45306252;Luvinha Pintada Nº 1 E Nº 2 (Preto / Azul) 1kg;ACE-N009;Acessórios;;peça;1;;9506.91.00;;false;;;Pintado;;;;;;;;;;;false;Sporting Goods > Exercise & Fitness;DUPLICATA — leva de 11/08/2026 13:07 UTC, reenvio indevido do lote U1. Desativado em 11/08/2026. O registro válido é o da leva de 12:17 UTC (ou o template pré-existente do catálogo).
6a7b1e807b1911fd45306253;Bola Arremesso Pintada - Preto 6kg;ACE-N010;Acessórios;Bola;peça;6;;9506.91.00;;false;;;Pintado;;;;;;;;;;;false;Sporting Goods > Exercise & Fitness;DUPLICATA — leva de 11/08/2026 13:07 UTC, reenvio indevido do lote U1. Desativado em 11/08/2026. O registro válido é o da leva de 12:17 UTC (ou o template pré-existente do catálogo).
6a7b1e807b1911fd45306254;Bola Arremesso Pintada - Preto 4kg;ACE-N011;Acessórios;Bola;peça;4;;9506.91.00;;false;;;Pintado;;;;;;;;;;;false;Sporting Goods > Exercise & Fitness;DUPLICATA — leva de 11/08/2026 13:07 UTC, reenvio indevido do lote U1. Desativado em 11/08/2026. O registro válido é o da leva de 12:17 UTC (ou o template pré-existente do catálogo).
6a7b1e807b1911fd45306255;Abmat;ACE-N012;Acessórios;;peça;;;9506.91.00;;false;;;;;;;;;;;;;;false;Sporting Goods > Exercise & Fitness;DUPLICATA — leva de 11/08/2026 13:07 UTC, reenvio indevido do lote U1. Desativado em 11/08/2026. O registro válido é o da leva de 12:17 UTC (ou o template pré-existente do catálogo).
6a7b1e807b1911fd45306256;Almofada / Amortecimento LPO;ACE-N013;Acessórios;;peça;;;9506.91.00;;false;;;;;;;;;;;;;;false;Sporting Goods > Exercise & Fitness;DUPLICATA — leva de 11/08/2026 13:07 UTC, reenvio indevido do lote U1. Desativado em 11/08/2026. O registro válido é o da leva de 12:17 UTC (ou o template pré-existente do catálogo).
6a7b1e807b1911fd45306257;Anaconda (Worm) Com 3 Bags De 36Kgs Cada;ACE-N014;Acessórios;;peça;36;;9506.91.00;;false;;;;;;;;;;;;;;false;Sporting Goods > Exercise & Fitness;DUPLICATA — leva de 11/08/2026 13:07 UTC, reenvio indevido do lote U1. Desativado em 11/08/2026. O registro válido é o da leva de 12:17 UTC (ou o template pré-existente do catálogo).
6a7b1e807b1911fd45306258;Capa Para Anaconda;ACE-N015;Acessórios;;peça;;;9506.91.00;;false;;;;;;;;;;;;;;false;Sporting Goods > Exercise & Fitness;DUPLICATA — leva de 11/08/2026 13:07 UTC, reenvio indevido do lote U1. Desativado em 11/08/2026. O registro válido é o da leva de 12:17 UTC (ou o template pré-existente do catálogo).
6a7b1e807b1911fd45306259;Corda De Salto - Speed Rope Sr 2.1 - Preta;ACE-N016;Acessórios;;peça;;;9506.91.00;;false;;;;;;;;;;;;;;false;Sporting Goods > Exercise & Fitness;DUPLICATA — leva de 11/08/2026 13:07 UTC, reenvio indevido do lote U1. Desativado em 11/08/2026. O registro válido é o da leva de 12:17 UTC (ou o template pré-existente do catálogo).
6a7b1e807b1911fd4530625a;Corda Sisal Com Acabamento Nas Pontas 3Mts 38Mm;ACE-N017;Acessórios;;peça;;;9506.91.00;;false;;;;;;;;;;;;;;false;Sporting Goods > Exercise & Fitness;DUPLICATA — leva de 11/08/2026 13:07 UTC, reenvio indevido do lote U1. Desativado em 11/08/2026. O registro válido é o da leva de 12:17 UTC (ou o template pré-existente do catálogo).
6a7b1e807b1911fd4530625b;Corda Sisal Com Acabamento Nas Pontas 6Mts 38Mm;ACE-N018;Acessórios;;peça;;;9506.91.00;;false;;;;;;;;;;;;;;false;Sporting Goods > Exercise & Fitness;DUPLICATA — leva de 11/08/2026 13:07 UTC, reenvio indevido do lote U1. Desativado em 11/08/2026. O registro válido é o da leva de 12:17 UTC (ou o template pré-existente do catálogo).
6a7b1e807b1911fd4530625c;Corda Sisal Com Acabamento Nas Pontas 50Mm;ACE-N019;Acessórios;;peça;;;9506.91.00;;false;;;;;;;;;;;;;;false;Sporting Goods > Exercise & Fitness;DUPLICATA — leva de 11/08/2026 13:07 UTC, reenvio indevido do lote U1. Desativado em 11/08/2026. O registro válido é o da leva de 12:17 UTC (ou o template pré-existente do catálogo).
6a7b1e807b1911fd4530625d;Corda Naval Nylon 38Mm;ACE-N020;Acessórios;;peça;;;9506.91.00;;false;;;;;;;;;;;;;;false;Sporting Goods > Exercise & Fitness;DUPLICATA — leva de 11/08/2026 13:07 UTC, reenvio indevido do lote U1. Desativado em 11/08/2026. O registro válido é o da leva de 12:17 UTC (ou o template pré-existente do catálogo).
6a7b1e807b1911fd4530625e;Capa Para Corda Sisal Ou Nylon 38 Ou 50Mm Ø;ACE-N021;Acessórios;;peça;;;9506.91.00;;false;;;;;;;;;;;;;;false;Sporting Goods > Exercise & Fitness;DUPLICATA — leva de 11/08/2026 13:07 UTC, reenvio indevido do lote U1. Desativado em 11/08/2026. O registro válido é o da leva de 12:17 UTC (ou o template pré-existente do catálogo).
6a7b1e807b1911fd4530625f;Ponteira Para Corda Sisal/Emborrachada;ACE-N022;Acessórios;;peça;;;9506.91.00;;false;;;Emborrachado;;;;;;;;;;;false;Sporting Goods > Exercise & Fitness;DUPLICATA — leva de 11/08/2026 13:07 UTC, reenvio indevido do lote U1. Desativado em 11/08/2026. O registro válido é o da leva de 12:17 UTC (ou o template pré-existente do catálogo).
6a7b1e807b1911fd45306260;Banco Supino Reto 1,10 X 0,35 X 0,40;ACE-N023;Acessórios;;peça;;;9506.91.00;;false;;;;;;;;;;;;;;false;Sporting Goods > Exercise & Fitness;DUPLICATA — leva de 11/08/2026 13:07 UTC, reenvio indevido do lote U1. Desativado em 11/08/2026. O registro válido é o da leva de 12:17 UTC (ou o template pré-existente do catálogo).
6a7b1e807b1911fd45306261;Banco Supino Regulável;ACE-N024;Acessórios;;peça;;;9506.91.00;;false;;;;;;;;;;;;;;false;Sporting Goods > Exercise & Fitness;DUPLICATA — leva de 11/08/2026 13:07 UTC, reenvio indevido do lote U1. Desativado em 11/08/2026. O registro válido é o da leva de 12:17 UTC (ou o template pré-existente do catálogo).
6a7b1e807b1911fd45306262;Colete De Peso 5Kg;ACE-N025;Acessórios;;peça;5;;9506.91.00;;false;;;;;;;;;;;;;;false;Sporting Goods > Exercise & Fitness;DUPLICATA — leva de 11/08/2026 13:07 UTC, reenvio indevido do lote U1. Desativado em 11/08/2026. O registro válido é o da leva de 12:17 UTC (ou o template pré-existente do catálogo).
6a7b1e807b1911fd45306263;Colete De Peso 10Kg;ACE-N026;Acessórios;;peça;10;;9506.91.00;;false;;;;;;;;;;;;;;false;Sporting Goods > Exercise & Fitness;DUPLICATA — leva de 11/08/2026 13:07 UTC, reenvio indevido do lote U1. Desativado em 11/08/2026. O registro válido é o da leva de 12:17 UTC (ou o template pré-existente do catálogo).
6a7b1e807b1911fd45306264;Box Jump 75 X 50 X 60;ACE-N027;Acessórios;;peça;;;9506.91.00;;false;;;;;;;;;;;;;;false;Sporting Goods > Exercise & Fitness;DUPLICATA — leva de 11/08/2026 13:07 UTC, reenvio indevido do lote U1. Desativado em 11/08/2026. O registro válido é o da leva de 12:17 UTC (ou o template pré-existente do catálogo).
6a7b1e807b1911fd45306265;Box Jump 60 X 35 X 25;ACE-N028;Acessórios;;peça;;;9506.91.00;;false;;;;;;;;;;;;;;false;Sporting Goods > Exercise & Fitness;DUPLICATA — leva de 11/08/2026 13:07 UTC, reenvio indevido do lote U1. Desativado em 11/08/2026. O registro válido é o da leva de 12:17 UTC (ou o template pré-existente do catálogo).
6a7b1e807b1911fd45306266;Box Jump 45 X 40 X 35;ACE-N029;Acessórios;;peça;;;9506.91.00;;false;;;;;;;;;;;;;;false;Sporting Goods > Exercise & Fitness;DUPLICATA — leva de 11/08/2026 13:07 UTC, reenvio indevido do lote U1. Desativado em 11/08/2026. O registro válido é o da leva de 12:17 UTC (ou o template pré-existente do catálogo).
6a7b1e807b1911fd45306267;Cama Elástica Mini Jump Profissional Aro;ACE-N030;Acessórios;;peça;;;9506.91.00;;false;;;;;;;;;;;;;;false;Sporting Goods > Exercise & Fitness;DUPLICATA — leva de 11/08/2026 13:07 UTC, reenvio indevido do lote U1. Desativado em 11/08/2026. O registro válido é o da leva de 12:17 UTC (ou o template pré-existente do catálogo).
6a7b1e807b1911fd45306268;Step EVA 60X28X10Cm;ACE-N031;Acessórios;;peça;;;9506.91.00;;false;;;;;;;;;;;;;;false;Sporting Goods > Exercise & Fitness;DUPLICATA — leva de 11/08/2026 13:07 UTC, reenvio indevido do lote U1. Desativado em 11/08/2026. O registro válido é o da leva de 12:17 UTC (ou o template pré-existente do catálogo).
6a7b1e807b1911fd45306269;Step EVA 80X28X10Cm;ACE-N032;Acessórios;;peça;;;9506.91.00;;false;;;;;;;;;;;;;;false;Sporting Goods > Exercise & Fitness;DUPLICATA — leva de 11/08/2026 13:07 UTC, reenvio indevido do lote U1. Desativado em 11/08/2026. O registro válido é o da leva de 12:17 UTC (ou o template pré-existente do catálogo).
6a7b1e807b1911fd4530626a;Step EVA 90X28X10Cm;ACE-N033;Acessórios;;peça;;;9506.91.00;;false;;;;;;;;;;;;;;false;Sporting Goods > Exercise & Fitness;DUPLICATA — leva de 11/08/2026 13:07 UTC, reenvio indevido do lote U1. Desativado em 11/08/2026. O registro válido é o da leva de 12:17 UTC (ou o template pré-existente do catálogo).
6a7b1e807b1911fd4530626b;Step EVA 90X28X14Cm;ACE-N034;Acessórios;;peça;;;9506.91.00;;false;;;;;;;;;;;;;;false;Sporting Goods > Exercise & Fitness;DUPLICATA — leva de 11/08/2026 13:07 UTC, reenvio indevido do lote U1. Desativado em 11/08/2026. O registro válido é o da leva de 12:17 UTC (ou o template pré-existente do catálogo).
6a7b1e807b1911fd4530626c;Anilha Madeira Crossfit Diametro 45Cm;ACE-N058;Acessórios;;peça;;;9506.91.00;;false;;;;;;;;;;;;;;false;Sporting Goods > Exercise & Fitness;DUPLICATA — leva de 11/08/2026 13:07 UTC, reenvio indevido do lote U1. Desativado em 11/08/2026. O registro válido é o da leva de 12:17 UTC (ou o template pré-existente do catálogo).
6a7b1e807b1911fd4530626d;Bola Suiça Ø 55 cm;ACE-N059;Acessórios;Bola;peça;;;9506.91.00;;false;;;;;;;;;;;;;;false;Sporting Goods > Exercise & Fitness;DUPLICATA — leva de 11/08/2026 13:07 UTC, reenvio indevido do lote U1. Desativado em 11/08/2026. O registro válido é o da leva de 12:17 UTC (ou o template pré-existente do catálogo).
6a7b1e807b1911fd4530626e;Bola Suiça Ø 75 cm;ACE-N060;Acessórios;Bola;peça;;;9506.91.00;;false;;;;;;;;;;;;;;false;Sporting Goods > Exercise & Fitness;DUPLICATA — leva de 11/08/2026 13:07 UTC, reenvio indevido do lote U1. Desativado em 11/08/2026. O registro válido é o da leva de 12:17 UTC (ou o template pré-existente do catálogo).
6a7b1e807b1911fd4530626f;Escada De Agilidade Nylon 10 Degraus;ACE-N061;Acessórios;;peça;;;9506.91.00;;false;;;;;;;;;;;;;;false;Sporting Goods > Exercise & Fitness;DUPLICATA — leva de 11/08/2026 13:07 UTC, reenvio indevido do lote U1. Desativado em 11/08/2026. O registro válido é o da leva de 12:17 UTC (ou o template pré-existente do catálogo).
6a7b1e807b1911fd45306270;Escada De Agilidade PVC 06 Degraus;ACE-N062;Acessórios;;peça;;;9506.91.00;;false;;;;;;;;;;;;;;false;Sporting Goods > Exercise & Fitness;DUPLICATA — leva de 11/08/2026 13:07 UTC, reenvio indevido do lote U1. Desativado em 11/08/2026. O registro válido é o da leva de 12:17 UTC (ou o template pré-existente do catálogo).
6a7b1e807b1911fd45306271;Escada De Agilidade PVC 08 Degraus;ACE-N063;Acessórios;;peça;;;9506.91.00;;false;;;;;;;;;;;;;;false;Sporting Goods > Exercise & Fitness;DUPLICATA — leva de 11/08/2026 13:07 UTC, reenvio indevido do lote U1. Desativado em 11/08/2026. O registro válido é o da leva de 12:17 UTC (ou o template pré-existente do catálogo).
6a7b1e807b1911fd45306272;Escada De Agilidade PVC 10 Degraus;ACE-N064;Acessórios;;peça;;;9506.91.00;;false;;;;;;;;;;;;;;false;Sporting Goods > Exercise & Fitness;DUPLICATA — leva de 11/08/2026 13:07 UTC, reenvio indevido do lote U1. Desativado em 11/08/2026. O registro válido é o da leva de 12:17 UTC (ou o template pré-existente do catálogo).
6a7b1e807b1911fd45306273;Cone 24Cm Furado;ACE-N065;Acessórios;;peça;;;9506.91.00;;false;;;;;;;;;;;;;;false;Sporting Goods > Exercise & Fitness;DUPLICATA — leva de 11/08/2026 13:07 UTC, reenvio indevido do lote U1. Desativado em 11/08/2026. O registro válido é o da leva de 12:17 UTC (ou o template pré-existente do catálogo).
6a7b1e807b1911fd45306274;Cone 24Cm Rígido;ACE-N066;Acessórios;;peça;;;9506.91.00;;false;;;;;;;;;;;;;;false;Sporting Goods > Exercise & Fitness;DUPLICATA — leva de 11/08/2026 13:07 UTC, reenvio indevido do lote U1. Desativado em 11/08/2026. O registro válido é o da leva de 12:17 UTC (ou o template pré-existente do catálogo).
6a7b1e807b1911fd45306275;Cone 24Cm Flexível;ACE-N067;Acessórios;;peça;;;9506.91.00;;false;;;;;;;;;;;;;;false;Sporting Goods > Exercise & Fitness;DUPLICATA — leva de 11/08/2026 13:07 UTC, reenvio indevido do lote U1. Desativado em 11/08/2026. O registro válido é o da leva de 12:17 UTC (ou o template pré-existente do catálogo).
6a7b1e807b1911fd45306276;Prato Demarcatório;ACE-N068;Acessórios;;peça;;;9506.91.00;;false;;;;;;;;;;;;;;false;Sporting Goods > Exercise & Fitness;DUPLICATA — leva de 11/08/2026 13:07 UTC, reenvio indevido do lote U1. Desativado em 11/08/2026. O registro válido é o da leva de 12:17 UTC (ou o template pré-existente do catálogo).
6a7b1e807b1911fd45306277;Cone 50Cm Rígido;ACE-N069;Acessórios;;peça;;;9506.91.00;;false;;;;;;;;;;;;;;false;Sporting Goods > Exercise & Fitness;DUPLICATA — leva de 11/08/2026 13:07 UTC, reenvio indevido do lote U1. Desativado em 11/08/2026. O registro válido é o da leva de 12:17 UTC (ou o template pré-existente do catálogo).
6a7b1e807b1911fd45306278;Cone 50Cm Furado;ACE-N070;Acessórios;;peça;;;9506.91.00;;false;;;;;;;;;;;;;;false;Sporting Goods > Exercise & Fitness;DUPLICATA — leva de 11/08/2026 13:07 UTC, reenvio indevido do lote U1. Desativado em 11/08/2026. O registro válido é o da leva de 12:17 UTC (ou o template pré-existente do catálogo).
6a7b1e807b1911fd45306279;Estaca Agilidade 1,60Mt Altura;ACE-N071;Acessórios;;peça;;;9506.91.00;;false;;;;;;;;;;;;;;false;Sporting Goods > Exercise & Fitness;DUPLICATA — leva de 11/08/2026 13:07 UTC, reenvio indevido do lote U1. Desativado em 11/08/2026. O registro válido é o da leva de 12:17 UTC (ou o template pré-existente do catálogo).
6a7b1e807b1911fd4530627a;Mini Rolo De Massagem;ACE-N072;Acessórios;;peça;;;9506.91.00;;false;;;;;;;;;;;;;;false;Sporting Goods > Exercise & Fitness;DUPLICATA — leva de 11/08/2026 13:07 UTC, reenvio indevido do lote U1. Desativado em 11/08/2026. O registro válido é o da leva de 12:17 UTC (ou o template pré-existente do catálogo).
6a7b1e807b1911fd4530627b;Rolo De Massagem;ACE-N073;Acessórios;;peça;;;9506.91.00;;false;;;;;;;;;;;;;;false;Sporting Goods > Exercise & Fitness;DUPLICATA — leva de 11/08/2026 13:07 UTC, reenvio indevido do lote U1. Desativado em 11/08/2026. O registro válido é o da leva de 12:17 UTC (ou o template pré-existente do catálogo).
6a7b1e807b1911fd4530627c;Roda Abdominal Dupla;ACE-N074;Acessórios;;peça;;;9506.91.00;;false;;;;;;;;;;;;;;false;Sporting Goods > Exercise & Fitness;DUPLICATA — leva de 11/08/2026 13:07 UTC, reenvio indevido do lote U1. Desativado em 11/08/2026. O registro válido é o da leva de 12:17 UTC (ou o template pré-existente do catálogo).
6a7b1e807b1911fd4530627d;Disco De Deslizamento;ACE-N075;Acessórios;;peça;;;9506.91.00;;false;;;;;;;;;;;;;;false;Sporting Goods > Exercise & Fitness;DUPLICATA — leva de 11/08/2026 13:07 UTC, reenvio indevido do lote U1. Desativado em 11/08/2026. O registro válido é o da leva de 12:17 UTC (ou o template pré-existente do catálogo).
6a7b1e807b1911fd4530627e;Escada De Agilidade Dupla 20 Degraus 4,5Mt (10 De Cada Lado);ACE-N076;Acessórios;;peça;;;9506.91.00;;false;;;;;;;;;;;;;;false;Sporting Goods > Exercise & Fitness;DUPLICATA — leva de 11/08/2026 13:07 UTC, reenvio indevido do lote U1. Desativado em 11/08/2026. O registro válido é o da leva de 12:17 UTC (ou o template pré-existente do catálogo).
6a7b1e807b1911fd4530627f;Air Bike – Tp920;ACE-N077;Acessórios;;peça;;;9506.91.00;;false;;;;;;;;;;;;;;false;Sporting Goods > Exercise & Fitness;DUPLICATA — leva de 11/08/2026 13:07 UTC, reenvio indevido do lote U1. Desativado em 11/08/2026. O registro válido é o da leva de 12:17 UTC (ou o template pré-existente do catálogo).
6a7b1e807b1911fd45306280;Air Remo – Bf810;ACE-N078;Acessórios;;peça;;;9506.91.00;;false;;;;;;;;;;;;;;false;Sporting Goods > Exercise & Fitness;DUPLICATA — leva de 11/08/2026 13:07 UTC, reenvio indevido do lote U1. Desativado em 11/08/2026. O registro válido é o da leva de 12:17 UTC (ou o template pré-existente do catálogo).
6a7b1e807b1911fd45306281;Ghd - Base Fixa No Solo 99,5X148,5Cm;ACE-N079;Acessórios;;peça;;;9506.91.00;;false;;;;;;;;;;;;;;false;Sporting Goods > Exercise & Fitness;DUPLICATA — leva de 11/08/2026 13:07 UTC, reenvio indevido do lote U1. Desativado em 11/08/2026. O registro válido é o da leva de 12:17 UTC (ou o template pré-existente do catálogo).
6a7b1e807b1911fd45306282;Caneleira 0.5kg;ACE-N080;Acessórios;;peça;0.5;;9506.91.00;;false;;;;;;;;;;;;;;false;Sporting Goods > Exercise & Fitness;DUPLICATA — leva de 11/08/2026 13:07 UTC, reenvio indevido do lote U1. Desativado em 11/08/2026. O registro válido é o da leva de 12:17 UTC (ou o template pré-existente do catálogo).
6a7b1e807b1911fd45306283;Fat Bar;ACE-N081;Acessórios;;peça;;;9506.91.00;;false;;;;;;;;;;;;;;false;Sporting Goods > Exercise & Fitness;DUPLICATA — leva de 11/08/2026 13:07 UTC, reenvio indevido do lote U1. Desativado em 11/08/2026. O registro válido é o da leva de 12:17 UTC (ou o template pré-existente do catálogo).
6a7b1e807b1911fd45306284;Grama Verde 12Mm;ACE-N082;Acessórios;;peça;;;9506.91.00;;false;;;;;;;;;;;;;;false;Sporting Goods > Exercise & Fitness;DUPLICATA — leva de 11/08/2026 13:07 UTC, reenvio indevido do lote U1. Desativado em 11/08/2026. O registro válido é o da leva de 12:17 UTC (ou o template pré-existente do catálogo).
6a7b1e807b1911fd45306285;Grama Verde 15Mm;ACE-N083;Acessórios;;peça;;;9506.91.00;;false;;;;;;;;;;;;;;false;Sporting Goods > Exercise & Fitness;DUPLICATA — leva de 11/08/2026 13:07 UTC, reenvio indevido do lote U1. Desativado em 11/08/2026. O registro válido é o da leva de 12:17 UTC (ou o template pré-existente do catálogo).
6a7b1e807b1911fd45306286;Grama Verde 20Mm;ACE-N084;Acessórios;;peça;;;9506.91.00;;false;;;;;;;;;;;;;;false;Sporting Goods > Exercise & Fitness;DUPLICATA — leva de 11/08/2026 13:07 UTC, reenvio indevido do lote U1. Desativado em 11/08/2026. O registro válido é o da leva de 12:17 UTC (ou o template pré-existente do catálogo).
6a7b1e807b1911fd45306287;Pilar 50X50X2,75Mt;ACE-N085;Acessórios;;peça;;;9506.91.00;;false;;;;;;;;;;;;;;false;Sporting Goods > Exercise & Fitness;DUPLICATA — leva de 11/08/2026 13:07 UTC, reenvio indevido do lote U1. Desativado em 11/08/2026. O registro válido é o da leva de 12:17 UTC (ou o template pré-existente do catálogo).
6a7b1e807b1911fd45306288;Pilar 80X80X2,75Mt;ACE-N086;Acessórios;;peça;;;9506.91.00;;false;;;;;;;;;;;;;;false;Sporting Goods > Exercise & Fitness;DUPLICATA — leva de 11/08/2026 13:07 UTC, reenvio indevido do lote U1. Desativado em 11/08/2026. O registro válido é o da leva de 12:17 UTC (ou o template pré-existente do catálogo).
6a7b1e807b1911fd45306289;Pilar 80X80X2,30Mt;ACE-N087;Acessórios;;peça;;;9506.91.00;;false;;;;;;;;;;;;;;false;Sporting Goods > Exercise & Fitness;DUPLICATA — leva de 11/08/2026 13:07 UTC, reenvio indevido do lote U1. Desativado em 11/08/2026. O registro válido é o da leva de 12:17 UTC (ou o template pré-existente do catálogo).
6a7b1e807b1911fd4530628a;Kettlebell Emborrachado 4Kg;KET-N010;Kettlebells;;peça;4;;9506.91.00;;false;;;Emborrachado;;;;;;;;;;;false;3164;DUPLICATA — leva de 11/08/2026 13:07 UTC, reenvio indevido do lote U1. Desativado em 11/08/2026. O registro válido é o da leva de 12:17 UTC (ou o template pré-existente do catálogo).
6a7b1e807b1911fd4530628b;Kettlebell Emborrachado 8Kg;KET-N011;Kettlebells;;peça;8;;9506.91.00;;false;;;Emborrachado;;;;;;;;;;;false;3164;DUPLICATA — leva de 11/08/2026 13:07 UTC, reenvio indevido do lote U1. Desativado em 11/08/2026. O registro válido é o da leva de 12:17 UTC (ou o template pré-existente do catálogo).
6a7b1e807b1911fd4530628c;Kettlebell Emborrachado 10Kg;KET-N012;Kettlebells;;peça;10;;9506.91.00;;false;;;Emborrachado;;;;;;;;;;;false;3164;DUPLICATA — leva de 11/08/2026 13:07 UTC, reenvio indevido do lote U1. Desativado em 11/08/2026. O registro válido é o da leva de 12:17 UTC (ou o template pré-existente do catálogo).
6a7b1e807b1911fd4530628d;Kettlebell Emborrachado 20Kg;KET-N013;Kettlebells;;peça;20;;9506.91.00;;false;;;Emborrachado;;;;;;;;;;;false;3164;DUPLICATA — leva de 11/08/2026 13:07 UTC, reenvio indevido do lote U1. Desativado em 11/08/2026. O registro válido é o da leva de 12:17 UTC (ou o template pré-existente do catálogo).
6a7b1e807b1911fd4530628e;Power Bag 25 kg;ACE-N092;Acessórios;;peça;25;;9506.91.00;;false;;;;;;;;;;;;;;false;Sporting Goods > Exercise & Fitness;DUPLICATA — leva de 11/08/2026 13:07 UTC, reenvio indevido do lote U1. Desativado em 11/08/2026. O registro válido é o da leva de 12:17 UTC (ou o template pré-existente do catálogo).
6a7b1e807b1911fd4530628f;Lock Press Mini 24 À 26 mm;ACE-N093;Acessórios;;peça;;;9506.91.00;;false;;;;;;;;;;;;;;false;Sporting Goods > Exercise & Fitness;DUPLICATA — leva de 11/08/2026 13:07 UTC, reenvio indevido do lote U1. Desativado em 11/08/2026. O registro válido é o da leva de 12:17 UTC (ou o template pré-existente do catálogo).
6a7b1e807b1911fd45306290;Tatame EVA 10Mm Preto 1X1 (Cores Consultar);ACE-N094;Acessórios;;peça;;;9506.91.00;;false;;;;;;;;;;;;;;false;Sporting Goods > Exercise & Fitness;DUPLICATA — leva de 11/08/2026 13:07 UTC, reenvio indevido do lote U1. Desativado em 11/08/2026. O registro válido é o da leva de 12:17 UTC (ou o template pré-existente do catálogo).
6a7b1e807b1911fd45306291;Tatame EVA 20Mm Preto 1X1 (Cores Consultar);ACE-N095;Acessórios;;peça;;;9506.91.00;;false;;;;;;;;;;;;;;false;Sporting Goods > Exercise & Fitness;DUPLICATA — leva de 11/08/2026 13:07 UTC, reenvio indevido do lote U1. Desativado em 11/08/2026. O registro válido é o da leva de 12:17 UTC (ou o template pré-existente do catálogo).
6a7b1e807b1911fd45306292;Tatame EVA 30Mm Preto 1X1 (Cores Consultar);ACE-N096;Acessórios;;peça;;;9506.91.00;;false;;;;;;;;;;;;;;false;Sporting Goods > Exercise & Fitness;DUPLICATA — leva de 11/08/2026 13:07 UTC, reenvio indevido do lote U1. Desativado em 11/08/2026. O registro válido é o da leva de 12:17 UTC (ou o template pré-existente do catálogo).
6a7b1e807b1911fd45306293;Tatame EVA 40Mm Preto 1X1 (Cores Consultar);ACE-N097;Acessórios;;peça;;;9506.91.00;;false;;;;;;;;;;;;;;false;Sporting Goods > Exercise & Fitness;DUPLICATA — leva de 11/08/2026 13:07 UTC, reenvio indevido do lote U1. Desativado em 11/08/2026. O registro válido é o da leva de 12:17 UTC (ou o template pré-existente do catálogo).
6a7b1e807b1911fd45306295;Contra Peso Pintado - Martelo 12.8kg;ACE-N099;Acessórios;;peça;12.8;https://base44.app/api/apps/68c9d5dd3cf0f8fd8a834875/files/mp/public/68c9d5dd3cf0f8fd8a834875/f4749c131_3-contrapeso_martelo.jpg;9506.91.00;;false;;;Pintado;;;;;;;;;;;false;Sporting Goods > Exercise & Fitness;DUPLICATA — leva de 11/08/2026 13:07 UTC, reenvio indevido do lote U1. Desativado em 11/08/2026. O registro válido é o da leva de 12:17 UTC (ou o template pré-existente do catálogo).
6a7b1e807b1911fd45306296;Contra Peso Emborrachado - Martelo 13 kg;ACE-N100;Acessórios;;peça;13;https://base44.app/api/apps/68c9d5dd3cf0f8fd8a834875/files/mp/public/68c9d5dd3cf0f8fd8a834875/667540e21_8-contrapeso_martelo.jpg;9506.91.00;;false;;;Emborrachado;;;;;;;;;;;false;Sporting Goods > Exercise & Fitness;DUPLICATA — leva de 11/08/2026 13:07 UTC, reenvio indevido do lote U1. Desativado em 11/08/2026. O registro válido é o da leva de 12:17 UTC (ou o template pré-existente do catálogo).
6a7b1e807b1911fd45306297;Contra Peso Emborrachado - 3 kg;ACE-N101;Acessórios;;peça;3;https://base44.app/api/apps/68c9d5dd3cf0f8fd8a834875/files/mp/public/68c9d5dd3cf0f8fd8a834875/7a27e4814_7-contrapeso_queijinho.jpg;9506.91.00;;false;;;Emborrachado;;;;;;;;;;;false;Sporting Goods > Exercise & Fitness;DUPLICATA — leva de 11/08/2026 13:07 UTC, reenvio indevido do lote U1. Desativado em 11/08/2026. O registro válido é o da leva de 12:17 UTC (ou o template pré-existente do catálogo).
6a7b1e807b1911fd45306298;Caneleira Capota Marítima - 5 kg;ACE-N102;Acessórios;;peça;5;https://base44.app/api/apps/68c9d5dd3cf0f8fd8a834875/files/mp/public/68c9d5dd3cf0f8fd8a834875/dd0c457f6_10-p23_350_w.jpg;9506.91.00;;false;;;;;;;;;;;;;;false;Sporting Goods > Exercise & Fitness;DUPLICATA — leva de 11/08/2026 13:07 UTC, reenvio indevido do lote U1. Desativado em 11/08/2026. O registro válido é o da leva de 12:17 UTC (ou o template pré-existente do catálogo).
6a7b1e807b1911fd45306299;Almofada P/ Amortecimento LPO;ACE-N104;Acessórios;;peça;;;9506.91.00;;false;;;;;;;;;;;;;;false;Sporting Goods > Exercise & Fitness;DUPLICATA — leva de 11/08/2026 13:07 UTC, reenvio indevido do lote U1. Desativado em 11/08/2026. O registro válido é o da leva de 12:17 UTC (ou o template pré-existente do catálogo).
6a7b1e807b1911fd4530629a;Jump Profissional;ACE-N109;Acessórios;;peça;;;9506.91.00;;false;;;;;;;;;;;;;;false;Sporting Goods > Exercise & Fitness;DUPLICATA — leva de 11/08/2026 13:07 UTC, reenvio indevido do lote U1. Desativado em 11/08/2026. O registro válido é o da leva de 12:17 UTC (ou o template pré-existente do catálogo).
6a7b1e807b1911fd4530629b;Slide Board (Plataforma Deslizante) 200 x 50 x 0,7cm;ACE-N110;Acessórios;;peça;;;9506.91.00;;false;;;;;;;;;;;;;;false;Sporting Goods > Exercise & Fitness;DUPLICATA — leva de 11/08/2026 13:07 UTC, reenvio indevido do lote U1. Desativado em 11/08/2026. O registro válido é o da leva de 12:17 UTC (ou o template pré-existente do catálogo).
6a7b1e807b1911fd4530629c;Anilha Vazada Texturizada F41 - Preto 25kg;ANI-N001;Anilhas;Vazada;peça;25;;9506.91.00;;false;;Padrão;Texturizado;;;;;;;;;;;false;3164;DUPLICATA — leva de 11/08/2026 13:07 UTC, reenvio indevido do lote U1. Desativado em 11/08/2026. O registro válido é o da leva de 12:17 UTC (ou o template pré-existente do catálogo).
6a7b1e807b1911fd4530629d;Anilha Vazada Texturizada F41 - Preto 20kg;ANI-N002;Anilhas;Vazada;peça;20;;9506.91.00;;false;;Padrão;Texturizado;;;;;;;;;;;false;3164;DUPLICATA — leva de 11/08/2026 13:07 UTC, reenvio indevido do lote U1. Desativado em 11/08/2026. O registro válido é o da leva de 12:17 UTC (ou o template pré-existente do catálogo).
6a7b1e807b1911fd4530629e;Anilha Vazada Texturizada F41 - Preto 15kg;ANI-N003;Anilhas;Vazada;peça;15;;9506.91.00;;false;;Padrão;Texturizado;;;;;;;;;;;false;3164;DUPLICATA — leva de 11/08/2026 13:07 UTC, reenvio indevido do lote U1. Desativado em 11/08/2026. O registro válido é o da leva de 12:17 UTC (ou o template pré-existente do catálogo).
6a7b1e807b1911fd4530629f;Anilha Vazada Texturizada F41 - Preto 10kg;ANI-N004;Anilhas;Vazada;peça;10;;9506.91.00;;false;;Padrão;Texturizado;;;;;;;;;;;false;3164;DUPLICATA — leva de 11/08/2026 13:07 UTC, reenvio indevido do lote U1. Desativado em 11/08/2026. O registro válido é o da leva de 12:17 UTC (ou o template pré-existente do catálogo).
6a7b1e807b1911fd453062a0;Anilha Vazada Texturizada F41 - Preto 5kg;ANI-N005;Anilhas;Vazada;peça;5;;9506.91.00;;false;;Padrão;Texturizado;;;;;;;;;;;false;3164;DUPLICATA — leva de 11/08/2026 13:07 UTC, reenvio indevido do lote U1. Desativado em 11/08/2026. O registro válido é o da leva de 12:17 UTC (ou o template pré-existente do catálogo).
6a7b1e807b1911fd453062a1;Anilha Vazada Texturizada F41 - Preto 4kg;ANI-N006;Anilhas;Vazada;peça;4;;9506.91.00;;false;;Padrão;Texturizado;;;;;;;;;;;false;3164;DUPLICATA — leva de 11/08/2026 13:07 UTC, reenvio indevido do lote U1. Desativado em 11/08/2026. O registro válido é o da leva de 12:17 UTC (ou o template pré-existente do catálogo).
6a7b1e807b1911fd453062a2;Anilha Vazada Texturizada F41 - Preto 3kg;ANI-N007;Anilhas;Vazada;peça;3;;9506.91.00;;false;;Padrão;Texturizado;;;;;;;;;;;false;3164;DUPLICATA — leva de 11/08/2026 13:07 UTC, reenvio indevido do lote U1. Desativado em 11/08/2026. O registro válido é o da leva de 12:17 UTC (ou o template pré-existente do catálogo).
6a7b1e807b1911fd453062a3;Anilha Vazada Texturizada F41 - Preto 2kg;ANI-N008;Anilhas;Vazada;peça;2;;9506.91.00;;false;;Padrão;Texturizado;;;;;;;;;;;false;3164;DUPLICATA — leva de 11/08/2026 13:07 UTC, reenvio indevido do lote U1. Desativado em 11/08/2026. O registro válido é o da leva de 12:17 UTC (ou o template pré-existente do catálogo).
6a7b1e807b1911fd453062a4;Anilha Vazada Texturizada F41 - Preto 1kg;ANI-N009;Anilhas;Vazada;peça;1;;9506.91.00;;false;;Padrão;Texturizado;;;;;;;;;;;false;3164;DUPLICATA — leva de 11/08/2026 13:07 UTC, reenvio indevido do lote U1. Desativado em 11/08/2026. O registro válido é o da leva de 12:17 UTC (ou o template pré-existente do catálogo).
6a7b1e807b1911fd453062a5;Anilha Fracionada F51Mm (Preto) 2.5Kg;ANI-N010;Anilhas;Fracionada;peça;2.5;;9506.91.00;;false;;Padrão;;;;;;;;;;;;false;3164;DUPLICATA — leva de 11/08/2026 13:07 UTC, reenvio indevido do lote U1. Desativado em 11/08/2026. O registro válido é o da leva de 12:17 UTC (ou o template pré-existente do catálogo).
6a7b1e807b1911fd453062a6;Anilha Fracionada F51Mm (Preto) 2.25Kg;ANI-N011;Anilhas;Fracionada;peça;2.25;;9506.91.00;;false;;Padrão;;;;;;;;;;;;false;3164;DUPLICATA — leva de 11/08/2026 13:07 UTC, reenvio indevido do lote U1. Desativado em 11/08/2026. O registro válido é o da leva de 12:17 UTC (ou o template pré-existente do catálogo).
6a7b1e807b1911fd453062a7;Anilha Fracionada F51Mm (Preto) 2kg;ANI-N012;Anilhas;Fracionada;peça;2;;9506.91.00;;false;;Padrão;;;;;;;;;;;;false;3164;DUPLICATA — leva de 11/08/2026 13:07 UTC, reenvio indevido do lote U1. Desativado em 11/08/2026. O registro válido é o da leva de 12:17 UTC (ou o template pré-existente do catálogo).
6a7b1e807b1911fd453062a8;Anilha Fracionada F51Mm (Preto) 1.25Kg;ANI-N013;Anilhas;Fracionada;peça;1.25;;9506.91.00;;false;;Padrão;;;;;;;;;;;;false;3164;DUPLICATA — leva de 11/08/2026 13:07 UTC, reenvio indevido do lote U1. Desativado em 11/08/2026. O registro válido é o da leva de 12:17 UTC (ou o template pré-existente do catálogo).
6a7b1e807b1911fd453062a9;Anilha Fracionada F51Mm (Preto) 1kg;ANI-N014;Anilhas;Fracionada;peça;1;;9506.91.00;;false;;Padrão;;;;;;;;;;;;false;3164;DUPLICATA — leva de 11/08/2026 13:07 UTC, reenvio indevido do lote U1. Desativado em 11/08/2026. O registro válido é o da leva de 12:17 UTC (ou o template pré-existente do catálogo).
6a7b1e807b1911fd453062aa;Anilha Mini Bumper Olímpica 4Kg;ANI-N015;Anilhas;Bumper;peça;4;;9506.91.00;;false;;Olímpico;;;;;;;;;;;;false;3164;DUPLICATA — leva de 11/08/2026 13:07 UTC, reenvio indevido do lote U1. Desativado em 11/08/2026. O registro válido é o da leva de 12:17 UTC (ou o template pré-existente do catálogo).
6a7b1e807b1911fd453062ab;Anilha Mini Bumper Olímpica 5Kg;ANI-N016;Anilhas;Bumper;peça;5;;9506.91.00;;false;;Olímpico;;;;;;;;;;;;false;3164;DUPLICATA — leva de 11/08/2026 13:07 UTC, reenvio indevido do lote U1. Desativado em 11/08/2026. O registro válido é o da leva de 12:17 UTC (ou o template pré-existente do catálogo).
6a7b1e807b1911fd453062ac;Anilha Furious Black 5Kg;ANI-N017;Anilhas;;peça;5;;9506.91.00;;false;;Padrão;;;;;;;;;;;;false;3164;DUPLICATA — leva de 11/08/2026 13:07 UTC, reenvio indevido do lote U1. Desativado em 11/08/2026. O registro válido é o da leva de 12:17 UTC (ou o template pré-existente do catálogo).
6a7b9947b59a65fb5ccabfe7;Kettlebell Sem acabamento 4kg;KBR4;Kettlebells;;peça;4;;9506.91.00;;true;;;Sem acabamento;;;;;;;;;;;false;3164;Origem: Anilha X (peça bruta, sem acabamento)
6a7b9947b59a65fb5ccabfe8;Kettlebell Sem acabamento 6kg;KBR6;Kettlebells;;peça;6;;9506.91.00;;true;;;Sem acabamento;;;;;;;;;;;false;3164;Origem: Anilha X (peça bruta, sem acabamento)
6a7b9947b59a65fb5ccabfe9;Kettlebell Sem acabamento 8kg;KBR8;Kettlebells;;peça;8;;9506.91.00;;true;;;Sem acabamento;;;;;;;;;;;false;3164;Origem: Anilha X (peça bruta, sem acabamento)
6a7b9947b59a65fb5ccabfea;Kettlebell Sem acabamento 10kg;KBR10;Kettlebells;;peça;10;;9506.91.00;;true;;;Sem acabamento;;;;;;;;;;;false;3164;Origem: Anilha X (peça bruta, sem acabamento)
6a7b9947b59a65fb5ccabfeb;Kettlebell Sem acabamento 12kg;KBR12;Kettlebells;;peça;12;;9506.91.00;;true;;;Sem acabamento;;;;;;;;;;;false;3164;Origem: Anilha X (peça bruta, sem acabamento)
6a7b9947b59a65fb5ccabfec;Kettlebell Sem acabamento 14kg;KBR14;Kettlebells;;peça;14;;9506.91.00;;true;;;Sem acabamento;;;;;;;;;;;false;3164;Origem: Anilha X (peça bruta, sem acabamento)
6a7b9947b59a65fb5ccabfed;Kettlebell Sem acabamento 16kg;KBR16;Kettlebells;;peça;16;;9506.91.00;;true;;;Sem acabamento;;;;;;;;;;;false;3164;Origem: Anilha X (peça bruta, sem acabamento)
6a7b9947b59a65fb5ccabfee;Kettlebell Sem acabamento 18kg;KBR18;Kettlebells;;peça;18;;9506.91.00;;true;;;Sem acabamento;;;;;;;;;;;false;3164;Origem: Anilha X (peça bruta, sem acabamento)
6a7b9947b59a65fb5ccabfef;Kettlebell Sem acabamento 20kg;KBR20;Kettlebells;;peça;20;;9506.91.00;;true;;;Sem acabamento;;;;;;;;;;;false;3164;Origem: Anilha X (peça bruta, sem acabamento)
6a7b9947b59a65fb5ccabff0;Kettlebell Sem acabamento 22kg;KBR22;Kettlebells;;peça;22;;9506.91.00;;true;;;Sem acabamento;;;;;;;;;;;false;3164;Origem: Anilha X (peça bruta, sem acabamento)
6a7b9947b59a65fb5ccabff1;Kettlebell Sem acabamento 24kg;KBR24;Kettlebells;;peça;24;;9506.91.00;;true;;;Sem acabamento;;;;;;;;;;;false;3164;Origem: Anilha X (peça bruta, sem acabamento)
6a7b9947b59a65fb5ccabff2;Kettlebell Sem acabamento 26kg;KBR26;Kettlebells;;peça;26;;9506.91.00;;true;;;Sem acabamento;;;;;;;;;;;false;3164;Origem: Anilha X (peça bruta, sem acabamento)
6a7f9c33903d2708a0eb3ac2;Dumbbell Sport Injetado Pegada KTL Preto 32kg;DUM-N002;Dumbbells;Sport;peça;32;;9506.91.00;;true;;;Injetado;;;;;;;;;;;false;3164;Origem: Fundicao Unibras
6a7f9c33903d2708a0eb3ac3;Dumbbell Vazado Pintado Pegada Emborrachada Preto 50kg;DUM-N003;Dumbbells;Vazada;peça;50;;9506.91.00;;false;;;Emborrachado;;;;;;;;;;;false;3164;DESATIVADO 25/08/2026 — duplicata de DMOAVPEB50 (Dumbbell Montado Anilha Vazada Pintado Pegada Emborrachada 50kg). Nomenclatura da onda U: 'Vazado' = 'Montado Anilha Vazada'. Nao tinha vinculo de preco.
6a7f9c33903d2708a0eb3ac4;Dumbbell Vazado Pintado Pegada Emborrachada Preto 12kg;DUM-N004;Dumbbells;Vazada;peça;12;;9506.91.00;;false;;;Emborrachado;;;;;;;;;;;false;3164;DESATIVADO 25/08/2026 — duplicata de DMOAVPEB12 (Dumbbell Montado Anilha Vazada Pintado Pegada Emborrachada 12kg). Nomenclatura da onda U: 'Vazado' = 'Montado Anilha Vazada'. Nao tinha vinculo de preco.
6a7f9c33903d2708a0eb3ac5;Dumbbell Sport Pintado Pegada Emborrachada Preto 50kg;DUM-N005;Dumbbells;Sport;peça;50;;9506.91.00;;false;;;Emborrachado;;;;;;;;;;;false;3164;DESATIVADO 25/08/2026 — duplicata de DMOASPEB50 (Dumbbell Montado Anilha Sport Pintado Pegada Emborrachada 50kg). Nomenclatura da onda U: 'Sport' = 'Montado Anilha Sport'. Nao tinha vinculo de preco.
6a7f9c33903d2708a0eb3ac6;Dumbbell Sport Pintado Pegada Emborrachada Preto 12kg;DUM-N006;Dumbbells;Sport;peça;12;;9506.91.00;;false;;;Emborrachado;;;;;;;;;;;false;3164;DESATIVADO 25/08/2026 — duplicata de DMOASPEB12 (Dumbbell Montado Anilha Sport Pintado Pegada Emborrachada 12kg). Nomenclatura da onda U: 'Sport' = 'Montado Anilha Sport'. Nao tinha vinculo de preco.
6a7f9c33903d2708a0eb3ac7;Dumbbell Sport Emborrachado 50kg;DUM-N009;Dumbbells;Sport;peça;50;;9506.91.00;;true;;;Emborrachado;;;;;;;;;;;false;3164;Origem: Fundicao Unibras
6a7f9c33903d2708a0eb3ac8;Dumbbell Evolution Injetado Pegada Injetada 50kg;DUM-N046;Dumbbells;Evolution;peça;50;;9506.91.00;;true;;;Injetado;Injetada;;;;;;;;;;false;3164;Origem: Salome e Prado
6a7f9c33903d2708a0eb3ac9;Dumbbell Evolution Injetado Pegada Cromada 50kg;DUM-N047;Dumbbells;Evolution;peça;50;;9506.91.00;;true;;;Injetado;Cromada;;;;;;;;;;false;3164;Origem: Salome e Prado
6a7f9c33903d2708a0eb3aca;Dumbbell Monobloco Redondo Cromado Pegada Cromada 50kg;DUM-N048;Dumbbells;Monobloco Redondo;peça;50;https://base44.app/api/apps/68c9d5dd3cf0f8fd8a834875/files/mp/public/68c9d5dd3cf0f8fd8a834875/f695f2219_catalogo-dum_mono_red_crom.jpg;9506.91.00;;true;;;Cromado;Cromada;;;;;;;;;;false;3164;Origem: Salome e Prado
6a7f9c33903d2708a0eb3acb;Dumbbell Monobloco Sextavado Injetado Pegada Cromada 50kg;DUM-N050;Dumbbells;Monobloco Sextavado;peça;50;https://base44.app/api/apps/68c9d5dd3cf0f8fd8a834875/files/mp/public/68c9d5dd3cf0f8fd8a834875/d6e8ac468_catalogo-dum_mono_sext.jpg;9506.91.00;;true;;;Injetado;Cromada;;;;;;;;;;false;3164;Origem: Salome e Prado
6a7f9c33903d2708a0eb3acc;Dumbbell Monobloco Sextavado Injetado - Pegada Inox 12,14,16 ... 50Kg;DUM-N051;Dumbbells;Monobloco Sextavado;peça;50;https://base44.app/api/apps/68c9d5dd3cf0f8fd8a834875/files/mp/public/68c9d5dd3cf0f8fd8a834875/d6e8ac468_catalogo-dum_mono_sext.jpg;9506.91.00;;true;;;Injetado;Inox;;;;;;;;;;false;3164;Origem: Salome e Prado
6a7f9c33903d2708a0eb3acd;Meia Slide G (Par);FUN-N004;Acessórios;;peça;;;9506.91.00;;true;;;;;;;;;;;;;;false;Sporting Goods > Exercise & Fitness;Origem: CPFit
6a7f9c33903d2708a0eb3ace;Halter Vazado Emborrachado 10kg;HAL-N011;Halteres;Vazada;peça;10;;9506.91.00;;true;;;Emborrachado;;;;;;;;;;;false;3164;Origem: Fundicao Unibras
6a7f9c33903d2708a0eb3acf;Halter Vazado Emborrachado 8kg;HAL-N012;Halteres;Vazada;peça;8;;9506.91.00;;true;;;Emborrachado;;;;;;;;;;;false;3164;Origem: Fundicao Unibras
6a7f9c33903d2708a0eb3ad0;Halter Sport Emborrachado 10kg;HAL-N013;Halteres;Sport;peça;10;;9506.91.00;;true;;;Emborrachado;;;;;;;;;;;false;3164;Origem: Fundicao Unibras
6a7f9c33903d2708a0eb3ad1;Halter Sport Emborrachado 8kg;HAL-N014;Halteres;Sport;peça;8;;9506.91.00;;true;;;Emborrachado;;;;;;;;;;;false;3164;Origem: Fundicao Unibras
6a7f9c33903d2708a0eb3ad2;Halter Injetado Monobloco 2Kg;HAL-N030;Halteres;Monobloco;peça;2;;9506.91.00;;true;;;Injetado;;;;;;;;;;;false;3164;Origem: Furious Equipment
6a7f9c33903d2708a0eb3ad3;Halter Injetado Monobloco 4Kg;HAL-N031;Halteres;Monobloco;peça;4;;9506.91.00;;true;;;Injetado;;;;;;;;;;;false;3164;Origem: Furious Equipment
6a7f9c33903d2708a0eb3ad4;Halter Injetado Monobloco 6Kg;HAL-N032;Halteres;Monobloco;peça;6;;9506.91.00;;true;;;Injetado;;;;;;;;;;;false;3164;Origem: Furious Equipment
6a7f9c33903d2708a0eb3ad5;Halter Sextavado Emborrachado;HAL-N034;Halteres;Sextavado;peça;;;9506.91.00;;true;;;Emborrachado;;;;;;;;;;;false;3164;Origem: Salome e Prado
6ac2708ea3d41ee967220d4c;Halter Bola Pintado 1/2,1,2,3... 10 kg;AF-001;Halteres;;kg;;https://base44.app/api/apps/68c9d5dd3cf0f8fd8a834875/files/mp/public/68c9d5dd3cf0f8fd8a834875/e2795b1af_6-p05_057.jpg;9506.91.00;;true;;;;;;;;;;;;;;false;Sporting Goods > Exercise & Fitness;
6ac2708ea3d41ee967220d4d;Halter Bola Emborrachado 1/2,1,2,3... 10 kg;AF-002;Halteres;;kg;;https://base44.app/api/apps/68c9d5dd3cf0f8fd8a834875/files/mp/public/68c9d5dd3cf0f8fd8a834875/25a660d5c_catalogo-hal_bola_emb.jpg;9506.91.00;;true;;;;;;;;;;;;;;false;Sporting Goods > Exercise & Fitness;
6ac2708ea3d41ee967220d4e;Halter Bola Injetado 1/2,1,2,3... 10 kg;AF-003;Halteres;;kg;;https://base44.app/api/apps/68c9d5dd3cf0f8fd8a834875/files/mp/public/68c9d5dd3cf0f8fd8a834875/c47058760_catalogo-hal_bola_inj.jpg;9506.91.00;;true;;;;;;;;;;;;;;false;Sporting Goods > Exercise & Fitness;
6ac2708ea3d41ee967220d4f;Dumbell Injetado EVOLUTION ( Pegada em INJETADA ) 6,8,10...50 Kg;AF-004;Dumbbells;;kg;;https://base44.app/api/apps/68c9d5dd3cf0f8fd8a834875/files/mp/public/68c9d5dd3cf0f8fd8a834875/a19afa338_catalogo-dum_evolution.jpg;9506.91.00;;true;;;;;;;;;;;;;;false;Sporting Goods > Exercise & Fitness;
6ac2708ea3d41ee967220d50;Dumbell Injetado EVOLUTION ( Pegada em CROMADA ) 6,8,10...50 Kg;AF-005;Dumbbells;;kg;;https://base44.app/api/apps/68c9d5dd3cf0f8fd8a834875/files/mp/public/68c9d5dd3cf0f8fd8a834875/a19afa338_catalogo-dum_evolution.jpg;9506.91.00;;true;;;;;;;;;;;;;;false;Sporting Goods > Exercise & Fitness;
6ac2708ea3d41ee967220d51;Acabamento Tijolinho/Guia Injetado Evolution - Cores;AF-007;Tijolinhos;;kg;;;9506.91.00;;false;;;;;;;;;;;;;;false;Sporting Goods > Exercise & Fitness;
6ac2708ea3d41ee967220d52;Guia Tijolinho Jaú Injetada 6 kg - Furo Redondo / Furo Retangular;AF-008;Tijolinhos;;kg;;https://base44.app/api/apps/68c9d5dd3cf0f8fd8a834875/files/mp/public/68c9d5dd3cf0f8fd8a834875/230103010_catalogo-tij_guia_jau_inj.jpg;9506.91.00;;true;;;;;;;;;;;;;;false;Sporting Goods > Exercise & Fitness;
6ac2708ea3d41ee967220d53;Tijolinho Jaú Pintado - Pino central 5 e 10 Kg;AF-010;Tijolinhos;;kg;;https://base44.app/api/apps/68c9d5dd3cf0f8fd8a834875/files/mp/public/68c9d5dd3cf0f8fd8a834875/e33367e84_catalogo-tij_jau_pino.jpg;9506.91.00;;true;;;;;;;;;;;;;;false;Sporting Goods > Exercise & Fitness;
6ac2708ea3d41ee967220d54;Guia Tijolinho Jaú Pintada 7 kg - Furo Redondo / Furo Retangular;AF-011;Tijolinhos;;kg;;https://base44.app/api/apps/68c9d5dd3cf0f8fd8a834875/files/mp/public/68c9d5dd3cf0f8fd8a834875/bb03ecadf_catalogo-tij_guia_jau_pint.jpg;9506.91.00;;true;;;;;;;;;;;;;;false;Sporting Goods > Exercise & Fitness;
6ac2708ea3d41ee967220d55;Batente de Guia Tijolinho - 1" ou 1/8";AF-013;Tijolinhos;;peça;;https://base44.app/api/apps/68c9d5dd3cf0f8fd8a834875/files/mp/public/68c9d5dd3cf0f8fd8a834875/6e6cf6304_catalogo-tij_batente.jpg;9506.91.00;;true;;;;;;;;;;;;;;false;Sporting Goods > Exercise & Fitness;
6ac2708ea3d41ee967220d56;Bucha para Guia Injetado PP 1" ou 7/8;AF-014;Tijolinhos;;peça;;;9506.91.00;;false;;;;;;;;;;;;;;false;Sporting Goods > Exercise & Fitness;
6ac2708ea3d41ee967220d57;Bucha para Guia Jaú PP 1" ou 7/8;AF-015;Tijolinhos;;peça;;;9506.91.00;;false;;;;;;;;;;;;;;false;Sporting Goods > Exercise & Fitness;
6ac2708ea3d41ee967220d58;Barra PUMP - Preta - 1" 1,20 m com presilhas - sem Anilhas;AF-016;Outros;;peça;;;9506.91.00;;true;;;;;;;;;;;;;;false;Sporting Goods > Exercise & Fitness;
6ac2708ea3d41ee967220d59;Barra Ôca 1" 40 cm Galvanizada - com presilhas;AF-017;Outros;;peça;;https://base44.app/api/apps/68c9d5dd3cf0f8fd8a834875/files/mp/public/68c9d5dd3cf0f8fd8a834875/ab9a92e03_catalogo-barra_oca.jpg;9506.91.00;;true;;;;;;;;;;;;;;false;Sporting Goods > Exercise & Fitness;
6ac2708ea3d41ee967220d5a;Barra Rosqueada 1" 40 cm com porcas - Pegada Emborrachada;AF-018;Outros;;peça;;https://base44.app/api/apps/68c9d5dd3cf0f8fd8a834875/files/mp/public/68c9d5dd3cf0f8fd8a834875/65ed07d05_catalogo-barra_rosq.jpg;9506.91.00;;true;;;;;;;;;;;;;;false;Sporting Goods > Exercise & Fitness;
6ac2708ea3d41ee967220d5b;Barra Reta Maciça Cromada - 1" 1/8 0,40 m;AF-019;Outros;;peça;;https://base44.app/api/apps/68c9d5dd3cf0f8fd8a834875/files/mp/public/68c9d5dd3cf0f8fd8a834875/f44a296e4_catalogo-barra_reta_macica.jpg;9506.91.00;;true;;;;;;;;;;;;;;false;Sporting Goods > Exercise & Fitness;
6ac2708ea3d41ee967220d5c;Barra Reta Maciça Cromada - 1" 1/8 1,20 m;AF-020;Outros;;peça;;https://base44.app/api/apps/68c9d5dd3cf0f8fd8a834875/files/mp/public/68c9d5dd3cf0f8fd8a834875/f44a296e4_catalogo-barra_reta_macica.jpg;9506.91.00;;true;;;;;;;;;;;;;;false;Sporting Goods > Exercise & Fitness;
6ac2708ea3d41ee967220d5d;Barra Reta Maciça Cromada - 1" 1/8 1,50 m;AF-021;Outros;;peça;;https://base44.app/api/apps/68c9d5dd3cf0f8fd8a834875/files/mp/public/68c9d5dd3cf0f8fd8a834875/f44a296e4_catalogo-barra_reta_macica.jpg;9506.91.00;;true;;;;;;;;;;;;;;false;Sporting Goods > Exercise & Fitness;
6ac2708ea3d41ee967220d5e;Barra Reta Maciça Cromada - 1" 1/8 1,80 m;AF-022;Outros;;peça;;https://base44.app/api/apps/68c9d5dd3cf0f8fd8a834875/files/mp/public/68c9d5dd3cf0f8fd8a834875/f44a296e4_catalogo-barra_reta_macica.jpg;9506.91.00;;true;;;;;;;;;;;;;;false;Sporting Goods > Exercise & Fitness;
6ac2708ea3d41ee967220d5f;Barra Reta Maciça Cromada - 1" 1/8 2,00 m;AF-023;Outros;;peça;;https://base44.app/api/apps/68c9d5dd3cf0f8fd8a834875/files/mp/public/68c9d5dd3cf0f8fd8a834875/f44a296e4_catalogo-barra_reta_macica.jpg;9506.91.00;;true;;;;;;;;;;;;;;false;Sporting Goods > Exercise & Fitness;
6ac2708ea3d41ee967220d60;Barra Reta Maciça Cromada - 1" 1/8 2,20 m;AF-024;Outros;;peça;;https://base44.app/api/apps/68c9d5dd3cf0f8fd8a834875/files/mp/public/68c9d5dd3cf0f8fd8a834875/f44a296e4_catalogo-barra_reta_macica.jpg;9506.91.00;;true;;;;;;;;;;;;;;false;Sporting Goods > Exercise & Fitness;
6ac2708ea3d41ee967220d61;Bastão de Carga 1" 1,20 m 1 kg;AF-027;Outros;;peça;;;9506.91.00;;true;;;;;;;;;;;;;;false;Sporting Goods > Exercise & Fitness;
6ac2708ea3d41ee967220d62;Bastão de Carga 1" 1,20 m 2 kg;AF-028;Outros;;peça;;;9506.91.00;;true;;;;;;;;;;;;;;false;Sporting Goods > Exercise & Fitness;
6ac2708ea3d41ee967220d63;Bastão de Carga 1" 1,20 m 3 kg;AF-029;Outros;;peça;;;9506.91.00;;true;;;;;;;;;;;;;;false;Sporting Goods > Exercise & Fitness;
6ac2708ea3d41ee967220d64;Presilha 1" - Zincada;AF-030;Outros;;peça;;;9506.91.00;;true;;;;;;;;;;;;;;false;Sporting Goods > Exercise & Fitness;
6ac2708ea3d41ee967220d65;Presilha 11/8 - Zincada;AF-031;Outros;;peça;;;9506.91.00;;true;;;;;;;;;;;;;;false;Sporting Goods > Exercise & Fitness;
6ac2708ea3d41ee967220d66;Suporte para Anilhas - Reto - carga máx. 300 Kg;AF-032;Suportes;;peça;;;9506.91.00;;true;;;;;;;;;;;;;;false;Sporting Goods > Exercise & Fitness;
6ac2708ea3d41ee967220d67;Suporte para Anilhas - Cavalete - carga máx. 700 Kg;AF-033;Suportes;;peça;;;9506.91.00;;true;;;;;;;;;;;;;;false;Sporting Goods > Exercise & Fitness;
6ac2708ea3d41ee967220d68;Suporte para Anilhas Duplo - 1 a 5 Kg - carga máx. 180Kg;AF-034;Suportes;;peça;;https://base44.app/api/apps/68c9d5dd3cf0f8fd8a834875/files/mp/public/68c9d5dd3cf0f8fd8a834875/79175f34b_catalogo-sup_duplo15.jpg;9506.91.00;;true;;;;;;;;;;;;;;false;Sporting Goods > Exercise & Fitness;
6ac2708ea3d41ee967220d69;Suporte para Anilhas Duplo - 10 a 25 Kg - carga máx. 580Kg;AF-035;Suportes;;peça;;;9506.91.00;;true;;;;;;;;;;;;;;false;Sporting Goods > Exercise & Fitness;
6ac2708ea3d41ee967220d6a;Suporte para Anilhas Duplo Reforce - carga máx. 880Kg;AF-036;Suportes;;peça;;https://base44.app/api/apps/68c9d5dd3cf0f8fd8a834875/files/mp/public/68c9d5dd3cf0f8fd8a834875/3c7166dbf_catalogo-sup_reforce.jpg;9506.91.00;;true;;;;;;;;;;;;;;false;Sporting Goods > Exercise & Fitness;
6ac2708ea3d41ee967220d6b;Suporte para Anilhas 1 Torre - 1 a 5 Kg - carga máx. 90Kg;AF-037;Suportes;;peça;;;9506.91.00;;true;;;;;;;;;;;;;;false;Sporting Goods > Exercise & Fitness;
6ac2708ea3d41ee967220d6c;Suporte para Anilhas 1 Torre - 10 a 25Kg - carga máx. 290Kg;AF-038;Suportes;;peça;;https://base44.app/api/apps/68c9d5dd3cf0f8fd8a834875/files/mp/public/68c9d5dd3cf0f8fd8a834875/1ba6bb652_catalogo-sup_ind.jpg;9506.91.00;;true;;;;;;;;;;;;;;false;Sporting Goods > Exercise & Fitness;
6ac2708ea3d41ee967220d6d;Suporte para Anilhas TRIPLA - 700 KG (opção em furação olímpica e standard);AF-039;Suportes;;peça;;https://base44.app/api/apps/68c9d5dd3cf0f8fd8a834875/files/mp/public/68c9d5dd3cf0f8fd8a834875/8d354390b_catalogo-sup_tripla.jpg;9506.91.00;;true;;;;;;;;;;;;;;false;Sporting Goods > Exercise & Fitness;
6ac2708ea3d41ee967220d6e;Suporte para Anilhas QUADRUPLO - 900 KG (opção em furação olímpica e standard);AF-040;Suportes;;peça;;https://base44.app/api/apps/68c9d5dd3cf0f8fd8a834875/files/mp/public/68c9d5dd3cf0f8fd8a834875/4b1956ae3_catalogo-sup_quad.jpg;9506.91.00;;true;;;;;;;;;;;;;;false;Sporting Goods > Exercise & Fitness;
6ac2708ea3d41ee967220d6f;Suporte para Barras de Chão - 8 Barras;AF-041;Suportes;;peça;;;9506.91.00;;true;;;;;;;;;;;;;;false;Sporting Goods > Exercise & Fitness;
6ac2708ea3d41ee967220d70;Suporte PAREDE para Barras Montadas / Barra avulsas- 5 Barras;AF-042;Suportes;;peça;;https://base44.app/api/apps/68c9d5dd3cf0f8fd8a834875/files/mp/public/68c9d5dd3cf0f8fd8a834875/625c17df7_catalogo-sup_parede.jpg;9506.91.00;;true;;;;;;;;;;;;;;false;Sporting Goods > Exercise & Fitness;
6ac2708ea3d41ee967220d71;Suporte PAREDE para Barras Montadas / Barra avulsas- 6 Barras;AF-043;Suportes;;peça;;https://base44.app/api/apps/68c9d5dd3cf0f8fd8a834875/files/mp/public/68c9d5dd3cf0f8fd8a834875/625c17df7_catalogo-sup_parede.jpg;9506.91.00;;true;;;;;;;;;;;;;;false;Sporting Goods > Exercise & Fitness;
6ac2708ea3d41ee967220d72;Suporte para Barras Montadas - 5 Barras;AF-044;Suportes;;peça;;https://base44.app/api/apps/68c9d5dd3cf0f8fd8a834875/files/mp/public/68c9d5dd3cf0f8fd8a834875/147edf9bb_catalogo-sup_barra_montada.jpg;9506.91.00;;true;;;;;;;;;;;;;;false;Sporting Goods > Exercise & Fitness;
6ac2708ea3d41ee967220d73;Suporte para Barras Montadas - 10 Barras;AF-045;Suportes;;peça;;https://base44.app/api/apps/68c9d5dd3cf0f8fd8a834875/files/mp/public/68c9d5dd3cf0f8fd8a834875/147edf9bb_catalogo-sup_barra_montada.jpg;9506.91.00;;true;;;;;;;;;;;;;;false;Sporting Goods > Exercise & Fitness;
6ac2708ea3d41ee967220d74;Suporte para Barras Montadas Color - 8 Barras;AF-046;Suportes;;peça;;https://base44.app/api/apps/68c9d5dd3cf0f8fd8a834875/files/mp/public/68c9d5dd3cf0f8fd8a834875/6d691fada_catalogo-sup_color_barra.jpg;9506.91.00;;true;;;;;;;;;;;;;;false;Sporting Goods > Exercise & Fitness;
6ac2708ea3d41ee967220d75;Suporte para Barras Montadas Color - 10 Barras;AF-047;Suportes;;peça;;https://base44.app/api/apps/68c9d5dd3cf0f8fd8a834875/files/mp/public/68c9d5dd3cf0f8fd8a834875/6d691fada_catalogo-sup_color_barra.jpg;9506.91.00;;true;;;;;;;;;;;;;;false;Sporting Goods > Exercise & Fitness;
6ac2708ea3d41ee967220d76;Suporte para Barras Montadas Color - 12 Barras;AF-048;Suportes;;peça;;https://base44.app/api/apps/68c9d5dd3cf0f8fd8a834875/files/mp/public/68c9d5dd3cf0f8fd8a834875/6d691fada_catalogo-sup_color_barra.jpg;9506.91.00;;true;;;;;;;;;;;;;;false;Sporting Goods > Exercise & Fitness;
6ac2708ea3d41ee967220d77;Suporte para Barras Pump 10 Barras;AF-049;Suportes;;peça;;;9506.91.00;;true;;;;;;;;;;;;;;false;Sporting Goods > Exercise & Fitness;
6ac2708ea3d41ee967220d78;Suporte DESMONTÁVEL para Dumbbells Monobloco - 6 Pares;AF-050;Suportes;;peça;;https://base44.app/api/apps/68c9d5dd3cf0f8fd8a834875/files/mp/public/68c9d5dd3cf0f8fd8a834875/09733b8bc_catalogo-sup_dum_desm.jpg;9506.91.00;;true;;;;;;;;;;;;;;false;Sporting Goods > Exercise & Fitness;
6ac2708ea3d41ee967220d79;Suporte DESMONTÁVEL para Dumbbells Monobloco - 8 Pares;AF-051;Suportes;;peça;;https://base44.app/api/apps/68c9d5dd3cf0f8fd8a834875/files/mp/public/68c9d5dd3cf0f8fd8a834875/09733b8bc_catalogo-sup_dum_desm.jpg;9506.91.00;;true;;;;;;;;;;;;;;false;Sporting Goods > Exercise & Fitness;
6ac2708ea3d41ee967220d7a;Suporte DESMONTÁVEL para Dumbbells Monobloco - 10 Pares;AF-052;Suportes;;peça;;https://base44.app/api/apps/68c9d5dd3cf0f8fd8a834875/files/mp/public/68c9d5dd3cf0f8fd8a834875/09733b8bc_catalogo-sup_dum_desm.jpg;9506.91.00;;true;;;;;;;;;;;;;;false;Sporting Goods > Exercise & Fitness;
6ac2708ea3d41ee967220d7b;Suporte DESMONTÁVEL para Dumbbells Monobloco - 5 Pares - cap máxima;AF-053;Suportes;;peça;;https://base44.app/api/apps/68c9d5dd3cf0f8fd8a834875/files/mp/public/68c9d5dd3cf0f8fd8a834875/05eee80f2_catalogo-sup_dum_maior.jpg;9506.91.00;;true;;;;;;;;;;;;;;false;Sporting Goods > Exercise & Fitness;
6ac2708ea3d41ee967220d7c;Suporte DESMONTÁVEL para Dumbbells Monobloco - 6 Pares - cap máxima;AF-054;Suportes;;peça;;https://base44.app/api/apps/68c9d5dd3cf0f8fd8a834875/files/mp/public/68c9d5dd3cf0f8fd8a834875/05eee80f2_catalogo-sup_dum_maior.jpg;9506.91.00;;true;;;;;;;;;;;;;;false;Sporting Goods > Exercise & Fitness;
6ac2708ea3d41ee967220d7d;Suporte DESMONTÁVEL para Dumbbells Monobloco - 8 Pares - cap máxima;AF-055;Suportes;;peça;;https://base44.app/api/apps/68c9d5dd3cf0f8fd8a834875/files/mp/public/68c9d5dd3cf0f8fd8a834875/05eee80f2_catalogo-sup_dum_maior.jpg;9506.91.00;;true;;;;;;;;;;;;;;false;Sporting Goods > Exercise & Fitness;
6ac2708ea3d41ee967220d7e;Suporte para Halteres A - 10 Pares;AF-056;Suportes;;peça;;;9506.91.00;;true;;;;;;;;;;;;;;false;Sporting Goods > Exercise & Fitness;
6ac2708ea3d41ee967220d7f;Suporte para Halteres Reto - 5 Pares;AF-057;Suportes;;peça;;;9506.91.00;;true;;;;;;;;;;;;;;false;Sporting Goods > Exercise & Fitness;
6ac2708ea3d41ee967220d80;Suporte para Halteres Reto - 10 Pares;AF-058;Suportes;;peça;;;9506.91.00;;true;;;;;;;;;;;;;;false;Sporting Goods > Exercise & Fitness;
6ac2708ea3d41ee967220d81;Suporte para Halteres - Universal - 1 a 5 Kg;AF-059;Suportes;;peça;;https://base44.app/api/apps/68c9d5dd3cf0f8fd8a834875/files/mp/public/68c9d5dd3cf0f8fd8a834875/7651802d5_catalogo-sup_univ_1_5.jpg;9506.91.00;;true;;;;;;;;;;;;;;false;Sporting Goods > Exercise & Fitness;
6ac2708ea3d41ee967220d82;Suporte para Halteres - Universal - 6 a 10Kg;AF-060;Suportes;;peça;;https://base44.app/api/apps/68c9d5dd3cf0f8fd8a834875/files/mp/public/68c9d5dd3cf0f8fd8a834875/efea7a4d9_catalogo-sup_univ_6_10.jpg;9506.91.00;;true;;;;;;;;;;;;;;false;Sporting Goods > Exercise & Fitness;
6ac2708ea3d41ee967220d83;Suporte para Halteres - Universal - 1 a 10Kg;AF-061;Suportes;;peça;;https://base44.app/api/apps/68c9d5dd3cf0f8fd8a834875/files/mp/public/68c9d5dd3cf0f8fd8a834875/f2d229bd9_catalogo-sup_univ_1_10.jpg;9506.91.00;;true;;;;;;;;;;;;;;false;Sporting Goods > Exercise & Fitness;
6ac2708ea3d41ee967220d84;Suporte para Halteres - COLOR G - 1 a 10Kg;AF-062;Suportes;;peça;;https://base44.app/api/apps/68c9d5dd3cf0f8fd8a834875/files/mp/public/68c9d5dd3cf0f8fd8a834875/0e9a53383_catalogo-sup_color_halt.jpg;9506.91.00;;true;;;;;;;;;;;;;;false;Sporting Goods > Exercise & Fitness;
6ac2708ea3d41ee967220d85;Suporte para Halteres - Oblongo - 1 a 5Kg;AF-063;Suportes;;peça;;https://base44.app/api/apps/68c9d5dd3cf0f8fd8a834875/files/mp/public/68c9d5dd3cf0f8fd8a834875/ef2ba8c6f_catalogo-sup_oblongo.jpg;9506.91.00;;true;;;;;;;;;;;;;;false;Sporting Goods > Exercise & Fitness;
6ac2708ea3d41ee967220d86;Suporte para Halteres - Oblongo - 6 a 10 Kg;AF-064;Suportes;;peça;;https://base44.app/api/apps/68c9d5dd3cf0f8fd8a834875/files/mp/public/68c9d5dd3cf0f8fd8a834875/ef2ba8c6f_catalogo-sup_oblongo.jpg;9506.91.00;;true;;;;;;;;;;;;;;false;Sporting Goods > Exercise & Fitness;
6ac2708ea3d41ee967220d87;Suporte para Halteres - Oblongo - 1 a 10Kg;AF-065;Suportes;;peça;;https://base44.app/api/apps/68c9d5dd3cf0f8fd8a834875/files/mp/public/68c9d5dd3cf0f8fd8a834875/ef2ba8c6f_catalogo-sup_oblongo.jpg;9506.91.00;;true;;;;;;;;;;;;;;false;Sporting Goods > Exercise & Fitness;
6ac2708ea3d41ee967220d88;Suporte para Wall Ball - c/ 3 Prateleiras - Capacidade 15 bolas;AF-066;Suportes;;peça;;https://base44.app/api/apps/68c9d5dd3cf0f8fd8a834875/files/mp/public/68c9d5dd3cf0f8fd8a834875/cfad119c1_catalogo-sup_wallball.jpg;9506.91.00;;true;;;;;;;;;;;;;;false;Sporting Goods > Exercise & Fitness;
6ac2708ea3d41ee967220d89;Suporte para Wall Ball - c/ 5 Prateleiras - Capacidade 25 bolas;AF-067;Suportes;;peça;;https://base44.app/api/apps/68c9d5dd3cf0f8fd8a834875/files/mp/public/68c9d5dd3cf0f8fd8a834875/cfad119c1_catalogo-sup_wallball.jpg;9506.91.00;;true;;;;;;;;;;;;;;false;Sporting Goods > Exercise & Fitness;
6ac2708ea3d41ee967220d8a;Suporte 3 em 1 (Anilha - Halter - Barra);AF-068;Suportes;;peça;;;9506.91.00;;true;;;;;;;;;;;;;;false;Sporting Goods > Exercise & Fitness;
6ac2708ea3d41ee967220d8b;Suporte 3 em 1 (Anilha - Halter - Kettlebell );AF-069;Suportes;;peça;;;9506.91.00;;true;;;;;;;;;;;;;;false;Sporting Goods > Exercise & Fitness;
6ac2708ea3d41ee967220d8c;Suporte 4 em 1 (Anilha/ Dumb/ Halter/ Kettlebell);AF-070;Suportes;;peça;;;9506.91.00;;true;;;;;;;;;;;;;;false;Sporting Goods > Exercise & Fitness;
6ac2708ea3d41ee967220d8d;Piso Emborrachado 15Mm - 1,00 X 1,00;AF-071;Pisos;;peça;;https://base44.app/api/apps/68c9d5dd3cf0f8fd8a834875/files/mp/public/68c9d5dd3cf0f8fd8a834875/e855a4859_catalogo-piso.jpg;9506.91.00;;true;;;;;;;;;;;;;;false;Sporting Goods > Exercise & Fitness;
6ac2708ea3d41ee967220d8e;Colchonete emborrachado 4 cm;AF-072;Outros;;peça;;https://base44.app/api/apps/68c9d5dd3cf0f8fd8a834875/files/mp/public/68c9d5dd3cf0f8fd8a834875/2d9d31cba_catalogo-colchonete.jpg;9506.91.00;;true;;;;;;;;;;;;;;false;Sporting Goods > Exercise & Fitness;
6ac2708ea3d41ee967220d8f;STEP EVA 90cm - Preto;AF-073;Outros;;peça;;https://base44.app/api/apps/68c9d5dd3cf0f8fd8a834875/files/mp/public/68c9d5dd3cf0f8fd8a834875/2f6d80b46_catalogo-step.jpg;9506.91.00;;true;;;;;;;;;;;;;;false;Sporting Goods > Exercise & Fitness;
6ac2708ea3d41ee967220d90;Box Jump - Grande;AF-074;Outros;;peça;;https://base44.app/api/apps/68c9d5dd3cf0f8fd8a834875/files/mp/public/68c9d5dd3cf0f8fd8a834875/11518e020_catalogo-boxjump.jpg;9506.91.00;;true;;;;;;;;;;;;;;false;Sporting Goods > Exercise & Fitness;
6ac2708ea3d41ee967220d91;Box Jump - Pequeno;AF-075;Outros;;peça;;https://base44.app/api/apps/68c9d5dd3cf0f8fd8a834875/files/mp/public/68c9d5dd3cf0f8fd8a834875/11518e020_catalogo-boxjump.jpg;9506.91.00;;true;;;;;;;;;;;;;;false;Sporting Goods > Exercise & Fitness;
6ac2708ea3d41ee967220d92;Mini Jump - 36 molas;AF-076;Outros;;peça;;https://base44.app/api/apps/68c9d5dd3cf0f8fd8a834875/files/mp/public/68c9d5dd3cf0f8fd8a834875/a4d853c22_catalogo-minijump.jpg;9506.91.00;;true;;;;;;;;;;;;;;false;Sporting Goods > Exercise & Fitness;
6ac2708ea3d41ee967220d93;Wall Ball Sintético - 6 kg;AF-077;Outros;;peça;;https://base44.app/api/apps/68c9d5dd3cf0f8fd8a834875/files/mp/public/68c9d5dd3cf0f8fd8a834875/b01a979ec_catalogo-wallball.jpg;9506.91.00;;true;;;;;;;;;;;;;;false;Sporting Goods > Exercise & Fitness;
6ac2708ea3d41ee967220d94;Wall Ball Sintético - 8 kg;AF-078;Outros;;peça;;;9506.91.00;;true;;;;;;;;;;;;;;false;Sporting Goods > Exercise & Fitness;
6ac2708ea3d41ee967220d95;Wall Ball Sintético - 10 kg;AF-079;Outros;;peça;;;9506.91.00;;true;;;;;;;;;;;;;;false;Sporting Goods > Exercise & Fitness;
6ac2708ea3d41ee967220d96;Wall Ball Sintético - 12 kg;AF-080;Outros;;peça;;;9506.91.00;;true;;;;;;;;;;;;;;false;Sporting Goods > Exercise & Fitness;
6ac2708ea3d41ee967220d97;Alça Tornozeleira puxador gluteos - unidade;AF-081;Outros;;peça;;https://base44.app/api/apps/68c9d5dd3cf0f8fd8a834875/files/mp/public/68c9d5dd3cf0f8fd8a834875/3e8e253e7_catalogo-puxador_alca.jpg;9506.91.00;;true;;;;;;;;;;;;;;false;Sporting Goods > Exercise & Fitness;
6ac2708ea3d41ee967220d98;Puxador pulley Romano - Preto;AF-082;Outros;;peça;;;9506.91.00;;true;;;;;;;;;;;;;;false;Sporting Goods > Exercise & Fitness;
6ac2708ea3d41ee967220d99;Puxador estribo p/ Cross Over (Par) - Preto;AF-083;Outros;;peça;;https://base44.app/api/apps/68c9d5dd3cf0f8fd8a834875/files/mp/public/68c9d5dd3cf0f8fd8a834875/f95093099_catalogo-puxador_estribo.jpg;9506.91.00;;true;;;;;;;;;;;;;;false;Sporting Goods > Exercise & Fitness;
6ac2708ea3d41ee967220d9a;Puxador estribo p/ Cross Over (Par) - Cromado;AF-084;Outros;;peça;;https://base44.app/api/apps/68c9d5dd3cf0f8fd8a834875/files/mp/public/68c9d5dd3cf0f8fd8a834875/7ca976788_estribo-square.png;9506.91.00;;true;;;;;;;;;;;;;;false;Sporting Goods > Exercise & Fitness;
6ac3b3826e84f2304c6eca3a;Bucha para Tijolinho Jaú PP 7/8";AF-085;Tijolinhos;Jaú;peça;;https://base44.app/api/apps/68c9d5dd3cf0f8fd8a834875/files/mp/public/68c9d5dd3cf0f8fd8a834875/a3c122ac5_catalogo-tij_bucha_jau.jpg;9506.91.00;;true;;;;;;;;;;;;;;false;Sporting Goods > Exercise & Fitness;Origem: Salomé e Prado (Anilhas de Ferro)
6ac3b3838a6973dcd4e0f208;Suporte Dumbbell para 9 Pares;AF-086;Suportes;;peça;;https://base44.app/api/apps/68c9d5dd3cf0f8fd8a834875/files/mp/public/68c9d5dd3cf0f8fd8a834875/80fc060f6_catalogo-sup_dum_montado.jpg;9506.91.00;;true;;;;;;;;;;;;;;false;Sporting Goods > Exercise & Fitness;Origem: Salomé e Prado (Anilhas de Ferro)
6ac3b383b4dc1ab1ad1b7f02;Suporte Dumbbell para 11 Pares;AF-087;Suportes;;peça;;https://base44.app/api/apps/68c9d5dd3cf0f8fd8a834875/files/mp/public/68c9d5dd3cf0f8fd8a834875/80fc060f6_catalogo-sup_dum_montado.jpg;9506.91.00;;true;;;;;;;;;;;;;;false;Sporting Goods > Exercise & Fitness;Origem: Salomé e Prado (Anilhas de Ferro)
6ac3b3843a22440290779bff;Caneleira Capota Marítima - 1 kg;AF-088;Acessórios;;par;1;https://base44.app/api/apps/68c9d5dd3cf0f8fd8a834875/files/mp/public/68c9d5dd3cf0f8fd8a834875/dd0c457f6_10-p23_350_w.jpg;9506.91.00;;true;;;;;;;;;;;;;;false;Sporting Goods > Exercise & Fitness;Origem: Salomé e Prado (Anilhas de Ferro)
6ac3b38552bc336773ea7ede;Caneleira Capota Marítima - 6 kg;AF-092;Acessórios;;par;6;https://base44.app/api/apps/68c9d5dd3cf0f8fd8a834875/files/mp/public/68c9d5dd3cf0f8fd8a834875/dd0c457f6_10-p23_350_w.jpg;9506.91.00;;true;;;;;;;;;;;;;;false;Sporting Goods > Exercise & Fitness;Origem: Salomé e Prado (Anilhas de Ferro)
6ac3b3857bbf4d9039f0ad99;Caneleira Capota Marítima - 4 kg;AF-091;Acessórios;;par;4;https://base44.app/api/apps/68c9d5dd3cf0f8fd8a834875/files/mp/public/68c9d5dd3cf0f8fd8a834875/dd0c457f6_10-p23_350_w.jpg;9506.91.00;;true;;;;;;;;;;;;;;false;Sporting Goods > Exercise & Fitness;Origem: Salomé e Prado (Anilhas de Ferro)
6ac3b385c4aa5a0c64641699;Caneleira Capota Marítima - 2 kg;AF-089;Acessórios;;par;2;https://base44.app/api/apps/68c9d5dd3cf0f8fd8a834875/files/mp/public/68c9d5dd3cf0f8fd8a834875/dd0c457f6_10-p23_350_w.jpg;9506.91.00;;true;;;;;;;;;;;;;;false;Sporting Goods > Exercise & Fitness;Origem: Salomé e Prado (Anilhas de Ferro)
6ac3b385ea39ddd80464d7be;Caneleira Capota Marítima - 3 kg;AF-090;Acessórios;;par;3;https://base44.app/api/apps/68c9d5dd3cf0f8fd8a834875/files/mp/public/68c9d5dd3cf0f8fd8a834875/dd0c457f6_10-p23_350_w.jpg;9506.91.00;;true;;;;;;;;;;;;;;false;Sporting Goods > Exercise & Fitness;Origem: Salomé e Prado (Anilhas de Ferro)
6ac3b38645652574e23040fc;Caneleira Capota Marítima - 8 kg;AF-094;Acessórios;;par;8;https://base44.app/api/apps/68c9d5dd3cf0f8fd8a834875/files/mp/public/68c9d5dd3cf0f8fd8a834875/dd0c457f6_10-p23_350_w.jpg;9506.91.00;;true;;;;;;;;;;;;;;false;Sporting Goods > Exercise & Fitness;Origem: Salomé e Prado (Anilhas de Ferro)
6ac3b386a1c50823e09a146c;Caneleira Capota Marítima - 9 kg;AF-095;Acessórios;;par;9;https://base44.app/api/apps/68c9d5dd3cf0f8fd8a834875/files/mp/public/68c9d5dd3cf0f8fd8a834875/dd0c457f6_10-p23_350_w.jpg;9506.91.00;;true;;;;;;;;;;;;;;false;Sporting Goods > Exercise & Fitness;Origem: Salomé e Prado (Anilhas de Ferro)
6ac3b386d00eb557181ddc40;Caneleira Capota Marítima - 7 kg;AF-093;Acessórios;;par;7;https://base44.app/api/apps/68c9d5dd3cf0f8fd8a834875/files/mp/public/68c9d5dd3cf0f8fd8a834875/dd0c457f6_10-p23_350_w.jpg;9506.91.00;;true;;;;;;;;;;;;;;false;Sporting Goods > Exercise & Fitness;Origem: Salomé e Prado (Anilhas de Ferro)
6ac3b387c84ef2bd3f05eac3;Caneleira Capota Marítima - 10 kg;AF-096;Acessórios;;par;10;https://base44.app/api/apps/68c9d5dd3cf0f8fd8a834875/files/mp/public/68c9d5dd3cf0f8fd8a834875/dd0c457f6_10-p23_350_w.jpg;9506.91.00;;true;;;;;;;;;;;;;;false;Sporting Goods > Exercise & Fitness;Origem: Salomé e Prado (Anilhas de Ferro)
6ac3b38a55ff2063c1dde1c9;Kit Halter Sextavado Injetado Pegada Inox 1 A 10 kg (10 Pares);AF-098;Kits;;kit;;;9506.91.00;;true;;;;;;;;;;;;;;false;Sporting Goods > Exercise & Fitness;Origem: Salomé e Prado (Anilhas de Ferro)
6ac3b38aedca1fe86a5a3fdb;Kit Halter Sextavado Injetado Pegada Inox 1 A 10 kg + Suporte Universal;AF-097;Kits;;kit;;;9506.91.00;;true;;;;;;;;;;;;;;false;Sporting Goods > Exercise & Fitness;Origem: Salomé e Prado (Anilhas de Ferro)
6ac3b9023e885cb8b79dc9e8;Halter Sextavado Injetado Pegada Inox 2kg;AF-100;Halteres;;peça;2;https://base44.app/api/apps/68c9d5dd3cf0f8fd8a834875/files/mp/public/68c9d5dd3cf0f8fd8a834875/47ace738d_catalogo-hal_sext_inox.jpg;9506.91.00;;true;;;Injetado;Inox;;;;;;;;;;false;Sporting Goods > Exercise & Fitness;
6ac3b902b203d1438907783b;Halter Sextavado Injetado Pegada Inox 1kg;AF-099;Halteres;;peça;1;https://base44.app/api/apps/68c9d5dd3cf0f8fd8a834875/files/mp/public/68c9d5dd3cf0f8fd8a834875/47ace738d_catalogo-hal_sext_inox.jpg;9506.91.00;;true;;;Injetado;Inox;;;;;;;;;;false;Sporting Goods > Exercise & Fitness;
6ac3b902d08d268021d73cbc;Halter Sextavado Injetado Pegada Inox 3kg;AF-101;Halteres;;peça;3;https://base44.app/api/apps/68c9d5dd3cf0f8fd8a834875/files/mp/public/68c9d5dd3cf0f8fd8a834875/47ace738d_catalogo-hal_sext_inox.jpg;9506.91.00;;true;;;Injetado;Inox;;;;;;;;;;false;Sporting Goods > Exercise & Fitness;
6ac3b90374b9367572c8edc9;Halter Sextavado Injetado Pegada Inox 5kg;AF-103;Halteres;;peça;5;https://base44.app/api/apps/68c9d5dd3cf0f8fd8a834875/files/mp/public/68c9d5dd3cf0f8fd8a834875/47ace738d_catalogo-hal_sext_inox.jpg;9506.91.00;;true;;;Injetado;Inox;;;;;;;;;;false;Sporting Goods > Exercise & Fitness;
6ac3b903c108c8c59a89eb0c;Halter Sextavado Injetado Pegada Inox 6kg;AF-104;Halteres;;peça;6;https://base44.app/api/apps/68c9d5dd3cf0f8fd8a834875/files/mp/public/68c9d5dd3cf0f8fd8a834875/47ace738d_catalogo-hal_sext_inox.jpg;9506.91.00;;true;;;Injetado;Inox;;;;;;;;;;false;Sporting Goods > Exercise & Fitness;
6ac3b903c72842f9dab38a2b;Halter Sextavado Injetado Pegada Inox 7kg;AF-105;Halteres;;peça;7;https://base44.app/api/apps/68c9d5dd3cf0f8fd8a834875/files/mp/public/68c9d5dd3cf0f8fd8a834875/47ace738d_catalogo-hal_sext_inox.jpg;9506.91.00;;true;;;Injetado;Inox;;;;;;;;;;false;Sporting Goods > Exercise & Fitness;
6ac3b903e0640abc6b1f59b3;Halter Sextavado Injetado Pegada Inox 4kg;AF-102;Halteres;;peça;4;https://base44.app/api/apps/68c9d5dd3cf0f8fd8a834875/files/mp/public/68c9d5dd3cf0f8fd8a834875/47ace738d_catalogo-hal_sext_inox.jpg;9506.91.00;;true;;;Injetado;Inox;;;;;;;;;;false;Sporting Goods > Exercise & Fitness;
6ac3b90409defc7894ce4967;Halter Sextavado Injetado Pegada Inox 8kg;AF-106;Halteres;;peça;8;https://base44.app/api/apps/68c9d5dd3cf0f8fd8a834875/files/mp/public/68c9d5dd3cf0f8fd8a834875/47ace738d_catalogo-hal_sext_inox.jpg;9506.91.00;;true;;;Injetado;Inox;;;;;;;;;;false;Sporting Goods > Exercise & Fitness;
6ac3b9042891c9729d7252fa;Halter Sextavado Injetado Pegada Eletrostática 2kg;AF-110;Halteres;;peça;2;https://base44.app/api/apps/68c9d5dd3cf0f8fd8a834875/files/mp/public/68c9d5dd3cf0f8fd8a834875/a0990d01d_catalogo-hal_sext_eletro.jpg;9506.91.00;;true;;;Injetado;Eletrostática;;;;;;;;;;false;Sporting Goods > Exercise & Fitness;
6ac3b904a5ffab0bc9f306f5;Halter Sextavado Injetado Pegada Inox 9kg;AF-107;Halteres;;peça;9;https://base44.app/api/apps/68c9d5dd3cf0f8fd8a834875/files/mp/public/68c9d5dd3cf0f8fd8a834875/47ace738d_catalogo-hal_sext_inox.jpg;9506.91.00;;true;;;Injetado;Inox;;;;;;;;;;false;Sporting Goods > Exercise & Fitness;
6ac3b904c3914a1e988fd613;Halter Sextavado Injetado Pegada Eletrostática 1kg;AF-109;Halteres;;peça;1;https://base44.app/api/apps/68c9d5dd3cf0f8fd8a834875/files/mp/public/68c9d5dd3cf0f8fd8a834875/a0990d01d_catalogo-hal_sext_eletro.jpg;9506.91.00;;true;;;Injetado;Eletrostática;;;;;;;;;;false;Sporting Goods > Exercise & Fitness;
6ac3b904f79396fccb9651fd;Halter Sextavado Injetado Pegada Inox 10kg;AF-108;Halteres;;peça;10;https://base44.app/api/apps/68c9d5dd3cf0f8fd8a834875/files/mp/public/68c9d5dd3cf0f8fd8a834875/47ace738d_catalogo-hal_sext_inox.jpg;9506.91.00;;true;;;Injetado;Inox;;;;;;;;;;false;Sporting Goods > Exercise & Fitness;
6ac3b905068f6d414702ccdb;Halter Sextavado Injetado Pegada Eletrostática 4kg;AF-112;Halteres;;peça;4;https://base44.app/api/apps/68c9d5dd3cf0f8fd8a834875/files/mp/public/68c9d5dd3cf0f8fd8a834875/a0990d01d_catalogo-hal_sext_eletro.jpg;9506.91.00;;true;;;Injetado;Eletrostática;;;;;;;;;;false;Sporting Goods > Exercise & Fitness;
6ac3b90507627f99902385f4;Halter Sextavado Injetado Pegada Eletrostática 5kg;AF-113;Halteres;;peça;5;https://base44.app/api/apps/68c9d5dd3cf0f8fd8a834875/files/mp/public/68c9d5dd3cf0f8fd8a834875/a0990d01d_catalogo-hal_sext_eletro.jpg;9506.91.00;;true;;;Injetado;Eletrostática;;;;;;;;;;false;Sporting Goods > Exercise & Fitness;
6ac3b9050b485be3c4ade9e0;Halter Sextavado Injetado Pegada Eletrostática 6kg;AF-114;Halteres;;peça;6;https://base44.app/api/apps/68c9d5dd3cf0f8fd8a834875/files/mp/public/68c9d5dd3cf0f8fd8a834875/a0990d01d_catalogo-hal_sext_eletro.jpg;9506.91.00;;true;;;Injetado;Eletrostática;;;;;;;;;;false;Sporting Goods > Exercise & Fitness;
6ac3b9055414f3fc4967e92f;Halter Sextavado Injetado Pegada Eletrostática 3kg;AF-111;Halteres;;peça;3;https://base44.app/api/apps/68c9d5dd3cf0f8fd8a834875/files/mp/public/68c9d5dd3cf0f8fd8a834875/a0990d01d_catalogo-hal_sext_eletro.jpg;9506.91.00;;true;;;Injetado;Eletrostática;;;;;;;;;;false;Sporting Goods > Exercise & Fitness;
6ac3b9055d2e30bff7fa2cc8;Halter Sextavado Injetado Pegada Eletrostática 8kg;AF-116;Halteres;;peça;8;https://base44.app/api/apps/68c9d5dd3cf0f8fd8a834875/files/mp/public/68c9d5dd3cf0f8fd8a834875/a0990d01d_catalogo-hal_sext_eletro.jpg;9506.91.00;;true;;;Injetado;Eletrostática;;;;;;;;;;false;Sporting Goods > Exercise & Fitness;
6ac3b9056474e6f03fba3b58;Halter Sextavado Injetado Pegada Eletrostática 7kg;AF-115;Halteres;;peça;7;https://base44.app/api/apps/68c9d5dd3cf0f8fd8a834875/files/mp/public/68c9d5dd3cf0f8fd8a834875/a0990d01d_catalogo-hal_sext_eletro.jpg;9506.91.00;;true;;;Injetado;Eletrostática;;;;;;;;;;false;Sporting Goods > Exercise & Fitness;
6ac3b906002a3274de230cc0;Halter Sextavado Injetado Pegada Eletrostática 10kg;AF-118;Halteres;;peça;10;https://base44.app/api/apps/68c9d5dd3cf0f8fd8a834875/files/mp/public/68c9d5dd3cf0f8fd8a834875/a0990d01d_catalogo-hal_sext_eletro.jpg;9506.91.00;;true;;;Injetado;Eletrostática;;;;;;;;;;false;Sporting Goods > Exercise & Fitness;
6ac3b9069dbe8b4bc5518b12;Halter Sextavado Injetado Pegada Eletrostática 9kg;AF-117;Halteres;;peça;9;https://base44.app/api/apps/68c9d5dd3cf0f8fd8a834875/files/mp/public/68c9d5dd3cf0f8fd8a834875/a0990d01d_catalogo-hal_sext_eletro.jpg;9506.91.00;;true;;;Injetado;Eletrostática;;;;;;;;;;false;Sporting Goods > Exercise & Fitness;
6ac3b907dc01b5cd6258703a;Barra Olímpica 0,50m Cromada c/ Rolamento;AF-119;Barras;Barra Olímpica;peça;5;https://base44.app/api/apps/68c9d5dd3cf0f8fd8a834875/files/mp/public/68c9d5dd3cf0f8fd8a834875/15776e0f8_catalogo-barra_olimp.jpg;9506.91.00;;true;;;;;;Cromada;;;;;;;;false;Sporting Goods > Exercise & Fitness;
6ac3b90c391da103e89880c9;Dumbbell Monobloco Sextavado Injetado Pegada Injetada 34kg;AF-121;Dumbbells;Dumbbell Monobloco Sextavado;peça;34;https://base44.app/api/apps/68c9d5dd3cf0f8fd8a834875/files/mp/public/68c9d5dd3cf0f8fd8a834875/d6e8ac468_catalogo-dum_mono_sext.jpg;9506.91.00;;true;;;Injetado;Injetada;;;;Monobloco Sextavado;;;;;;false;Sporting Goods > Exercise & Fitness;
6ac3b90c50a23155826bc298;Dumbbell Monobloco Sextavado Injetado Pegada Injetada 32kg;AF-120;Dumbbells;Dumbbell Monobloco Sextavado;peça;32;https://base44.app/api/apps/68c9d5dd3cf0f8fd8a834875/files/mp/public/68c9d5dd3cf0f8fd8a834875/d6e8ac468_catalogo-dum_mono_sext.jpg;9506.91.00;;true;;;Injetado;Injetada;;;;Monobloco Sextavado;;;;;;false;Sporting Goods > Exercise & Fitness;
6ac3b90c9c3360c67b188a90;Dumbbell Monobloco Sextavado Injetado Pegada Injetada 36kg;AF-122;Dumbbells;Dumbbell Monobloco Sextavado;peça;36;https://base44.app/api/apps/68c9d5dd3cf0f8fd8a834875/files/mp/public/68c9d5dd3cf0f8fd8a834875/d6e8ac468_catalogo-dum_mono_sext.jpg;9506.91.00;;true;;;Injetado;Injetada;;;;Monobloco Sextavado;;;;;;false;Sporting Goods > Exercise & Fitness;
6ac3b90d257a4a402c7c136c;Dumbbell Monobloco Sextavado Injetado Pegada Injetada 38kg;AF-123;Dumbbells;Dumbbell Monobloco Sextavado;peça;38;https://base44.app/api/apps/68c9d5dd3cf0f8fd8a834875/files/mp/public/68c9d5dd3cf0f8fd8a834875/d6e8ac468_catalogo-dum_mono_sext.jpg;9506.91.00;;true;;;Injetado;Injetada;;;;Monobloco Sextavado;;;;;;false;Sporting Goods > Exercise & Fitness;
6ac3b90d334009a8b131d454;Dumbbell Monobloco Sextavado Injetado Pegada Injetada 42kg;AF-125;Dumbbells;Dumbbell Monobloco Sextavado;peça;42;https://base44.app/api/apps/68c9d5dd3cf0f8fd8a834875/files/mp/public/68c9d5dd3cf0f8fd8a834875/d6e8ac468_catalogo-dum_mono_sext.jpg;9506.91.00;;true;;;Injetado;Injetada;;;;Monobloco Sextavado;;;;;;false;Sporting Goods > Exercise & Fitness;
6ac3b90d6790aa3b9cf7aead;Dumbbell Monobloco Sextavado Injetado Pegada Injetada 46kg;AF-127;Dumbbells;Dumbbell Monobloco Sextavado;peça;46;https://base44.app/api/apps/68c9d5dd3cf0f8fd8a834875/files/mp/public/68c9d5dd3cf0f8fd8a834875/d6e8ac468_catalogo-dum_mono_sext.jpg;9506.91.00;;true;;;Injetado;Injetada;;;;Monobloco Sextavado;;;;;;false;Sporting Goods > Exercise & Fitness;
6ac3b90d756e1b851b41b029;Dumbbell Monobloco Sextavado Injetado Pegada Injetada 44kg;AF-126;Dumbbells;Dumbbell Monobloco Sextavado;peça;44;https://base44.app/api/apps/68c9d5dd3cf0f8fd8a834875/files/mp/public/68c9d5dd3cf0f8fd8a834875/d6e8ac468_catalogo-dum_mono_sext.jpg;9506.91.00;;true;;;Injetado;Injetada;;;;Monobloco Sextavado;;;;;;false;Sporting Goods > Exercise & Fitness;
6ac3b90df23afc741177eab7;Dumbbell Monobloco Sextavado Injetado Pegada Injetada 40kg;AF-124;Dumbbells;Dumbbell Monobloco Sextavado;peça;40;https://base44.app/api/apps/68c9d5dd3cf0f8fd8a834875/files/mp/public/68c9d5dd3cf0f8fd8a834875/d6e8ac468_catalogo-dum_mono_sext.jpg;9506.91.00;;true;;;Injetado;Injetada;;;;Monobloco Sextavado;;;;;;false;Sporting Goods > Exercise & Fitness;
6ac3b90e068f6d414702cce1;Dumbbell Monobloco Sextavado Injetado Pegada Injetada 50kg;AF-129;Dumbbells;Dumbbell Monobloco Sextavado;peça;50;https://base44.app/api/apps/68c9d5dd3cf0f8fd8a834875/files/mp/public/68c9d5dd3cf0f8fd8a834875/d6e8ac468_catalogo-dum_mono_sext.jpg;9506.91.00;;true;;;Injetado;Injetada;;;;Monobloco Sextavado;;;;;;false;Sporting Goods > Exercise & Fitness;
6ac3b90e0873b61778311e9a;Dumbbell Monobloco Redondo Injetado Pegada Cromada 12,5kg;AF-130;Dumbbells;Dumbbell Monobloco Redondo;peça;12.5;https://base44.app/api/apps/68c9d5dd3cf0f8fd8a834875/files/mp/public/68c9d5dd3cf0f8fd8a834875/5a401b993_catalogo-dum_mono_red_inj.jpg;9506.91.00;;true;;;Injetado;Cromada;;;;Monobloco Redondo;;;;;;false;Sporting Goods > Exercise & Fitness;
6ac3b90e189f172d6d7e1b5d;Dumbbell Monobloco Sextavado Injetado Pegada Injetada 48kg;AF-128;Dumbbells;Dumbbell Monobloco Sextavado;peça;48;https://base44.app/api/apps/68c9d5dd3cf0f8fd8a834875/files/mp/public/68c9d5dd3cf0f8fd8a834875/d6e8ac468_catalogo-dum_mono_sext.jpg;9506.91.00;;true;;;Injetado;Injetada;;;;Monobloco Sextavado;;;;;;false;Sporting Goods > Exercise & Fitness;
6ac3b90e3bc43c421284e9b9;Dumbbell Monobloco Redondo Injetado Pegada Cromada 15kg;AF-131;Dumbbells;Dumbbell Monobloco Redondo;peça;15;https://base44.app/api/apps/68c9d5dd3cf0f8fd8a834875/files/mp/public/68c9d5dd3cf0f8fd8a834875/5a401b993_catalogo-dum_mono_red_inj.jpg;9506.91.00;;true;;;Injetado;Cromada;;;;Monobloco Redondo;;;;;;false;Sporting Goods > Exercise & Fitness;
6ac3b90e6cbd6c5163f2c9a9;Dumbbell Monobloco Redondo Injetado Pegada Cromada 17,5kg;AF-132;Dumbbells;Dumbbell Monobloco Redondo;peça;17.5;https://base44.app/api/apps/68c9d5dd3cf0f8fd8a834875/files/mp/public/68c9d5dd3cf0f8fd8a834875/5a401b993_catalogo-dum_mono_red_inj.jpg;9506.91.00;;true;;;Injetado;Cromada;;;;Monobloco Redondo;;;;;;false;Sporting Goods > Exercise & Fitness;
6ac3b90f0cf2e9992ec4d11a;Dumbbell Monobloco Redondo Injetado Pegada Cromada 25kg;AF-135;Dumbbells;Dumbbell Monobloco Redondo;peça;25;https://base44.app/api/apps/68c9d5dd3cf0f8fd8a834875/files/mp/public/68c9d5dd3cf0f8fd8a834875/5a401b993_catalogo-dum_mono_red_inj.jpg;9506.91.00;;true;;;Injetado;Cromada;;;;Monobloco Redondo;;;;;;false;Sporting Goods > Exercise & Fitness;
6ac3b90f434e4261fad44c25;Dumbbell Monobloco Redondo Injetado Pegada Cromada 30kg;AF-137;Dumbbells;Dumbbell Monobloco Redondo;peça;30;https://base44.app/api/apps/68c9d5dd3cf0f8fd8a834875/files/mp/public/68c9d5dd3cf0f8fd8a834875/5a401b993_catalogo-dum_mono_red_inj.jpg;9506.91.00;;true;;;Injetado;Cromada;;;;Monobloco Redondo;;;;;;false;Sporting Goods > Exercise & Fitness;
6ac3b90f6ff515e255d76071;Dumbbell Monobloco Redondo Injetado Pegada Cromada 22,5kg;AF-134;Dumbbells;Dumbbell Monobloco Redondo;peça;22.5;https://base44.app/api/apps/68c9d5dd3cf0f8fd8a834875/files/mp/public/68c9d5dd3cf0f8fd8a834875/5a401b993_catalogo-dum_mono_red_inj.jpg;9506.91.00;;true;;;Injetado;Cromada;;;;Monobloco Redondo;;;;;;false;Sporting Goods > Exercise & Fitness;
6ac3b90fb904e950b11676b6;Dumbbell Monobloco Redondo Injetado Pegada Cromada 27,5kg;AF-136;Dumbbells;Dumbbell Monobloco Redondo;peça;27.5;https://base44.app/api/apps/68c9d5dd3cf0f8fd8a834875/files/mp/public/68c9d5dd3cf0f8fd8a834875/5a401b993_catalogo-dum_mono_red_inj.jpg;9506.91.00;;true;;;Injetado;Cromada;;;;Monobloco Redondo;;;;;;false;Sporting Goods > Exercise & Fitness;
6ac3b90fd98c2ad899077e24;Dumbbell Monobloco Redondo Injetado Pegada Cromada 20kg;AF-133;Dumbbells;Dumbbell Monobloco Redondo;peça;20;https://base44.app/api/apps/68c9d5dd3cf0f8fd8a834875/files/mp/public/68c9d5dd3cf0f8fd8a834875/5a401b993_catalogo-dum_mono_red_inj.jpg;9506.91.00;;true;;;Injetado;Cromada;;;;Monobloco Redondo;;;;;;false;Sporting Goods > Exercise & Fitness;
6ac3b910e06964ec19134beb;Dumbbell Monobloco Redondo Injetado Pegada Cromada 32,5kg;AF-138;Dumbbells;Dumbbell Monobloco Redondo;peça;32.5;https://base44.app/api/apps/68c9d5dd3cf0f8fd8a834875/files/mp/public/68c9d5dd3cf0f8fd8a834875/5a401b993_catalogo-dum_mono_red_inj.jpg;9506.91.00;;true;;;Injetado;Cromada;;;;Monobloco Redondo;;;;;;false;Sporting Goods > Exercise & Fitness;
6ac3b9122e90ee68f268772f;Dumbbell Monobloco Redondo Injetado Pegada Cromada 35kg;AF-139;Dumbbells;Dumbbell Monobloco Redondo;peça;35;https://base44.app/api/apps/68c9d5dd3cf0f8fd8a834875/files/mp/public/68c9d5dd3cf0f8fd8a834875/5a401b993_catalogo-dum_mono_red_inj.jpg;9506.91.00;;true;;;Injetado;Cromada;;;;Monobloco Redondo;;;;;;false;Sporting Goods > Exercise & Fitness;
6ac3b91266d3d9909d993bee;Dumbbell Monobloco Redondo Injetado Pegada Cromada 37,5kg;AF-140;Dumbbells;Dumbbell Monobloco Redondo;peça;37.5;https://base44.app/api/apps/68c9d5dd3cf0f8fd8a834875/files/mp/public/68c9d5dd3cf0f8fd8a834875/5a401b993_catalogo-dum_mono_red_inj.jpg;9506.91.00;;true;;;Injetado;Cromada;;;;Monobloco Redondo;;;;;;false;Sporting Goods > Exercise & Fitness;
6ac3b912c5693980378b234d;Dumbbell Monobloco Redondo Injetado Pegada Cromada 40kg;AF-141;Dumbbells;Dumbbell Monobloco Redondo;peça;40;https://base44.app/api/apps/68c9d5dd3cf0f8fd8a834875/files/mp/public/68c9d5dd3cf0f8fd8a834875/5a401b993_catalogo-dum_mono_red_inj.jpg;9506.91.00;;true;;;Injetado;Cromada;;;;Monobloco Redondo;;;;;;false;Sporting Goods > Exercise & Fitness;
6ac3b91329a0987a56186924;Dumbbell Monobloco Redondo Injetado Pegada Cromada 50kg;AF-145;Dumbbells;Dumbbell Monobloco Redondo;peça;50;https://base44.app/api/apps/68c9d5dd3cf0f8fd8a834875/files/mp/public/68c9d5dd3cf0f8fd8a834875/5a401b993_catalogo-dum_mono_red_inj.jpg;9506.91.00;;true;;;Injetado;Cromada;;;;Monobloco Redondo;;;;;;false;Sporting Goods > Exercise & Fitness;
6ac3b9136fc62fb628f73029;Dumbbell Monobloco Redondo Injetado Pegada Cromada 45kg;AF-143;Dumbbells;Dumbbell Monobloco Redondo;peça;45;https://base44.app/api/apps/68c9d5dd3cf0f8fd8a834875/files/mp/public/68c9d5dd3cf0f8fd8a834875/5a401b993_catalogo-dum_mono_red_inj.jpg;9506.91.00;;true;;;Injetado;Cromada;;;;Monobloco Redondo;;;;;;false;Sporting Goods > Exercise & Fitness;
6ac3b9138a7241103d9efa86;Dumbbell Monobloco Redondo Injetado Pegada Cromada 42,5kg;AF-142;Dumbbells;Dumbbell Monobloco Redondo;peça;42.5;https://base44.app/api/apps/68c9d5dd3cf0f8fd8a834875/files/mp/public/68c9d5dd3cf0f8fd8a834875/5a401b993_catalogo-dum_mono_red_inj.jpg;9506.91.00;;true;;;Injetado;Cromada;;;;Monobloco Redondo;;;;;;false;Sporting Goods > Exercise & Fitness;
6ac3b913dd5a727131d24c06;Dumbbell Monobloco Redondo Injetado Pegada Cromada 47,5kg;AF-144;Dumbbells;Dumbbell Monobloco Redondo;peça;47.5;https://base44.app/api/apps/68c9d5dd3cf0f8fd8a834875/files/mp/public/68c9d5dd3cf0f8fd8a834875/5a401b993_catalogo-dum_mono_red_inj.jpg;9506.91.00;;true;;;Injetado;Cromada;;;;Monobloco Redondo;;;;;;false;Sporting Goods > Exercise & Fitness;
6ac3b92c28cf8ece2b1fbb49;Tijolinho Quadrado Injetado 5kg;AF-148;Tijolinhos;Quadrado;peça;5;;9506.91.00;;true;;;Injetado;;;;;;;;;;;false;Sporting Goods > Exercise & Fitness;
6ac3b92c310c5ba562d783dd;Tijolinho Evolution Injetado 10kg;AF-147;Tijolinhos;Evolution;peça;10;https://base44.app/api/apps/68c9d5dd3cf0f8fd8a834875/files/mp/public/68c9d5dd3cf0f8fd8a834875/2d49521e2_catalogo-tij_evolution.jpg;9506.91.00;;true;;;Injetado;;;;;;;;;;;false;Sporting Goods > Exercise & Fitness;
6ac3b92c818fb265e19ba666;Tijolinho Evolution Injetado 5kg;AF-146;Tijolinhos;Evolution;peça;5;https://base44.app/api/apps/68c9d5dd3cf0f8fd8a834875/files/mp/public/68c9d5dd3cf0f8fd8a834875/2d49521e2_catalogo-tij_evolution.jpg;9506.91.00;;true;;;Injetado;;;;;;;;;;;false;Sporting Goods > Exercise & Fitness;
6ac3b92d2ba5d67e6be0d15d;Tijolinho Quadrado Injetado 10kg;AF-149;Tijolinhos;Quadrado;peça;10;;9506.91.00;;true;;;Injetado;;;;;;;;;;;false;Sporting Goods > Exercise & Fitness;
6ac3b92db2b4c24f23d9ba17;Tijolinho Quadrado Pintado 5kg;AF-150;Tijolinhos;Quadrado;peça;5;https://base44.app/api/apps/68c9d5dd3cf0f8fd8a834875/files/mp/public/68c9d5dd3cf0f8fd8a834875/a8bb32202_catalogo-tij_quad_ex.jpg;9506.91.00;;true;;;Pintado;;;;;;;;;;;false;Sporting Goods > Exercise & Fitness;
6ac3b92decc2102c562b12ac;Tijolinho Quadrado Pintado 10kg;AF-151;Tijolinhos;Quadrado;peça;10;https://base44.app/api/apps/68c9d5dd3cf0f8fd8a834875/files/mp/public/68c9d5dd3cf0f8fd8a834875/a8bb32202_catalogo-tij_quad_ex.jpg;9506.91.00;;true;;;Pintado;;;;;;;;;;;false;Sporting Goods > Exercise & Fitness;
6ac9b21454ebf421bd0f7708;Anilha Evo Niquel - Cromada - Anel Inox 5kg;ANI-N064-05;Anilhas;;peça;5;https://base44.app/api/apps/68c9d5dd3cf0f8fd8a834875/files/mp/public/68c9d5dd3cf0f8fd8a834875/ed8c1233c_catalogo-anilha-evo_niquel.jpg;9506.91.00;;true;;Padrão;Cromado;;;;;;;;;;;false;3164;Origem: Salome e Prado
6ac9b21454ebf421bd0f7709;Anilha Evo Niquel - Cromada - Anel Inox 10kg;ANI-N064-10;Anilhas;;peça;10;https://base44.app/api/apps/68c9d5dd3cf0f8fd8a834875/files/mp/public/68c9d5dd3cf0f8fd8a834875/ed8c1233c_catalogo-anilha-evo_niquel.jpg;9506.91.00;;true;;Padrão;Cromado;;;;;;;;;;;false;3164;Origem: Salome e Prado
6ac9b21454ebf421bd0f770a;Anilha Evo Niquel - Cromada - Anel Inox 15kg;ANI-N064-15;Anilhas;;peça;15;https://base44.app/api/apps/68c9d5dd3cf0f8fd8a834875/files/mp/public/68c9d5dd3cf0f8fd8a834875/ed8c1233c_catalogo-anilha-evo_niquel.jpg;9506.91.00;;true;;Padrão;Cromado;;;;;;;;;;;false;3164;Origem: Salome e Prado
6ac9b21454ebf421bd0f770b;Anilha Evo Niquel - Cromada - Anel Inox 20kg;ANI-N064-20;Anilhas;;peça;20;https://base44.app/api/apps/68c9d5dd3cf0f8fd8a834875/files/mp/public/68c9d5dd3cf0f8fd8a834875/ed8c1233c_catalogo-anilha-evo_niquel.jpg;9506.91.00;;true;;Padrão;Cromado;;;;;;;;;;;false;3164;Origem: Salome e Prado
6ac9b21454ebf421bd0f770c;Anilha Evo Niquel - Cromada - Anel Inox 25kg;ANI-N064-25;Anilhas;;peça;25;https://base44.app/api/apps/68c9d5dd3cf0f8fd8a834875/files/mp/public/68c9d5dd3cf0f8fd8a834875/ed8c1233c_catalogo-anilha-evo_niquel.jpg;9506.91.00;;true;;Padrão;Cromado;;;;;;;;;;;false;3164;Origem: Salome e Prado