id;supplier_id;fabricante_id;product_id;preco;margem;sale_price;fabricante_nome;cod_origem;disponivel;shipping_label;ucp_checkout_url;observacoes
6a3de2fee1455e191a8b6e8a;69d6f84d5c6c399c73a7b0ea;6a7a4fcfa3e5992c5a5cc2c8;6a3de23b8b89cf4f585771bd;7.03;0;;;;true;;;
6a3de2fee1455e191a8b6e8b;69d6f84d5c6c399c73a7b0ea;6a7a4fcfa3e5992c5a5cc2c8;6a3de23bc03bf79c138cbcb1;8.79;0;;;;true;;;
6a3de2fee1455e191a8b6e8c;69d6f84d5c6c399c73a7b0ea;6a7a4fcfa3e5992c5a5cc2c8;6a3de23b8b89cf4f585771bf;14.06;0;;;;true;;;
6a3de2fee1455e191a8b6e8d;69d6f84d5c6c399c73a7b0ea;6a7a4fcfa3e5992c5a5cc2c8;6a3de23bc03bf79c138cbcb1;15.82;0;;;;true;;;
6a3de2fee1455e191a8b6e8e;69d6f84d5c6c399c73a7b0ea;6a7a4fcfa3e5992c5a5cc2c8;6a3de23b8b89cf4f585771c0;17.57;0;;;;true;;;
6a3de2fee1455e191a8b6e8f;69d6f84d5c6c399c73a7b0ea;6a7a4fcfa3e5992c5a5cc2c8;6a3de23b8b89cf4f585771bd;7.24;0;;;;true;;;
6a3de2fee1455e191a8b6e90;69d6f84d5c6c399c73a7b0ea;6a7a4fcfa3e5992c5a5cc2c8;6a3de23bc03bf79c138cbcc3;9.05;0;;;;true;;;
6a3de2fee1455e191a8b6e91;69d6f84d5c6c399c73a7b0ea;6a7a4fcfa3e5992c5a5cc2c8;6a3de23b8b89cf4f585771bf;14.48;0;;;;true;;;
6a3de2fee1455e191a8b6e92;69d6f84d5c6c399c73a7b0ea;6a7a4fcfa3e5992c5a5cc2c8;6a3de23bc03bf79c138cbcc3;16.29;0;;;;true;;;
6a3de2fee1455e191a8b6e93;69d6f84d5c6c399c73a7b0ea;6a7a4fcfa3e5992c5a5cc2c8;6a3de23b8b89cf4f585771c0;18.1;0;;;;true;;;
6a3de2fee1455e191a8b6e94;69d6f84d5c6c399c73a7b0ea;6a7a4fcfa3e5992c5a5cc2c8;6a3de23bc03bf79c138cbca9;7.03;0;;;;true;;;
6a3de2fee1455e191a8b6e95;69d6f84d5c6c399c73a7b0ea;6a7a4fcfa3e5992c5a5cc2c8;6a3de23bc03bf79c138cbcaa;14.06;0;;;;true;;;
6a3de2fee1455e191a8b6e96;69d6f84d5c6c399c73a7b0ea;6a7a4fcfa3e5992c5a5cc2c8;6a3de23bc03bf79c138cbcab;21.09;0;;;;true;;;
6a3de2fee1455e191a8b6e97;69d6f84d5c6c399c73a7b0ea;6a7a4fcfa3e5992c5a5cc2c8;6a3de23bc03bf79c138cbcac;28.12;0;;;;true;;;
6a3de2fee1455e191a8b6e98;69d6f84d5c6c399c73a7b0ea;6a7a4fcfa3e5992c5a5cc2c8;6a3de23bc03bf79c138cbcad;35.15;0;;;;true;;;
6a3de2fee1455e191a8b6e99;69d6f84d5c6c399c73a7b0ea;6a7a4fcfa3e5992c5a5cc2c8;6a3de23bc03bf79c138cbcae;70.3;0;;;;true;;;
6a3de2fee1455e191a8b6e9a;69d6f84d5c6c399c73a7b0ea;6a7a4fcfa3e5992c5a5cc2c8;6a3de23bc03bf79c138cbcaf;105.45;0;;;;true;;;
6a3de2fee1455e191a8b6e9b;69d6f84d5c6c399c73a7b0ea;6a7a4fcfa3e5992c5a5cc2c8;6a3de23bc03bf79c138cbcb0;140.6;0;;;;true;;;
6a3de2fee1455e191a8b6e9c;69d6f84d5c6c399c73a7b0ea;6a7a4fcfa3e5992c5a5cc2c8;6a3de23bc03bf79c138cbcb1;175.75;0;;;;true;;;
6a3de2fee1455e191a8b6e9d;69d6f84d5c6c399c73a7b0ea;6a7a4fcfa3e5992c5a5cc2c8;6a3de23bc03bf79c138cbcbb;7.24;0;;;;true;;;
6a3de2fee1455e191a8b6e9e;69d6f84d5c6c399c73a7b0ea;6a7a4fcfa3e5992c5a5cc2c8;6a3de23bc03bf79c138cbcbc;14.48;0;;;;true;;;
6a3de2fee1455e191a8b6e9f;69d6f84d5c6c399c73a7b0ea;6a7a4fcfa3e5992c5a5cc2c8;6a3de23bc03bf79c138cbcbd;21.72;0;;;;true;;;
6a3de2fee1455e191a8b6ea0;69d6f84d5c6c399c73a7b0ea;6a7a4fcfa3e5992c5a5cc2c8;6a3de23bc03bf79c138cbcbe;28.96;0;;;;true;;;
6a3de2fee1455e191a8b6ea1;69d6f84d5c6c399c73a7b0ea;6a7a4fcfa3e5992c5a5cc2c8;6a3de23bc03bf79c138cbcbf;36.2;0;;;;true;;;
6a3de2fee1455e191a8b6ea2;69d6f84d5c6c399c73a7b0ea;6a7a4fcfa3e5992c5a5cc2c8;6a3de23bc03bf79c138cbcc0;72.4;0;;;;true;;;
6a3de2fee1455e191a8b6ea3;69d6f84d5c6c399c73a7b0ea;6a7a4fcfa3e5992c5a5cc2c8;6a3de23bc03bf79c138cbcc1;108.6;0;;;;true;;;
6a3de2fee1455e191a8b6ea4;69d6f84d5c6c399c73a7b0ea;6a7a4fcfa3e5992c5a5cc2c8;6a3de23bc03bf79c138cbcc2;144.8;0;;;;true;;;
6a3de2fee1455e191a8b6ea5;69d6f84d5c6c399c73a7b0ea;6a7a4fcfa3e5992c5a5cc2c8;6a3de23bc03bf79c138cbcc3;181;0;;;;true;;;
6a3de2fee1455e191a8b6ea6;69d6f84d5c6c399c73a7b0ea;6a7a4fcfa3e5992c5a5cc2c8;6a3de23bc03bf79c138cbc46;6.61;0;;;;true;;;
6a3de2fee1455e191a8b6ea7;69d6f84d5c6c399c73a7b0ea;6a7a4fcfa3e5992c5a5cc2c8;6a3de23bc03bf79c138cbc47;13.22;0;;;;true;;;
6a3de2fee1455e191a8b6ea8;69d6f84d5c6c399c73a7b0ea;6a7a4fcfa3e5992c5a5cc2c8;6a3de23bc03bf79c138cbc48;19.83;0;;;;true;;;
6a3de2fee1455e191a8b6ea9;69d6f84d5c6c399c73a7b0ea;6a7a4fcfa3e5992c5a5cc2c8;6a3de23bc03bf79c138cbc49;26.44;0;;;;true;;;
6a3de2fee1455e191a8b6eaa;69d6f84d5c6c399c73a7b0ea;6a7a4fcfa3e5992c5a5cc2c8;6a3de23bc03bf79c138cbc4a;33.05;0;;;;true;;;
6a3de2fee1455e191a8b6eab;69d6f84d5c6c399c73a7b0ea;6a7a4fcfa3e5992c5a5cc2c8;6a3de23bc03bf79c138cbc4b;66.1;0;;;;true;;;
6a3de2fee1455e191a8b6eac;69d6f84d5c6c399c73a7b0ea;6a7a4fcfa3e5992c5a5cc2c8;6a3de23bc03bf79c138cbc4c;99.15;0;;;;true;;;
6a3de2fee1455e191a8b6ead;69d6f84d5c6c399c73a7b0ea;6a7a4fcfa3e5992c5a5cc2c8;6a3de23bc03bf79c138cbc4d;132.2;0;;;;true;;;
6a3de2fee1455e191a8b6eae;69d6f84d5c6c399c73a7b0ea;6a7a4fcfa3e5992c5a5cc2c8;6a3de23bc03bf79c138cbc4e;165.25;0;;;;true;;;
6a3de2fee1455e191a8b6eaf;69d6f84d5c6c399c73a7b0ea;6a7a4fcfa3e5992c5a5cc2c8;6a3de23bc03bf79c138cbc58;6.82;0;;;;true;;;
6a3de2fee1455e191a8b6eb0;69d6f84d5c6c399c73a7b0ea;6a7a4fcfa3e5992c5a5cc2c8;6a3de23bc03bf79c138cbc59;13.64;0;;;;true;;;
6a3de2fee1455e191a8b6eb1;69d6f84d5c6c399c73a7b0ea;6a7a4fcfa3e5992c5a5cc2c8;6a3de23bc03bf79c138cbc5a;20.46;0;;;;true;;;
6a3de2fee1455e191a8b6eb2;69d6f84d5c6c399c73a7b0ea;6a7a4fcfa3e5992c5a5cc2c8;6a3de23bc03bf79c138cbc5b;27.28;0;;;;true;;;
6a3de2fee1455e191a8b6eb3;69d6f84d5c6c399c73a7b0ea;6a7a4fcfa3e5992c5a5cc2c8;6a3de23bc03bf79c138cbc5c;34.1;0;;;;true;;;
6a3de2fee1455e191a8b6eb4;69d6f84d5c6c399c73a7b0ea;6a7a4fcfa3e5992c5a5cc2c8;6a3de23bc03bf79c138cbc5d;68.2;0;;;;true;;;
6a3de2fee1455e191a8b6eb5;69d6f84d5c6c399c73a7b0ea;6a7a4fcfa3e5992c5a5cc2c8;6a3de23bc03bf79c138cbc5e;102.3;0;;;;true;;;
6a3de2fee1455e191a8b6eb6;69d6f84d5c6c399c73a7b0ea;6a7a4fcfa3e5992c5a5cc2c8;6a3de23bc03bf79c138cbc5f;136.4;0;;;;true;;;
6a3de2fee1455e191a8b6eb7;69d6f84d5c6c399c73a7b0ea;6a7a4fcfa3e5992c5a5cc2c8;6a3de23bc03bf79c138cbc60;170.5;0;;;;true;;;
6a3de2fee1455e191a8b6eb8;69d6f84d5c6c399c73a7b0ea;6a7a4fcfa3e5992c5a5cc2c8;6a3de23bc03bf79c138cbc6a;8.92;0;;;;true;;;
6a3de2fee1455e191a8b6eb9;69d6f84d5c6c399c73a7b0ea;6a7a4fcfa3e5992c5a5cc2c8;6a3de23bc03bf79c138cbc6b;17.84;0;;;;true;;;
6a3de2fee1455e191a8b6eba;69d6f84d5c6c399c73a7b0ea;6a7a4fcfa3e5992c5a5cc2c8;6a3de23bc03bf79c138cbc6c;26.76;0;;;;true;;;
6a3de2fee1455e191a8b6ebb;69d6f84d5c6c399c73a7b0ea;6a7a4fcfa3e5992c5a5cc2c8;6a3de23bc03bf79c138cbc6d;35.68;0;;;;true;;;
6a3de2fee1455e191a8b6ebc;69d6f84d5c6c399c73a7b0ea;6a7a4fcfa3e5992c5a5cc2c8;6a3de23bc03bf79c138cbc6e;44.6;0;;;;true;;;
6a3de2fee1455e191a8b6ebd;69d6f84d5c6c399c73a7b0ea;6a7a4fcfa3e5992c5a5cc2c8;6a3de23bc03bf79c138cbc6f;89.2;0;;;;true;;;
6a3de2fee1455e191a8b6ebe;69d6f84d5c6c399c73a7b0ea;6a7a4fcfa3e5992c5a5cc2c8;6a3de23bc03bf79c138cbc70;133.8;0;;;;true;;;
6a3de2fee1455e191a8b6ebf;69d6f84d5c6c399c73a7b0ea;6a7a4fcfa3e5992c5a5cc2c8;6a3de23bc03bf79c138cbc71;178.4;0;;;;true;;;
6a3de2fee1455e191a8b6ec0;69d6f84d5c6c399c73a7b0ea;6a7a4fcfa3e5992c5a5cc2c8;6a3de23bc03bf79c138cbc72;223;0;;;;true;;;
6a3de2fee1455e191a8b6ec1;69d6f84d5c6c399c73a7b0ea;6a7a4fcfa3e5992c5a5cc2c8;6a3de23bc03bf79c138cbc7c;9.97;0;;;;true;;;
6a3de2fee1455e191a8b6ec2;69d6f84d5c6c399c73a7b0ea;6a7a4fcfa3e5992c5a5cc2c8;6a3de23bc03bf79c138cbc7d;19.94;0;;;;true;;;
6a3de2fee1455e191a8b6ec3;69d6f84d5c6c399c73a7b0ea;6a7a4fcfa3e5992c5a5cc2c8;6a3de23bc03bf79c138cbc7e;29.91;0;;;;true;;;
6a3de2fee1455e191a8b6ec4;69d6f84d5c6c399c73a7b0ea;6a7a4fcfa3e5992c5a5cc2c8;6a3de23bc03bf79c138cbc7f;39.88;0;;;;true;;;
6a3de2fee1455e191a8b6ec5;69d6f84d5c6c399c73a7b0ea;6a7a4fcfa3e5992c5a5cc2c8;6a3de23bc03bf79c138cbc80;49.85;0;;;;true;;;
6a3de2fee1455e191a8b6ec6;69d6f84d5c6c399c73a7b0ea;6a7a4fcfa3e5992c5a5cc2c8;6a3de23bc03bf79c138cbc81;99.7;0;;;;true;;;
6a3de2fee1455e191a8b6ec7;69d6f84d5c6c399c73a7b0ea;6a7a4fcfa3e5992c5a5cc2c8;6a3de23bc03bf79c138cbc82;149.55;0;;;;true;;;
6a3de2fee1455e191a8b6ec8;69d6f84d5c6c399c73a7b0ea;6a7a4fcfa3e5992c5a5cc2c8;6a3de23bc03bf79c138cbc83;199.4;0;;;;true;;;
6a3de2fee1455e191a8b6ec9;69d6f84d5c6c399c73a7b0ea;6a7a4fcfa3e5992c5a5cc2c8;6a3de23bc03bf79c138cbc84;249.25;0;;;;true;;;
6a3de2fee1455e191a8b6eca;69d6f84d5c6c399c73a7b0ea;6a7a4fcfa3e5992c5a5cc2c8;6a3de23bc03bf79c138cbc4f;7.03;0;;;;true;;;
6a3de2fee1455e191a8b6ecb;69d6f84d5c6c399c73a7b0ea;6a7a4fcfa3e5992c5a5cc2c8;6a3de23bc03bf79c138cbc50;14.06;0;;;;true;;;
6a3de2fee1455e191a8b6ecc;69d6f84d5c6c399c73a7b0ea;6a7a4fcfa3e5992c5a5cc2c8;6a3de23bc03bf79c138cbc51;21.09;0;;;;true;;;
6a3de2fee1455e191a8b6ecd;69d6f84d5c6c399c73a7b0ea;6a7a4fcfa3e5992c5a5cc2c8;6a3de23bc03bf79c138cbc52;28.12;0;;;;true;;;
6a3de2fee1455e191a8b6ece;69d6f84d5c6c399c73a7b0ea;6a7a4fcfa3e5992c5a5cc2c8;6a3de23bc03bf79c138cbc53;35.15;0;;;;true;;;
6a3de2fee1455e191a8b6ecf;69d6f84d5c6c399c73a7b0ea;6a7a4fcfa3e5992c5a5cc2c8;6a3de23bc03bf79c138cbc54;70.3;0;;;;true;;;
6a3de2fee1455e191a8b6ed0;69d6f84d5c6c399c73a7b0ea;6a7a4fcfa3e5992c5a5cc2c8;6a3de23bc03bf79c138cbc55;105.45;0;;;;true;;;
6a3de2fee1455e191a8b6ed1;69d6f84d5c6c399c73a7b0ea;6a7a4fcfa3e5992c5a5cc2c8;6a3de23bc03bf79c138cbc56;140.6;0;;;;true;;;
6a3de2fee1455e191a8b6ed2;69d6f84d5c6c399c73a7b0ea;6a7a4fcfa3e5992c5a5cc2c8;6a3de23bc03bf79c138cbc57;175.75;0;;;;true;;;
6a3de2fee1455e191a8b6ed3;69d6f84d5c6c399c73a7b0ea;6a7a4fcfa3e5992c5a5cc2c8;6a3de23bc03bf79c138cbc61;7.24;0;;;;true;;;
6a3de2fee1455e191a8b6ed4;69d6f84d5c6c399c73a7b0ea;6a7a4fcfa3e5992c5a5cc2c8;6a3de23bc03bf79c138cbc62;14.48;0;;;;true;;;
6a3de2fee1455e191a8b6ed5;69d6f84d5c6c399c73a7b0ea;6a7a4fcfa3e5992c5a5cc2c8;6a3de23bc03bf79c138cbc63;21.72;0;;;;true;;;
6a3de2fee1455e191a8b6ed6;69d6f84d5c6c399c73a7b0ea;6a7a4fcfa3e5992c5a5cc2c8;6a3de23bc03bf79c138cbc64;28.96;0;;;;true;;;
6a3de2fee1455e191a8b6ed7;69d6f84d5c6c399c73a7b0ea;6a7a4fcfa3e5992c5a5cc2c8;6a3de23bc03bf79c138cbc65;36.2;0;;;;true;;;
6a3de2fee1455e191a8b6ed8;69d6f84d5c6c399c73a7b0ea;6a7a4fcfa3e5992c5a5cc2c8;6a3de23bc03bf79c138cbc66;72.4;0;;;;true;;;
6a3de2fee1455e191a8b6ed9;69d6f84d5c6c399c73a7b0ea;6a7a4fcfa3e5992c5a5cc2c8;6a3de23bc03bf79c138cbc67;108.6;0;;;;true;;;
6a3de2fee1455e191a8b6eda;69d6f84d5c6c399c73a7b0ea;6a7a4fcfa3e5992c5a5cc2c8;6a3de23bc03bf79c138cbc68;144.8;0;;;;true;;;
6a3de2fee1455e191a8b6edb;69d6f84d5c6c399c73a7b0ea;6a7a4fcfa3e5992c5a5cc2c8;6a3de23bc03bf79c138cbc69;181;0;;;;true;;;
6a3de2fee1455e191a8b6edc;69d6f84d5c6c399c73a7b0ea;6a7a4fcfa3e5992c5a5cc2c8;6a3de23bc03bf79c138cbc73;9.34;0;;;;true;;;
6a3de2fee1455e191a8b6edd;69d6f84d5c6c399c73a7b0ea;6a7a4fcfa3e5992c5a5cc2c8;6a3de23bc03bf79c138cbc74;18.68;0;;;;true;;;
6a3de2fee1455e191a8b6ede;69d6f84d5c6c399c73a7b0ea;6a7a4fcfa3e5992c5a5cc2c8;6a3de23bc03bf79c138cbc75;28.02;0;;;;true;;;
6a3de2fee1455e191a8b6edf;69d6f84d5c6c399c73a7b0ea;6a7a4fcfa3e5992c5a5cc2c8;6a3de23bc03bf79c138cbc76;37.36;0;;;;true;;;
6a3de2fee1455e191a8b6ee0;69d6f84d5c6c399c73a7b0ea;6a7a4fcfa3e5992c5a5cc2c8;6a3de23bc03bf79c138cbc77;46.7;0;;;;true;;;
6a3de2fee1455e191a8b6ee1;69d6f84d5c6c399c73a7b0ea;6a7a4fcfa3e5992c5a5cc2c8;6a3de23bc03bf79c138cbc78;93.4;0;;;;true;;;
6a3de2fee1455e191a8b6ee2;69d6f84d5c6c399c73a7b0ea;6a7a4fcfa3e5992c5a5cc2c8;6a3de23bc03bf79c138cbc79;140.1;0;;;;true;;;
6a3de2fee1455e191a8b6ee3;69d6f84d5c6c399c73a7b0ea;6a7a4fcfa3e5992c5a5cc2c8;6a3de23bc03bf79c138cbc7a;186.8;0;;;;true;;;
6a3de2fee1455e191a8b6ee4;69d6f84d5c6c399c73a7b0ea;6a7a4fcfa3e5992c5a5cc2c8;6a3de23bc03bf79c138cbc7b;233.5;0;;;;true;;;
6a3de2fee1455e191a8b6ee5;69d6f84d5c6c399c73a7b0ea;6a7a4fcfa3e5992c5a5cc2c8;6a3de23bc03bf79c138cbc8e;11.61;0;;;;true;;;
6a3de2fee1455e191a8b6ee6;69d6f84d5c6c399c73a7b0ea;6a7a4fcfa3e5992c5a5cc2c8;6a3de23bc03bf79c138cbc8f;23.22;0;;;;true;;;
6a3de2fee1455e191a8b6ee7;69d6f84d5c6c399c73a7b0ea;6a7a4fcfa3e5992c5a5cc2c8;6a3de23bc03bf79c138cbc90;34.83;0;;;;true;;;
6a3de2fee1455e191a8b6ee8;69d6f84d5c6c399c73a7b0ea;6a7a4fcfa3e5992c5a5cc2c8;6a3de23bc03bf79c138cbc91;46.44;0;;;;true;;;
6a3de2fee1455e191a8b6ee9;69d6f84d5c6c399c73a7b0ea;6a7a4fcfa3e5992c5a5cc2c8;6a3de23bc03bf79c138cbc92;58.05;0;;;;true;;;
6a3de2fee1455e191a8b6eea;69d6f84d5c6c399c73a7b0ea;6a7a4fcfa3e5992c5a5cc2c8;6a3de23bc03bf79c138cbc99;34.83;0;;;;true;;;
6a3de2fee1455e191a8b6eeb;69d6f84d5c6c399c73a7b0ea;6a7a4fcfa3e5992c5a5cc2c8;6a3de23bc03bf79c138cbc9a;46.44;0;;;;true;;;
6a3de2fee1455e191a8b6eec;69d6f84d5c6c399c73a7b0ea;6a7a4fcfa3e5992c5a5cc2c8;6a3de23bc03bf79c138cbc9b;58.05;0;;;;true;;;
6a3de2fee1455e191a8b6eed;69d6f84d5c6c399c73a7b0ea;6a7a4fcfa3e5992c5a5cc2c8;6a3de23bc03bf79c138cbbec;6.61;0;;;;true;;;
6a3de2fee1455e191a8b6eee;69d6f84d5c6c399c73a7b0ea;6a7a4fcfa3e5992c5a5cc2c8;6a3de23bc03bf79c138cbbed;13.22;0;;;;true;;;
6a3de2fee1455e191a8b6eef;69d6f84d5c6c399c73a7b0ea;6a7a4fcfa3e5992c5a5cc2c8;6a3de23bc03bf79c138cbbee;19.83;0;;;;true;;;
6a3de2fee1455e191a8b6ef0;69d6f84d5c6c399c73a7b0ea;6a7a4fcfa3e5992c5a5cc2c8;6a3de23bc03bf79c138cbbef;26.44;0;;;;true;;;
6a3de2fee1455e191a8b6ef1;69d6f84d5c6c399c73a7b0ea;6a7a4fcfa3e5992c5a5cc2c8;6a3de23bc03bf79c138cbbf0;33.05;0;;;;true;;;
6a3de2fee1455e191a8b6ef2;69d6f84d5c6c399c73a7b0ea;6a7a4fcfa3e5992c5a5cc2c8;6a3de23bc03bf79c138cbbf1;66.1;0;;;;true;;;
6a3de2fee1455e191a8b6ef3;69d6f84d5c6c399c73a7b0ea;6a7a4fcfa3e5992c5a5cc2c8;6a3de23bc03bf79c138cbbf2;99.15;0;;;;true;;;
6a3de2fee1455e191a8b6ef4;69d6f84d5c6c399c73a7b0ea;6a7a4fcfa3e5992c5a5cc2c8;6a3de23bc03bf79c138cbbf3;132.2;0;;;;true;;;
6a3de2fee1455e191a8b6ef5;69d6f84d5c6c399c73a7b0ea;6a7a4fcfa3e5992c5a5cc2c8;6a3de23bc03bf79c138cbbf4;165.25;0;;;;true;;;
6a3de2fee1455e191a8b6ef6;69d6f84d5c6c399c73a7b0ea;6a7a4fcfa3e5992c5a5cc2c8;6a3de23bc03bf79c138cbbfe;6.82;0;;;;true;;;
6a3de2fee1455e191a8b6ef7;69d6f84d5c6c399c73a7b0ea;6a7a4fcfa3e5992c5a5cc2c8;6a3de23bc03bf79c138cbbff;13.64;0;;;;true;;;
6a3de2fee1455e191a8b6ef8;69d6f84d5c6c399c73a7b0ea;6a7a4fcfa3e5992c5a5cc2c8;6a3de23bc03bf79c138cbc00;20.46;0;;;;true;;;
6a3de2fee1455e191a8b6ef9;69d6f84d5c6c399c73a7b0ea;6a7a4fcfa3e5992c5a5cc2c8;6a3de23bc03bf79c138cbc01;27.28;0;;;;true;;;
6a3de2fee1455e191a8b6efa;69d6f84d5c6c399c73a7b0ea;6a7a4fcfa3e5992c5a5cc2c8;6a3de23bc03bf79c138cbc02;34.1;0;;;;true;;;
6a3de2fee1455e191a8b6efb;69d6f84d5c6c399c73a7b0ea;6a7a4fcfa3e5992c5a5cc2c8;6a3de23bc03bf79c138cbc03;68.2;0;;;;true;;;
6a3de2fee1455e191a8b6efc;69d6f84d5c6c399c73a7b0ea;6a7a4fcfa3e5992c5a5cc2c8;6a3de23bc03bf79c138cbc04;102.3;0;;;;true;;;
6a3de2fee1455e191a8b6efd;69d6f84d5c6c399c73a7b0ea;6a7a4fcfa3e5992c5a5cc2c8;6a3de23bc03bf79c138cbc05;136.4;0;;;;true;;;
6a3de2fee1455e191a8b6efe;69d6f84d5c6c399c73a7b0ea;6a7a4fcfa3e5992c5a5cc2c8;6a3de23bc03bf79c138cbc06;170.5;0;;;;true;;;
6a3de2fee1455e191a8b6eff;69d6f84d5c6c399c73a7b0ea;6a7a4fcfa3e5992c5a5cc2c8;6a3de23bc03bf79c138cbc10;8.92;0;;;;true;;;
6a3de2fee1455e191a8b6f00;69d6f84d5c6c399c73a7b0ea;6a7a4fcfa3e5992c5a5cc2c8;6a3de23bc03bf79c138cbc11;17.84;0;;;;true;;;
6a3de2fee1455e191a8b6f01;69d6f84d5c6c399c73a7b0ea;6a7a4fcfa3e5992c5a5cc2c8;6a3de23bc03bf79c138cbc12;26.76;0;;;;true;;;
6a3de2fee1455e191a8b6f02;69d6f84d5c6c399c73a7b0ea;6a7a4fcfa3e5992c5a5cc2c8;6a3de23bc03bf79c138cbc13;35.68;0;;;;true;;;
6a3de2fee1455e191a8b6f03;69d6f84d5c6c399c73a7b0ea;6a7a4fcfa3e5992c5a5cc2c8;6a3de23bc03bf79c138cbc14;44.6;0;;;;true;;;
6a3de2fee1455e191a8b6f04;69d6f84d5c6c399c73a7b0ea;6a7a4fcfa3e5992c5a5cc2c8;6a3de23bc03bf79c138cbc15;89.2;0;;;;true;;;
6a3de2fee1455e191a8b6f05;69d6f84d5c6c399c73a7b0ea;6a7a4fcfa3e5992c5a5cc2c8;6a3de23bc03bf79c138cbc16;133.8;0;;;;true;;;
6a3de2fee1455e191a8b6f06;69d6f84d5c6c399c73a7b0ea;6a7a4fcfa3e5992c5a5cc2c8;6a3de23bc03bf79c138cbc17;178.4;0;;;;true;;;
6a3de2fee1455e191a8b6f07;69d6f84d5c6c399c73a7b0ea;6a7a4fcfa3e5992c5a5cc2c8;6a3de23bc03bf79c138cbc18;223;0;;;;true;;;
6a3de2fee1455e191a8b6f08;69d6f84d5c6c399c73a7b0ea;6a7a4fcfa3e5992c5a5cc2c8;6a3de23bc03bf79c138cbc22;9.97;0;;;;true;;;
6a3de2fee1455e191a8b6f09;69d6f84d5c6c399c73a7b0ea;6a7a4fcfa3e5992c5a5cc2c8;6a3de23bc03bf79c138cbc23;19.94;0;;;;true;;;
6a3de2fee1455e191a8b6f0a;69d6f84d5c6c399c73a7b0ea;6a7a4fcfa3e5992c5a5cc2c8;6a3de23bc03bf79c138cbc24;29.91;0;;;;true;;;
6a3de2fee1455e191a8b6f0b;69d6f84d5c6c399c73a7b0ea;6a7a4fcfa3e5992c5a5cc2c8;6a3de23bc03bf79c138cbc25;39.88;0;;;;true;;;
6a3de2fee1455e191a8b6f0c;69d6f84d5c6c399c73a7b0ea;6a7a4fcfa3e5992c5a5cc2c8;6a3de23bc03bf79c138cbc26;49.85;0;;;;true;;;
6a3de2fee1455e191a8b6f0d;69d6f84d5c6c399c73a7b0ea;6a7a4fcfa3e5992c5a5cc2c8;6a3de23bc03bf79c138cbc27;99.7;0;;;;true;;;
6a3de2fee1455e191a8b6f0e;69d6f84d5c6c399c73a7b0ea;6a7a4fcfa3e5992c5a5cc2c8;6a3de23bc03bf79c138cbc28;149.55;0;;;;true;;;
6a3de2fee1455e191a8b6f0f;69d6f84d5c6c399c73a7b0ea;6a7a4fcfa3e5992c5a5cc2c8;6a3de23bc03bf79c138cbc29;199.4;0;;;;true;;;
6a3de2fee1455e191a8b6f10;69d6f84d5c6c399c73a7b0ea;6a7a4fcfa3e5992c5a5cc2c8;6a3de23bc03bf79c138cbc2a;249.25;0;;;;true;;;
6a3de2fee1455e191a8b6f11;69d6f84d5c6c399c73a7b0ea;6a7a4fcfa3e5992c5a5cc2c8;6a3de23bc03bf79c138cbc34;9.27;0;;;;true;;;
6a3de2fee1455e191a8b6f12;69d6f84d5c6c399c73a7b0ea;6a7a4fcfa3e5992c5a5cc2c8;6a3de23bc03bf79c138cbc35;18.54;0;;;;true;;;
6a3de2fee1455e191a8b6f13;69d6f84d5c6c399c73a7b0ea;6a7a4fcfa3e5992c5a5cc2c8;6a3de23bc03bf79c138cbc36;27.81;0;;;;true;;;
6a3de2fee1455e191a8b6f14;69d6f84d5c6c399c73a7b0ea;6a7a4fcfa3e5992c5a5cc2c8;6a3de23bc03bf79c138cbc37;37.08;0;;;;true;;;
6a3de2fee1455e191a8b6f15;69d6f84d5c6c399c73a7b0ea;6a7a4fcfa3e5992c5a5cc2c8;6a3de23bc03bf79c138cbc38;46.35;0;;;;true;;;
6a3de2fee1455e191a8b6f16;69d6f84d5c6c399c73a7b0ea;6a7a4fcfa3e5992c5a5cc2c8;6a3de23bc03bf79c138cbc39;92.7;0;;;;true;;;
6a3de2fee1455e191a8b6f17;69d6f84d5c6c399c73a7b0ea;6a7a4fcfa3e5992c5a5cc2c8;6a3de23bc03bf79c138cbc3b;185.4;0;;;;true;;;
6a3de2fee1455e191a8b6f18;69d6f84d5c6c399c73a7b0ea;6a7a4fcfa3e5992c5a5cc2c8;6a3de23bc03bf79c138cbc3f;27.81;0;;;;true;;;
6a3de2fee1455e191a8b6f19;69d6f84d5c6c399c73a7b0ea;6a7a4fcfa3e5992c5a5cc2c8;6a3de23bc03bf79c138cbc40;37.08;0;;;;true;;;
6a3de2fee1455e191a8b6f1a;69d6f84d5c6c399c73a7b0ea;6a7a4fcfa3e5992c5a5cc2c8;6a3de23bc03bf79c138cbc41;46.35;0;;;;true;;;
6a3de2fee1455e191a8b6f1b;69d6f84d5c6c399c73a7b0ea;6a7a4fcfa3e5992c5a5cc2c8;6a3de23bc03bf79c138cbc42;92.7;0;;;;true;;;
6a3de2fee1455e191a8b6f1c;69d6f84d5c6c399c73a7b0ea;6a7a4fcfa3e5992c5a5cc2c8;6a3de23bc03bf79c138cbc44;185.4;0;;;;true;;;
6a3de4f3b528e9cfa8ee780c;6933d719ff2e3d54cbfc9e2a;;6a3de23bc03bf79c138cbc34;9.27;0;;Muscular Fitness Brasil Ltda;;true;;;
6a3de5c70b72eefe9898d385;6933d719ff2e3d54cbfc9e2a;;6a3de23bc03bf79c138cbc15;89.2;20;;Muscular Fitness Brasil Ltda;;true;;;
6a3e8ce84e91002f548d0391;6a3e7a752e6433bc0c64ee65;6a7a4fcfa3e5992c5a5cc2c7;6a3de23b8b89cf4f585771b8;89.45;0;;;APRIO5;true;;;
6a3e8ce84e91002f548d0392;6a3e7a752e6433bc0c64ee65;6a7a4fcfa3e5992c5a5cc2c7;6a3de23b8b89cf4f585771b9;178.9;0;;;APRIO10;true;;;
6a3e8ce84e91002f548d0393;6a3e7a752e6433bc0c64ee65;6a7a4fcfa3e5992c5a5cc2c7;6a3de23b8b89cf4f585771ba;268.35;0;;;APRIO15;true;;;
6a3e8ce84e91002f548d0394;6a3e7a752e6433bc0c64ee65;6a7a4fcfa3e5992c5a5cc2c7;6a3de23b8b89cf4f585771bb;357.8;0;;;APRIO20;true;;;
6a3e8ce84e91002f548d0395;6a3e7a752e6433bc0c64ee65;6a7a4fcfa3e5992c5a5cc2c7;6a3de23bc03bf79c138cbc34;8.5;0;;;AVI1;true;;;
6a3e8ce84e91002f548d0396;6a3e7a752e6433bc0c64ee65;6a7a4fcfa3e5992c5a5cc2c7;6a3de23bc03bf79c138cbc35;17;0;;;AVI2;true;;;
6a3e8ce84e91002f548d0397;6a3e7a752e6433bc0c64ee65;6a7a4fcfa3e5992c5a5cc2c7;6a3de23bc03bf79c138cbc36;25.5;0;;;AVI3;true;;;
6a3e8ce84e91002f548d0398;6a3e7a752e6433bc0c64ee65;6a7a4fcfa3e5992c5a5cc2c7;6a3de23bc03bf79c138cbc37;34;0;;;AVI4;true;;;
6a3e8ce84e91002f548d0399;6a3e7a752e6433bc0c64ee65;6a7a4fcfa3e5992c5a5cc2c7;6a3de23bc03bf79c138cbc38;42.5;0;;;AVI5;true;;;
6a3e8ce84e91002f548d039a;6a3e7a752e6433bc0c64ee65;6a7a4fcfa3e5992c5a5cc2c7;6a3de23bc03bf79c138cbc39;85;0;;;AVI10;true;;;
6a3e8ce84e91002f548d039b;6a3e7a752e6433bc0c64ee65;6a7a4fcfa3e5992c5a5cc2c7;6a3de23bc03bf79c138cbc3a;127.5;0;;;AVI15;true;;;
6a3e8ce84e91002f548d039c;6a3e7a752e6433bc0c64ee65;6a7a4fcfa3e5992c5a5cc2c7;6a3de23bc03bf79c138cbc3b;170;0;;;AVI20;true;;;
6a3e8ce84e91002f548d039d;6a3e7a752e6433bc0c64ee65;6a7a4fcfa3e5992c5a5cc2c7;6a3de23bc03bf79c138cbc3c;212.5;0;;;AVI25;true;;;
6a3e8ce84e91002f548d039e;6a3e7a752e6433bc0c64ee65;6a7a4fcfa3e5992c5a5cc2c7;6a3de23bc03bf79c138cbbfe;6.5;0;;;AVP1;true;;;
6a3e8ce84e91002f548d039f;6a3e7a752e6433bc0c64ee65;6a7a4fcfa3e5992c5a5cc2c7;6a3de23bc03bf79c138cbbff;13;0;;;AVP2;true;;;
6a3e8ce84e91002f548d03a0;6a3e7a752e6433bc0c64ee65;6a7a4fcfa3e5992c5a5cc2c7;6a3de23bc03bf79c138cbc00;19.5;0;;;AVP3;true;;;
6a3e8ce84e91002f548d03a1;6a3e7a752e6433bc0c64ee65;6a7a4fcfa3e5992c5a5cc2c7;6a3de23bc03bf79c138cbc01;26;0;;;AVP4;true;;;
6a3e8ce84e91002f548d03a2;6a3e7a752e6433bc0c64ee65;6a7a4fcfa3e5992c5a5cc2c7;6a3de23bc03bf79c138cbc02;32.5;0;;;AVP5;true;;;
6a3e8ce84e91002f548d03a3;6a3e7a752e6433bc0c64ee65;6a7a4fcfa3e5992c5a5cc2c7;6a3de23bc03bf79c138cbc03;65;0;;;AVP10;true;;;
6a3e8ce84e91002f548d03a4;6a3e7a752e6433bc0c64ee65;6a7a4fcfa3e5992c5a5cc2c7;6a3de23bc03bf79c138cbc04;97.5;0;;;AVP15;true;;;
6a3e8ce84e91002f548d03a5;6a3e7a752e6433bc0c64ee65;6a7a4fcfa3e5992c5a5cc2c7;6a3de23bc03bf79c138cbc05;130;0;;;AVP20;true;;;
6a3e8ce84e91002f548d03a6;6a3e7a752e6433bc0c64ee65;6a7a4fcfa3e5992c5a5cc2c7;6a3de23bc03bf79c138cbc06;162.5;0;;;AVP25;true;;;
6a3e8ce84e91002f548d03a7;6a3e7a752e6433bc0c64ee65;6a7a4fcfa3e5992c5a5cc2c7;6a3de23b8b89cf4f585771af;84.5;0;;;ADI5;true;;;
6a3e8ce84e91002f548d03a8;6a3e7a752e6433bc0c64ee65;6a7a4fcfa3e5992c5a5cc2c7;6a3de23b8b89cf4f585771b0;169;0;;;ADI10;true;;;
6a3e8ce84e91002f548d03a9;6a3e7a752e6433bc0c64ee65;6a7a4fcfa3e5992c5a5cc2c7;6a3de23b8b89cf4f585771b1;253.5;0;;;ADI15;true;;;
6a3e8ce84e91002f548d03aa;6a3e7a752e6433bc0c64ee65;6a7a4fcfa3e5992c5a5cc2c7;6a3de23b8b89cf4f585771b2;338;0;;;ADI20;true;;;
6a3e8ce84e91002f548d03ab;6a3e7a752e6433bc0c64ee65;6a7a4fcfa3e5992c5a5cc2c7;6a3de23b8b89cf4f585771b3;422.5;0;;;ADI25;true;;;
6a3ea8a15490ebe6697f3834;6a3e7a752e6433bc0c64ee65;6a7a4fcfa3e5992c5a5cc2c7;6a3e9f1164a9e1e30880a27d;5.8;0;;;HBP1;true;;;
6a3ea8a15490ebe6697f3835;6a3e7a752e6433bc0c64ee65;6a7a4fcfa3e5992c5a5cc2c7;6a3e9f1164a9e1e30880a27e;11.6;0;;;HBP2;true;;;
6a3ea8a15490ebe6697f3836;6a3e7a752e6433bc0c64ee65;6a7a4fcfa3e5992c5a5cc2c7;6a3e9f1164a9e1e30880a27f;17.4;0;;;HBP3;true;;;
6a3ea8a15490ebe6697f3837;6a3e7a752e6433bc0c64ee65;6a7a4fcfa3e5992c5a5cc2c7;6a3e9f1164a9e1e30880a280;23.2;0;;;HBP4;true;;;
6a3ea8a15490ebe6697f3838;6a3e7a752e6433bc0c64ee65;6a7a4fcfa3e5992c5a5cc2c7;6a3e9f1164a9e1e30880a281;29;0;;;HBP5;true;;;
6a3ea8a15490ebe6697f3839;6a3e7a752e6433bc0c64ee65;6a7a4fcfa3e5992c5a5cc2c7;6a3e9f1164a9e1e30880a282;34.8;0;;;HBP6;true;;;
6a3ea8a15490ebe6697f383a;6a3e7a752e6433bc0c64ee65;6a7a4fcfa3e5992c5a5cc2c7;6a3e9f1164a9e1e30880a283;40.6;0;;;HBP7;true;;;
6a3ea8a15490ebe6697f383b;6a3e7a752e6433bc0c64ee65;6a7a4fcfa3e5992c5a5cc2c7;6a3e9f1164a9e1e30880a284;46.4;0;;;HBP8;true;;;
6a3ea8a15490ebe6697f383c;6a3e7a752e6433bc0c64ee65;6a7a4fcfa3e5992c5a5cc2c7;6a3e9f1164a9e1e30880a285;52.2;0;;;HBP9;true;;;
6a3ea8a15490ebe6697f383d;6a3e7a752e6433bc0c64ee65;6a7a4fcfa3e5992c5a5cc2c7;6a3e9f1164a9e1e30880a286;58;0;;;HBP10;true;;;
6a3ea8a15490ebe6697f383e;6a3e7a752e6433bc0c64ee65;6a7a4fcfa3e5992c5a5cc2c7;6a3e9f1164a9e1e30880a287;7.6;0;;;HBE1;true;;;
6a3ea8a15490ebe6697f383f;6a3e7a752e6433bc0c64ee65;6a7a4fcfa3e5992c5a5cc2c7;6a3e9f1164a9e1e30880a288;15.2;0;;;HBE2;true;;;
6a3ea8a15490ebe6697f3840;6a3e7a752e6433bc0c64ee65;6a7a4fcfa3e5992c5a5cc2c7;6a3e9f1164a9e1e30880a289;22.8;0;;;HBE3;true;;;
6a3ea8a15490ebe6697f3841;6a3e7a752e6433bc0c64ee65;6a7a4fcfa3e5992c5a5cc2c7;6a3e9f1164a9e1e30880a28a;30.4;0;;;HBE4;true;;;
6a3ea8a15490ebe6697f3842;6a3e7a752e6433bc0c64ee65;6a7a4fcfa3e5992c5a5cc2c7;6a3e9f1164a9e1e30880a28b;38;0;;;HBE5;true;;;
6a3ea8a15490ebe6697f3843;6a3e7a752e6433bc0c64ee65;6a7a4fcfa3e5992c5a5cc2c7;6a3e9f1164a9e1e30880a28c;45.6;0;;;HBE6;true;;;
6a3ea8a15490ebe6697f3844;6a3e7a752e6433bc0c64ee65;6a7a4fcfa3e5992c5a5cc2c7;6a3e9f1164a9e1e30880a28d;53.2;0;;;HBE7;true;;;
6a3ea8a15490ebe6697f3845;6a3e7a752e6433bc0c64ee65;6a7a4fcfa3e5992c5a5cc2c7;6a3e9f1164a9e1e30880a28e;60.8;0;;;HBE8;true;;;
6a3ea8a15490ebe6697f3846;6a3e7a752e6433bc0c64ee65;6a7a4fcfa3e5992c5a5cc2c7;6a3e9f1164a9e1e30880a28f;68.4;0;;;HBE9;true;;;
6a3ea8a15490ebe6697f3847;6a3e7a752e6433bc0c64ee65;6a7a4fcfa3e5992c5a5cc2c7;6a3e9f1164a9e1e30880a290;76;0;;;HBE10;true;;;
6a3ea8a15490ebe6697f3848;6a3e7a752e6433bc0c64ee65;6a7a4fcfa3e5992c5a5cc2c7;6a3e9f1164a9e1e30880a27d;5.9;0;;;HSP1;true;;;
6a3ea8a15490ebe6697f3849;6a3e7a752e6433bc0c64ee65;6a7a4fcfa3e5992c5a5cc2c7;6a3e9f1164a9e1e30880a27e;11.8;0;;;HSP2;true;;;
6a3ea8a15490ebe6697f384a;6a3e7a752e6433bc0c64ee65;6a7a4fcfa3e5992c5a5cc2c7;6a3e9f1164a9e1e30880a27f;17.7;0;;;HSP3;true;;;
6a3ea8a15490ebe6697f384b;6a3e7a752e6433bc0c64ee65;6a7a4fcfa3e5992c5a5cc2c7;6a3e9f1164a9e1e30880a280;23.6;0;;;HSP4;true;;;
6a3ea8a15490ebe6697f384c;6a3e7a752e6433bc0c64ee65;6a7a4fcfa3e5992c5a5cc2c7;6a3e9f1164a9e1e30880a281;29.5;0;;;HSP5;true;;;
6a3ea8a15490ebe6697f384d;6a3e7a752e6433bc0c64ee65;6a7a4fcfa3e5992c5a5cc2c7;6a3e9f1164a9e1e30880a282;35.4;0;;;HSP6;true;;;
6a3ea8a15490ebe6697f384e;6a3e7a752e6433bc0c64ee65;6a7a4fcfa3e5992c5a5cc2c7;6a3e9f1164a9e1e30880a283;41.3;0;;;HSP7;true;;;
6a3ea8a15490ebe6697f384f;6a3e7a752e6433bc0c64ee65;6a7a4fcfa3e5992c5a5cc2c7;6a3e9f1164a9e1e30880a284;47.2;0;;;HSP8;true;;;
6a3ea8a15490ebe6697f3850;6a3e7a752e6433bc0c64ee65;6a7a4fcfa3e5992c5a5cc2c7;6a3e9f1164a9e1e30880a285;53.1;0;;;HSP9;true;;;
6a3ea8a15490ebe6697f3851;6a3e7a752e6433bc0c64ee65;6a7a4fcfa3e5992c5a5cc2c7;6a3e9f1164a9e1e30880a286;59;0;;;HSP10;true;;;
6a3ea8a15490ebe6697f3852;6a3e7a752e6433bc0c64ee65;6a7a4fcfa3e5992c5a5cc2c7;6a3e9f1164a9e1e30880a287;7.7;0;;;HSE1;true;;;
6a3ea8a15490ebe6697f3853;6a3e7a752e6433bc0c64ee65;6a7a4fcfa3e5992c5a5cc2c7;6a3e9f1164a9e1e30880a288;15.4;0;;;HSE2;true;;;
6a3ea8a15490ebe6697f3854;6a3e7a752e6433bc0c64ee65;6a7a4fcfa3e5992c5a5cc2c7;6a3e9f1164a9e1e30880a289;23.1;0;;;HSE3;true;;;
6a3ea8a15490ebe6697f3855;6a3e7a752e6433bc0c64ee65;6a7a4fcfa3e5992c5a5cc2c7;6a3e9f1164a9e1e30880a28a;30.8;0;;;HSE4;true;;;
6a3ea8a15490ebe6697f3856;6a3e7a752e6433bc0c64ee65;6a7a4fcfa3e5992c5a5cc2c7;6a3e9f1164a9e1e30880a28b;38.5;0;;;HSE5;true;;;
6a3ea8a15490ebe6697f3857;6a3e7a752e6433bc0c64ee65;6a7a4fcfa3e5992c5a5cc2c7;6a3e9f1164a9e1e30880a28c;46.2;0;;;HSE6;true;;;
6a3ea8a15490ebe6697f3858;6a3e7a752e6433bc0c64ee65;6a7a4fcfa3e5992c5a5cc2c7;6a3e9f1164a9e1e30880a28d;53.9;0;;;HSE7;true;;;
6a3ea8a15490ebe6697f3859;6a3e7a752e6433bc0c64ee65;6a7a4fcfa3e5992c5a5cc2c7;6a3e9f1164a9e1e30880a28e;61.6;0;;;HSE8;true;;;
6a3ea8a15490ebe6697f385a;6a3e7a752e6433bc0c64ee65;6a7a4fcfa3e5992c5a5cc2c7;6a3e9f1164a9e1e30880a28f;69.3;0;;;HSE9;true;;;
6a3ea8a15490ebe6697f385b;6a3e7a752e6433bc0c64ee65;6a7a4fcfa3e5992c5a5cc2c7;6a3e9f1164a9e1e30880a290;77;0;;;HSE10;true;;;
6a3ea8a15490ebe6697f385c;6a3e7a752e6433bc0c64ee65;6a7a4fcfa3e5992c5a5cc2c7;6a3e9f1164a9e1e30880a2d7;14;0;;;HSTPC1;true;;;
6a3ea8a15490ebe6697f385d;6a3e7a752e6433bc0c64ee65;6a7a4fcfa3e5992c5a5cc2c7;6a3e9f1164a9e1e30880a2d8;28;0;;;HSTPC2;true;;;
6a3ea8a15490ebe6697f385e;6a3e7a752e6433bc0c64ee65;6a7a4fcfa3e5992c5a5cc2c7;6a3e9f1164a9e1e30880a2d9;42;0;;;HSTPC3;true;;;
6a3ea8a15490ebe6697f385f;6a3e7a752e6433bc0c64ee65;6a7a4fcfa3e5992c5a5cc2c7;6a3e9f1164a9e1e30880a2da;56;0;;;HSTPC4;true;;;
6a3ea8a15490ebe6697f3860;6a3e7a752e6433bc0c64ee65;6a7a4fcfa3e5992c5a5cc2c7;6a3e9f1164a9e1e30880a2db;70;0;;;HSTPC5;true;;;
6a3ea8a15490ebe6697f3861;6a3e7a752e6433bc0c64ee65;6a7a4fcfa3e5992c5a5cc2c7;6a3e9f1164a9e1e30880a2dc;84;0;;;HSTPC6;true;;;
6a3ea8a15490ebe6697f3862;6a3e7a752e6433bc0c64ee65;6a7a4fcfa3e5992c5a5cc2c7;6a3e9f1164a9e1e30880a2dd;98;0;;;HSTPC7;true;;;
6a3ea8a15490ebe6697f3863;6a3e7a752e6433bc0c64ee65;6a7a4fcfa3e5992c5a5cc2c7;6a3e9f1164a9e1e30880a2de;112;0;;;HSTPC8;true;;;
6a3ea8a15490ebe6697f3864;6a3e7a752e6433bc0c64ee65;6a7a4fcfa3e5992c5a5cc2c7;6a3e9f1164a9e1e30880a2df;126;0;;;HSTPC9;true;;;
6a3ea8a15490ebe6697f3865;6a3e7a752e6433bc0c64ee65;6a7a4fcfa3e5992c5a5cc2c7;6a3e9f1164a9e1e30880a2e0;140;0;;;HSTPC10;true;;;
6a3ea8a15490ebe6697f3866;6a3e7a752e6433bc0c64ee65;6a7a4fcfa3e5992c5a5cc2c7;6a3e9f1164a9e1e30880a2eb;22;0;;;HSIPC1;true;;;
6a3ea8a15490ebe6697f3867;6a3e7a752e6433bc0c64ee65;6a7a4fcfa3e5992c5a5cc2c7;6a3e9f1164a9e1e30880a2ec;44;0;;;HSIPC2;true;;;
6a3ea8a15490ebe6697f3868;6a3e7a752e6433bc0c64ee65;6a7a4fcfa3e5992c5a5cc2c7;6a3e9f1164a9e1e30880a2ed;66;0;;;HSIPC3;true;;;
6a3ea8a15490ebe6697f3869;6a3e7a752e6433bc0c64ee65;6a7a4fcfa3e5992c5a5cc2c7;6a3e9f1164a9e1e30880a2ee;88;0;;;HSIPC4;true;;;
6a3ea8a15490ebe6697f386a;6a3e7a752e6433bc0c64ee65;6a7a4fcfa3e5992c5a5cc2c7;6a3e9f1164a9e1e30880a2ef;110;0;;;HSIPC5;true;;;
6a3ea8a15490ebe6697f386b;6a3e7a752e6433bc0c64ee65;6a7a4fcfa3e5992c5a5cc2c7;6a3e9f1164a9e1e30880a2f0;132;0;;;HSIPC6;true;;;
6a3ea8a15490ebe6697f386c;6a3e7a752e6433bc0c64ee65;6a7a4fcfa3e5992c5a5cc2c7;6a3e9f1164a9e1e30880a2f1;154;0;;;HSIPC7;true;;;
6a3ea8a15490ebe6697f386d;6a3e7a752e6433bc0c64ee65;6a7a4fcfa3e5992c5a5cc2c7;6a3e9f1164a9e1e30880a2f2;176;0;;;HSIPC8;true;;;
6a3ea8a15490ebe6697f386e;6a3e7a752e6433bc0c64ee65;6a7a4fcfa3e5992c5a5cc2c7;6a3e9f1164a9e1e30880a2f3;198;0;;;HSIPC9;true;;;
6a3ea8a15490ebe6697f386f;6a3e7a752e6433bc0c64ee65;6a7a4fcfa3e5992c5a5cc2c7;6a3e9f1164a9e1e30880a2f4;220;0;;;HSIPC10;true;;;
6a3ea8a15490ebe6697f3870;6a3e7a752e6433bc0c64ee65;6a7a4fcfa3e5992c5a5cc2c7;6a3e9f1164a9e1e30880a2c3;14;0;;;HSEPC1;true;;;
6a3ea8a15490ebe6697f3871;6a3e7a752e6433bc0c64ee65;6a7a4fcfa3e5992c5a5cc2c7;6a3e9f1164a9e1e30880a2c4;28;0;;;HSEPC2;true;;;
6a3ea8a15490ebe6697f3872;6a3e7a752e6433bc0c64ee65;6a7a4fcfa3e5992c5a5cc2c7;6a3e9f1164a9e1e30880a2c5;42;0;;;HSEPC3;true;;;
6a3ea8a15490ebe6697f3873;6a3e7a752e6433bc0c64ee65;6a7a4fcfa3e5992c5a5cc2c7;6a3e9f1164a9e1e30880a2c6;56;0;;;HSEPC4;true;;;
6a3ea8a15490ebe6697f3874;6a3e7a752e6433bc0c64ee65;6a7a4fcfa3e5992c5a5cc2c7;6a3e9f1164a9e1e30880a2c7;70;0;;;HSEPC5;true;;;
6a3ea8a15490ebe6697f3875;6a3e7a752e6433bc0c64ee65;6a7a4fcfa3e5992c5a5cc2c7;6a3e9f1164a9e1e30880a2c8;84;0;;;HSEPC6;true;;;
6a3ea8a15490ebe6697f3876;6a3e7a752e6433bc0c64ee65;6a7a4fcfa3e5992c5a5cc2c7;6a3e9f1164a9e1e30880a2c9;98;0;;;HSEPC7;true;;;
6a3ea8a15490ebe6697f3877;6a3e7a752e6433bc0c64ee65;6a7a4fcfa3e5992c5a5cc2c7;6a3e9f1164a9e1e30880a2ca;112;0;;;HSEPC8;true;;;
6a3ea8a15490ebe6697f3878;6a3e7a752e6433bc0c64ee65;6a7a4fcfa3e5992c5a5cc2c7;6a3e9f1164a9e1e30880a2cb;126;0;;;HSEPC9;true;;;
6a3ea8a15490ebe6697f3879;6a3e7a752e6433bc0c64ee65;6a7a4fcfa3e5992c5a5cc2c7;6a3e9f1164a9e1e30880a2cc;140;0;;;HSEPC10;true;;;
6a3ecac7f9cda4821ef04b02;68c9d5dd3cf0f8fd8a834876;;6a3ecab39928a9b8529fbc07;6989.79;0;;;KDAIPR1230S;true;;;
6a3ecac7f9cda4821ef04b03;68c9d5dd3cf0f8fd8a834876;;6a3ecab39928a9b8529fbc08;4139.88;0;;;KDSMP1230S;true;;;
6a3ecac7f9cda4821ef04b04;68c9d5dd3cf0f8fd8a834876;;6a3ecab39928a9b8529fbc09;6989.79;0;;;KDSTE1230S;true;;;
6a3ecac7f9cda4821ef04b05;68c9d5dd3cf0f8fd8a834876;;6a3ecab39928a9b8529fbc0a;9919.7;0;;;KBMAI1230S;true;;;
6a3ecac7f9cda4821ef04b06;68c9d5dd3cf0f8fd8a834876;;6a3ecab39928a9b8529fbc0b;2994.91;0;;;KHSI110S;true;;;
6a3ecaf347e5413d596715ef;6a3e7a752e6433bc0c64ee65;6a7a4fcfa3e5992c5a5cc2c7;6a3ecab39928a9b8529fbc07;6989.79;0;;;KDAIPR1230S;true;;;
6a3ecaf347e5413d596715f0;6a3e7a752e6433bc0c64ee65;6a7a4fcfa3e5992c5a5cc2c7;6a3ecab39928a9b8529fbc08;4139.88;0;;;KDSMP1230S;true;;;
6a3ecaf347e5413d596715f1;6a3e7a752e6433bc0c64ee65;6a7a4fcfa3e5992c5a5cc2c7;6a3ecab39928a9b8529fbc09;6989.79;0;;;KDSTE1230S;true;;;
6a3ecaf347e5413d596715f2;6a3e7a752e6433bc0c64ee65;6a7a4fcfa3e5992c5a5cc2c7;6a3ecab39928a9b8529fbc0a;9919.7;0;;;KBMAI1230S;true;;;
6a3ecaf347e5413d596715f3;6a3e7a752e6433bc0c64ee65;6a7a4fcfa3e5992c5a5cc2c7;6a3ecab39928a9b8529fbc0b;2994.91;0;;;KHSI110S;true;;;
6a3ed3a8e34fdaf1c40815c5;6a3e7a752e6433bc0c64ee65;6a7a4fcfa3e5992c5a5cc2c7;6a3e9f1164a9e1e30880a2af;13;0;;;HSPPC1;true;;;
6a3ed3a8e34fdaf1c40815c6;6a3e7a752e6433bc0c64ee65;6a7a4fcfa3e5992c5a5cc2c7;6a3e9f1164a9e1e30880a2b0;26;0;;;HSPPC2;true;;;
6a3ed3a8e34fdaf1c40815c7;6a3e7a752e6433bc0c64ee65;6a7a4fcfa3e5992c5a5cc2c7;6a3e9f1164a9e1e30880a2b1;39;0;;;HSPPC3;true;;;
6a3ed3a8e34fdaf1c40815c8;6a3e7a752e6433bc0c64ee65;6a7a4fcfa3e5992c5a5cc2c7;6a3e9f1164a9e1e30880a2b2;52;0;;;HSPPC4;true;;;
6a3ed3a8e34fdaf1c40815c9;6a3e7a752e6433bc0c64ee65;6a7a4fcfa3e5992c5a5cc2c7;6a3e9f1164a9e1e30880a2b3;65;0;;;HSPPC5;true;;;
6a3ed3a8e34fdaf1c40815ca;6a3e7a752e6433bc0c64ee65;6a7a4fcfa3e5992c5a5cc2c7;6a3e9f1164a9e1e30880a2b4;78;0;;;HSPPC6;true;;;
6a3ed3a8e34fdaf1c40815cb;6a3e7a752e6433bc0c64ee65;6a7a4fcfa3e5992c5a5cc2c7;6a3e9f1164a9e1e30880a2b5;91;0;;;HSPPC7;true;;;
6a3ed3a8e34fdaf1c40815cc;6a3e7a752e6433bc0c64ee65;6a7a4fcfa3e5992c5a5cc2c7;6a3e9f1164a9e1e30880a2b6;104;0;;;HSPPC8;true;;;
6a3ed3a8e34fdaf1c40815cd;6a3e7a752e6433bc0c64ee65;6a7a4fcfa3e5992c5a5cc2c7;6a3e9f1164a9e1e30880a2b7;117;0;;;HSPPC9;true;;;
6a3ed3a8e34fdaf1c40815ce;6a3e7a752e6433bc0c64ee65;6a7a4fcfa3e5992c5a5cc2c7;6a3e9f1164a9e1e30880a2b8;130;0;;;HSPPC10;true;;;
6a3fa9f664b47e905de27902;697ae8a6b850379a29ee9f7f;6a7a4fcfa3e5992c5a5cc2ca;6a3ecab39928a9b8529fbc0b;2995;0;;Fabricante PlaceFit;;true;;;
6a3fb309bce6f6238e5dab14;697ae8a6b850379a29ee9f7f;6a7a4fcfa3e5992c5a5cc2ca;6a3de23bc03bf79c138cbc8e;8.7;0;;Fabricante PlaceFit;;true;;;
6a3fb309bce6f6238e5dab15;697ae8a6b850379a29ee9f7f;6a7a4fcfa3e5992c5a5cc2ca;6a3de23bc03bf79c138cbc8f;17.4;0;;Fabricante PlaceFit;;true;;;
6a3fb309bce6f6238e5dab16;697ae8a6b850379a29ee9f7f;6a7a4fcfa3e5992c5a5cc2ca;6a3de23bc03bf79c138cbc90;26.1;0;;Fabricante PlaceFit;;true;;;
6a3fb309bce6f6238e5dab17;697ae8a6b850379a29ee9f7f;6a7a4fcfa3e5992c5a5cc2ca;6a3de23bc03bf79c138cbc91;34.8;0;;Fabricante PlaceFit;;true;;;
6a3fb309bce6f6238e5dab18;697ae8a6b850379a29ee9f7f;6a7a4fcfa3e5992c5a5cc2ca;6a3de23bc03bf79c138cbc92;43.5;0;;Fabricante PlaceFit;;true;;;
6a3fb309bce6f6238e5dab19;697ae8a6b850379a29ee9f7f;6a7a4fcfa3e5992c5a5cc2ca;6a3de23bc03bf79c138cbc93;87;0;;Fabricante PlaceFit;;true;;;
6a3fb309bce6f6238e5dab1a;697ae8a6b850379a29ee9f7f;6a7a4fcfa3e5992c5a5cc2ca;6a3de23bc03bf79c138cbc94;130.5;0;;Fabricante PlaceFit;;true;;;
6a3fb309bce6f6238e5dab1b;697ae8a6b850379a29ee9f7f;6a7a4fcfa3e5992c5a5cc2ca;6a3de23bc03bf79c138cbc95;174;0;;Fabricante PlaceFit;;true;;;
6a3fb309bce6f6238e5dab1c;697ae8a6b850379a29ee9f7f;6a7a4fcfa3e5992c5a5cc2ca;6a3de23bc03bf79c138cbc96;217.5;0;;Fabricante PlaceFit;;true;;;
6a3fb33b74c7adfcae8abf72;697ae8a6b850379a29ee9f7f;6a7a4fcfa3e5992c5a5cc2ca;6a3de23bc03bf79c138cbc34;8.8;0;;Fabricante PlaceFit;;true;;;
6a3fb33b74c7adfcae8abf73;697ae8a6b850379a29ee9f7f;6a7a4fcfa3e5992c5a5cc2ca;6a3de23bc03bf79c138cbc35;17.6;0;;Fabricante PlaceFit;;true;;;
6a3fb33b74c7adfcae8abf74;697ae8a6b850379a29ee9f7f;6a7a4fcfa3e5992c5a5cc2ca;6a3de23bc03bf79c138cbc36;26.4;0;;Fabricante PlaceFit;;true;;;
6a3fb33b74c7adfcae8abf75;697ae8a6b850379a29ee9f7f;6a7a4fcfa3e5992c5a5cc2ca;6a3de23bc03bf79c138cbc37;35.2;0;;Fabricante PlaceFit;;true;;;
6a3fb33b74c7adfcae8abf76;697ae8a6b850379a29ee9f7f;6a7a4fcfa3e5992c5a5cc2ca;6a3de23bc03bf79c138cbc38;44;0;;Fabricante PlaceFit;;true;;;
6a3fb33b74c7adfcae8abf77;697ae8a6b850379a29ee9f7f;6a7a4fcfa3e5992c5a5cc2ca;6a3de23bc03bf79c138cbc39;88;0;;Fabricante PlaceFit;;true;;;
6a3fb33b74c7adfcae8abf78;697ae8a6b850379a29ee9f7f;6a7a4fcfa3e5992c5a5cc2ca;6a3de23bc03bf79c138cbc3a;132;0;;Fabricante PlaceFit;;true;;;
6a3fb33b74c7adfcae8abf79;697ae8a6b850379a29ee9f7f;6a7a4fcfa3e5992c5a5cc2ca;6a3de23bc03bf79c138cbc3b;176;0;;Fabricante PlaceFit;;true;;;
6a3fb33b74c7adfcae8abf7a;697ae8a6b850379a29ee9f7f;6a7a4fcfa3e5992c5a5cc2ca;6a3de23bc03bf79c138cbc3c;220;0;;Fabricante PlaceFit;;true;;;
6a3fcd6164f3999767818a6f;697ae8a6b850379a29ee9f7f;6a7a4fcfa3e5992c5a5cc2ca;6a3f054e70d826031108ed66;82;0;;Fabricante PlaceFit;;true;;;
6a3fcd7a1548c184bb792798;697ae8a6b850379a29ee9f7f;6a7a4fcfa3e5992c5a5cc2ca;6a3f08db34609954cd1b140f;82;0;;Fabricante PlaceFit;;true;;;
6a3fcd826942aa5517c44702;697ae8a6b850379a29ee9f7f;6a7a4fcfa3e5992c5a5cc2ca;6a3f08db34609954cd1b140d;82;0;;Fabricante PlaceFit;;true;;;
6a3fd735c17d3f6c7bd85826;6a3e7a752e6433bc0c64ee65;6a7a4fcfa3e5992c5a5cc2c7;6a3fd72af902fe48947f793d;270;0;;;;true;;;
6a3fd735c17d3f6c7bd85827;6a3e7a752e6433bc0c64ee65;6a7a4fcfa3e5992c5a5cc2c7;6a3fd72af902fe48947f793e;288;0;;;;true;;;
6a3fd735c17d3f6c7bd85828;6a3e7a752e6433bc0c64ee65;6a7a4fcfa3e5992c5a5cc2c7;6a3fd72af902fe48947f793f;306;0;;;;true;;;
6a3fd735c17d3f6c7bd85829;6a3e7a752e6433bc0c64ee65;6a7a4fcfa3e5992c5a5cc2c7;6a3fd72af902fe48947f7940;324;0;;;;true;;;
6a3fd735c17d3f6c7bd8582a;6a3e7a752e6433bc0c64ee65;6a7a4fcfa3e5992c5a5cc2c7;6a3fd72af902fe48947f7941;342;0;;;;true;;;
6a3fd735c17d3f6c7bd8582b;6a3e7a752e6433bc0c64ee65;6a7a4fcfa3e5992c5a5cc2c7;6a3fd72af902fe48947f7942;360;0;;;;true;;;
6a3fd735c17d3f6c7bd8582d;6a3e7a752e6433bc0c64ee65;6a7a4fcfa3e5992c5a5cc2c7;6a3fd72af902fe48947f7944;57;0;;;;true;;;
6a3fd735c17d3f6c7bd8582e;6a3e7a752e6433bc0c64ee65;6a7a4fcfa3e5992c5a5cc2c7;6a3fd72af902fe48947f7945;76;0;;;;true;;;
6a3fd735c17d3f6c7bd8582f;6a3e7a752e6433bc0c64ee65;6a7a4fcfa3e5992c5a5cc2c7;6a3fd72af902fe48947f7946;95;0;;;;true;;;
6a3fd735c17d3f6c7bd85830;6a3e7a752e6433bc0c64ee65;6a7a4fcfa3e5992c5a5cc2c7;6a3fd72af902fe48947f7947;114;0;;;;true;;;
6a3fd735c17d3f6c7bd85831;6a3e7a752e6433bc0c64ee65;6a7a4fcfa3e5992c5a5cc2c7;6a3fd72af902fe48947f7948;133;0;;;;true;;;
6a3fd735c17d3f6c7bd85832;6a3e7a752e6433bc0c64ee65;6a7a4fcfa3e5992c5a5cc2c7;6a3fd72af902fe48947f7949;152;0;;;;true;;;
6a3fd735c17d3f6c7bd85833;6a3e7a752e6433bc0c64ee65;6a7a4fcfa3e5992c5a5cc2c7;6a3fd72af902fe48947f794a;171;0;;;;true;;;
6a3fd735c17d3f6c7bd85834;6a3e7a752e6433bc0c64ee65;6a7a4fcfa3e5992c5a5cc2c7;6a3fd72af902fe48947f794b;190;0;;;;true;;;
6a3fd735c17d3f6c7bd85835;6a3e7a752e6433bc0c64ee65;6a7a4fcfa3e5992c5a5cc2c7;6a3fd72af902fe48947f794c;209;0;;;;true;;;
6a3fd735c17d3f6c7bd85836;6a3e7a752e6433bc0c64ee65;6a7a4fcfa3e5992c5a5cc2c7;6a3fd72af902fe48947f794d;228;0;;;;true;;;
6a3fd735c17d3f6c7bd85837;6a3e7a752e6433bc0c64ee65;6a7a4fcfa3e5992c5a5cc2c7;6a3fd72af902fe48947f794e;247;0;;;;true;;;
6a3fd735c17d3f6c7bd85838;6a3e7a752e6433bc0c64ee65;6a7a4fcfa3e5992c5a5cc2c7;6a3fd72af902fe48947f794f;266;0;;;;true;;;
6a3fd735c17d3f6c7bd85839;6a3e7a752e6433bc0c64ee65;6a7a4fcfa3e5992c5a5cc2c7;6a3fd72af902fe48947f7950;285;0;;;;true;;;
6a3fd735c17d3f6c7bd8583a;6a3e7a752e6433bc0c64ee65;6a7a4fcfa3e5992c5a5cc2c7;6a3fd72af902fe48947f7951;304;0;;;;true;;;
6a3fd735c17d3f6c7bd8583b;6a3e7a752e6433bc0c64ee65;6a7a4fcfa3e5992c5a5cc2c7;6a3fd72af902fe48947f7952;323;0;;;;true;;;
6a3fd735c17d3f6c7bd8583c;6a3e7a752e6433bc0c64ee65;6a7a4fcfa3e5992c5a5cc2c7;6a3fd72af902fe48947f7953;342;0;;;;true;;;
6a3fd735c17d3f6c7bd8583d;6a3e7a752e6433bc0c64ee65;6a7a4fcfa3e5992c5a5cc2c7;6a3fd72af902fe48947f7954;361;0;;;;true;;;
6a3fd735c17d3f6c7bd8583e;6a3e7a752e6433bc0c64ee65;6a7a4fcfa3e5992c5a5cc2c7;6a3fd72af902fe48947f7955;380;0;;;;true;;;
6a3fd735c17d3f6c7bd8584a;6a3e7a752e6433bc0c64ee65;6a7a4fcfa3e5992c5a5cc2c7;6a3fd72af902fe48947f7974;202.8;0;;;;true;;;
6a3fd735c17d3f6c7bd8584b;6a3e7a752e6433bc0c64ee65;6a7a4fcfa3e5992c5a5cc2c7;6a3fd72af902fe48947f7975;218.4;0;;;;true;;;
6a3fd735c17d3f6c7bd8584c;6a3e7a752e6433bc0c64ee65;6a7a4fcfa3e5992c5a5cc2c7;6a3fd72af902fe48947f7976;234;0;;;;true;;;
6a3fd735c17d3f6c7bd8584d;6a3e7a752e6433bc0c64ee65;6a7a4fcfa3e5992c5a5cc2c7;6a3fd72af902fe48947f7977;249.6;0;;;;true;;;
6a3fd735c17d3f6c7bd8584e;6a3e7a752e6433bc0c64ee65;6a7a4fcfa3e5992c5a5cc2c7;6a3fd72af902fe48947f7978;265.2;0;;;;true;;;
6a3fd735c17d3f6c7bd8584f;6a3e7a752e6433bc0c64ee65;6a7a4fcfa3e5992c5a5cc2c7;6a3fd72af902fe48947f7979;280.8;0;;;;true;;;
6a3fd735c17d3f6c7bd85850;6a3e7a752e6433bc0c64ee65;6a7a4fcfa3e5992c5a5cc2c7;6a3fd72af902fe48947f797a;296.4;0;;;;true;;;
6a3fd735c17d3f6c7bd85851;6a3e7a752e6433bc0c64ee65;6a7a4fcfa3e5992c5a5cc2c7;6a3fd72af902fe48947f797b;312;0;;;;true;;;
6a400539feda14ca239e82ef;6a3e7a752e6433bc0c64ee65;6a7a4fcfa3e5992c5a5cc2c7;6a3feaacbbf27f5ae7f1942b;190.46;0;;;daepe12;true;;;
6a400539feda14ca239e82f0;6a3e7a752e6433bc0c64ee65;6a7a4fcfa3e5992c5a5cc2c7;6a3feaacbbf27f5ae7f1942c;222.21;0;;;daepe14;true;;;
6a400539feda14ca239e82f1;6a3e7a752e6433bc0c64ee65;6a7a4fcfa3e5992c5a5cc2c7;6a3feaacbbf27f5ae7f1942d;253.95;0;;;daepe16;true;;;
6a400539feda14ca239e82f2;6a3e7a752e6433bc0c64ee65;6a7a4fcfa3e5992c5a5cc2c7;6a3feaacbbf27f5ae7f1942e;285.7;0;;;daepe18;true;;;
6a400539feda14ca239e82f3;6a3e7a752e6433bc0c64ee65;6a7a4fcfa3e5992c5a5cc2c7;6a3feaacbbf27f5ae7f1942f;317.44;0;;;daepe20;true;;;
6a400539feda14ca239e82f4;6a3e7a752e6433bc0c64ee65;6a7a4fcfa3e5992c5a5cc2c7;6a3feaacbbf27f5ae7f19430;349.18;0;;;daepe22;true;;;
6a400539feda14ca239e82f5;6a3e7a752e6433bc0c64ee65;6a7a4fcfa3e5992c5a5cc2c7;6a3feaacbbf27f5ae7f19431;380.93;0;;;daepe24;true;;;
6a400539feda14ca239e82f6;6a3e7a752e6433bc0c64ee65;6a7a4fcfa3e5992c5a5cc2c7;6a3feaacbbf27f5ae7f19432;412.67;0;;;daepe26;true;;;
6a400539feda14ca239e82f7;6a3e7a752e6433bc0c64ee65;6a7a4fcfa3e5992c5a5cc2c7;6a3feaacbbf27f5ae7f19433;444.42;0;;;daepe28;true;;;
6a400539feda14ca239e82f8;6a3e7a752e6433bc0c64ee65;6a7a4fcfa3e5992c5a5cc2c7;6a3feaacbbf27f5ae7f19434;476.16;0;;;daepe30;true;;;
6a400539feda14ca239e82f9;6a3e7a752e6433bc0c64ee65;6a7a4fcfa3e5992c5a5cc2c7;6a3feaacbbf27f5ae7f19435;507.9;0;;;daepe32;true;;;
6a400539feda14ca239e8303;6a3e7a752e6433bc0c64ee65;6a7a4fcfa3e5992c5a5cc2c7;6a3feaacbbf27f5ae7f19400;101.68;0;;;daepr10;true;;;
6a400539feda14ca239e8304;6a3e7a752e6433bc0c64ee65;6a7a4fcfa3e5992c5a5cc2c7;6a3feaacbbf27f5ae7f19401;122.02;0;;;daepr12;true;;;
6a400539feda14ca239e8305;6a3e7a752e6433bc0c64ee65;6a7a4fcfa3e5992c5a5cc2c7;6a3feaacbbf27f5ae7f19402;142.35;0;;;daepr14;true;;;
6a400539feda14ca239e8306;6a3e7a752e6433bc0c64ee65;6a7a4fcfa3e5992c5a5cc2c7;6a3feaacbbf27f5ae7f19403;162.69;0;;;daepr16;true;;;
6a400539feda14ca239e8307;6a3e7a752e6433bc0c64ee65;6a7a4fcfa3e5992c5a5cc2c7;6a3feaacbbf27f5ae7f19404;183.02;0;;;daepr18;true;;;
6a400539feda14ca239e8308;6a3e7a752e6433bc0c64ee65;6a7a4fcfa3e5992c5a5cc2c7;6a3feaacbbf27f5ae7f19405;203.36;0;;;daepr20;true;;;
6a400539feda14ca239e8309;6a3e7a752e6433bc0c64ee65;6a7a4fcfa3e5992c5a5cc2c7;6a3feaacbbf27f5ae7f19406;223.7;0;;;daepr22;true;;;
6a400539feda14ca239e830a;6a3e7a752e6433bc0c64ee65;6a7a4fcfa3e5992c5a5cc2c7;6a3feaacbbf27f5ae7f19407;244.03;0;;;daepr24;true;;;
6a400539feda14ca239e830b;6a3e7a752e6433bc0c64ee65;6a7a4fcfa3e5992c5a5cc2c7;6a3feaacbbf27f5ae7f19408;264.37;0;;;daepr26;true;;;
6a400539feda14ca239e830c;6a3e7a752e6433bc0c64ee65;6a7a4fcfa3e5992c5a5cc2c7;6a3feaacbbf27f5ae7f19409;284.7;0;;;daepr28;true;;;
6a400539feda14ca239e830d;6a3e7a752e6433bc0c64ee65;6a7a4fcfa3e5992c5a5cc2c7;6a3feaacbbf27f5ae7f1940a;305.04;0;;;daepr30;true;;;
6a400539feda14ca239e830e;6a3e7a752e6433bc0c64ee65;6a7a4fcfa3e5992c5a5cc2c7;6a3feaacbbf27f5ae7f1940b;325.38;0;;;daepr32;true;;;
6a400539feda14ca239e830f;6a3e7a752e6433bc0c64ee65;6a7a4fcfa3e5992c5a5cc2c7;6a3feaacbbf27f5ae7f1940c;345.71;0;;;daepr34;true;;;
6a400539feda14ca239e8310;6a3e7a752e6433bc0c64ee65;6a7a4fcfa3e5992c5a5cc2c7;6a3feaacbbf27f5ae7f1940d;366.05;0;;;daepr36;true;;;
6a400539feda14ca239e8311;6a3e7a752e6433bc0c64ee65;6a7a4fcfa3e5992c5a5cc2c7;6a3feaacbbf27f5ae7f1940e;386.38;0;;;daepr38;true;;;
6a400539feda14ca239e8312;6a3e7a752e6433bc0c64ee65;6a7a4fcfa3e5992c5a5cc2c7;6a3feaacbbf27f5ae7f1940f;406.72;0;;;daepr40;true;;;
6a400539feda14ca239e8313;6a3e7a752e6433bc0c64ee65;6a7a4fcfa3e5992c5a5cc2c7;6a3feaacbbf27f5ae7f19410;427.06;0;;;daepr42;true;;;
6a400539feda14ca239e8314;6a3e7a752e6433bc0c64ee65;6a7a4fcfa3e5992c5a5cc2c7;6a3feaacbbf27f5ae7f19411;447.39;0;;;daepr44;true;;;
6a400539feda14ca239e8315;6a3e7a752e6433bc0c64ee65;6a7a4fcfa3e5992c5a5cc2c7;6a3feaacbbf27f5ae7f19412;467.73;0;;;daepr46;true;;;
6a400539feda14ca239e8316;6a3e7a752e6433bc0c64ee65;6a7a4fcfa3e5992c5a5cc2c7;6a3feaacbbf27f5ae7f19413;488.06;0;;;daepr48;true;;;
6a400539feda14ca239e8317;6a3e7a752e6433bc0c64ee65;6a7a4fcfa3e5992c5a5cc2c7;6a3feaacbbf27f5ae7f19414;508.4;0;;;daepr50;true;;;
6a400539feda14ca239e8318;6a3e7a752e6433bc0c64ee65;6a7a4fcfa3e5992c5a5cc2c7;6a3feaacbbf27f5ae7f1943f;121.64;0;;;daipe10;true;;;
6a400539feda14ca239e8319;6a3e7a752e6433bc0c64ee65;6a7a4fcfa3e5992c5a5cc2c7;6a3feaacbbf27f5ae7f19440;145.97;0;;;daipe12;true;;;
6a400539feda14ca239e831a;6a3e7a752e6433bc0c64ee65;6a7a4fcfa3e5992c5a5cc2c7;6a3feaacbbf27f5ae7f19441;170.3;0;;;daipe14;true;;;
6a400539feda14ca239e831b;6a3e7a752e6433bc0c64ee65;6a7a4fcfa3e5992c5a5cc2c7;6a3feaacbbf27f5ae7f19442;194.63;0;;;daipe16;true;;;
6a400539feda14ca239e831c;6a3e7a752e6433bc0c64ee65;6a7a4fcfa3e5992c5a5cc2c7;6a3feaacbbf27f5ae7f19443;218.96;0;;;daipe18;true;;;
6a400539feda14ca239e831d;6a3e7a752e6433bc0c64ee65;6a7a4fcfa3e5992c5a5cc2c7;6a3feaacbbf27f5ae7f19444;243.29;0;;;daipe20;true;;;
6a400539feda14ca239e831e;6a3e7a752e6433bc0c64ee65;6a7a4fcfa3e5992c5a5cc2c7;6a3feaacbbf27f5ae7f19445;267.62;0;;;daipe22;true;;;
6a400539feda14ca239e831f;6a3e7a752e6433bc0c64ee65;6a7a4fcfa3e5992c5a5cc2c7;6a3feaacbbf27f5ae7f19446;291.95;0;;;daipe24;true;;;
6a400539feda14ca239e8320;6a3e7a752e6433bc0c64ee65;6a7a4fcfa3e5992c5a5cc2c7;6a3feaacbbf27f5ae7f19447;316.27;0;;;daipe26;true;;;
6a400539feda14ca239e8321;6a3e7a752e6433bc0c64ee65;6a7a4fcfa3e5992c5a5cc2c7;6a3feaacbbf27f5ae7f19448;340.6;0;;;daipe28;true;;;
6a400539feda14ca239e8322;6a3e7a752e6433bc0c64ee65;6a7a4fcfa3e5992c5a5cc2c7;6a3feaacbbf27f5ae7f19449;364.93;0;;;daipe30;true;;;
6a400539feda14ca239e8323;6a3e7a752e6433bc0c64ee65;6a7a4fcfa3e5992c5a5cc2c7;6a3feaacbbf27f5ae7f1944a;389.26;0;;;daipe32;true;;;
6a400539feda14ca239e8324;6a3e7a752e6433bc0c64ee65;6a7a4fcfa3e5992c5a5cc2c7;6a3feaacbbf27f5ae7f1944b;413.59;0;;;daipe34;true;;;
6a400539feda14ca239e8325;6a3e7a752e6433bc0c64ee65;6a7a4fcfa3e5992c5a5cc2c7;6a3feaac4a5d2ebad1e9494b;437.92;0;;;daipe36;true;;;
6a400539feda14ca239e8326;6a3e7a752e6433bc0c64ee65;6a7a4fcfa3e5992c5a5cc2c7;6a3feaac4a5d2ebad1e9494c;462.25;0;;;daipe38;true;;;
6a400539feda14ca239e8327;6a3e7a752e6433bc0c64ee65;6a7a4fcfa3e5992c5a5cc2c7;6a3feaac4a5d2ebad1e9494d;486.58;0;;;daipe40;true;;;
6a400539feda14ca239e8328;6a3e7a752e6433bc0c64ee65;6a7a4fcfa3e5992c5a5cc2c7;6a3feaac4a5d2ebad1e9494e;510.9;0;;;daipe42;true;;;
6a400539feda14ca239e8329;6a3e7a752e6433bc0c64ee65;6a7a4fcfa3e5992c5a5cc2c7;6a3feaac4a5d2ebad1e9494f;535.23;0;;;daipe44;true;;;
6a400539feda14ca239e832a;6a3e7a752e6433bc0c64ee65;6a7a4fcfa3e5992c5a5cc2c7;6a3feaac4a5d2ebad1e94950;559.56;0;;;daipe46;true;;;
6a400539feda14ca239e832b;6a3e7a752e6433bc0c64ee65;6a7a4fcfa3e5992c5a5cc2c7;6a3feaac4a5d2ebad1e94951;583.89;0;;;daipe48;true;;;
6a400539feda14ca239e832c;6a3e7a752e6433bc0c64ee65;6a7a4fcfa3e5992c5a5cc2c7;6a3feaac4a5d2ebad1e94952;608.22;0;;;daipe50;true;;;
6a400539feda14ca239e832d;6a3e7a752e6433bc0c64ee65;6a7a4fcfa3e5992c5a5cc2c7;6a3feaacbbf27f5ae7f193ac;142.6;0;;;daipr10;true;;;
6a400539feda14ca239e832e;6a3e7a752e6433bc0c64ee65;6a7a4fcfa3e5992c5a5cc2c7;6a3feaacbbf27f5ae7f193ad;171.12;0;;;daipr12;true;;;
6a400539feda14ca239e832f;6a3e7a752e6433bc0c64ee65;6a7a4fcfa3e5992c5a5cc2c7;6a3feaacbbf27f5ae7f193ae;199.64;0;;;daipr14;true;;;
6a400539feda14ca239e8330;6a3e7a752e6433bc0c64ee65;6a7a4fcfa3e5992c5a5cc2c7;6a3feaacbbf27f5ae7f193af;228.16;0;;;daipr16;true;;;
6a400539feda14ca239e8331;6a3e7a752e6433bc0c64ee65;6a7a4fcfa3e5992c5a5cc2c7;6a3feaacbbf27f5ae7f193b0;256.68;0;;;daipr18;true;;;
6a400539feda14ca239e8332;6a3e7a752e6433bc0c64ee65;6a7a4fcfa3e5992c5a5cc2c7;6a3feaacbbf27f5ae7f193b1;285.2;0;;;daipr20;true;;;
6a400539feda14ca239e8333;6a3e7a752e6433bc0c64ee65;6a7a4fcfa3e5992c5a5cc2c7;6a3feaacbbf27f5ae7f193b2;313.72;0;;;daipr22;true;;;
6a400539feda14ca239e8334;6a3e7a752e6433bc0c64ee65;6a7a4fcfa3e5992c5a5cc2c7;6a3feaacbbf27f5ae7f193b3;342.24;0;;;daipr24;true;;;
6a400539feda14ca239e8335;6a3e7a752e6433bc0c64ee65;6a7a4fcfa3e5992c5a5cc2c7;6a3feaacbbf27f5ae7f193b4;370.76;0;;;daipr26;true;;;
6a400539feda14ca239e8336;6a3e7a752e6433bc0c64ee65;6a7a4fcfa3e5992c5a5cc2c7;6a3feaacbbf27f5ae7f193b5;399.28;0;;;daipr28;true;;;
6a400539feda14ca239e8337;6a3e7a752e6433bc0c64ee65;6a7a4fcfa3e5992c5a5cc2c7;6a3feaacbbf27f5ae7f193b6;427.8;0;;;daipr30;true;;;
6a400539feda14ca239e8338;6a3e7a752e6433bc0c64ee65;6a7a4fcfa3e5992c5a5cc2c7;6a3feaacbbf27f5ae7f193b7;456.32;0;;;daipr32;true;;;
6a400539feda14ca239e8339;6a3e7a752e6433bc0c64ee65;6a7a4fcfa3e5992c5a5cc2c7;6a3feaacbbf27f5ae7f193b8;484.84;0;;;daipr34;true;;;
6a400539feda14ca239e833a;6a3e7a752e6433bc0c64ee65;6a7a4fcfa3e5992c5a5cc2c7;6a3feaacbbf27f5ae7f193b9;513.36;0;;;daipr36;true;;;
6a400539feda14ca239e833b;6a3e7a752e6433bc0c64ee65;6a7a4fcfa3e5992c5a5cc2c7;6a3feaacbbf27f5ae7f193ba;541.88;0;;;daipr38;true;;;
6a400539feda14ca239e833c;6a3e7a752e6433bc0c64ee65;6a7a4fcfa3e5992c5a5cc2c7;6a3feaacbbf27f5ae7f193bb;570.4;0;;;daipr40;true;;;
6a400539feda14ca239e833d;6a3e7a752e6433bc0c64ee65;6a7a4fcfa3e5992c5a5cc2c7;6a3feaacbbf27f5ae7f193bc;598.92;0;;;daipr42;true;;;
6a400539feda14ca239e833e;6a3e7a752e6433bc0c64ee65;6a7a4fcfa3e5992c5a5cc2c7;6a3feaacbbf27f5ae7f193bd;627.44;0;;;daipr44;true;;;
6a400539feda14ca239e833f;6a3e7a752e6433bc0c64ee65;6a7a4fcfa3e5992c5a5cc2c7;6a3feaacbbf27f5ae7f193be;655.96;0;;;daipr46;true;;;
6a400539feda14ca239e8340;6a3e7a752e6433bc0c64ee65;6a7a4fcfa3e5992c5a5cc2c7;6a3feaacbbf27f5ae7f193bf;684.48;0;;;daipr48;true;;;
6a400539feda14ca239e8341;6a3e7a752e6433bc0c64ee65;6a7a4fcfa3e5992c5a5cc2c7;6a3feaacbbf27f5ae7f193c0;713;0;;;daipr50;true;;;
6a400539feda14ca239e8342;6a3e7a752e6433bc0c64ee65;6a7a4fcfa3e5992c5a5cc2c7;6a3feaacbbf27f5ae7f19415;105.4;0;;;dappe10;true;;;
6a400539feda14ca239e8343;6a3e7a752e6433bc0c64ee65;6a7a4fcfa3e5992c5a5cc2c7;6a3feaacbbf27f5ae7f19416;126.48;0;;;dappe12;true;;;
6a400539feda14ca239e8344;6a3e7a752e6433bc0c64ee65;6a7a4fcfa3e5992c5a5cc2c7;6a3feaacbbf27f5ae7f19417;147.56;0;;;dappe14;true;;;
6a400539feda14ca239e8345;6a3e7a752e6433bc0c64ee65;6a7a4fcfa3e5992c5a5cc2c7;6a3feaacbbf27f5ae7f19418;168.64;0;;;dappe16;true;;;
6a400539feda14ca239e8346;6a3e7a752e6433bc0c64ee65;6a7a4fcfa3e5992c5a5cc2c7;6a3feaacbbf27f5ae7f19419;189.72;0;;;dappe18;true;;;
6a400539feda14ca239e8347;6a3e7a752e6433bc0c64ee65;6a7a4fcfa3e5992c5a5cc2c7;6a3feaacbbf27f5ae7f1941a;210.8;0;;;dappe20;true;;;
6a400539feda14ca239e8348;6a3e7a752e6433bc0c64ee65;6a7a4fcfa3e5992c5a5cc2c7;6a3feaacbbf27f5ae7f1941b;231.88;0;;;dappe22;true;;;
6a400539feda14ca239e8349;6a3e7a752e6433bc0c64ee65;6a7a4fcfa3e5992c5a5cc2c7;6a3feaacbbf27f5ae7f1941c;252.96;0;;;dappe24;true;;;
6a400539feda14ca239e834a;6a3e7a752e6433bc0c64ee65;6a7a4fcfa3e5992c5a5cc2c7;6a3feaacbbf27f5ae7f1941d;274.04;0;;;dappe26;true;;;
6a400539feda14ca239e834b;6a3e7a752e6433bc0c64ee65;6a7a4fcfa3e5992c5a5cc2c7;6a3feaacbbf27f5ae7f1941e;295.12;0;;;dappe28;true;;;
6a400539feda14ca239e834c;6a3e7a752e6433bc0c64ee65;6a7a4fcfa3e5992c5a5cc2c7;6a3feaacbbf27f5ae7f1941f;316.2;0;;;dappe30;true;;;
6a400539feda14ca239e834d;6a3e7a752e6433bc0c64ee65;6a7a4fcfa3e5992c5a5cc2c7;6a3feaacbbf27f5ae7f19420;337.28;0;;;dappe32;true;;;
6a400539feda14ca239e834e;6a3e7a752e6433bc0c64ee65;6a7a4fcfa3e5992c5a5cc2c7;6a3feaacbbf27f5ae7f19421;358.36;0;;;dappe34;true;;;
6a400539feda14ca239e834f;6a3e7a752e6433bc0c64ee65;6a7a4fcfa3e5992c5a5cc2c7;6a3feaacbbf27f5ae7f19422;379.44;0;;;dappe36;true;;;
6a400539feda14ca239e8350;6a3e7a752e6433bc0c64ee65;6a7a4fcfa3e5992c5a5cc2c7;6a3feaacbbf27f5ae7f19423;400.52;0;;;dappe38;true;;;
6a400539feda14ca239e8351;6a3e7a752e6433bc0c64ee65;6a7a4fcfa3e5992c5a5cc2c7;6a3feaacbbf27f5ae7f19424;421.6;0;;;dappe40;true;;;
6a400539feda14ca239e8352;6a3e7a752e6433bc0c64ee65;6a7a4fcfa3e5992c5a5cc2c7;6a3feaacbbf27f5ae7f19425;442.68;0;;;dappe42;true;;;
6a400539feda14ca239e8353;6a3e7a752e6433bc0c64ee65;6a7a4fcfa3e5992c5a5cc2c7;6a3feaacbbf27f5ae7f19426;463.76;0;;;dappe44;true;;;
6a400539feda14ca239e8354;6a3e7a752e6433bc0c64ee65;6a7a4fcfa3e5992c5a5cc2c7;6a3feaacbbf27f5ae7f19427;484.84;0;;;dappe46;true;;;
6a400539feda14ca239e8355;6a3e7a752e6433bc0c64ee65;6a7a4fcfa3e5992c5a5cc2c7;6a3feaacbbf27f5ae7f19428;505.92;0;;;dappe48;true;;;
6a400539feda14ca239e8356;6a3e7a752e6433bc0c64ee65;6a7a4fcfa3e5992c5a5cc2c7;6a3feaacbbf27f5ae7f19429;527;0;;;dappe50;true;;;
6a400539feda14ca239e8357;6a3e7a752e6433bc0c64ee65;6a7a4fcfa3e5992c5a5cc2c7;6a3feaacbbf27f5ae7f19358;106.64;0;;;dappr10;true;;;
6a400539feda14ca239e8358;6a3e7a752e6433bc0c64ee65;6a7a4fcfa3e5992c5a5cc2c7;6a3feaacbbf27f5ae7f19359;127.97;0;;;dappr12;true;;;
6a400539feda14ca239e8359;6a3e7a752e6433bc0c64ee65;6a7a4fcfa3e5992c5a5cc2c7;6a3feaacbbf27f5ae7f1935a;149.3;0;;;dappr14;true;;;
6a400539feda14ca239e835a;6a3e7a752e6433bc0c64ee65;6a7a4fcfa3e5992c5a5cc2c7;6a3feaacbbf27f5ae7f1935b;170.62;0;;;dappr16;true;;;
6a400539feda14ca239e835b;6a3e7a752e6433bc0c64ee65;6a7a4fcfa3e5992c5a5cc2c7;6a3feaacbbf27f5ae7f1935c;191.95;0;;;dappr18;true;;;
6a400539feda14ca239e835c;6a3e7a752e6433bc0c64ee65;6a7a4fcfa3e5992c5a5cc2c7;6a3feaacbbf27f5ae7f1935d;213.28;0;;;dappr20;true;;;
6a400539feda14ca239e835d;6a3e7a752e6433bc0c64ee65;6a7a4fcfa3e5992c5a5cc2c7;6a3feaacbbf27f5ae7f1935e;234.61;0;;;dappr22;true;;;
6a400539feda14ca239e835e;6a3e7a752e6433bc0c64ee65;6a7a4fcfa3e5992c5a5cc2c7;6a3feaacbbf27f5ae7f1935f;255.94;0;;;dappr24;true;;;
6a400539feda14ca239e835f;6a3e7a752e6433bc0c64ee65;6a7a4fcfa3e5992c5a5cc2c7;6a3feaacbbf27f5ae7f19360;277.26;0;;;dappr26;true;;;
6a400539feda14ca239e8360;6a3e7a752e6433bc0c64ee65;6a7a4fcfa3e5992c5a5cc2c7;6a3feaacbbf27f5ae7f19361;298.59;0;;;dappr28;true;;;
6a400539feda14ca239e8361;6a3e7a752e6433bc0c64ee65;6a7a4fcfa3e5992c5a5cc2c7;6a3feaacbbf27f5ae7f19362;319.92;0;;;dappr30;true;;;
6a400539feda14ca239e8362;6a3e7a752e6433bc0c64ee65;6a7a4fcfa3e5992c5a5cc2c7;6a3feaacbbf27f5ae7f19363;341.25;0;;;dappr32;true;;;
6a400539feda14ca239e8363;6a3e7a752e6433bc0c64ee65;6a7a4fcfa3e5992c5a5cc2c7;6a3feaacbbf27f5ae7f19364;362.58;0;;;dappr34;true;;;
6a400539feda14ca239e8364;6a3e7a752e6433bc0c64ee65;6a7a4fcfa3e5992c5a5cc2c7;6a3feaacbbf27f5ae7f19365;383.9;0;;;dappr36;true;;;
6a400539feda14ca239e8365;6a3e7a752e6433bc0c64ee65;6a7a4fcfa3e5992c5a5cc2c7;6a3feaacbbf27f5ae7f19366;405.23;0;;;dappr38;true;;;
6a400539feda14ca239e8366;6a3e7a752e6433bc0c64ee65;6a7a4fcfa3e5992c5a5cc2c7;6a3feaacbbf27f5ae7f19367;426.56;0;;;dappr40;true;;;
6a400539feda14ca239e8367;6a3e7a752e6433bc0c64ee65;6a7a4fcfa3e5992c5a5cc2c7;6a3feaacbbf27f5ae7f19368;447.89;0;;;dappr42;true;;;
6a400539feda14ca239e8368;6a3e7a752e6433bc0c64ee65;6a7a4fcfa3e5992c5a5cc2c7;6a3feaacbbf27f5ae7f19369;469.22;0;;;dappr44;true;;;
6a400539feda14ca239e8369;6a3e7a752e6433bc0c64ee65;6a7a4fcfa3e5992c5a5cc2c7;6a3feaacbbf27f5ae7f1936a;490.54;0;;;dappr46;true;;;
6a400539feda14ca239e836a;6a3e7a752e6433bc0c64ee65;6a7a4fcfa3e5992c5a5cc2c7;6a3feaacbbf27f5ae7f1936b;511.87;0;;;dappr48;true;;;
6a400539feda14ca239e836b;6a3e7a752e6433bc0c64ee65;6a7a4fcfa3e5992c5a5cc2c7;6a3feaacbbf27f5ae7f1936c;533.2;0;;;dappr50;true;;;
6a400539feda14ca239e836c;6a3e7a752e6433bc0c64ee65;6a7a4fcfa3e5992c5a5cc2c7;6a3feaaa0cc7ebc213990c05;125.24;0;;;dasepr10;true;;;
6a400539feda14ca239e836d;6a3e7a752e6433bc0c64ee65;6a7a4fcfa3e5992c5a5cc2c7;6a3feaaa0cc7ebc213990c06;150.29;0;;;dasepr12;true;;;
6a400539feda14ca239e836e;6a3e7a752e6433bc0c64ee65;6a7a4fcfa3e5992c5a5cc2c7;6a3feaaa0cc7ebc213990c07;140.28;0;;;dasepr14;true;;;
6a400539feda14ca239e836f;6a3e7a752e6433bc0c64ee65;6a7a4fcfa3e5992c5a5cc2c7;6a3feaaa0cc7ebc213990c08;200.38;0;;;dasepr16;true;;;
6a400539feda14ca239e8370;6a3e7a752e6433bc0c64ee65;6a7a4fcfa3e5992c5a5cc2c7;6a3feaaa0cc7ebc213990c09;180.36;0;;;dasepr18;true;;;
6a400539feda14ca239e8371;6a3e7a752e6433bc0c64ee65;6a7a4fcfa3e5992c5a5cc2c7;6a3feaaa0cc7ebc213990c0a;250.48;0;;;dasepr20;true;;;
6a400539feda14ca239e8372;6a3e7a752e6433bc0c64ee65;6a7a4fcfa3e5992c5a5cc2c7;6a3feaaa0cc7ebc213990c0b;220.44;0;;;dasepr22;true;;;
6a400539feda14ca239e8373;6a3e7a752e6433bc0c64ee65;6a7a4fcfa3e5992c5a5cc2c7;6a3feaaa0cc7ebc213990c0c;300.58;0;;;dasepr24;true;;;
6a400539feda14ca239e8374;6a3e7a752e6433bc0c64ee65;6a7a4fcfa3e5992c5a5cc2c7;6a3feaaa0cc7ebc213990c0d;260.52;0;;;dasepr26;true;;;
6a400539feda14ca239e8375;6a3e7a752e6433bc0c64ee65;6a7a4fcfa3e5992c5a5cc2c7;6a3feaaa0cc7ebc213990c0e;350.67;0;;;dasepr28;true;;;
6a400539feda14ca239e8376;6a3e7a752e6433bc0c64ee65;6a7a4fcfa3e5992c5a5cc2c7;6a3feaaa0cc7ebc213990c0f;300.6;0;;;dasepr30;true;;;
6a400539feda14ca239e8377;6a3e7a752e6433bc0c64ee65;6a7a4fcfa3e5992c5a5cc2c7;6a3feaaa0cc7ebc213990c10;400.77;0;;;dasepr32;true;;;
6a400539feda14ca239e8378;6a3e7a752e6433bc0c64ee65;6a7a4fcfa3e5992c5a5cc2c7;6a3feaaa0cc7ebc213990c11;340.68;0;;;dasepr34;true;;;
6a400539feda14ca239e8379;6a3e7a752e6433bc0c64ee65;6a7a4fcfa3e5992c5a5cc2c7;6a3feaaa0cc7ebc213990c12;450.86;0;;;dasepr36;true;;;
6a400539feda14ca239e837a;6a3e7a752e6433bc0c64ee65;6a7a4fcfa3e5992c5a5cc2c7;6a3feaaa0cc7ebc213990c13;380.76;0;;;dasepr38;true;;;
6a400539feda14ca239e837b;6a3e7a752e6433bc0c64ee65;6a7a4fcfa3e5992c5a5cc2c7;6a3feaaa0cc7ebc213990c14;500.96;0;;;dasepr40;true;;;
6a400539feda14ca239e837c;6a3e7a752e6433bc0c64ee65;6a7a4fcfa3e5992c5a5cc2c7;6a3feaaa0cc7ebc213990c15;420.84;0;;;dasepr42;true;;;
6a400539feda14ca239e837d;6a3e7a752e6433bc0c64ee65;6a7a4fcfa3e5992c5a5cc2c7;6a3feaaa0cc7ebc213990c16;551.06;0;;;dasepr44;true;;;
6a400539feda14ca239e837e;6a3e7a752e6433bc0c64ee65;6a7a4fcfa3e5992c5a5cc2c7;6a3feaaa0cc7ebc213990c17;460.92;0;;;dasepr46;true;;;
6a400539feda14ca239e837f;6a3e7a752e6433bc0c64ee65;6a7a4fcfa3e5992c5a5cc2c7;6a3feaaa0cc7ebc213990c18;601.15;0;;;dasepr48;true;;;
6a400539feda14ca239e8380;6a3e7a752e6433bc0c64ee65;6a7a4fcfa3e5992c5a5cc2c7;6a3feaaa0cc7ebc213990c05;50.1;0;;;dasepr04;true;;;
6a400539feda14ca239e8381;6a3e7a752e6433bc0c64ee65;6a7a4fcfa3e5992c5a5cc2c7;6a3feaaa0cc7ebc213990c19;501;0;;;dasepr50;true;;;
6a400539feda14ca239e8382;6a3e7a752e6433bc0c64ee65;6a7a4fcfa3e5992c5a5cc2c7;6a3feaaa0cc7ebc213990c05;75.14;0;;;dasepr06;true;;;
6a400539feda14ca239e8383;6a3e7a752e6433bc0c64ee65;6a7a4fcfa3e5992c5a5cc2c7;6a3feaaa0cc7ebc213990c05;100.2;0;;;dasepr08;true;;;
6a400539feda14ca239e8384;6a3e7a752e6433bc0c64ee65;6a7a4fcfa3e5992c5a5cc2c7;6a3feaaa0cc7ebc213990c1a;101.31;0;;;dasppe10;true;;;
6a400539feda14ca239e8386;6a3e7a752e6433bc0c64ee65;6a7a4fcfa3e5992c5a5cc2c7;6a3feaaa0cc7ebc213990c1c;141.83;0;;;dasppe14;true;;;
6a400539feda14ca239e8388;6a3e7a752e6433bc0c64ee65;6a7a4fcfa3e5992c5a5cc2c7;6a3feaaa0cc7ebc213990c1e;182.35;0;;;dasppe18;true;;;
6a400539feda14ca239e838a;6a3e7a752e6433bc0c64ee65;6a7a4fcfa3e5992c5a5cc2c7;6a3feaaa0cc7ebc213990c20;222.88;0;;;dasppe22;true;;;
6a400539feda14ca239e838c;6a3e7a752e6433bc0c64ee65;6a7a4fcfa3e5992c5a5cc2c7;6a3feaaa0cc7ebc213990c22;263.4;0;;;dasppe26;true;;;
6a400539feda14ca239e838e;6a3e7a752e6433bc0c64ee65;6a7a4fcfa3e5992c5a5cc2c7;6a3feaaa0cc7ebc213990c24;303.92;0;;;dasppe30;true;;;
6a400539feda14ca239e8398;6a3e7a752e6433bc0c64ee65;6a7a4fcfa3e5992c5a5cc2c7;6a3feaaa0cc7ebc213990c24;40.52;0;;;dasppe04;true;;;
6a400539feda14ca239e839a;6a3e7a752e6433bc0c64ee65;6a7a4fcfa3e5992c5a5cc2c7;6a3feaaa0cc7ebc213990c24;60.78;0;;;dasppe06;true;;;
6a400539feda14ca239e839c;6a3e7a752e6433bc0c64ee65;6a7a4fcfa3e5992c5a5cc2c7;6a3feaaa0cc7ebc213990b5d;85.06;0;;;dasppr10;true;;;
6a400539feda14ca239e839d;6a3e7a752e6433bc0c64ee65;6a7a4fcfa3e5992c5a5cc2c7;6a3feaaa0cc7ebc213990b5e;102.08;0;;;dasppr12;true;;;
6a400539feda14ca239e839e;6a3e7a752e6433bc0c64ee65;6a7a4fcfa3e5992c5a5cc2c7;6a3feaaa0cc7ebc213990b5f;119.09;0;;;dasppr14;true;;;
6a400539feda14ca239e839f;6a3e7a752e6433bc0c64ee65;6a7a4fcfa3e5992c5a5cc2c7;6a3feaaa0cc7ebc213990b60;136.1;0;;;dasppr16;true;;;
6a400539feda14ca239e83a0;6a3e7a752e6433bc0c64ee65;6a7a4fcfa3e5992c5a5cc2c7;6a3feaaa0cc7ebc213990b61;153.12;0;;;dasppr18;true;;;
6a400539feda14ca239e83a1;6a3e7a752e6433bc0c64ee65;6a7a4fcfa3e5992c5a5cc2c7;6a3feaaa0cc7ebc213990b62;170.13;0;;;dasppr20;true;;;
6a400539feda14ca239e83a2;6a3e7a752e6433bc0c64ee65;6a7a4fcfa3e5992c5a5cc2c7;6a3feaaa0cc7ebc213990b63;187.14;0;;;dasppr22;true;;;
6a400539feda14ca239e83a3;6a3e7a752e6433bc0c64ee65;6a7a4fcfa3e5992c5a5cc2c7;6a3feaaa0cc7ebc213990b64;204.15;0;;;dasppr24;true;;;
6a400539feda14ca239e83a4;6a3e7a752e6433bc0c64ee65;6a7a4fcfa3e5992c5a5cc2c7;6a3feaaa0cc7ebc213990b65;221.17;0;;;dasppr26;true;;;
6a400539feda14ca239e83a5;6a3e7a752e6433bc0c64ee65;6a7a4fcfa3e5992c5a5cc2c7;6a3feaaa0cc7ebc213990b66;238.18;0;;;dasppr28;true;;;
6a400539feda14ca239e83a6;6a3e7a752e6433bc0c64ee65;6a7a4fcfa3e5992c5a5cc2c7;6a3feaaa0cc7ebc213990b67;255.19;0;;;dasppr30;true;;;
6a400539feda14ca239e83a7;6a3e7a752e6433bc0c64ee65;6a7a4fcfa3e5992c5a5cc2c7;6a3feaaa0cc7ebc213990b68;272.2;0;;;dasppr32;true;;;
6a400539feda14ca239e83a8;6a3e7a752e6433bc0c64ee65;6a7a4fcfa3e5992c5a5cc2c7;6a3feaaa0cc7ebc213990b69;289.22;0;;;dasppr34;true;;;
6a400539feda14ca239e83a9;6a3e7a752e6433bc0c64ee65;6a7a4fcfa3e5992c5a5cc2c7;6a3feaaa0cc7ebc213990b6a;306.23;0;;;dasppr36;true;;;
6a400539feda14ca239e83aa;6a3e7a752e6433bc0c64ee65;6a7a4fcfa3e5992c5a5cc2c7;6a3feaaa0cc7ebc213990b6b;323.24;0;;;dasppr38;true;;;
6a400539feda14ca239e83ab;6a3e7a752e6433bc0c64ee65;6a7a4fcfa3e5992c5a5cc2c7;6a3feaaa0cc7ebc213990b6c;340.26;0;;;dasppr40;true;;;
6a400539feda14ca239e83ac;6a3e7a752e6433bc0c64ee65;6a7a4fcfa3e5992c5a5cc2c7;6a3feaaa0cc7ebc213990b6d;357.27;0;;;dasppr42;true;;;
6a400539feda14ca239e83ad;6a3e7a752e6433bc0c64ee65;6a7a4fcfa3e5992c5a5cc2c7;6a3feaaa0cc7ebc213990b6e;374.28;0;;;dasppr44;true;;;
6a400539feda14ca239e83ae;6a3e7a752e6433bc0c64ee65;6a7a4fcfa3e5992c5a5cc2c7;6a3feaaa0cc7ebc213990b6f;391.29;0;;;dasppr46;true;;;
6a400539feda14ca239e83af;6a3e7a752e6433bc0c64ee65;6a7a4fcfa3e5992c5a5cc2c7;6a3feaaa0cc7ebc213990b70;408.31;0;;;dasppr48;true;;;
6a400539feda14ca239e83b0;6a3e7a752e6433bc0c64ee65;6a7a4fcfa3e5992c5a5cc2c7;6a3feaaa0cc7ebc213990b5d;34.03;0;;;dasppr04;true;;;
6a400539feda14ca239e83b1;6a3e7a752e6433bc0c64ee65;6a7a4fcfa3e5992c5a5cc2c7;6a3feaaa0cc7ebc213990b71;425.32;0;;;dasppr50;true;;;
6a400539feda14ca239e83b2;6a3e7a752e6433bc0c64ee65;6a7a4fcfa3e5992c5a5cc2c7;6a3feaaa0cc7ebc213990b5d;51.04;0;;;dasppr06;true;;;
6a400539feda14ca239e83b3;6a3e7a752e6433bc0c64ee65;6a7a4fcfa3e5992c5a5cc2c7;6a3feaaa0cc7ebc213990b5d;68.05;0;;;dasppr08;true;;;
6a400539feda14ca239e83b4;6a3e7a752e6433bc0c64ee65;6a7a4fcfa3e5992c5a5cc2c7;6a3feaacbbf27f5ae7f19344;252.96;0;;;dmpi12;true;;;
6a400539feda14ca239e83b5;6a3e7a752e6433bc0c64ee65;6a7a4fcfa3e5992c5a5cc2c7;6a3feaacbbf27f5ae7f19345;295.12;0;;;dmpi14;true;;;
6a400539feda14ca239e83b6;6a3e7a752e6433bc0c64ee65;6a7a4fcfa3e5992c5a5cc2c7;6a3feaacbbf27f5ae7f19346;337.28;0;;;dmpi16;true;;;
6a400539feda14ca239e83b7;6a3e7a752e6433bc0c64ee65;6a7a4fcfa3e5992c5a5cc2c7;6a3feaacbbf27f5ae7f19347;379.44;0;;;dmpi18;true;;;
6a400539feda14ca239e83b8;6a3e7a752e6433bc0c64ee65;6a7a4fcfa3e5992c5a5cc2c7;6a3feaacbbf27f5ae7f19348;421.6;0;;;dmpi20;true;;;
6a400539feda14ca239e83b9;6a3e7a752e6433bc0c64ee65;6a7a4fcfa3e5992c5a5cc2c7;6a3feaacbbf27f5ae7f19349;463.76;0;;;dmpi22;true;;;
6a400539feda14ca239e83ba;6a3e7a752e6433bc0c64ee65;6a7a4fcfa3e5992c5a5cc2c7;6a3feaacbbf27f5ae7f1934a;505.92;0;;;dmpi24;true;;;
6a400539feda14ca239e83bb;6a3e7a752e6433bc0c64ee65;6a7a4fcfa3e5992c5a5cc2c7;6a3feaacbbf27f5ae7f1934b;548.08;0;;;dmpi26;true;;;
6a400539feda14ca239e83bc;6a3e7a752e6433bc0c64ee65;6a7a4fcfa3e5992c5a5cc2c7;6a3feaacbbf27f5ae7f1934c;590.24;0;;;dmpi28;true;;;
6a400539feda14ca239e83bd;6a3e7a752e6433bc0c64ee65;6a7a4fcfa3e5992c5a5cc2c7;6a3feaacbbf27f5ae7f1934d;632.4;0;;;dmpi30;true;;;
6a400539feda14ca239e83be;6a3e7a752e6433bc0c64ee65;6a7a4fcfa3e5992c5a5cc2c7;6a3feaacbbf27f5ae7f1934e;674.56;0;;;dmpi32;true;;;
6a400539feda14ca239e83bf;6a3e7a752e6433bc0c64ee65;6a7a4fcfa3e5992c5a5cc2c7;6a3feaacbbf27f5ae7f1934f;716.72;0;;;dmpi34;true;;;
6a400539feda14ca239e83c0;6a3e7a752e6433bc0c64ee65;6a7a4fcfa3e5992c5a5cc2c7;6a3feaacbbf27f5ae7f19350;758.88;0;;;dmpi36;true;;;
6a400539feda14ca239e83c1;6a3e7a752e6433bc0c64ee65;6a7a4fcfa3e5992c5a5cc2c7;6a3feaacbbf27f5ae7f19351;801.04;0;;;dmpi38;true;;;
6a400539feda14ca239e83c2;6a3e7a752e6433bc0c64ee65;6a7a4fcfa3e5992c5a5cc2c7;6a3feaacbbf27f5ae7f19352;843.2;0;;;dmpi40;true;;;
6a400539feda14ca239e83c3;6a3e7a752e6433bc0c64ee65;6a7a4fcfa3e5992c5a5cc2c7;6a3feaacbbf27f5ae7f19353;885.36;0;;;dmpi42;true;;;
6a400539feda14ca239e83c4;6a3e7a752e6433bc0c64ee65;6a7a4fcfa3e5992c5a5cc2c7;6a3feaacbbf27f5ae7f19354;927.52;0;;;dmpi44;true;;;
6a400539feda14ca239e83c5;6a3e7a752e6433bc0c64ee65;6a7a4fcfa3e5992c5a5cc2c7;6a3feaacbbf27f5ae7f19355;969.68;0;;;dmpi46;true;;;
6a400539feda14ca239e83c6;6a3e7a752e6433bc0c64ee65;6a7a4fcfa3e5992c5a5cc2c7;6a3feaacbbf27f5ae7f19356;1011.84;0;;;dmpi48;true;;;
6a400539feda14ca239e83c7;6a3e7a752e6433bc0c64ee65;6a7a4fcfa3e5992c5a5cc2c7;6a3feaacbbf27f5ae7f19357;1054;0;;;dmpi50;true;;;
6a400539feda14ca239e83c8;6a3e7a752e6433bc0c64ee65;6a7a4fcfa3e5992c5a5cc2c7;6a3feaacbbf27f5ae7f192f0;301.32;0;;;dmipi12;true;;;
6a400539feda14ca239e83c9;6a3e7a752e6433bc0c64ee65;6a7a4fcfa3e5992c5a5cc2c7;6a3feaacbbf27f5ae7f192f1;351.54;0;;;dmipi14;true;;;
6a400539feda14ca239e83ca;6a3e7a752e6433bc0c64ee65;6a7a4fcfa3e5992c5a5cc2c7;6a3feaacbbf27f5ae7f192f2;401.76;0;;;dmipi16;true;;;
6a400539feda14ca239e83cb;6a3e7a752e6433bc0c64ee65;6a7a4fcfa3e5992c5a5cc2c7;6a3feaacbbf27f5ae7f192f3;451.98;0;;;dmipi18;true;;;
6a400539feda14ca239e83cc;6a3e7a752e6433bc0c64ee65;6a7a4fcfa3e5992c5a5cc2c7;6a3feaacbbf27f5ae7f192f4;502.2;0;;;dmipi20;true;;;
6a400539feda14ca239e83cd;6a3e7a752e6433bc0c64ee65;6a7a4fcfa3e5992c5a5cc2c7;6a3feaacbbf27f5ae7f192f5;552.42;0;;;dmipi22;true;;;
6a400539feda14ca239e83ce;6a3e7a752e6433bc0c64ee65;6a7a4fcfa3e5992c5a5cc2c7;6a3feaacbbf27f5ae7f192f6;602.64;0;;;dmipi24;true;;;
6a400539feda14ca239e83cf;6a3e7a752e6433bc0c64ee65;6a7a4fcfa3e5992c5a5cc2c7;6a3feaacbbf27f5ae7f192f7;652.86;0;;;dmipi26;true;;;
6a400539feda14ca239e83d0;6a3e7a752e6433bc0c64ee65;6a7a4fcfa3e5992c5a5cc2c7;6a3feaacbbf27f5ae7f192f8;703.08;0;;;dmipi28;true;;;
6a400539feda14ca239e83d1;6a3e7a752e6433bc0c64ee65;6a7a4fcfa3e5992c5a5cc2c7;6a3feaacbbf27f5ae7f192f9;753.3;0;;;dmipi30;true;;;
6a400539feda14ca239e83d2;6a3e7a752e6433bc0c64ee65;6a7a4fcfa3e5992c5a5cc2c7;6a3feaacbbf27f5ae7f19402;243.04;0;;;dsepc14;true;;;
6a400539feda14ca239e83d3;6a3e7a752e6433bc0c64ee65;6a7a4fcfa3e5992c5a5cc2c7;6a3feaacbbf27f5ae7f19442;433.9;0;;;dsepc16;true;;;
6a400539feda14ca239e83d4;6a3e7a752e6433bc0c64ee65;6a7a4fcfa3e5992c5a5cc2c7;6a3feaacbbf27f5ae7f19443;488.14;0;;;dsepc18;true;;;
6a400539feda14ca239e83d5;6a3e7a752e6433bc0c64ee65;6a7a4fcfa3e5992c5a5cc2c7;6a3feaacbbf27f5ae7f19444;542.38;0;;;dsepc20;true;;;
6a400539feda14ca239e83d6;6a3e7a752e6433bc0c64ee65;6a7a4fcfa3e5992c5a5cc2c7;6a3feaacbbf27f5ae7f19445;596.61;0;;;dsepc22;true;;;
6a400539feda14ca239e83d7;6a3e7a752e6433bc0c64ee65;6a7a4fcfa3e5992c5a5cc2c7;6a3feaacbbf27f5ae7f19446;650.85;0;;;dsepc24;true;;;
6a400539feda14ca239e83d8;6a3e7a752e6433bc0c64ee65;6a7a4fcfa3e5992c5a5cc2c7;6a3feaacbbf27f5ae7f19447;705.09;0;;;dsepc26;true;;;
6a400539feda14ca239e83d9;6a3e7a752e6433bc0c64ee65;6a7a4fcfa3e5992c5a5cc2c7;6a3feaacbbf27f5ae7f19448;759.33;0;;;dsepc28;true;;;
6a400539feda14ca239e83da;6a3e7a752e6433bc0c64ee65;6a7a4fcfa3e5992c5a5cc2c7;6a3feaacbbf27f5ae7f19449;813.56;0;;;dsepc30;true;;;
6a400539feda14ca239e83db;6a3e7a752e6433bc0c64ee65;6a7a4fcfa3e5992c5a5cc2c7;6a3feaacbbf27f5ae7f1944a;867.8;0;;;dsepc32;true;;;
6a400539feda14ca239e83dc;6a3e7a752e6433bc0c64ee65;6a7a4fcfa3e5992c5a5cc2c7;6a3feaacbbf27f5ae7f1944b;922.04;0;;;dsepc34;true;;;
6a400539feda14ca239e83dd;6a3e7a752e6433bc0c64ee65;6a7a4fcfa3e5992c5a5cc2c7;6a3feaac4a5d2ebad1e9494b;976.28;0;;;dsepc36;true;;;
6a400539feda14ca239e83de;6a3e7a752e6433bc0c64ee65;6a7a4fcfa3e5992c5a5cc2c7;6a3feaac4a5d2ebad1e9494c;1030.51;0;;;dsepc38;true;;;
6a400539feda14ca239e83df;6a3e7a752e6433bc0c64ee65;6a7a4fcfa3e5992c5a5cc2c7;6a3feaac4a5d2ebad1e9494d;1084.75;0;;;dsepc40;true;;;
6a400539feda14ca239e83e0;6a3e7a752e6433bc0c64ee65;6a7a4fcfa3e5992c5a5cc2c7;6a3feaac4a5d2ebad1e9494e;1138.99;0;;;dsepc42;true;;;
6a400539feda14ca239e83e1;6a3e7a752e6433bc0c64ee65;6a7a4fcfa3e5992c5a5cc2c7;6a3feaac4a5d2ebad1e9494f;1193.23;0;;;dsepc44;true;;;
6a400539feda14ca239e83e2;6a3e7a752e6433bc0c64ee65;6a7a4fcfa3e5992c5a5cc2c7;6a3feaac4a5d2ebad1e94950;1247.46;0;;;dsepc46;true;;;
6a400539feda14ca239e83e3;6a3e7a752e6433bc0c64ee65;6a7a4fcfa3e5992c5a5cc2c7;6a3feaac4a5d2ebad1e94951;1301.7;0;;;dsepc48;true;;;
6a400539feda14ca239e83e4;6a3e7a752e6433bc0c64ee65;6a7a4fcfa3e5992c5a5cc2c7;6a3feaac4a5d2ebad1e94952;1355.94;0;;;dsepc50;true;;;
6a400539feda14ca239e83e5;6a3e7a752e6433bc0c64ee65;6a7a4fcfa3e5992c5a5cc2c7;6a3feaacbbf27f5ae7f19440;372;0;;;dsipc12;true;;;
6a400539feda14ca239e83e6;6a3e7a752e6433bc0c64ee65;6a7a4fcfa3e5992c5a5cc2c7;6a3feaacbbf27f5ae7f19441;434;0;;;dsipc14;true;;;
6a400539feda14ca239e83e7;6a3e7a752e6433bc0c64ee65;6a7a4fcfa3e5992c5a5cc2c7;6a3feaacbbf27f5ae7f19442;496;0;;;dsipc16;true;;;
6a400539feda14ca239e83e8;6a3e7a752e6433bc0c64ee65;6a7a4fcfa3e5992c5a5cc2c7;6a3feaacbbf27f5ae7f19443;558;0;;;dsipc18;true;;;
6a400539feda14ca239e83e9;6a3e7a752e6433bc0c64ee65;6a7a4fcfa3e5992c5a5cc2c7;6a3feaacbbf27f5ae7f19444;620;0;;;dsipc20;true;;;
6a400539feda14ca239e83ea;6a3e7a752e6433bc0c64ee65;6a7a4fcfa3e5992c5a5cc2c7;6a3feaacbbf27f5ae7f19445;682;0;;;dsipc22;true;;;
6a400539feda14ca239e83eb;6a3e7a752e6433bc0c64ee65;6a7a4fcfa3e5992c5a5cc2c7;6a3feaacbbf27f5ae7f19446;744;0;;;dsipc24;true;;;
6a400539feda14ca239e83ec;6a3e7a752e6433bc0c64ee65;6a7a4fcfa3e5992c5a5cc2c7;6a3feaacbbf27f5ae7f19447;806;0;;;dsipc26;true;;;
6a400539feda14ca239e83ed;6a3e7a752e6433bc0c64ee65;6a7a4fcfa3e5992c5a5cc2c7;6a3feaacbbf27f5ae7f19448;868;0;;;dsipc28;true;;;
6a400539feda14ca239e83ee;6a3e7a752e6433bc0c64ee65;6a7a4fcfa3e5992c5a5cc2c7;6a3feaacbbf27f5ae7f19449;930;0;;;dsipc30;true;;;
6a400539feda14ca239e83ef;6a3e7a752e6433bc0c64ee65;6a7a4fcfa3e5992c5a5cc2c7;6a3feaacbbf27f5ae7f19416;186;0;;;dsppc12;true;;;
6a400539feda14ca239e83f0;6a3e7a752e6433bc0c64ee65;6a7a4fcfa3e5992c5a5cc2c7;6a3feaacbbf27f5ae7f19417;217;0;;;dsppc14;true;;;
6a400539feda14ca239e83f1;6a3e7a752e6433bc0c64ee65;6a7a4fcfa3e5992c5a5cc2c7;6a3feaacbbf27f5ae7f19418;248;0;;;dsppc16;true;;;
6a400539feda14ca239e83f2;6a3e7a752e6433bc0c64ee65;6a7a4fcfa3e5992c5a5cc2c7;6a3feaacbbf27f5ae7f19419;279;0;;;dsppc18;true;;;
6a400539feda14ca239e83f3;6a3e7a752e6433bc0c64ee65;6a7a4fcfa3e5992c5a5cc2c7;6a3feaacbbf27f5ae7f1941a;310;0;;;dsppc20;true;;;
6a400539feda14ca239e83f4;6a3e7a752e6433bc0c64ee65;6a7a4fcfa3e5992c5a5cc2c7;6a3feaacbbf27f5ae7f1941b;341;0;;;dsppc22;true;;;
6a400539feda14ca239e83f5;6a3e7a752e6433bc0c64ee65;6a7a4fcfa3e5992c5a5cc2c7;6a3feaacbbf27f5ae7f1941c;372;0;;;dsppc24;true;;;
6a400539feda14ca239e83f6;6a3e7a752e6433bc0c64ee65;6a7a4fcfa3e5992c5a5cc2c7;6a3feaacbbf27f5ae7f1941d;403;0;;;dsppc26;true;;;
6a400539feda14ca239e83f7;6a3e7a752e6433bc0c64ee65;6a7a4fcfa3e5992c5a5cc2c7;6a3feaacbbf27f5ae7f1941e;434;0;;;dsppc28;true;;;
6a400539feda14ca239e83f8;6a3e7a752e6433bc0c64ee65;6a7a4fcfa3e5992c5a5cc2c7;6a3feaacbbf27f5ae7f1941f;465;0;;;dsppc30;true;;;
6a400539feda14ca239e83f9;6a3e7a752e6433bc0c64ee65;6a7a4fcfa3e5992c5a5cc2c7;6a3feaacbbf27f5ae7f19420;496;0;;;dsppc32;true;;;
6a400539feda14ca239e83fa;6a3e7a752e6433bc0c64ee65;6a7a4fcfa3e5992c5a5cc2c7;6a3feaacbbf27f5ae7f19421;527;0;;;dsppc34;true;;;
6a400539feda14ca239e83fb;6a3e7a752e6433bc0c64ee65;6a7a4fcfa3e5992c5a5cc2c7;6a3feaacbbf27f5ae7f19422;558;0;;;dsppc36;true;;;
6a400539feda14ca239e83fc;6a3e7a752e6433bc0c64ee65;6a7a4fcfa3e5992c5a5cc2c7;6a3feaacbbf27f5ae7f19423;589;0;;;dsppc38;true;;;
6a400539feda14ca239e83fd;6a3e7a752e6433bc0c64ee65;6a7a4fcfa3e5992c5a5cc2c7;6a3feaacbbf27f5ae7f19424;620;0;;;dsppc40;true;;;
6a400539feda14ca239e83fe;6a3e7a752e6433bc0c64ee65;6a7a4fcfa3e5992c5a5cc2c7;6a3feaacbbf27f5ae7f19425;651;0;;;dsppc42;true;;;
6a400539feda14ca239e83ff;6a3e7a752e6433bc0c64ee65;6a7a4fcfa3e5992c5a5cc2c7;6a3feaacbbf27f5ae7f19426;682;0;;;dsppc44;true;;;
6a400539feda14ca239e8400;6a3e7a752e6433bc0c64ee65;6a7a4fcfa3e5992c5a5cc2c7;6a3feaacbbf27f5ae7f19427;713;0;;;dsppc46;true;;;
6a400539feda14ca239e8401;6a3e7a752e6433bc0c64ee65;6a7a4fcfa3e5992c5a5cc2c7;6a3feaacbbf27f5ae7f19428;684.48;0;;;dsppc48;true;;;
6a400539feda14ca239e8402;6a3e7a752e6433bc0c64ee65;6a7a4fcfa3e5992c5a5cc2c7;6a3feaacbbf27f5ae7f19429;713;0;;;dsppc50;true;;;
6a400d22b32dac79d24c3151;6a3e7a752e6433bc0c64ee65;6a7a4fcfa3e5992c5a5cc2c7;6a3feaaa0cc7ebc213990b33;158.7;0;;planetavendas;;true;;;
6a400d22b32dac79d24c3152;6a3e7a752e6433bc0c64ee65;6a7a4fcfa3e5992c5a5cc2c7;6a3feaaa0cc7ebc213990b34;190.44;0;;planetavendas;;true;;;
6a400d22b32dac79d24c3153;6a3e7a752e6433bc0c64ee65;6a7a4fcfa3e5992c5a5cc2c7;6a3feaaa0cc7ebc213990b35;222.18;0;;planetavendas;;true;;;
6a400d22b32dac79d24c3154;6a3e7a752e6433bc0c64ee65;6a7a4fcfa3e5992c5a5cc2c7;6a3feaaa0cc7ebc213990b36;253.92;0;;planetavendas;;true;;;
6a400d22b32dac79d24c3155;6a3e7a752e6433bc0c64ee65;6a7a4fcfa3e5992c5a5cc2c7;6a3feaaa0cc7ebc213990b37;285.66;0;;planetavendas;;true;;;
6a400d22b32dac79d24c3156;6a3e7a752e6433bc0c64ee65;6a7a4fcfa3e5992c5a5cc2c7;6a3feaaa0cc7ebc213990b38;317.4;0;;planetavendas;;true;;;
6a400d22b32dac79d24c3157;6a3e7a752e6433bc0c64ee65;6a7a4fcfa3e5992c5a5cc2c7;6a3feaaa0cc7ebc213990b39;349.14;0;;planetavendas;;true;;;
6a400d22b32dac79d24c3158;6a3e7a752e6433bc0c64ee65;6a7a4fcfa3e5992c5a5cc2c7;6a3feaaa0cc7ebc213990b3a;380.88;0;;planetavendas;;true;;;
6a400d22b32dac79d24c3159;6a3e7a752e6433bc0c64ee65;6a7a4fcfa3e5992c5a5cc2c7;6a3feaaa0cc7ebc213990b3b;412.62;0;;planetavendas;;true;;;
6a400d22b32dac79d24c315a;6a3e7a752e6433bc0c64ee65;6a7a4fcfa3e5992c5a5cc2c7;6a3feaaa0cc7ebc213990b3c;444.36;0;;planetavendas;;true;;;
6a400d22b32dac79d24c315b;6a3e7a752e6433bc0c64ee65;6a7a4fcfa3e5992c5a5cc2c7;6a3feaaa0cc7ebc213990b3d;476.1;0;;planetavendas;;true;;;
6a400d22b32dac79d24c315c;6a3e7a752e6433bc0c64ee65;6a7a4fcfa3e5992c5a5cc2c7;6a3feaaa0cc7ebc213990b3e;507.84;0;;planetavendas;;true;;;
6a400d22b32dac79d24c315d;6a3e7a752e6433bc0c64ee65;6a7a4fcfa3e5992c5a5cc2c7;6a3feaaa0cc7ebc213990b3f;539.58;0;;planetavendas;;true;;;
6a400d22b32dac79d24c315e;6a3e7a752e6433bc0c64ee65;6a7a4fcfa3e5992c5a5cc2c7;6a3feaaa0cc7ebc213990b40;571.32;0;;planetavendas;;true;;;
6a400d22b32dac79d24c315f;6a3e7a752e6433bc0c64ee65;6a7a4fcfa3e5992c5a5cc2c7;6a3feaaa0cc7ebc213990b41;603.06;0;;planetavendas;;true;;;
6a400d22b32dac79d24c3160;6a3e7a752e6433bc0c64ee65;6a7a4fcfa3e5992c5a5cc2c7;6a3feaaa0cc7ebc213990b42;634.8;0;;planetavendas;;true;;;
6a400d22b32dac79d24c3161;6a3e7a752e6433bc0c64ee65;6a7a4fcfa3e5992c5a5cc2c7;6a3feaaa0cc7ebc213990b43;666.54;0;;planetavendas;;true;;;
6a400d22b32dac79d24c3162;6a3e7a752e6433bc0c64ee65;6a7a4fcfa3e5992c5a5cc2c7;6a3feaaa0cc7ebc213990b44;698.28;0;;planetavendas;;true;;;
6a400d22b32dac79d24c3163;6a3e7a752e6433bc0c64ee65;6a7a4fcfa3e5992c5a5cc2c7;6a3feaaa0cc7ebc213990b45;730.02;0;;planetavendas;;true;;;
6a400d22b32dac79d24c3164;6a3e7a752e6433bc0c64ee65;6a7a4fcfa3e5992c5a5cc2c7;6a3feaaa0cc7ebc213990b46;761.76;0;;planetavendas;;true;;;
6a400d22b32dac79d24c3165;6a3e7a752e6433bc0c64ee65;6a7a4fcfa3e5992c5a5cc2c7;6a3feaaa0cc7ebc213990b47;793.5;0;;planetavendas;;true;;;
6a400ee3dfe8a1f4b87eabd9;6a3e7a752e6433bc0c64ee65;6a7a4fcfa3e5992c5a5cc2c7;6a3feaacbbf27f5ae7f1936d;85.5;0;;planetavendas;;true;;;
6a400ee3dfe8a1f4b87eabda;6a3e7a752e6433bc0c64ee65;6a7a4fcfa3e5992c5a5cc2c7;6a3feaacbbf27f5ae7f1936e;102.6;0;;planetavendas;;true;;;
6a400ee3dfe8a1f4b87eabdb;6a3e7a752e6433bc0c64ee65;6a7a4fcfa3e5992c5a5cc2c7;6a3feaacbbf27f5ae7f1936f;119.7;0;;planetavendas;;true;;;
6a400ee3dfe8a1f4b87eabdc;6a3e7a752e6433bc0c64ee65;6a7a4fcfa3e5992c5a5cc2c7;6a3feaacbbf27f5ae7f19370;136.8;0;;planetavendas;;true;;;
6a400ee3dfe8a1f4b87eabdd;6a3e7a752e6433bc0c64ee65;6a7a4fcfa3e5992c5a5cc2c7;6a3feaacbbf27f5ae7f19371;153.9;0;;planetavendas;;true;;;
6a400ee3dfe8a1f4b87eabde;6a3e7a752e6433bc0c64ee65;6a7a4fcfa3e5992c5a5cc2c7;6a3feaacbbf27f5ae7f19372;171;0;;planetavendas;;true;;;
6a400ee3dfe8a1f4b87eabdf;6a3e7a752e6433bc0c64ee65;6a7a4fcfa3e5992c5a5cc2c7;6a3feaacbbf27f5ae7f19373;188.1;0;;planetavendas;;true;;;
6a400ee3dfe8a1f4b87eabe0;6a3e7a752e6433bc0c64ee65;6a7a4fcfa3e5992c5a5cc2c7;6a3feaacbbf27f5ae7f19374;205.2;0;;planetavendas;;true;;;
6a400ee3dfe8a1f4b87eabe1;6a3e7a752e6433bc0c64ee65;6a7a4fcfa3e5992c5a5cc2c7;6a3feaacbbf27f5ae7f19375;222.3;0;;planetavendas;;true;;;
6a400ee3dfe8a1f4b87eabe2;6a3e7a752e6433bc0c64ee65;6a7a4fcfa3e5992c5a5cc2c7;6a3feaacbbf27f5ae7f19376;239.4;0;;planetavendas;;true;;;
6a400f98431fdb2be8e2aff8;6a3e7a752e6433bc0c64ee65;6a7a4fcfa3e5992c5a5cc2c7;6a3feaacbbf27f5ae7f192b0;269;0;;planetavendas;;true;;;
6a400f98431fdb2be8e2aff9;6a3e7a752e6433bc0c64ee65;6a7a4fcfa3e5992c5a5cc2c7;6a3feaacbbf27f5ae7f192b1;322.8;0;;planetavendas;;true;;;
6a400f98431fdb2be8e2affa;6a3e7a752e6433bc0c64ee65;6a7a4fcfa3e5992c5a5cc2c7;6a3feaacbbf27f5ae7f192b2;376.6;0;;planetavendas;;true;;;
6a400f98431fdb2be8e2affb;6a3e7a752e6433bc0c64ee65;6a7a4fcfa3e5992c5a5cc2c7;6a3feaacbbf27f5ae7f192b3;430.4;0;;planetavendas;;true;;;
6a400f98431fdb2be8e2affc;6a3e7a752e6433bc0c64ee65;6a7a4fcfa3e5992c5a5cc2c7;6a3feaacbbf27f5ae7f192b4;484.2;0;;planetavendas;;true;;;
6a400f98431fdb2be8e2affd;6a3e7a752e6433bc0c64ee65;6a7a4fcfa3e5992c5a5cc2c7;6a3feaacbbf27f5ae7f192b5;538;0;;planetavendas;;true;;;
6a400f98431fdb2be8e2affe;6a3e7a752e6433bc0c64ee65;6a7a4fcfa3e5992c5a5cc2c7;6a3feaacbbf27f5ae7f192b6;591.8;0;;planetavendas;;true;;;
6a400f98431fdb2be8e2afff;6a3e7a752e6433bc0c64ee65;6a7a4fcfa3e5992c5a5cc2c7;6a3feaacbbf27f5ae7f192b7;645.6;0;;planetavendas;;true;;;
6a400f98431fdb2be8e2b000;6a3e7a752e6433bc0c64ee65;6a7a4fcfa3e5992c5a5cc2c7;6a3feaacbbf27f5ae7f192b8;699.4;0;;planetavendas;;true;;;
6a400f98431fdb2be8e2b001;6a3e7a752e6433bc0c64ee65;6a7a4fcfa3e5992c5a5cc2c7;6a3feaacbbf27f5ae7f192b9;753.2;0;;planetavendas;;true;;;
6a400f98431fdb2be8e2b002;6a3e7a752e6433bc0c64ee65;6a7a4fcfa3e5992c5a5cc2c7;6a3feaacbbf27f5ae7f192ba;807;0;;planetavendas;;true;;;
6a400f98431fdb2be8e2b003;6a3e7a752e6433bc0c64ee65;6a7a4fcfa3e5992c5a5cc2c7;6a3feaacbbf27f5ae7f192bb;860.8;0;;planetavendas;;true;;;
6a400f98431fdb2be8e2b004;6a3e7a752e6433bc0c64ee65;6a7a4fcfa3e5992c5a5cc2c7;6a3feaacbbf27f5ae7f192bc;914.6;0;;planetavendas;;true;;;
6a400f98431fdb2be8e2b005;6a3e7a752e6433bc0c64ee65;6a7a4fcfa3e5992c5a5cc2c7;6a3feaacbbf27f5ae7f192bd;968.4;0;;planetavendas;;true;;;
6a400f98431fdb2be8e2b006;6a3e7a752e6433bc0c64ee65;6a7a4fcfa3e5992c5a5cc2c7;6a3feaacbbf27f5ae7f192be;1022.2;0;;planetavendas;;true;;;
6a400f98431fdb2be8e2b007;6a3e7a752e6433bc0c64ee65;6a7a4fcfa3e5992c5a5cc2c7;6a3feaacbbf27f5ae7f192bf;1076;0;;planetavendas;;true;;;
6a400f98431fdb2be8e2b008;6a3e7a752e6433bc0c64ee65;6a7a4fcfa3e5992c5a5cc2c7;6a3feaacbbf27f5ae7f192c0;1129.8;0;;planetavendas;;true;;;
6a400f98431fdb2be8e2b009;6a3e7a752e6433bc0c64ee65;6a7a4fcfa3e5992c5a5cc2c7;6a3feaacbbf27f5ae7f192c1;1183.6;0;;planetavendas;;true;;;
6a400f98431fdb2be8e2b00a;6a3e7a752e6433bc0c64ee65;6a7a4fcfa3e5992c5a5cc2c7;6a3feaacbbf27f5ae7f192c2;1237.4;0;;planetavendas;;true;;;
6a400f98431fdb2be8e2b00b;6a3e7a752e6433bc0c64ee65;6a7a4fcfa3e5992c5a5cc2c7;6a3feaacbbf27f5ae7f192c3;1291.2;0;;planetavendas;;true;;;
6a400f98431fdb2be8e2b00c;6a3e7a752e6433bc0c64ee65;6a7a4fcfa3e5992c5a5cc2c7;6a3feaacbbf27f5ae7f192c4;1345;0;;planetavendas;;true;;;
6a40125c716f412b4c673944;6a3e7a752e6433bc0c64ee65;6a7a4fcfa3e5992c5a5cc2c7;6a3feaaa0cc7ebc213990ab5;142.6;0;;planetavendas;;true;;;
6a40125c716f412b4c673945;6a3e7a752e6433bc0c64ee65;6a7a4fcfa3e5992c5a5cc2c7;6a3feaaa0cc7ebc213990ab6;171.12;0;;planetavendas;;true;;;
6a40125c716f412b4c673946;6a3e7a752e6433bc0c64ee65;6a7a4fcfa3e5992c5a5cc2c7;6a3feaaa0cc7ebc213990ab7;199.64;0;;planetavendas;;true;;;
6a40125c716f412b4c673947;6a3e7a752e6433bc0c64ee65;6a7a4fcfa3e5992c5a5cc2c7;6a3feaaa0cc7ebc213990ab8;228.16;0;;planetavendas;;true;;;
6a40125c716f412b4c673948;6a3e7a752e6433bc0c64ee65;6a7a4fcfa3e5992c5a5cc2c7;6a3feaaa0cc7ebc213990ab9;256.68;0;;planetavendas;;true;;;
6a40125c716f412b4c673949;6a3e7a752e6433bc0c64ee65;6a7a4fcfa3e5992c5a5cc2c7;6a3feaaa0cc7ebc213990aba;285.2;0;;planetavendas;;true;;;
6a40125c716f412b4c67394a;6a3e7a752e6433bc0c64ee65;6a7a4fcfa3e5992c5a5cc2c7;6a3feaaa0cc7ebc213990abb;313.72;0;;planetavendas;;true;;;
6a40125c716f412b4c67394b;6a3e7a752e6433bc0c64ee65;6a7a4fcfa3e5992c5a5cc2c7;6a3feaaa0cc7ebc213990abc;342.24;0;;planetavendas;;true;;;
6a40125c716f412b4c67394c;6a3e7a752e6433bc0c64ee65;6a7a4fcfa3e5992c5a5cc2c7;6a3feaaa0cc7ebc213990abd;370.76;0;;planetavendas;;true;;;
6a40125c716f412b4c67394d;6a3e7a752e6433bc0c64ee65;6a7a4fcfa3e5992c5a5cc2c7;6a3feaaa0cc7ebc213990abe;399.28;0;;planetavendas;;true;;;
6a40125c716f412b4c67394e;6a3e7a752e6433bc0c64ee65;6a7a4fcfa3e5992c5a5cc2c7;6a3feaaa0cc7ebc213990abf;427.8;0;;planetavendas;;true;;;
6a40125c716f412b4c67394f;6a3e7a752e6433bc0c64ee65;6a7a4fcfa3e5992c5a5cc2c7;6a3feaaa0cc7ebc213990ac0;456.32;0;;planetavendas;;true;;;
6a40125c716f412b4c673950;6a3e7a752e6433bc0c64ee65;6a7a4fcfa3e5992c5a5cc2c7;6a3feaaa0cc7ebc213990ac1;484.84;0;;planetavendas;;true;;;
6a40125c716f412b4c673951;6a3e7a752e6433bc0c64ee65;6a7a4fcfa3e5992c5a5cc2c7;6a3feaaa0cc7ebc213990ac2;513.36;0;;planetavendas;;true;;;
6a40125c716f412b4c673952;6a3e7a752e6433bc0c64ee65;6a7a4fcfa3e5992c5a5cc2c7;6a3feaaa0cc7ebc213990ac3;541.88;0;;planetavendas;;true;;;
6a40125c716f412b4c673953;6a3e7a752e6433bc0c64ee65;6a7a4fcfa3e5992c5a5cc2c7;6a3feaaa0cc7ebc213990ac4;570.4;0;;planetavendas;;true;;;
6a40125c716f412b4c673954;6a3e7a752e6433bc0c64ee65;6a7a4fcfa3e5992c5a5cc2c7;6a3feaaa0cc7ebc213990ac5;598.92;0;;planetavendas;;true;;;
6a40125c716f412b4c673955;6a3e7a752e6433bc0c64ee65;6a7a4fcfa3e5992c5a5cc2c7;6a3feaaa0cc7ebc213990ac6;627.44;0;;planetavendas;;true;;;
6a40125c716f412b4c673956;6a3e7a752e6433bc0c64ee65;6a7a4fcfa3e5992c5a5cc2c7;6a3feaaa0cc7ebc213990ac7;655.96;0;;planetavendas;;true;;;
6a40125c716f412b4c673957;6a3e7a752e6433bc0c64ee65;6a7a4fcfa3e5992c5a5cc2c7;6a3feaaa0cc7ebc213990ac8;684.48;0;;planetavendas;;true;;;
6a40125c716f412b4c673958;6a3e7a752e6433bc0c64ee65;6a7a4fcfa3e5992c5a5cc2c7;6a3feaaa0cc7ebc213990ac9;713;0;;planetavendas;;true;;;
6a401530b7a18df166a7c626;6a3e7a752e6433bc0c64ee65;6a7a4fcfa3e5992c5a5cc2c7;6a3f054e70d826031108ed66;82;0;;planetavendas;;true;;;
6a401622b76744508566f655;6a3e7a752e6433bc0c64ee65;6a7a4fcfa3e5992c5a5cc2c7;6a3feaacbbf27f5ae7f19377;256.5;0;;planetavendas;;true;;;
6a401622b76744508566f656;6a3e7a752e6433bc0c64ee65;6a7a4fcfa3e5992c5a5cc2c7;6a3feaacbbf27f5ae7f19378;273.6;0;;planetavendas;;true;;;
6a401b9afd4e053bdb0bfa61;6a3e7a752e6433bc0c64ee65;6a7a4fcfa3e5992c5a5cc2c7;6a3feaaa0cc7ebc213990b09;101.6;0;;Planeta Vendas;;true;;;
6a401b9afd4e053bdb0bfa62;6a3e7a752e6433bc0c64ee65;6a7a4fcfa3e5992c5a5cc2c7;6a3feaaa0cc7ebc213990b0a;121.92;0;;Planeta Vendas;;true;;;
6a401b9afd4e053bdb0bfa63;6a3e7a752e6433bc0c64ee65;6a7a4fcfa3e5992c5a5cc2c7;6a3feaaa0cc7ebc213990b0b;142.24;0;;Planeta Vendas;;true;;;
6a401b9afd4e053bdb0bfa64;6a3e7a752e6433bc0c64ee65;6a7a4fcfa3e5992c5a5cc2c7;6a3feaaa0cc7ebc213990b0c;162.56;0;;Planeta Vendas;;true;;;
6a401b9afd4e053bdb0bfa65;6a3e7a752e6433bc0c64ee65;6a7a4fcfa3e5992c5a5cc2c7;6a3feaaa0cc7ebc213990b0d;182.88;0;;Planeta Vendas;;true;;;
6a401b9afd4e053bdb0bfa66;6a3e7a752e6433bc0c64ee65;6a7a4fcfa3e5992c5a5cc2c7;6a3feaaa0cc7ebc213990b0e;203.2;0;;Planeta Vendas;;true;;;
6a401b9afd4e053bdb0bfa67;6a3e7a752e6433bc0c64ee65;6a7a4fcfa3e5992c5a5cc2c7;6a3feaaa0cc7ebc213990b0f;223.52;0;;Planeta Vendas;;true;;;
6a401b9afd4e053bdb0bfa68;6a3e7a752e6433bc0c64ee65;6a7a4fcfa3e5992c5a5cc2c7;6a3feaaa0cc7ebc213990b10;243.84;0;;Planeta Vendas;;true;;;
6a401b9afd4e053bdb0bfa69;6a3e7a752e6433bc0c64ee65;6a7a4fcfa3e5992c5a5cc2c7;6a3feaaa0cc7ebc213990b11;264.16;0;;Planeta Vendas;;true;;;
6a401b9afd4e053bdb0bfa6a;6a3e7a752e6433bc0c64ee65;6a7a4fcfa3e5992c5a5cc2c7;6a3feaaa0cc7ebc213990b12;284.48;0;;Planeta Vendas;;true;;;
6a401b9afd4e053bdb0bfa6b;6a3e7a752e6433bc0c64ee65;6a7a4fcfa3e5992c5a5cc2c7;6a3feaaa0cc7ebc213990b13;304.8;0;;Planeta Vendas;;true;;;
6a401b9afd4e053bdb0bfa6c;6a3e7a752e6433bc0c64ee65;6a7a4fcfa3e5992c5a5cc2c7;6a3feaaa0cc7ebc213990b14;325.12;0;;Planeta Vendas;;true;;;
6a401b9afd4e053bdb0bfa6d;6a3e7a752e6433bc0c64ee65;6a7a4fcfa3e5992c5a5cc2c7;6a3feaaa0cc7ebc213990b15;345.44;0;;Planeta Vendas;;true;;;
6a401b9afd4e053bdb0bfa6e;6a3e7a752e6433bc0c64ee65;6a7a4fcfa3e5992c5a5cc2c7;6a3feaaa0cc7ebc213990b16;365.76;0;;Planeta Vendas;;true;;;
6a401b9afd4e053bdb0bfa6f;6a3e7a752e6433bc0c64ee65;6a7a4fcfa3e5992c5a5cc2c7;6a3feaaa0cc7ebc213990b17;386.08;0;;Planeta Vendas;;true;;;
6a401b9afd4e053bdb0bfa70;6a3e7a752e6433bc0c64ee65;6a7a4fcfa3e5992c5a5cc2c7;6a3feaaa0cc7ebc213990b18;406.4;0;;Planeta Vendas;;true;;;
6a401b9afd4e053bdb0bfa71;6a3e7a752e6433bc0c64ee65;6a7a4fcfa3e5992c5a5cc2c7;6a3feaaa0cc7ebc213990b19;426.72;0;;Planeta Vendas;;true;;;
6a401b9afd4e053bdb0bfa72;6a3e7a752e6433bc0c64ee65;6a7a4fcfa3e5992c5a5cc2c7;6a3feaaa0cc7ebc213990b1a;447.04;0;;Planeta Vendas;;true;;;
6a401b9afd4e053bdb0bfa73;6a3e7a752e6433bc0c64ee65;6a7a4fcfa3e5992c5a5cc2c7;6a3feaaa0cc7ebc213990b1b;467.36;0;;Planeta Vendas;;true;;;
6a401b9afd4e053bdb0bfa74;6a3e7a752e6433bc0c64ee65;6a7a4fcfa3e5992c5a5cc2c7;6a3feaaa0cc7ebc213990b1c;487.68;0;;Planeta Vendas;;true;;;
6a401b9afd4e053bdb0bfa75;6a3e7a752e6433bc0c64ee65;6a7a4fcfa3e5992c5a5cc2c7;6a3feaaa0cc7ebc213990b1d;508;0;;Planeta Vendas;;true;;;
6a401c5ce9203c0e3d443f61;6a3e7a752e6433bc0c64ee65;6a7a4fcfa3e5992c5a5cc2c7;6a3feaaa0cc7ebc213990a8b;106.6;0;;Planeta Vendas;;true;;;
6a401c5ce9203c0e3d443f62;6a3e7a752e6433bc0c64ee65;6a7a4fcfa3e5992c5a5cc2c7;6a3feaaa0cc7ebc213990a8c;127.92;0;;Planeta Vendas;;true;;;
6a401c5ce9203c0e3d443f63;6a3e7a752e6433bc0c64ee65;6a7a4fcfa3e5992c5a5cc2c7;6a3feaaa0cc7ebc213990a8d;149.24;0;;Planeta Vendas;;true;;;
6a401c5ce9203c0e3d443f64;6a3e7a752e6433bc0c64ee65;6a7a4fcfa3e5992c5a5cc2c7;6a3feaaa0cc7ebc213990a8e;170.56;0;;Planeta Vendas;;true;;;
6a401c5ce9203c0e3d443f65;6a3e7a752e6433bc0c64ee65;6a7a4fcfa3e5992c5a5cc2c7;6a3feaaa0cc7ebc213990a8f;191.88;0;;Planeta Vendas;;true;;;
6a401c5ce9203c0e3d443f66;6a3e7a752e6433bc0c64ee65;6a7a4fcfa3e5992c5a5cc2c7;6a3feaaa0cc7ebc213990a90;213.2;0;;Planeta Vendas;;true;;;
6a401c5ce9203c0e3d443f67;6a3e7a752e6433bc0c64ee65;6a7a4fcfa3e5992c5a5cc2c7;6a3feaaa0cc7ebc213990a91;234.52;0;;Planeta Vendas;;true;;;
6a401c5ce9203c0e3d443f68;6a3e7a752e6433bc0c64ee65;6a7a4fcfa3e5992c5a5cc2c7;6a3feaaa0cc7ebc213990a92;255.84;0;;Planeta Vendas;;true;;;
6a401c5ce9203c0e3d443f69;6a3e7a752e6433bc0c64ee65;6a7a4fcfa3e5992c5a5cc2c7;6a3feaaa0cc7ebc213990a93;277.16;0;;Planeta Vendas;;true;;;
6a401c5ce9203c0e3d443f6a;6a3e7a752e6433bc0c64ee65;6a7a4fcfa3e5992c5a5cc2c7;6a3feaaa0cc7ebc213990a94;298.48;0;;Planeta Vendas;;true;;;
6a401c5ce9203c0e3d443f6b;6a3e7a752e6433bc0c64ee65;6a7a4fcfa3e5992c5a5cc2c7;6a3feaaa0cc7ebc213990a95;319.8;0;;Planeta Vendas;;true;;;
6a401c5ce9203c0e3d443f6c;6a3e7a752e6433bc0c64ee65;6a7a4fcfa3e5992c5a5cc2c7;6a3feaaa0cc7ebc213990a96;341.12;0;;Planeta Vendas;;true;;;
6a401c5ce9203c0e3d443f6d;6a3e7a752e6433bc0c64ee65;6a7a4fcfa3e5992c5a5cc2c7;6a3feaaa0cc7ebc213990a97;362.44;0;;Planeta Vendas;;true;;;
6a401c5ce9203c0e3d443f6e;6a3e7a752e6433bc0c64ee65;6a7a4fcfa3e5992c5a5cc2c7;6a3feaaa0cc7ebc213990a98;383.76;0;;Planeta Vendas;;true;;;
6a401c5ce9203c0e3d443f6f;6a3e7a752e6433bc0c64ee65;6a7a4fcfa3e5992c5a5cc2c7;6a3feaaa0cc7ebc213990a99;405.08;0;;Planeta Vendas;;true;;;
6a401c5ce9203c0e3d443f70;6a3e7a752e6433bc0c64ee65;6a7a4fcfa3e5992c5a5cc2c7;6a3feaaa0cc7ebc213990a9a;426.4;0;;Planeta Vendas;;true;;;
6a401c5ce9203c0e3d443f71;6a3e7a752e6433bc0c64ee65;6a7a4fcfa3e5992c5a5cc2c7;6a3feaaa0cc7ebc213990a9b;447.72;0;;Planeta Vendas;;true;;;
6a401c5ce9203c0e3d443f72;6a3e7a752e6433bc0c64ee65;6a7a4fcfa3e5992c5a5cc2c7;6a3feaaa0cc7ebc213990a9c;469.04;0;;Planeta Vendas;;true;;;
6a401c5ce9203c0e3d443f73;6a3e7a752e6433bc0c64ee65;6a7a4fcfa3e5992c5a5cc2c7;6a3feaaa0cc7ebc213990a9d;490.36;0;;Planeta Vendas;;true;;;
6a401c5ce9203c0e3d443f74;6a3e7a752e6433bc0c64ee65;6a7a4fcfa3e5992c5a5cc2c7;6a3feaaa0cc7ebc213990a9e;511.68;0;;Planeta Vendas;;true;;;
6a401c5ce9203c0e3d443f75;6a3e7a752e6433bc0c64ee65;6a7a4fcfa3e5992c5a5cc2c7;6a3feaaa0cc7ebc213990a9f;533;0;;Planeta Vendas;;true;;;
6a401c8f07454b9579a2c7fe;6a3e7a752e6433bc0c64ee65;6a7a4fcfa3e5992c5a5cc2c7;6a3feaaa0cc7ebc213990a61;106.6;0;;Planeta Vendas;;true;;;
6a401c8f07454b9579a2c7ff;6a3e7a752e6433bc0c64ee65;6a7a4fcfa3e5992c5a5cc2c7;6a3feaaa0cc7ebc213990a62;127.92;0;;Planeta Vendas;;true;;;
6a401c8f07454b9579a2c800;6a3e7a752e6433bc0c64ee65;6a7a4fcfa3e5992c5a5cc2c7;6a3feaaa0cc7ebc213990a63;149.24;0;;Planeta Vendas;;true;;;
6a401c8f07454b9579a2c801;6a3e7a752e6433bc0c64ee65;6a7a4fcfa3e5992c5a5cc2c7;6a3feaaa0cc7ebc213990a64;170.56;0;;Planeta Vendas;;true;;;
6a401c8f07454b9579a2c802;6a3e7a752e6433bc0c64ee65;6a7a4fcfa3e5992c5a5cc2c7;6a3feaaa0cc7ebc213990a65;191.88;0;;Planeta Vendas;;true;;;
6a401c8f07454b9579a2c803;6a3e7a752e6433bc0c64ee65;6a7a4fcfa3e5992c5a5cc2c7;6a3feaaa0cc7ebc213990a66;213.2;0;;Planeta Vendas;;true;;;
6a401c8f07454b9579a2c804;6a3e7a752e6433bc0c64ee65;6a7a4fcfa3e5992c5a5cc2c7;6a3feaaa0cc7ebc213990a67;234.52;0;;Planeta Vendas;;true;;;
6a401c8f07454b9579a2c805;6a3e7a752e6433bc0c64ee65;6a7a4fcfa3e5992c5a5cc2c7;6a3feaaa0cc7ebc213990a68;255.84;0;;Planeta Vendas;;true;;;
6a401c8f07454b9579a2c806;6a3e7a752e6433bc0c64ee65;6a7a4fcfa3e5992c5a5cc2c7;6a3feaaa0cc7ebc213990a69;277.16;0;;Planeta Vendas;;true;;;
6a401c8f07454b9579a2c807;6a3e7a752e6433bc0c64ee65;6a7a4fcfa3e5992c5a5cc2c7;6a3feaaa0cc7ebc213990a6a;298.48;0;;Planeta Vendas;;true;;;
6a401c8f07454b9579a2c808;6a3e7a752e6433bc0c64ee65;6a7a4fcfa3e5992c5a5cc2c7;6a3feaaa0cc7ebc213990a6b;319.8;0;;Planeta Vendas;;true;;;
6a401c8f07454b9579a2c809;6a3e7a752e6433bc0c64ee65;6a7a4fcfa3e5992c5a5cc2c7;6a3feaaa0cc7ebc213990a6c;341.12;0;;Planeta Vendas;;true;;;
6a401c8f07454b9579a2c80a;6a3e7a752e6433bc0c64ee65;6a7a4fcfa3e5992c5a5cc2c7;6a3feaaa0cc7ebc213990a6d;362.44;0;;Planeta Vendas;;true;;;
6a401c8f07454b9579a2c80b;6a3e7a752e6433bc0c64ee65;6a7a4fcfa3e5992c5a5cc2c7;6a3feaaa0cc7ebc213990a6e;383.76;0;;Planeta Vendas;;true;;;
6a401c8f07454b9579a2c80c;6a3e7a752e6433bc0c64ee65;6a7a4fcfa3e5992c5a5cc2c7;6a3feaaa0cc7ebc213990a6f;405.08;0;;Planeta Vendas;;true;;;
6a401c8f07454b9579a2c80d;6a3e7a752e6433bc0c64ee65;6a7a4fcfa3e5992c5a5cc2c7;6a3feaaa0cc7ebc213990a70;426.4;0;;Planeta Vendas;;true;;;
6a401c8f07454b9579a2c80e;6a3e7a752e6433bc0c64ee65;6a7a4fcfa3e5992c5a5cc2c7;6a3feaaa0cc7ebc213990a71;447.72;0;;Planeta Vendas;;true;;;
6a401c8f07454b9579a2c80f;6a3e7a752e6433bc0c64ee65;6a7a4fcfa3e5992c5a5cc2c7;6a3feaaa0cc7ebc213990a72;469.04;0;;Planeta Vendas;;true;;;
6a401c8f07454b9579a2c810;6a3e7a752e6433bc0c64ee65;6a7a4fcfa3e5992c5a5cc2c7;6a3feaaa0cc7ebc213990a73;490.36;0;;Planeta Vendas;;true;;;
6a401c8f07454b9579a2c811;6a3e7a752e6433bc0c64ee65;6a7a4fcfa3e5992c5a5cc2c7;6a3feaaa0cc7ebc213990a74;511.68;0;;Planeta Vendas;;true;;;
6a401c8f07454b9579a2c812;6a3e7a752e6433bc0c64ee65;6a7a4fcfa3e5992c5a5cc2c7;6a3feaaa0cc7ebc213990a75;533;0;;Planeta Vendas;;true;;;
6a4021d7d8291dba622ca69d;6a3e7a752e6433bc0c64ee65;6a7a4fcfa3e5992c5a5cc2c7;6a3feaaa0cc7ebc213990b1e;105.4;0;;Planeta Vendas;;true;;;
6a4021d7d8291dba622ca69e;6a3e7a752e6433bc0c64ee65;6a7a4fcfa3e5992c5a5cc2c7;6a3feaaa0cc7ebc213990b1f;126.48;0;;Planeta Vendas;;true;;;
6a4021d7d8291dba622ca69f;6a3e7a752e6433bc0c64ee65;6a7a4fcfa3e5992c5a5cc2c7;6a3feaaa0cc7ebc213990b20;147.56;0;;Planeta Vendas;;true;;;
6a4021d7d8291dba622ca6a0;6a3e7a752e6433bc0c64ee65;6a7a4fcfa3e5992c5a5cc2c7;6a3feaaa0cc7ebc213990b21;168.64;0;;Planeta Vendas;;true;;;
6a4021d7d8291dba622ca6a1;6a3e7a752e6433bc0c64ee65;6a7a4fcfa3e5992c5a5cc2c7;6a3feaaa0cc7ebc213990b22;189.72;0;;Planeta Vendas;;true;;;
6a4021d7d8291dba622ca6a2;6a3e7a752e6433bc0c64ee65;6a7a4fcfa3e5992c5a5cc2c7;6a3feaaa0cc7ebc213990b23;210.8;0;;Planeta Vendas;;true;;;
6a4021d7d8291dba622ca6a3;6a3e7a752e6433bc0c64ee65;6a7a4fcfa3e5992c5a5cc2c7;6a3feaaa0cc7ebc213990b24;231.88;0;;Planeta Vendas;;true;;;
6a4021d7d8291dba622ca6a4;6a3e7a752e6433bc0c64ee65;6a7a4fcfa3e5992c5a5cc2c7;6a3feaaa0cc7ebc213990b25;252.96;0;;Planeta Vendas;;true;;;
6a4021d7d8291dba622ca6a5;6a3e7a752e6433bc0c64ee65;6a7a4fcfa3e5992c5a5cc2c7;6a3feaaa0cc7ebc213990b26;274.04;0;;Planeta Vendas;;true;;;
6a4021d7d8291dba622ca6a6;6a3e7a752e6433bc0c64ee65;6a7a4fcfa3e5992c5a5cc2c7;6a3feaaa0cc7ebc213990b27;295.12;0;;Planeta Vendas;;true;;;
6a4021d7d8291dba622ca6a7;6a3e7a752e6433bc0c64ee65;6a7a4fcfa3e5992c5a5cc2c7;6a3feaaa0cc7ebc213990b28;316.2;0;;Planeta Vendas;;true;;;
6a4021d7d8291dba622ca6a8;6a3e7a752e6433bc0c64ee65;6a7a4fcfa3e5992c5a5cc2c7;6a3feaaa0cc7ebc213990b29;337.28;0;;Planeta Vendas;;true;;;
6a4021d7d8291dba622ca6a9;6a3e7a752e6433bc0c64ee65;6a7a4fcfa3e5992c5a5cc2c7;6a3feaaa0cc7ebc213990b2a;358.36;0;;Planeta Vendas;;true;;;
6a4021d7d8291dba622ca6aa;6a3e7a752e6433bc0c64ee65;6a7a4fcfa3e5992c5a5cc2c7;6a3feaaa0cc7ebc213990b2b;379.44;0;;Planeta Vendas;;true;;;
6a4021d7d8291dba622ca6ab;6a3e7a752e6433bc0c64ee65;6a7a4fcfa3e5992c5a5cc2c7;6a3feaaa0cc7ebc213990b2c;400.52;0;;Planeta Vendas;;true;;;
6a4021d7d8291dba622ca6ac;6a3e7a752e6433bc0c64ee65;6a7a4fcfa3e5992c5a5cc2c7;6a3feaaa0cc7ebc213990b2d;421.6;0;;Planeta Vendas;;true;;;
6a4021d7d8291dba622ca6ad;6a3e7a752e6433bc0c64ee65;6a7a4fcfa3e5992c5a5cc2c7;6a3feaaa0cc7ebc213990b2e;442.68;0;;Planeta Vendas;;true;;;
6a4021d7d8291dba622ca6ae;6a3e7a752e6433bc0c64ee65;6a7a4fcfa3e5992c5a5cc2c7;6a3feaaa0cc7ebc213990b2f;463.76;0;;Planeta Vendas;;true;;;
6a4021d7d8291dba622ca6af;6a3e7a752e6433bc0c64ee65;6a7a4fcfa3e5992c5a5cc2c7;6a3feaaa0cc7ebc213990b30;484.84;0;;Planeta Vendas;;true;;;
6a4021d7d8291dba622ca6b0;6a3e7a752e6433bc0c64ee65;6a7a4fcfa3e5992c5a5cc2c7;6a3feaaa0cc7ebc213990b31;505.92;0;;Planeta Vendas;;true;;;
6a4021d7d8291dba622ca6b1;6a3e7a752e6433bc0c64ee65;6a7a4fcfa3e5992c5a5cc2c7;6a3feaaa0cc7ebc213990b32;527;0;;Planeta Vendas;;true;;;
6a4d88884a8959358433ebe3;6a3e7a752e6433bc0c64ee65;6a7a4fcfa3e5992c5a5cc2c7;6a3feaacbbf27f5ae7f19343;210.8;0;;;;true;;;
6a4d88884a8959358433ebe4;6a3e7a752e6433bc0c64ee65;6a7a4fcfa3e5992c5a5cc2c7;6a3feaacbbf27f5ae7f192ef;251.1;0;;;;true;;;
6a4d88884a8959358433ebe5;6a3e7a752e6433bc0c64ee65;6a7a4fcfa3e5992c5a5cc2c7;6a3feaacbbf27f5ae7f192fa;803.52;0;;;;true;;;
6a4d88884a8959358433ebe6;6a3e7a752e6433bc0c64ee65;6a7a4fcfa3e5992c5a5cc2c7;6a3feaacbbf27f5ae7f192fb;853.74;0;;;;true;;;
6a4d88884a8959358433ebe7;6a3e7a752e6433bc0c64ee65;6a7a4fcfa3e5992c5a5cc2c7;6a3feaacbbf27f5ae7f192fc;903.96;0;;;;true;;;
6a4d88884a8959358433ebe8;6a3e7a752e6433bc0c64ee65;6a7a4fcfa3e5992c5a5cc2c7;6a3feaacbbf27f5ae7f192fd;954.18;0;;;;true;;;
6a4d88884a8959358433ebe9;6a3e7a752e6433bc0c64ee65;6a7a4fcfa3e5992c5a5cc2c7;6a3feaacbbf27f5ae7f192fe;1004.4;0;;;;true;;;
6a4d88884a8959358433ebea;6a3e7a752e6433bc0c64ee65;6a7a4fcfa3e5992c5a5cc2c7;6a3feaacbbf27f5ae7f192ff;1054.62;0;;;;true;;;
6a4d88884a8959358433ebeb;6a3e7a752e6433bc0c64ee65;6a7a4fcfa3e5992c5a5cc2c7;6a3feaacbbf27f5ae7f19300;1104.84;0;;;;true;;;
6a4d88884a8959358433ebec;6a3e7a752e6433bc0c64ee65;6a7a4fcfa3e5992c5a5cc2c7;6a3feaacbbf27f5ae7f19301;1155.06;0;;;;true;;;
6a4d88884a8959358433ebed;6a3e7a752e6433bc0c64ee65;6a7a4fcfa3e5992c5a5cc2c7;6a3feaacbbf27f5ae7f19302;1205.28;0;;;;true;;;
6a4d88884a8959358433ebee;6a3e7a752e6433bc0c64ee65;6a7a4fcfa3e5992c5a5cc2c7;6a3feaacbbf27f5ae7f19303;1255.5;0;;;;true;;;
6a4d88884a8959358433ebef;6a3e7a752e6433bc0c64ee65;6a7a4fcfa3e5992c5a5cc2c7;6a3de23b8b89cf4f585771b4;17.89;0;;;;true;;;
6a4d88884a8959358433ebf0;6a3e7a752e6433bc0c64ee65;6a7a4fcfa3e5992c5a5cc2c7;6a3de23b8b89cf4f585771b5;35.78;0;;;;true;;;
6a4d88884a8959358433ebf1;6a3e7a752e6433bc0c64ee65;6a7a4fcfa3e5992c5a5cc2c7;6a3de23b8b89cf4f585771bc;447.25;0;;;;true;;;
6a4d88884a8959358433ebf2;6a3e7a752e6433bc0c64ee65;6a7a4fcfa3e5992c5a5cc2c7;6a3de23b8b89cf4f585771b6;53.67;0;;;;true;;;
6a4d88884a8959358433ebf3;6a3e7a752e6433bc0c64ee65;6a7a4fcfa3e5992c5a5cc2c7;6a3de23b8b89cf4f585771b7;71.56;0;;;;true;;;
6a4d88884a8959358433ebf4;6a3e7a752e6433bc0c64ee65;6a7a4fcfa3e5992c5a5cc2c7;6a3de23b8b89cf4f585771ab;16.9;0;;;;true;;;
6a4d88884a8959358433ebf5;6a3e7a752e6433bc0c64ee65;6a7a4fcfa3e5992c5a5cc2c7;6a3de23b8b89cf4f585771ac;33.8;0;;;;true;;;
6a4d88884a8959358433ebf6;6a3e7a752e6433bc0c64ee65;6a7a4fcfa3e5992c5a5cc2c7;6a3de23b8b89cf4f585771ad;50.7;0;;;;true;;;
6a4d88884a8959358433ebf7;6a3e7a752e6433bc0c64ee65;6a7a4fcfa3e5992c5a5cc2c7;6a3de23b8b89cf4f585771ae;67.6;0;;;;true;;;
6a4d88884a8959358433ebf8;6933d719ff2e3d54cbfc9e2a;;6a3de23bc03bf79c138cbc10;8.92;20;;Muscular Fitness Brasil Ltda;;true;;;
6a4d88884a8959358433ebf9;6933d719ff2e3d54cbfc9e2a;;6a3de23bc03bf79c138cbc16;133.8;20;;Muscular Fitness Brasil Ltda;;true;;;
6a4d88884a8959358433ebfa;6933d719ff2e3d54cbfc9e2a;;6a3de23bc03bf79c138cbc11;17.84;20;;Muscular Fitness Brasil Ltda;;true;;;
6a4d88884a8959358433ebfb;6933d719ff2e3d54cbfc9e2a;;6a3de23bc03bf79c138cbc17;178.4;20;;Muscular Fitness Brasil Ltda;;true;;;
6a4d88884a8959358433ebfc;6933d719ff2e3d54cbfc9e2a;;6a3de23bc03bf79c138cbc18;223;20;;Muscular Fitness Brasil Ltda;;true;;;
6a4d88884a8959358433ebfd;6933d719ff2e3d54cbfc9e2a;;6a3de23bc03bf79c138cbc12;26.76;20;;Muscular Fitness Brasil Ltda;;true;;;
6a4d88884a8959358433ebfe;6933d719ff2e3d54cbfc9e2a;;6a3de23bc03bf79c138cbc13;35.68;20;;Muscular Fitness Brasil Ltda;;true;;;
6a4d88884a8959358433ebff;6933d719ff2e3d54cbfc9e2a;;6a3de23bc03bf79c138cbc14;44.6;20;;Muscular Fitness Brasil Ltda;;true;;;
6a4d88884a8959358433ec00;6933d719ff2e3d54cbfc9e2a;;6a3de23bc03bf79c138cbc39;92.7;0;;Muscular Fitness Brasil Ltda;;true;;;
6a4d88884a8959358433ec01;6933d719ff2e3d54cbfc9e2a;;6a3de23bc03bf79c138cbc3a;139.05;0;;Muscular Fitness Brasil Ltda;;true;;;
6a4d88884a8959358433ec02;6933d719ff2e3d54cbfc9e2a;;6a3de23bc03bf79c138cbc35;18.54;0;;Muscular Fitness Brasil Ltda;;true;;;
6a4d88884a8959358433ec03;6933d719ff2e3d54cbfc9e2a;;6a3de23bc03bf79c138cbc3b;185.4;0;;Muscular Fitness Brasil Ltda;;true;;;
6a4d88884a8959358433ec04;6933d719ff2e3d54cbfc9e2a;;6a3de23bc03bf79c138cbc3c;231.75;0;;Muscular Fitness Brasil Ltda;;true;;;
6a4d88884a8959358433ec05;6933d719ff2e3d54cbfc9e2a;;6a3de23bc03bf79c138cbc36;27.81;0;;Muscular Fitness Brasil Ltda;;true;;;
6a4d88884a8959358433ec06;6933d719ff2e3d54cbfc9e2a;;6a3de23bc03bf79c138cbc37;37.08;0;;Muscular Fitness Brasil Ltda;;true;;;
6a4d88884a8959358433ec07;6933d719ff2e3d54cbfc9e2a;;6a3de23bc03bf79c138cbc38;46.35;0;;Muscular Fitness Brasil Ltda;;true;;;
6a4d88884a8959358433ec08;69d6f84d5c6c399c73a7b0ea;6a7a4fcfa3e5992c5a5cc2c8;6a3de23bc03bf79c138cbc93;116.1;0;;;;true;;;
6a4d88884a8959358433ec09;69d6f84d5c6c399c73a7b0ea;6a7a4fcfa3e5992c5a5cc2c8;6a3de23bc03bf79c138cbc94;174.15;0;;;;true;;;
6a4d88884a8959358433ec0a;69d6f84d5c6c399c73a7b0ea;6a7a4fcfa3e5992c5a5cc2c8;6a3de23bc03bf79c138cbc95;232.2;0;;;;true;;;
6a4d88884a8959358433ec0b;69d6f84d5c6c399c73a7b0ea;6a7a4fcfa3e5992c5a5cc2c8;6a3de23bc03bf79c138cbc96;290.25;0;;;;true;;;
6a4d88884a8959358433ec0c;69d6f84d5c6c399c73a7b0ea;6a7a4fcfa3e5992c5a5cc2c8;6a3de23bc03bf79c138cbc97;11.61;0;;;;true;;;
6a4d88884a8959358433ec0d;69d6f84d5c6c399c73a7b0ea;6a7a4fcfa3e5992c5a5cc2c8;6a3de23bc03bf79c138cbc9c;116.1;0;;;;true;;;
6a4d88884a8959358433ec0e;69d6f84d5c6c399c73a7b0ea;6a7a4fcfa3e5992c5a5cc2c8;6a3de23bc03bf79c138cbc9d;174.15;0;;;;true;;;
6a4d88884a8959358433ec0f;69d6f84d5c6c399c73a7b0ea;6a7a4fcfa3e5992c5a5cc2c8;6a3de23bc03bf79c138cbc98;23.22;0;;;;true;;;
6a4d88884a8959358433ec10;69d6f84d5c6c399c73a7b0ea;6a7a4fcfa3e5992c5a5cc2c8;6a3de23bc03bf79c138cbc9e;232.2;0;;;;true;;;
6a4d88884a8959358433ec11;69d6f84d5c6c399c73a7b0ea;6a7a4fcfa3e5992c5a5cc2c8;6a3de23bc03bf79c138cbc9f;290.25;0;;;;true;;;
6a4d88884a8959358433ec12;69d6f84d5c6c399c73a7b0ea;6a7a4fcfa3e5992c5a5cc2c8;6a3de23bc03bf79c138cbc3a;139.05;0;;;;true;;;
6a4d88884a8959358433ec13;69d6f84d5c6c399c73a7b0ea;6a7a4fcfa3e5992c5a5cc2c8;6a3de23bc03bf79c138cbc3c;231.75;0;;;;true;;;
6a4d88884a8959358433ec14;69d6f84d5c6c399c73a7b0ea;6a7a4fcfa3e5992c5a5cc2c8;6a3de23bc03bf79c138cbc3d;9.27;0;;;;true;;;
6a4d88884a8959358433ec15;69d6f84d5c6c399c73a7b0ea;6a7a4fcfa3e5992c5a5cc2c8;6a3de23bc03bf79c138cbc43;139.05;0;;;;true;;;
6a4d88884a8959358433ec16;69d6f84d5c6c399c73a7b0ea;6a7a4fcfa3e5992c5a5cc2c8;6a3de23bc03bf79c138cbc3e;18.54;0;;;;true;;;
6a4d88884a8959358433ec17;69d6f84d5c6c399c73a7b0ea;6a7a4fcfa3e5992c5a5cc2c8;6a3de23bc03bf79c138cbc45;231.75;0;;;;true;;;
6a4d88884a8959358433ec18;69d6f84d5c6c399c73a7b0ea;6a7a4fcfa3e5992c5a5cc2c8;6a3de23b8b89cf4f585771be;10.7;0;;;;true;;;
6a4d89dd5102401cc8b690b2;6a3e7a752e6433bc0c64ee65;6a7a4fcfa3e5992c5a5cc2c7;6a3feaaa0cc7ebc213990c1b;96.24;0;;;;true;;;
6a4d89dd5102401cc8b690b3;6a3e7a752e6433bc0c64ee65;6a7a4fcfa3e5992c5a5cc2c7;6a3feaaa0cc7ebc213990c1d;128.32;0;;;;true;;;
6a4d89dd5102401cc8b690b4;6a3e7a752e6433bc0c64ee65;6a7a4fcfa3e5992c5a5cc2c7;6a3feaaa0cc7ebc213990c1f;160.4;0;;;;true;;;
6a4d89dd5102401cc8b690b5;6a3e7a752e6433bc0c64ee65;6a7a4fcfa3e5992c5a5cc2c7;6a3feaaa0cc7ebc213990c21;192.48;0;;;;true;;;
6a4d89dd5102401cc8b690b6;6a3e7a752e6433bc0c64ee65;6a7a4fcfa3e5992c5a5cc2c7;6a3feaaa0cc7ebc213990c23;224.56;0;;;;true;;;
6a4d89dd5102401cc8b690b7;6a3e7a752e6433bc0c64ee65;6a7a4fcfa3e5992c5a5cc2c7;6a3feaaa0cc7ebc213990c25;256.65;0;;;;true;;;
6a4d89dd5102401cc8b690b8;6a3e7a752e6433bc0c64ee65;6a7a4fcfa3e5992c5a5cc2c7;6a3feaaa0cc7ebc213990c26;272.69;0;;;;true;;;
6a4d89dd5102401cc8b690b9;6a3e7a752e6433bc0c64ee65;6a7a4fcfa3e5992c5a5cc2c7;6a3feaaa0cc7ebc213990c27;288.73;0;;;;true;;;
6a4d89dd5102401cc8b690ba;6a3e7a752e6433bc0c64ee65;6a7a4fcfa3e5992c5a5cc2c7;6a3feaaa0cc7ebc213990c28;304.77;0;;;;true;;;
6a4d89dd5102401cc8b690bb;6a3e7a752e6433bc0c64ee65;6a7a4fcfa3e5992c5a5cc2c7;6a3feaaa0cc7ebc213990c29;320.81;0;;;;true;;;
6a4d89dd5102401cc8b690bc;6a3e7a752e6433bc0c64ee65;6a7a4fcfa3e5992c5a5cc2c7;6a3feaaa0cc7ebc213990c2a;336.85;0;;;;true;;;
6a4d89dd5102401cc8b690bd;6a3e7a752e6433bc0c64ee65;6a7a4fcfa3e5992c5a5cc2c7;6a3feaaa0cc7ebc213990c2b;352.89;0;;;;true;;;
6a4d89dd5102401cc8b690be;6a3e7a752e6433bc0c64ee65;6a7a4fcfa3e5992c5a5cc2c7;6a3feaaa0cc7ebc213990c2c;368.93;0;;;;true;;;
6a4d89dd5102401cc8b690bf;6a3e7a752e6433bc0c64ee65;6a7a4fcfa3e5992c5a5cc2c7;6a3feaaa0cc7ebc213990c2d;384.97;0;;;;true;;;
6a4d89dd5102401cc8b690c0;6a3e7a752e6433bc0c64ee65;6a7a4fcfa3e5992c5a5cc2c7;6a3feaaa0cc7ebc213990c2e;401.01;0;;;;true;;;
6a4d89dd5102401cc8b690c1;6a3e7a752e6433bc0c64ee65;6a7a4fcfa3e5992c5a5cc2c7;6a3feaacbbf27f5ae7f1942a;158.72;0;;;;true;;;
6a4d89dd5102401cc8b690c2;6a3e7a752e6433bc0c64ee65;6a7a4fcfa3e5992c5a5cc2c7;6a3fd72af902fe48947f796c;78;0;;;;true;;;
6a4d89dd5102401cc8b690c3;6a3e7a752e6433bc0c64ee65;6a7a4fcfa3e5992c5a5cc2c7;6a3fd72af902fe48947f796d;93.6;0;;;;true;;;
6a4d89dd5102401cc8b690c4;6a3e7a752e6433bc0c64ee65;6a7a4fcfa3e5992c5a5cc2c7;6a3fd72af902fe48947f796e;109.2;0;;;;true;;;
6a4d89dd5102401cc8b690c5;6a3e7a752e6433bc0c64ee65;6a7a4fcfa3e5992c5a5cc2c7;6a3fd72af902fe48947f796f;124.8;0;;;;true;;;
6a4d89dd5102401cc8b690c6;6a3e7a752e6433bc0c64ee65;6a7a4fcfa3e5992c5a5cc2c7;6a3fd72af902fe48947f7970;140.4;0;;;;true;;;
6a4d89dd5102401cc8b690c7;6a3e7a752e6433bc0c64ee65;6a7a4fcfa3e5992c5a5cc2c7;6a3fd72af902fe48947f7971;156;0;;;;true;;;
6a4d89dd5102401cc8b690c8;6a3e7a752e6433bc0c64ee65;6a7a4fcfa3e5992c5a5cc2c7;6a3fd72af902fe48947f7972;171.6;0;;;;true;;;
6a4d89dd5102401cc8b690c9;6a3e7a752e6433bc0c64ee65;6a7a4fcfa3e5992c5a5cc2c7;6a3fd72af902fe48947f7973;187.2;0;;;;true;;;
6a4d89dd5102401cc8b690ca;6a3e7a752e6433bc0c64ee65;6a7a4fcfa3e5992c5a5cc2c7;6a3fd72af902fe48947f7969;31.2;0;;;;true;;;
6a4d89dd5102401cc8b690cb;6a3e7a752e6433bc0c64ee65;6a7a4fcfa3e5992c5a5cc2c7;6a3fd72af902fe48947f796a;46.8;0;;;;true;;;
6a4d89dd5102401cc8b690cc;6a3e7a752e6433bc0c64ee65;6a7a4fcfa3e5992c5a5cc2c7;6a3fd72af902fe48947f796b;62.4;0;;;;true;;;
6a4d89dd5102401cc8b690cd;6a3e7a752e6433bc0c64ee65;6a7a4fcfa3e5992c5a5cc2c7;6a3fd72af902fe48947f7933;90;0;;;;true;;;
6a4d89dd5102401cc8b690ce;6a3e7a752e6433bc0c64ee65;6a7a4fcfa3e5992c5a5cc2c7;6a3fd72af902fe48947f7934;108;0;;;;true;;;
6a4d89dd5102401cc8b690cf;6a3e7a752e6433bc0c64ee65;6a7a4fcfa3e5992c5a5cc2c7;6a3fd72af902fe48947f7935;126;0;;;;true;;;
6a4d89dd5102401cc8b690d0;6a3e7a752e6433bc0c64ee65;6a7a4fcfa3e5992c5a5cc2c7;6a3fd72af902fe48947f7936;144;0;;;;true;;;
6a4d89dd5102401cc8b690d1;6a3e7a752e6433bc0c64ee65;6a7a4fcfa3e5992c5a5cc2c7;6a3fd72af902fe48947f7937;162;0;;;;true;;;
6a4d89dd5102401cc8b690d2;6a3e7a752e6433bc0c64ee65;6a7a4fcfa3e5992c5a5cc2c7;6a3fd72af902fe48947f7938;180;0;;;;true;;;
6a4d89dd5102401cc8b690d3;6a3e7a752e6433bc0c64ee65;6a7a4fcfa3e5992c5a5cc2c7;6a3fd72af902fe48947f7939;198;0;;;;true;;;
6a4d89dd5102401cc8b690d4;6a3e7a752e6433bc0c64ee65;6a7a4fcfa3e5992c5a5cc2c7;6a3fd72af902fe48947f793a;216;0;;;;true;;;
6a4d89dd5102401cc8b690d5;6a3e7a752e6433bc0c64ee65;6a7a4fcfa3e5992c5a5cc2c7;6a3fd72af902fe48947f793b;234;0;;;;true;;;
6a4d89dd5102401cc8b690d6;6a3e7a752e6433bc0c64ee65;6a7a4fcfa3e5992c5a5cc2c7;6a3fd72af902fe48947f793c;252;0;;;;true;;;
6a4d89dd5102401cc8b690d7;6a3e7a752e6433bc0c64ee65;6a7a4fcfa3e5992c5a5cc2c7;6a3fd72af902fe48947f7930;36;0;;;;true;;;
6a4d89dd5102401cc8b690d8;6a3e7a752e6433bc0c64ee65;6a7a4fcfa3e5992c5a5cc2c7;6a3fd72af902fe48947f7931;54;0;;;;true;;;
6a4d89dd5102401cc8b690d9;6a3e7a752e6433bc0c64ee65;6a7a4fcfa3e5992c5a5cc2c7;6a3fd72af902fe48947f7932;72;0;;;;true;;;
6a4d89dd5102401cc8b690da;6a3e7a752e6433bc0c64ee65;6a7a4fcfa3e5992c5a5cc2c7;6a3fd72af902fe48947f7943;38;0;;;;true;;;
6a57be5ad8016d01e774bc01;68f1e4539a5bf3f514f25e13;6a7a4fcfa3e5992c5a5cc2c6;6a57bd17f3c30862052b5967;201.88;0;;;BAR-BAR-003;true;;;
6a57be5ad8016d01e774bc05;68f1e4539a5bf3f514f25e13;6a7a4fcfa3e5992c5a5cc2c6;6a57bd17f3c30862052b5967;201.88;0;;;BAR-BAR-003;true;;;
6a57be5ad8016d01e774bc0a;68f1e4539a5bf3f514f25e13;6a7a4fcfa3e5992c5a5cc2c6;6a57bd17f3c30862052b5971;226.1;0;;;BAR-BAR-013;true;;;
6a57be5ad8016d01e774bc0e;68f1e4539a5bf3f514f25e13;6a7a4fcfa3e5992c5a5cc2c6;6a57bd17f3c30862052b5971;226.1;0;;;BAR-BAR-013;true;;;
6a57be5ad8016d01e774bc16;68f1e4539a5bf3f514f25e13;6a7a4fcfa3e5992c5a5cc2c6;6a57bd17f3c30862052b597e;43.36;0;;;BAR-BAR-026;true;;;
6a57be5ad8016d01e774bc17;68f1e4539a5bf3f514f25e13;6a7a4fcfa3e5992c5a5cc2c6;6a57bd17f3c30862052b597f;88.44;0;;;BAR-BAR-027;true;;;
6a57be5ad8016d01e774bc18;68f1e4539a5bf3f514f25e13;6a7a4fcfa3e5992c5a5cc2c6;6a57bd17f3c30862052b5980;103.83;0;;;BAR-BAR-028;true;;;
6a57be5ad8016d01e774bc38;68f1e4539a5bf3f514f25e13;6a7a4fcfa3e5992c5a5cc2c6;6a57bd17f3c30862052b59a1;547.98;0;;;BAR-BAR-060;true;;;
6a57be5ad8016d01e774bc4e;68f1e4539a5bf3f514f25e13;6a7a4fcfa3e5992c5a5cc2c6;6a57bd17f3c30862052b59b7;10.17;0;;;BAR-PRE-001;true;;;
6a57be5ad8016d01e774bc95;68f1e4539a5bf3f514f25e13;6a7a4fcfa3e5992c5a5cc2c6;6a57bd657fa67faa93ade16b;558;0;;;SUP-SUP-031;true;;;
6a57be5ad8016d01e774bc96;68f1e4539a5bf3f514f25e13;6a7a4fcfa3e5992c5a5cc2c6;6a57bd657fa67faa93ade16b;620;0;;;SUP-SUP-032;true;;;
6a57be5ad8016d01e774bc97;68f1e4539a5bf3f514f25e13;6a7a4fcfa3e5992c5a5cc2c6;6a57bd657fa67faa93ade16b;558;0;;;SUP-SUP-031;true;;;
6a57be5ad8016d01e774bc9c;68f1e4539a5bf3f514f25e13;6a7a4fcfa3e5992c5a5cc2c6;6a57bd657fa67faa93ade172;682;0;;;SUP-SUP-038;true;;;
6a57be5ad8016d01e774bc9d;68f1e4539a5bf3f514f25e13;6a7a4fcfa3e5992c5a5cc2c6;6a57bd657fa67faa93ade172;744;0;;;SUP-SUP-039;true;;;
6a57be5ad8016d01e774bc9e;68f1e4539a5bf3f514f25e13;6a7a4fcfa3e5992c5a5cc2c6;6a57bd657fa67faa93ade172;682;0;;;SUP-SUP-038;true;;;
6a57be5ad8016d01e774bca3;68f1e4539a5bf3f514f25e13;6a7a4fcfa3e5992c5a5cc2c6;6a57bd657fa67faa93ade179;620;0;;;SUP-SUP-045;true;;;
6a57be5ad8016d01e774bca4;68f1e4539a5bf3f514f25e13;6a7a4fcfa3e5992c5a5cc2c6;6a57bd657fa67faa93ade179;682;0;;;SUP-SUP-046;true;;;
6a57be5ad8016d01e774bca5;68f1e4539a5bf3f514f25e13;6a7a4fcfa3e5992c5a5cc2c6;6a57bd657fa67faa93ade179;620;0;;;SUP-SUP-045;true;;;
6a57be5ad8016d01e774bcc0;68f1e4539a5bf3f514f25e13;6a7a4fcfa3e5992c5a5cc2c6;6a57bdb389f31864ba0fb46b;1054;0;;;SUP-SUP-074;true;;;
6a57be5ad8016d01e774bce0;68f1e4539a5bf3f514f25e13;6a7a4fcfa3e5992c5a5cc2c6;6a57bdb389f31864ba0fb492;111.38;0;;;ACE-ACE-024;true;;;
6a57be5ad8016d01e774bce1;68f1e4539a5bf3f514f25e13;6a7a4fcfa3e5992c5a5cc2c6;6a57bdb389f31864ba0fb492;111.38;0;;;ACE-ACE-025;true;;;
6a57be5ad8016d01e774bce3;68f1e4539a5bf3f514f25e13;6a7a4fcfa3e5992c5a5cc2c6;6a57bdb389f31864ba0fb495;121.68;0;;;ACE-ACE-027;true;;;
6a57be5ad8016d01e774bce4;68f1e4539a5bf3f514f25e13;6a7a4fcfa3e5992c5a5cc2c6;6a57bdb389f31864ba0fb495;121.68;0;;;ACE-ACE-028;true;;;
6a57be5ad8016d01e774bce6;68f1e4539a5bf3f514f25e13;6a7a4fcfa3e5992c5a5cc2c6;6a57bdb389f31864ba0fb498;77.22;0;;;ACE-ACE-030;true;;;
6a57be5ad8016d01e774bce7;68f1e4539a5bf3f514f25e13;6a7a4fcfa3e5992c5a5cc2c6;6a57bdb389f31864ba0fb498;77.22;0;;;ACE-ACE-031;true;;;
6a57be5ad8016d01e774bce9;68f1e4539a5bf3f514f25e13;6a7a4fcfa3e5992c5a5cc2c6;6a57bdb389f31864ba0fb49b;167.31;0;;;ACE-ACE-035;true;;;
6a57be5ad8016d01e774bcea;68f1e4539a5bf3f514f25e13;6a7a4fcfa3e5992c5a5cc2c6;6a57bdb389f31864ba0fb49b;286.65;0;;;ACE-ACE-036;true;;;
6a57be5ad8016d01e774bceb;68f1e4539a5bf3f514f25e13;6a7a4fcfa3e5992c5a5cc2c6;6a57bdb389f31864ba0fb49b;312.39;0;;;ACE-ACE-037;true;;;
6a57be5ad8016d01e774bcec;68f1e4539a5bf3f514f25e13;6a7a4fcfa3e5992c5a5cc2c6;6a57bdb389f31864ba0fb49b;353.34;0;;;ACE-ACE-038;true;;;
6a57be5ad8016d01e774bced;68f1e4539a5bf3f514f25e13;6a7a4fcfa3e5992c5a5cc2c6;6a57bdb389f31864ba0fb49b;393.12;0;;;ACE-ACE-039;true;;;
6a57be5ad8016d01e774bcee;68f1e4539a5bf3f514f25e13;6a7a4fcfa3e5992c5a5cc2c6;6a57bdb389f31864ba0fb49b;421.2;0;;;ACE-ACE-040;true;;;
6a57be5ad8016d01e774bcef;68f1e4539a5bf3f514f25e13;6a7a4fcfa3e5992c5a5cc2c6;6a57bdb389f31864ba0fb49b;441.09;0;;;ACE-ACE-041;true;;;
6a57be5ad8016d01e774bcf0;68f1e4539a5bf3f514f25e13;6a7a4fcfa3e5992c5a5cc2c6;6a57bdb389f31864ba0fb49b;460.98;0;;;ACE-ACE-042;true;;;
6a57be5ad8016d01e774bcf1;68f1e4539a5bf3f514f25e13;6a7a4fcfa3e5992c5a5cc2c6;6a57bdb389f31864ba0fb49b;486.72;0;;;ACE-ACE-043;true;;;
6a57be5ad8016d01e774bcf3;68f1e4539a5bf3f514f25e13;6a7a4fcfa3e5992c5a5cc2c6;6a57bdb389f31864ba0fb4a5;216.45;0;;;ACE-ACE-045;true;;;
6a57be5ad8016d01e774bcf5;68f1e4539a5bf3f514f25e13;6a7a4fcfa3e5992c5a5cc2c6;6a57bdb389f31864ba0fb4ad;70.2;0;;;ACE-ACE-053;true;;;
6a57d01f24ad6ec792ec7857;68f1e4539a5bf3f514f25e13;6a7a4fcfa3e5992c5a5cc2c6;6a57bdb389f31864ba0fb4a5;372;0;;;COR-NAV-FIT;true;;;
6a57d01f24ad6ec792ec7858;68f1e4539a5bf3f514f25e13;6a7a4fcfa3e5992c5a5cc2c6;6a57bdb389f31864ba0fb4a5;417.88;0;;;COR-NAV-FIT;true;;;
6a57d01f24ad6ec792ec7859;68f1e4539a5bf3f514f25e13;6a7a4fcfa3e5992c5a5cc2c6;6a57bdb389f31864ba0fb4a5;461.28;0;;;COR-NAV-FIT;true;;;
6a57d1fb0befa6078299d699;68f1e4539a5bf3f514f25e13;6a7a4fcfa3e5992c5a5cc2c6;6a57bdb389f31864ba0fb479;76.88;0;;;CAN-ELI-SUP;true;;;
6a57d1fb0befa6078299d69a;68f1e4539a5bf3f514f25e13;6a7a4fcfa3e5992c5a5cc2c6;6a57bdb389f31864ba0fb47a;91.76;0;;;CAN-ELI-SUP;true;;;
6a57d1fb0befa6078299d69b;68f1e4539a5bf3f514f25e13;6a7a4fcfa3e5992c5a5cc2c6;6a57bdb389f31864ba0fb47b;119.04;0;;;CAN-ELI-SUP;true;;;
6a57d1fb0befa6078299d69c;68f1e4539a5bf3f514f25e13;6a7a4fcfa3e5992c5a5cc2c6;6a57bdb389f31864ba0fb47c;128.96;0;;;CAN-ELI-SUP;true;;;
6a57d1fb0befa6078299d69d;68f1e4539a5bf3f514f25e13;6a7a4fcfa3e5992c5a5cc2c6;6a57bdb389f31864ba0fb47d;137.64;0;;;CAN-ELI-SUP;true;;;
6a57d1fb0befa6078299d69e;68f1e4539a5bf3f514f25e13;6a7a4fcfa3e5992c5a5cc2c6;6a57bdb389f31864ba0fb47e;148.8;0;;;CAN-ELI-SUP;true;;;
6a57d1fb0befa6078299d69f;68f1e4539a5bf3f514f25e13;6a7a4fcfa3e5992c5a5cc2c6;6a57bdb389f31864ba0fb47f;162.44;0;;;CAN-ELI-SUP;true;;;
6a57d1fb0befa6078299d6a0;68f1e4539a5bf3f514f25e13;6a7a4fcfa3e5992c5a5cc2c6;6a57bdb389f31864ba0fb480;167.4;0;;;CAN-ELI-SUP;true;;;
6a57d1fb0befa6078299d6a1;68f1e4539a5bf3f514f25e13;6a7a4fcfa3e5992c5a5cc2c6;6a57bdb389f31864ba0fb481;182.28;0;;;CAN-ELI-SUP;true;;;
6a57d1fb0befa6078299d6a2;68f1e4539a5bf3f514f25e13;6a7a4fcfa3e5992c5a5cc2c6;6a57bdb389f31864ba0fb482;190.96;0;;;CAN-ELI-SUP;true;;;
6a57d1fb0befa6078299d6a3;68f1e4539a5bf3f514f25e13;6a7a4fcfa3e5992c5a5cc2c6;6a57bdb389f31864ba0fb483;204.6;0;;;CAN-ELI-SUP;true;;;
6a57d1fb0befa6078299d6a4;68f1e4539a5bf3f514f25e13;6a7a4fcfa3e5992c5a5cc2c6;6a57bdb389f31864ba0fb484;213.28;0;;;CAN-ELI-SUP;true;;;
6a57d1fb0befa6078299d6a5;68f1e4539a5bf3f514f25e13;6a7a4fcfa3e5992c5a5cc2c6;6a57bdb389f31864ba0fb485;223.2;0;;;CAN-ELI-SUP;true;;;
6a57d1fb0befa6078299d6a6;68f1e4539a5bf3f514f25e13;6a7a4fcfa3e5992c5a5cc2c6;6a57bdb389f31864ba0fb486;225.68;0;;;CAN-ELI-SUP;true;;;
6a57d1fb0befa6078299d6a7;68f1e4539a5bf3f514f25e13;6a7a4fcfa3e5992c5a5cc2c6;6a57bdb389f31864ba0fb487;235.6;0;;;CAN-ELI-SUP;true;;;
6a57d1fb0befa6078299d6a8;68f1e4539a5bf3f514f25e13;6a7a4fcfa3e5992c5a5cc2c6;6a57bdb389f31864ba0fb488;246.76;0;;;CAN-ELI-SUP;true;;;
6a57d1fb0befa6078299d6a9;68f1e4539a5bf3f514f25e13;6a7a4fcfa3e5992c5a5cc2c6;6a57bdb389f31864ba0fb489;254.2;0;;;CAN-ELI-SUP;true;;;
6a57d1fb0befa6078299d6aa;68f1e4539a5bf3f514f25e13;6a7a4fcfa3e5992c5a5cc2c6;6a57bdb389f31864ba0fb48a;260.4;0;;;CAN-ELI-SUP;true;;;
6a57d1fb0befa6078299d6ab;68f1e4539a5bf3f514f25e13;6a7a4fcfa3e5992c5a5cc2c6;6a57bdb389f31864ba0fb48b;272.8;0;;;CAN-ELI-SUP;true;;;
6a57d1fb0befa6078299d6ac;68f1e4539a5bf3f514f25e13;6a7a4fcfa3e5992c5a5cc2c6;6a57bdb389f31864ba0fb48c;285.2;0;;;CAN-ELI-SUP;true;;;
6a57d1fb0befa6078299d6ad;68f1e4539a5bf3f514f25e13;6a7a4fcfa3e5992c5a5cc2c6;6a57bdb389f31864ba0fb48f;62;0;;;CIN-CHU-OU;true;;;
6a57d1fb0befa6078299d6ae;68f1e4539a5bf3f514f25e13;6a7a4fcfa3e5992c5a5cc2c6;6a57bdb389f31864ba0fb4af;121.52;0;;;ELÁ-EXT-REV;true;;;
6a57d1fb0befa6078299d6af;68f1e4539a5bf3f514f25e13;6a7a4fcfa3e5992c5a5cc2c6;6a57bdb389f31864ba0fb4b1;173.6;0;;;POW-BAG-5KG;true;;;
6a57d1fb0befa6078299d6b0;68f1e4539a5bf3f514f25e13;6a7a4fcfa3e5992c5a5cc2c6;6a57bdb389f31864ba0fb4b2;186;0;;;POW-BAG-8KG;true;;;
6a57d1fb0befa6078299d6b1;68f1e4539a5bf3f514f25e13;6a7a4fcfa3e5992c5a5cc2c6;6a57bdd225180899c32f9cf5;198.4;0;;;POW-BAG-10K;true;;;
6a57d1fb0befa6078299d6b2;68f1e4539a5bf3f514f25e13;6a7a4fcfa3e5992c5a5cc2c6;6a57bdd225180899c32f9cf6;210.8;0;;;POW-BAG-12K;true;;;
6a57d1fb0befa6078299d6b3;68f1e4539a5bf3f514f25e13;6a7a4fcfa3e5992c5a5cc2c6;6a57bdd225180899c32f9cf7;223.2;0;;;POW-BAG-14K;true;;;
6a57d1fb0befa6078299d6b4;68f1e4539a5bf3f514f25e13;6a7a4fcfa3e5992c5a5cc2c6;6a57bdd225180899c32f9cf8;235.6;0;;;POW-BAG-18K;true;;;
6a57d1fb0befa6078299d6b5;68f1e4539a5bf3f514f25e13;6a7a4fcfa3e5992c5a5cc2c6;6a57bdd225180899c32f9cf9;248;0;;;POW-BAG-20K;true;;;
6a57d1fb0befa6078299d6b6;68f1e4539a5bf3f514f25e13;6a7a4fcfa3e5992c5a5cc2c6;6a57bdd225180899c32f9cfa;260.4;0;;;POW-BAG-22K;true;;;
6a57d1fb0befa6078299d6b7;68f1e4539a5bf3f514f25e13;6a7a4fcfa3e5992c5a5cc2c6;6a57bdd225180899c32f9cfb;272.8;0;;;POW-BAG-24K;true;;;
6a57d1fb0befa6078299d6b8;68f1e4539a5bf3f514f25e13;6a7a4fcfa3e5992c5a5cc2c6;6a57bdd225180899c32f9cfc;107.88;0;;;PRO-DE-BAR;true;;;
6a57d1fb0befa6078299d6b9;68f1e4539a5bf3f514f25e13;6a7a4fcfa3e5992c5a5cc2c6;6a57bdd225180899c32f9cfd;43.4;0;;;PUX-CRO-OVE;true;;;
6a57d1fb0befa6078299d6ba;68f1e4539a5bf3f514f25e13;6a7a4fcfa3e5992c5a5cc2c6;6a57bdd225180899c32f9cfd;74.4;0;;;PUX-CRO-OVE;true;;;
6a57d1fb0befa6078299d6bb;68f1e4539a5bf3f514f25e13;6a7a4fcfa3e5992c5a5cc2c6;6a57bdd225180899c32f9cff;86.8;0;;;PUX-CRO-OVE;true;;;
6a57d1fb0befa6078299d6bc;68f1e4539a5bf3f514f25e13;6a7a4fcfa3e5992c5a5cc2c6;6a57bdd225180899c32f9cff;62;0;;;PUX-CRO-OVE;true;;;
6a57d1fb0befa6078299d6bd;68f1e4539a5bf3f514f25e13;6a7a4fcfa3e5992c5a5cc2c6;6a57bdd225180899c32f9d01;114.08;0;;;PUX-PAR-CRO;true;;;
6a57d1fb0befa6078299d6be;68f1e4539a5bf3f514f25e13;6a7a4fcfa3e5992c5a5cc2c6;6a57bdd225180899c32f9cfe;136.4;0;;;PUX-CRO-OVE;true;;;
6a57d1fb0befa6078299d6bf;68f1e4539a5bf3f514f25e13;6a7a4fcfa3e5992c5a5cc2c6;6a57bdd225180899c32f9d02;248;0;;;SLI-BOA-PLA;true;;;
6a57d3060e7870d7861ee839;68f1e4539a5bf3f514f25e13;6a7a4fcfa3e5992c5a5cc2c6;6a3de23bc03bf79c138cbc6e;54.6;0;;;ANI-SPO-002;true;;;
6a57d3060e7870d7861ee83a;68f1e4539a5bf3f514f25e13;6a7a4fcfa3e5992c5a5cc2c6;6a3de23bc03bf79c138cbc63;28.02;0;;;ANI-SPO-003;true;;;
6a57d3060e7870d7861ee83b;68f1e4539a5bf3f514f25e13;6a7a4fcfa3e5992c5a5cc2c6;6a3de23bc03bf79c138cbc6e;11.45;0;;;ANI-SPO-004;true;;;
6a57d3060e7870d7861ee83c;68f1e4539a5bf3f514f25e13;6a7a4fcfa3e5992c5a5cc2c6;6a3de23bc03bf79c138cbc02;35.95;0;;;ANI-VAZ-001;true;;;
6a57d3060e7870d7861ee83d;68f1e4539a5bf3f514f25e13;6a7a4fcfa3e5992c5a5cc2c6;6a3de23bc03bf79c138cbc15;94.2;0;;;ANI-VAZ-002;true;;;
6a57d3060e7870d7861ee83e;68f1e4539a5bf3f514f25e13;6a7a4fcfa3e5992c5a5cc2c6;6a3de23bc03bf79c138cbc38;52.7;0;;;ANI-VAZ-003;true;;;
6a57d3060e7870d7861ee83f;68f1e4539a5bf3f514f25e13;6a7a4fcfa3e5992c5a5cc2c6;6a3e9f1164a9e1e30880a280;28.76;0;;;HAL-HAL-001;true;;;
6a57d3060e7870d7861ee840;68f1e4539a5bf3f514f25e13;6a7a4fcfa3e5992c5a5cc2c6;6a3e9f1164a9e1e30880a290;94.2;0;;;HAL-HAL-002;true;;;
6a57d3060e7870d7861ee841;68f1e4539a5bf3f514f25e13;6a7a4fcfa3e5992c5a5cc2c6;6a3fc1585187527190c4c1d1;14.64;0;;;HAL-HAL-003;true;;;
6a57d3060e7870d7861ee842;68f1e4539a5bf3f514f25e13;6a7a4fcfa3e5992c5a5cc2c6;6a3fc1585187527190c4c1da;9.55;0;;;HAL-HAL-004;true;;;
6a57d3060e7870d7861ee843;68f1e4539a5bf3f514f25e13;6a7a4fcfa3e5992c5a5cc2c6;6a3e9f1164a9e1e30880a2b4;93;0;;;HAL-HAL-005;true;;;
6a57d3060e7870d7861ee844;68f1e4539a5bf3f514f25e13;6a7a4fcfa3e5992c5a5cc2c6;6a3e9f1164a9e1e30880a2c3;17.36;0;;;HAL-HAL-006;true;;;
6a57d3060e7870d7861ee845;68f1e4539a5bf3f514f25e13;6a7a4fcfa3e5992c5a5cc2c6;6a3e9f1164a9e1e30880a2df;156.24;0;;;HAL-HAL-007;true;;;
6a57d3060e7870d7861ee846;68f1e4539a5bf3f514f25e13;6a7a4fcfa3e5992c5a5cc2c6;6a3e9f1164a9e1e30880a2eb;53.32;0;;;HAL-HAL-008;true;;;
6a57d3060e7870d7861ee847;68f1e4539a5bf3f514f25e13;6a7a4fcfa3e5992c5a5cc2c6;6a3e9f1164a9e1e30880a2ec;83.08;0;;;HAL-HAL-009;true;;;
6a57d3060e7870d7861ee848;68f1e4539a5bf3f514f25e13;6a7a4fcfa3e5992c5a5cc2c6;6a3e9f1164a9e1e30880a2ed;110.36;0;;;HAL-HAL-010;true;;;
6a57d3060e7870d7861ee849;68f1e4539a5bf3f514f25e13;6a7a4fcfa3e5992c5a5cc2c6;6a3e9f1164a9e1e30880a2ee;116.56;0;;;HAL-HAL-011;true;;;
6a57d3060e7870d7861ee84a;68f1e4539a5bf3f514f25e13;6a7a4fcfa3e5992c5a5cc2c6;6a3e9f1164a9e1e30880a2ef;137.64;0;;;HAL-HAL-012;true;;;
6a57d3060e7870d7861ee84b;68f1e4539a5bf3f514f25e13;6a7a4fcfa3e5992c5a5cc2c6;6a3e9f1164a9e1e30880a2f0;162.44;0;;;HAL-HAL-013;true;;;
6a57d3060e7870d7861ee84c;68f1e4539a5bf3f514f25e13;6a7a4fcfa3e5992c5a5cc2c6;6a3e9f1164a9e1e30880a2f1;190.96;0;;;HAL-HAL-014;true;;;
6a57d3060e7870d7861ee84d;68f1e4539a5bf3f514f25e13;6a7a4fcfa3e5992c5a5cc2c6;6a3e9f1164a9e1e30880a2f2;217;0;;;HAL-HAL-015;true;;;
6a57d3060e7870d7861ee84e;68f1e4539a5bf3f514f25e13;6a7a4fcfa3e5992c5a5cc2c6;6a3e9f1164a9e1e30880a2f3;245.52;0;;;HAL-HAL-016;true;;;
6a57d3060e7870d7861ee84f;68f1e4539a5bf3f514f25e13;6a7a4fcfa3e5992c5a5cc2c6;6a3e9f1164a9e1e30880a2f4;271.56;0;;;HAL-HAL-017;true;;;
6a57d3060e7870d7861ee850;68f1e4539a5bf3f514f25e13;6a7a4fcfa3e5992c5a5cc2c6;6a4d2f028f092573faefcc4d;17.36;0;;;DUM-DUM-003;true;;;
6a57d3060e7870d7861ee851;68f1e4539a5bf3f514f25e13;6a7a4fcfa3e5992c5a5cc2c6;6a3feaac4a5d2ebad1e94952;27.12;0;;;DUM-DUM-004;true;;;
6a57d3060e7870d7861ee852;68f1e4539a5bf3f514f25e13;6a7a4fcfa3e5992c5a5cc2c6;6a3feaacbbf27f5ae7f19429;15.5;0;;;DUM-DUM-005;true;;;
6a57d3060e7870d7861ee853;68f1e4539a5bf3f514f25e13;6a7a4fcfa3e5992c5a5cc2c6;6a3feaaa0cc7ebc213990c43;15.87;0;;;DUM-DUM-008;true;;;
6a57d3060e7870d7861ee854;68f1e4539a5bf3f514f25e13;6a7a4fcfa3e5992c5a5cc2c6;6a3feaaa0cc7ebc213990c2a;425.46;0;;;DUM-DUM-010;true;;;
6a57d3060e7870d7861ee855;68f1e4539a5bf3f514f25e13;6a7a4fcfa3e5992c5a5cc2c6;6a3feaaa0cc7ebc213990b6e;374.44;0;;;DUM-DUM-011;true;;;
6a57d3060e7870d7861ee856;68f1e4539a5bf3f514f25e13;6a7a4fcfa3e5992c5a5cc2c6;6a3feaaa0cc7ebc213990c0f;375.6;0;;;DUM-DUM-012;true;;;
6a57d3060e7870d7861ee857;68f1e4539a5bf3f514f25e13;6a7a4fcfa3e5992c5a5cc2c6;6a3fd72af902fe48947f794c;220.88;0;;;KET-KET-002;true;;;
6a57d3060e7870d7861ee859;68f1e4539a5bf3f514f25e13;6a7a4fcfa3e5992c5a5cc2c6;6a57bdd225180899c32f9d1a;14.25;0;;;OUT-CLU-002;true;;;
6a57d3060e7870d7861ee85a;68f1e4539a5bf3f514f25e13;6a7a4fcfa3e5992c5a5cc2c6;6a57bd17f3c30862052b5965;69.46;0;;;BAR-BAR-001;true;;;
6a57d3060e7870d7861ee85b;68f1e4539a5bf3f514f25e13;6a7a4fcfa3e5992c5a5cc2c6;6a57bd17f3c30862052b5966;83.97;0;;;BAR-BAR-002;true;;;
6a57d3060e7870d7861ee85c;68f1e4539a5bf3f514f25e13;6a7a4fcfa3e5992c5a5cc2c6;6a57bd17f3c30862052b5968;242.27;0;;;BAR-BAR-004;true;;;
6a57d3060e7870d7861ee85d;68f1e4539a5bf3f514f25e13;6a7a4fcfa3e5992c5a5cc2c6;6a57bd17f3c30862052b5969;254.96;0;;;BAR-BAR-005;true;;;
6a57d3060e7870d7861ee85e;68f1e4539a5bf3f514f25e13;6a7a4fcfa3e5992c5a5cc2c6;6a57bd17f3c30862052b596a;277.83;0;;;BAR-BAR-006;true;;;
6a57d3060e7870d7861ee85f;68f1e4539a5bf3f514f25e13;6a7a4fcfa3e5992c5a5cc2c6;6a57bd17f3c30862052b596d;203.81;0;;;BAR-BAR-009;true;;;
6a57d3060e7870d7861ee860;68f1e4539a5bf3f514f25e13;6a7a4fcfa3e5992c5a5cc2c6;6a57bd17f3c30862052b596f;85.42;0;;;BAR-BAR-011;true;;;
6a57d3060e7870d7861ee861;68f1e4539a5bf3f514f25e13;6a7a4fcfa3e5992c5a5cc2c6;6a57bd17f3c30862052b5970;99.92;0;;;BAR-BAR-012;true;;;
6a57d3060e7870d7861ee862;68f1e4539a5bf3f514f25e13;6a7a4fcfa3e5992c5a5cc2c6;6a57bd17f3c30862052b5972;261.49;0;;;BAR-BAR-014;true;;;
6a57d3060e7870d7861ee863;68f1e4539a5bf3f514f25e13;6a7a4fcfa3e5992c5a5cc2c6;6a57bd17f3c30862052b5973;274.18;0;;;BAR-BAR-015;true;;;
6a57d3060e7870d7861ee864;68f1e4539a5bf3f514f25e13;6a7a4fcfa3e5992c5a5cc2c6;6a57bd17f3c30862052b5974;298.62;0;;;BAR-BAR-016;true;;;
6a57d3060e7870d7861ee865;68f1e4539a5bf3f514f25e13;6a7a4fcfa3e5992c5a5cc2c6;6a57bd17f3c30862052b5977;223.04;0;;;BAR-BAR-019;true;;;
6a57d3060e7870d7861ee866;68f1e4539a5bf3f514f25e13;6a7a4fcfa3e5992c5a5cc2c6;6a57bd17f3c30862052b5978;288.4;0;;;BAR-BAR-020;true;;;
6a57d3060e7870d7861ee867;68f1e4539a5bf3f514f25e13;6a7a4fcfa3e5992c5a5cc2c6;6a57bd17f3c30862052b5979;120.38;0;;;BAR-BAR-021;true;;;
6a57d3060e7870d7861ee868;68f1e4539a5bf3f514f25e13;6a7a4fcfa3e5992c5a5cc2c6;6a57bd17f3c30862052b597a;134.87;0;;;BAR-BAR-022;true;;;
6a57d3060e7870d7861ee869;68f1e4539a5bf3f514f25e13;6a7a4fcfa3e5992c5a5cc2c6;6a57bd17f3c30862052b597b;258.6;0;;;BAR-BAR-023;true;;;
6a57d3060e7870d7861ee86a;68f1e4539a5bf3f514f25e13;6a7a4fcfa3e5992c5a5cc2c6;6a57bd17f3c30862052b597d;39.01;0;;;BAR-BAR-025;true;;;
6a57d3060e7870d7861ee86b;68f1e4539a5bf3f514f25e13;6a7a4fcfa3e5992c5a5cc2c6;6a57bd17f3c30862052b5981;100.4;0;;;BAR-BAR-029;true;;;
6a57d3060e7870d7861ee86c;68f1e4539a5bf3f514f25e13;6a7a4fcfa3e5992c5a5cc2c6;6a57bd17f3c30862052b5982;43.4;0;;;BAR-BAR-030;true;;;
6a57d3060e7870d7861ee86d;68f1e4539a5bf3f514f25e13;6a7a4fcfa3e5992c5a5cc2c6;6a57bd17f3c30862052b5983;124;0;;;BAR-BAR-031;true;;;
6a57d3060e7870d7861ee86e;68f1e4539a5bf3f514f25e13;6a7a4fcfa3e5992c5a5cc2c6;6a57bd17f3c30862052b5984;148.8;0;;;BAR-BAR-032;true;;;
6a57d3060e7870d7861ee86f;68f1e4539a5bf3f514f25e13;6a7a4fcfa3e5992c5a5cc2c6;6a57bd17f3c30862052b5985;173.6;0;;;BAR-BAR-033;true;;;
6a57d3060e7870d7861ee870;68f1e4539a5bf3f514f25e13;6a7a4fcfa3e5992c5a5cc2c6;6a57bd17f3c30862052b5989;124;0;;;BAR-BAR-037;true;;;
6a57d3060e7870d7861ee871;68f1e4539a5bf3f514f25e13;6a7a4fcfa3e5992c5a5cc2c6;6a57bd17f3c30862052b598a;805.63;0;;;BAR-BAR-038;true;;;
6a57d3060e7870d7861ee872;68f1e4539a5bf3f514f25e13;6a7a4fcfa3e5992c5a5cc2c6;6a57bd17f3c30862052b598b;1287.12;0;;;BAR-BAR-039;true;;;
6a57d3060e7870d7861ee873;68f1e4539a5bf3f514f25e13;6a7a4fcfa3e5992c5a5cc2c6;6a57bd17f3c30862052b598c;394.16;0;;;BAR-BAR-040;true;;;
6a57d3060e7870d7861ee874;68f1e4539a5bf3f514f25e13;6a7a4fcfa3e5992c5a5cc2c6;6a57bd17f3c30862052b598d;586.45;0;;;BAR-BAR-041;true;;;
6a57d3060e7870d7861ee875;68f1e4539a5bf3f514f25e13;6a7a4fcfa3e5992c5a5cc2c6;6a57bd17f3c30862052b598e;1055.57;0;;;BAR-BAR-042;true;;;
6a57d3060e7870d7861ee876;68f1e4539a5bf3f514f25e13;6a7a4fcfa3e5992c5a5cc2c6;6a57bd17f3c30862052b598f;1055.57;0;;;BAR-BAR-043;true;;;
6a57d3060e7870d7861ee877;68f1e4539a5bf3f514f25e13;6a7a4fcfa3e5992c5a5cc2c6;6a57bd17f3c30862052b5990;1055.57;0;;;BAR-BAR-044;true;;;
6a57d3060e7870d7861ee878;68f1e4539a5bf3f514f25e13;6a7a4fcfa3e5992c5a5cc2c6;6a57bd17f3c30862052b5991;1055.57;0;;;BAR-BAR-045;true;;;
6a57d3060e7870d7861ee879;68f1e4539a5bf3f514f25e13;6a7a4fcfa3e5992c5a5cc2c6;6a57bd17f3c30862052b5992;1055.59;0;;;BAR-BAR-046;true;;;
6a57d3060e7870d7861ee87a;68f1e4539a5bf3f514f25e13;6a7a4fcfa3e5992c5a5cc2c6;6a57bd17f3c30862052b5993;913.3;0;;;BAR-BAR-047;true;;;
6a57d3060e7870d7861ee87b;68f1e4539a5bf3f514f25e13;6a7a4fcfa3e5992c5a5cc2c6;6a57bd17f3c30862052b5994;913.3;0;;;BAR-BAR-048;true;;;
6a57d3060e7870d7861ee87c;68f1e4539a5bf3f514f25e13;6a7a4fcfa3e5992c5a5cc2c6;6a57bd17f3c30862052b5995;913.3;0;;;BAR-BAR-049;true;;;
6a57d3060e7870d7861ee87d;68f1e4539a5bf3f514f25e13;6a7a4fcfa3e5992c5a5cc2c6;6a57bd17f3c30862052b5996;913.3;0;;;BAR-BAR-050;true;;;
6a57d3060e7870d7861ee87e;68f1e4539a5bf3f514f25e13;6a7a4fcfa3e5992c5a5cc2c6;6a57bd17f3c30862052b5997;913.28;0;;;BAR-BAR-051;true;;;
6a57d3060e7870d7861ee87f;68f1e4539a5bf3f514f25e13;6a7a4fcfa3e5992c5a5cc2c6;6a57bd17f3c30862052b5998;711.41;0;;;BAR-BAR-052;true;;;
6a57d3060e7870d7861ee880;68f1e4539a5bf3f514f25e13;6a7a4fcfa3e5992c5a5cc2c6;6a57bd17f3c30862052b5999;711.41;0;;;BAR-BAR-053;true;;;
6a57d3060e7870d7861ee881;68f1e4539a5bf3f514f25e13;6a7a4fcfa3e5992c5a5cc2c6;6a57bd17f3c30862052b599a;711.41;0;;;BAR-BAR-054;true;;;
6a57d3060e7870d7861ee882;68f1e4539a5bf3f514f25e13;6a7a4fcfa3e5992c5a5cc2c6;6a57bd17f3c30862052b599b;711.41;0;;;BAR-BAR-055;true;;;
6a57d3060e7870d7861ee883;68f1e4539a5bf3f514f25e13;6a7a4fcfa3e5992c5a5cc2c6;6a57bd17f3c30862052b599c;711.41;0;;;BAR-BAR-056;true;;;
6a57d3060e7870d7861ee884;68f1e4539a5bf3f514f25e13;6a7a4fcfa3e5992c5a5cc2c6;6a57bd17f3c30862052b599d;663.35;0;;;BAR-BAR-057;true;;;
6a57d3060e7870d7861ee885;68f1e4539a5bf3f514f25e13;6a7a4fcfa3e5992c5a5cc2c6;6a57bd17f3c30862052b599e;573.93;0;;;BAR-BAR-058;true;;;
6a57d3060e7870d7861ee886;68f1e4539a5bf3f514f25e13;6a7a4fcfa3e5992c5a5cc2c6;6a57bd17f3c30862052b599f;537.59;0;;;BAR-BAR-059;true;;;
6a57d3060e7870d7861ee887;68f1e4539a5bf3f514f25e13;6a7a4fcfa3e5992c5a5cc2c6;6a57bd17f3c30862052b59a2;805.63;0;;;BAR-BAR-062;true;;;
6a57d3060e7870d7861ee888;68f1e4539a5bf3f514f25e13;6a7a4fcfa3e5992c5a5cc2c6;6a57bd17f3c30862052b59a3;805.63;0;;;BAR-BAR-063;true;;;
6a57d3060e7870d7861ee889;68f1e4539a5bf3f514f25e13;6a7a4fcfa3e5992c5a5cc2c6;6a57bd17f3c30862052b59a4;805.63;0;;;BAR-BAR-064;true;;;
6a57d3060e7870d7861ee88a;68f1e4539a5bf3f514f25e13;6a7a4fcfa3e5992c5a5cc2c6;6a57bd17f3c30862052b59a5;805.63;0;;;BAR-BAR-065;true;;;
6a57d3060e7870d7861ee88b;68f1e4539a5bf3f514f25e13;6a7a4fcfa3e5992c5a5cc2c6;6a57bd17f3c30862052b59a6;805.63;0;;;BAR-BAR-066;true;;;
6a57d3060e7870d7861ee88c;68f1e4539a5bf3f514f25e13;6a7a4fcfa3e5992c5a5cc2c6;6a57bd17f3c30862052b59a7;709.48;0;;;BAR-BAR-067;true;;;
6a57d3060e7870d7861ee88d;68f1e4539a5bf3f514f25e13;6a7a4fcfa3e5992c5a5cc2c6;6a57bd17f3c30862052b59a8;709.48;0;;;BAR-BAR-068;true;;;
6a57d3060e7870d7861ee88e;68f1e4539a5bf3f514f25e13;6a7a4fcfa3e5992c5a5cc2c6;6a57bd17f3c30862052b59a9;709.48;0;;;BAR-BAR-069;true;;;
6a57d3060e7870d7861ee88f;68f1e4539a5bf3f514f25e13;6a7a4fcfa3e5992c5a5cc2c6;6a57bd17f3c30862052b59aa;709.48;0;;;BAR-BAR-070;true;;;
6a57d3060e7870d7861ee890;68f1e4539a5bf3f514f25e13;6a7a4fcfa3e5992c5a5cc2c6;6a57bd17f3c30862052b59ab;709.48;0;;;BAR-BAR-071;true;;;
6a57d3060e7870d7861ee891;68f1e4539a5bf3f514f25e13;6a7a4fcfa3e5992c5a5cc2c6;6a57bd17f3c30862052b59ac;594.12;0;;;BAR-BAR-072;true;;;
6a57d3060e7870d7861ee892;68f1e4539a5bf3f514f25e13;6a7a4fcfa3e5992c5a5cc2c6;6a57bd17f3c30862052b59ad;507.98;0;;;BAR-BAR-073;true;;;
6a57d3060e7870d7861ee893;68f1e4539a5bf3f514f25e13;6a7a4fcfa3e5992c5a5cc2c6;6a57bd17f3c30862052b59ae;507.98;0;;;BAR-BAR-074;true;;;
6a57d3060e7870d7861ee894;68f1e4539a5bf3f514f25e13;6a7a4fcfa3e5992c5a5cc2c6;6a57bd17f3c30862052b59af;507.98;0;;;BAR-BAR-075;true;;;
6a57d3060e7870d7861ee895;68f1e4539a5bf3f514f25e13;6a7a4fcfa3e5992c5a5cc2c6;6a57bd17f3c30862052b59b0;507.98;0;;;BAR-BAR-076;true;;;
6a57d3060e7870d7861ee896;68f1e4539a5bf3f514f25e13;6a7a4fcfa3e5992c5a5cc2c6;6a57bd17f3c30862052b59b1;83.45;0;;;BAR-ADA-001;true;;;
6a57d3060e7870d7861ee897;68f1e4539a5bf3f514f25e13;6a7a4fcfa3e5992c5a5cc2c6;6a57bd17f3c30862052b59b2;76.5;0;;;BAR-ADA-002;true;;;
6a57d3060e7870d7861ee898;68f1e4539a5bf3f514f25e13;6a7a4fcfa3e5992c5a5cc2c6;6a57bd17f3c30862052b59b3;72.32;0;;;BAR-ADA-003;true;;;
6a57d3060e7870d7861ee899;68f1e4539a5bf3f514f25e13;6a7a4fcfa3e5992c5a5cc2c6;6a57bd17f3c30862052b59b4;69.54;0;;;BAR-ADA-004;true;;;
6a57d3060e7870d7861ee89a;68f1e4539a5bf3f514f25e13;6a7a4fcfa3e5992c5a5cc2c6;6a57bd17f3c30862052b59b5;65.36;0;;;BAR-ADA-005;true;;;
6a57d3060e7870d7861ee89b;68f1e4539a5bf3f514f25e13;6a7a4fcfa3e5992c5a5cc2c6;6a57bd17f3c30862052b59b8;22.2;0;;;BAR-PRE-003;true;;;
6a57d3060e7870d7861ee89c;68f1e4539a5bf3f514f25e13;6a7a4fcfa3e5992c5a5cc2c6;6a57bd17f3c30862052b59b9;22.2;0;;;BAR-PRE-004;true;;;
6a57d3060e7870d7861ee89d;68f1e4539a5bf3f514f25e13;6a7a4fcfa3e5992c5a5cc2c6;6a57bd17f3c30862052b59ba;44.52;0;;;BAR-PRE-005;true;;;
6a57d3060e7870d7861ee89e;68f1e4539a5bf3f514f25e13;6a7a4fcfa3e5992c5a5cc2c6;6a57bd17f3c30862052b59bb;152.28;0;;;PUX-PUX-001;true;;;
6a57d3060e7870d7861ee89f;68f1e4539a5bf3f514f25e13;6a7a4fcfa3e5992c5a5cc2c6;6a57bd17f3c30862052b59bc;141.89;0;;;PUX-PUX-002;true;;;
6a57d3060e7870d7861ee8a0;68f1e4539a5bf3f514f25e13;6a7a4fcfa3e5992c5a5cc2c6;6a57bd17f3c30862052b59bd;101.32;0;;;PUX-PUX-003;true;;;
6a57d3060e7870d7861ee8a1;68f1e4539a5bf3f514f25e13;6a7a4fcfa3e5992c5a5cc2c6;6a57bd17f3c30862052b59be;113.48;0;;;PUX-PUX-004;true;;;
6a57d3060e7870d7861ee8a2;68f1e4539a5bf3f514f25e13;6a7a4fcfa3e5992c5a5cc2c6;6a57bd657fa67faa93ade120;144.47;0;;;PUX-PUX-005;true;;;
6a57d3060e7870d7861ee8a3;68f1e4539a5bf3f514f25e13;6a7a4fcfa3e5992c5a5cc2c6;6a57bd657fa67faa93ade121;134.25;0;;;PUX-PUX-006;true;;;
6a57d3060e7870d7861ee8a4;68f1e4539a5bf3f514f25e13;6a7a4fcfa3e5992c5a5cc2c6;6a57bd657fa67faa93ade122;141.6;0;;;PUX-PUX-007;true;;;
6a57d3060e7870d7861ee8a5;68f1e4539a5bf3f514f25e13;6a7a4fcfa3e5992c5a5cc2c6;6a57bd657fa67faa93ade123;131.38;0;;;PUX-PUX-008;true;;;
6a57d3060e7870d7861ee8a6;68f1e4539a5bf3f514f25e13;6a7a4fcfa3e5992c5a5cc2c6;6a57bd657fa67faa93ade124;91.21;0;;;PUX-PUX-009;true;;;
6a57d3060e7870d7861ee8a7;68f1e4539a5bf3f514f25e13;6a7a4fcfa3e5992c5a5cc2c6;6a57bd657fa67faa93ade125;107.47;0;;;PUX-PUX-010;true;;;
6a57d3060e7870d7861ee8a8;68f1e4539a5bf3f514f25e13;6a7a4fcfa3e5992c5a5cc2c6;6a57bd657fa67faa93ade126;72.76;0;;;PUX-PUX-011;true;;;
6a57d3060e7870d7861ee8a9;68f1e4539a5bf3f514f25e13;6a7a4fcfa3e5992c5a5cc2c6;6a57bd657fa67faa93ade127;89.02;0;;;PUX-PUX-012;true;;;
6a57d3060e7870d7861ee8aa;68f1e4539a5bf3f514f25e13;6a7a4fcfa3e5992c5a5cc2c6;6a57bd657fa67faa93ade128;123.95;0;;;PUX-PUX-013;true;;;
6a57d3060e7870d7861ee8ab;68f1e4539a5bf3f514f25e13;6a7a4fcfa3e5992c5a5cc2c6;6a57bd657fa67faa93ade129;116.47;0;;;PUX-PUX-014;true;;;
6a57d3060e7870d7861ee8ac;68f1e4539a5bf3f514f25e13;6a7a4fcfa3e5992c5a5cc2c6;6a57bd657fa67faa93ade12a;106.16;0;;;PUX-PUX-015;true;;;
6a57d3060e7870d7861ee8ad;68f1e4539a5bf3f514f25e13;6a7a4fcfa3e5992c5a5cc2c6;6a57bd657fa67faa93ade12b;116.47;0;;;PUX-PUX-016;true;;;
6a57d3060e7870d7861ee8ae;68f1e4539a5bf3f514f25e13;6a7a4fcfa3e5992c5a5cc2c6;6a57bd657fa67faa93ade12c;106.16;0;;;PUX-PUX-017;true;;;
6a57d3060e7870d7861ee8af;68f1e4539a5bf3f514f25e13;6a7a4fcfa3e5992c5a5cc2c6;6a57bd657fa67faa93ade12d;117.87;0;;;PUX-PUX-018;true;;;
6a57d3060e7870d7861ee8b0;68f1e4539a5bf3f514f25e13;6a7a4fcfa3e5992c5a5cc2c6;6a57bd657fa67faa93ade12e;82.67;0;;;PUX-PUX-019;true;;;
6a57d3060e7870d7861ee8b1;68f1e4539a5bf3f514f25e13;6a7a4fcfa3e5992c5a5cc2c6;6a57bd657fa67faa93ade130;166.78;0;;;PUX-PUX-021;true;;;
6a57d3060e7870d7861ee8b2;68f1e4539a5bf3f514f25e13;6a7a4fcfa3e5992c5a5cc2c6;6a57bd657fa67faa93ade131;158.34;0;;;PUX-PUX-022;true;;;
6a57d3060e7870d7861ee8b3;68f1e4539a5bf3f514f25e13;6a7a4fcfa3e5992c5a5cc2c6;6a57bd657fa67faa93ade132;115.16;0;;;PUX-PUX-023;true;;;
6a57d3060e7870d7861ee8b4;68f1e4539a5bf3f514f25e13;6a7a4fcfa3e5992c5a5cc2c6;6a57bd657fa67faa93ade133;128.44;0;;;PUX-PUX-024;true;;;
6a57d3060e7870d7861ee8b5;68f1e4539a5bf3f514f25e13;6a7a4fcfa3e5992c5a5cc2c6;6a57bd657fa67faa93ade134;164.16;0;;;PUX-PUX-025;true;;;
6a57d3060e7870d7861ee8b6;68f1e4539a5bf3f514f25e13;6a7a4fcfa3e5992c5a5cc2c6;6a57bd657fa67faa93ade135;152.54;0;;;PUX-PUX-026;true;;;
6a57d3060e7870d7861ee8b7;68f1e4539a5bf3f514f25e13;6a7a4fcfa3e5992c5a5cc2c6;6a57bd657fa67faa93ade136;160.9;0;;;PUX-PUX-027;true;;;
6a57d3060e7870d7861ee8b8;68f1e4539a5bf3f514f25e13;6a7a4fcfa3e5992c5a5cc2c6;6a57bd657fa67faa93ade137;149.3;0;;;PUX-PUX-028;true;;;
6a57d3060e7870d7861ee8b9;68f1e4539a5bf3f514f25e13;6a7a4fcfa3e5992c5a5cc2c6;6a57bd657fa67faa93ade138;103.66;0;;;PUX-PUX-029;true;;;
6a57d3060e7870d7861ee8ba;68f1e4539a5bf3f514f25e13;6a7a4fcfa3e5992c5a5cc2c6;6a57bd657fa67faa93ade139;122.14;0;;;PUX-PUX-030;true;;;
6a57d3060e7870d7861ee8bb;68f1e4539a5bf3f514f25e13;6a7a4fcfa3e5992c5a5cc2c6;6a57bd657fa67faa93ade13a;82.7;0;;;PUX-PUX-031;true;;;
6a57d3060e7870d7861ee8bc;68f1e4539a5bf3f514f25e13;6a7a4fcfa3e5992c5a5cc2c6;6a57bd657fa67faa93ade13b;101.16;0;;;PUX-PUX-032;true;;;
6a57d3060e7870d7861ee8bd;68f1e4539a5bf3f514f25e13;6a7a4fcfa3e5992c5a5cc2c6;6a57bd657fa67faa93ade13c;123.94;0;;;PUX-PUX-033;true;;;
6a57d3060e7870d7861ee8be;68f1e4539a5bf3f514f25e13;6a7a4fcfa3e5992c5a5cc2c6;6a57bd657fa67faa93ade13d;122.45;0;;;PUX-PUX-034;true;;;
6a57d3060e7870d7861ee8bf;68f1e4539a5bf3f514f25e13;6a7a4fcfa3e5992c5a5cc2c6;6a57bd657fa67faa93ade13e;106.97;0;;;PUX-PUX-035;true;;;
6a57d3060e7870d7861ee8c0;68f1e4539a5bf3f514f25e13;6a7a4fcfa3e5992c5a5cc2c6;6a57bd657fa67faa93ade13f;119.16;0;;;PUX-PUX-036;true;;;
6a57d3060e7870d7861ee8c1;68f1e4539a5bf3f514f25e13;6a7a4fcfa3e5992c5a5cc2c6;6a57bd657fa67faa93ade140;100.99;0;;;PUX-PUX-037;true;;;
6a57d3060e7870d7861ee8c2;68f1e4539a5bf3f514f25e13;6a7a4fcfa3e5992c5a5cc2c6;6a57bd657fa67faa93ade141;133.94;0;;;PUX-PUX-038;true;;;
6a57d3060e7870d7861ee8c3;68f1e4539a5bf3f514f25e13;6a7a4fcfa3e5992c5a5cc2c6;6a57bd657fa67faa93ade142;93.94;0;;;PUX-PUX-039;true;;;
6a57d3060e7870d7861ee8c4;68f1e4539a5bf3f514f25e13;6a7a4fcfa3e5992c5a5cc2c6;6a57bd657fa67faa93ade143;733.67;0;;;SUP-SUP-001;true;;;
6a57d3060e7870d7861ee8c5;68f1e4539a5bf3f514f25e13;6a7a4fcfa3e5992c5a5cc2c6;6a57bd657fa67faa93ade144;979.17;0;;;SUP-SUP-002;true;;;
6a57d3060e7870d7861ee8c6;68f1e4539a5bf3f514f25e13;6a7a4fcfa3e5992c5a5cc2c6;6a57bd657fa67faa93ade145;1048.09;0;;;SUP-SUP-003;true;;;
6a57d3060e7870d7861ee8c7;68f1e4539a5bf3f514f25e13;6a7a4fcfa3e5992c5a5cc2c6;6a57bd657fa67faa93ade146;314.01;0;;;SUP-SUP-004;true;;;
6a57d3060e7870d7861ee8c8;68f1e4539a5bf3f514f25e13;6a7a4fcfa3e5992c5a5cc2c6;6a57bd657fa67faa93ade147;671.32;0;;;SUP-SUP-005;true;;;
6a57d3060e7870d7861ee8c9;68f1e4539a5bf3f514f25e13;6a7a4fcfa3e5992c5a5cc2c6;6a57bd657fa67faa93ade148;406.35;0;;;SUP-SUP-006;true;;;
6a57d3060e7870d7861ee8ca;68f1e4539a5bf3f514f25e13;6a7a4fcfa3e5992c5a5cc2c6;6a57bd657fa67faa93ade149;406.35;0;;;SUP-SUP-007;true;;;
6a57d3060e7870d7861ee8cb;68f1e4539a5bf3f514f25e13;6a7a4fcfa3e5992c5a5cc2c6;6a57bd657fa67faa93ade14a;239.07;0;;;SUP-SUP-008;true;;;
6a57d3060e7870d7861ee8cc;68f1e4539a5bf3f514f25e13;6a7a4fcfa3e5992c5a5cc2c6;6a57bd657fa67faa93ade14d;911.81;0;;;SUP-SUP-011;true;;;
6a57d3060e7870d7861ee8cd;68f1e4539a5bf3f514f25e13;6a7a4fcfa3e5992c5a5cc2c6;6a57bd657fa67faa93ade14e;792.88;0;;;SUP-SUP-012;true;;;
6a57d3060e7870d7861ee8ce;68f1e4539a5bf3f514f25e13;6a7a4fcfa3e5992c5a5cc2c6;6a57bd657fa67faa93ade14f;1070.39;0;;;SUP-SUP-013;true;;;
6a57d3060e7870d7861ee8d0;68f1e4539a5bf3f514f25e13;6a7a4fcfa3e5992c5a5cc2c6;6a57bd657fa67faa93ade151;877.5;0;;;SUP-SUP-015;true;;;
6a57d3060e7870d7861ee8d1;68f1e4539a5bf3f514f25e13;6a7a4fcfa3e5992c5a5cc2c6;6a57bd657fa67faa93ade152;470.98;0;;;SUP-SUP-016;true;;;
6a57d3060e7870d7861ee8d2;68f1e4539a5bf3f514f25e13;6a7a4fcfa3e5992c5a5cc2c6;6a57bd657fa67faa93ade153;231.59;0;;;SUP-SUP-017;true;;;
6a57d3060e7870d7861ee8d3;68f1e4539a5bf3f514f25e13;6a7a4fcfa3e5992c5a5cc2c6;6a57bd657fa67faa93ade154;495.55;0;;;SUP-SUP-018;true;;;
6a57d3060e7870d7861ee8d4;68f1e4539a5bf3f514f25e13;6a7a4fcfa3e5992c5a5cc2c6;6a57bd657fa67faa93ade155;188.32;0;;;SUP-SUP-019;true;;;
6a57d3060e7870d7861ee8d5;68f1e4539a5bf3f514f25e13;6a7a4fcfa3e5992c5a5cc2c6;6a57bd657fa67faa93ade156;658.28;0;;;SUP-SUP-020;true;;;
6a57d3060e7870d7861ee8d6;68f1e4539a5bf3f514f25e13;6a7a4fcfa3e5992c5a5cc2c6;6a57bd657fa67faa93ade157;578.52;0;;;SUP-SUP-021;true;;;
6a57d3060e7870d7861ee8d7;68f1e4539a5bf3f514f25e13;6a7a4fcfa3e5992c5a5cc2c6;6a57bd657fa67faa93ade158;211.84;0;;;SUP-SUP-022;true;;;
6a57d3060e7870d7861ee8d8;68f1e4539a5bf3f514f25e13;6a7a4fcfa3e5992c5a5cc2c6;6a57bd657fa67faa93ade159;349.44;0;;;SUP-SUP-023;true;;;
6a57d3060e7870d7861ee8d9;68f1e4539a5bf3f514f25e13;6a7a4fcfa3e5992c5a5cc2c6;6a57bd657fa67faa93ade15a;210.27;0;;;SUP-SUP-024;true;;;
6a57d3060e7870d7861ee8da;68f1e4539a5bf3f514f25e13;6a7a4fcfa3e5992c5a5cc2c6;6a57bd657fa67faa93ade15b;448.4;0;;;SUP-SUP-025;true;;;
6a57d3060e7870d7861ee8db;68f1e4539a5bf3f514f25e13;6a7a4fcfa3e5992c5a5cc2c6;6a57bd657fa67faa93ade15c;508.2;0;;;SUP-SUP-026;true;;;
6a57d3060e7870d7861ee8dd;68f1e4539a5bf3f514f25e13;6a7a4fcfa3e5992c5a5cc2c6;6a57bd657fa67faa93ade15e;868;0;;;SUP-SUP-028;true;;;
6a57d3060e7870d7861ee8de;68f1e4539a5bf3f514f25e13;6a7a4fcfa3e5992c5a5cc2c6;6a57bd657fa67faa93ade15f;1054;0;;;SUP-SUP-029;true;;;
6a57d3060e7870d7861ee8df;68f1e4539a5bf3f514f25e13;6a7a4fcfa3e5992c5a5cc2c6;6a57bd657fa67faa93ade160;620;0;;;SUP-SUP-030;true;;;
6a57d3060e7870d7861ee8e0;68f1e4539a5bf3f514f25e13;6a7a4fcfa3e5992c5a5cc2c6;6a57bd657fa67faa93ade16c;868;0;;;SUP-SUP-035;true;;;
6a57d3060e7870d7861ee8e1;68f1e4539a5bf3f514f25e13;6a7a4fcfa3e5992c5a5cc2c6;6a57bd657fa67faa93ade16d;930;0;;;SUP-SUP-036;true;;;
6a57d3060e7870d7861ee8e2;68f1e4539a5bf3f514f25e13;6a7a4fcfa3e5992c5a5cc2c6;6a57bd657fa67faa93ade16e;1054;0;;;SUP-SUP-037;true;;;
6a57d3060e7870d7861ee8e3;68f1e4539a5bf3f514f25e13;6a7a4fcfa3e5992c5a5cc2c6;6a57bd657fa67faa93ade173;1054;0;;;SUP-SUP-042;true;;;
6a57d3060e7870d7861ee8e4;68f1e4539a5bf3f514f25e13;6a7a4fcfa3e5992c5a5cc2c6;6a57bd657fa67faa93ade174;1178;0;;;SUP-SUP-043;true;;;
6a57d3060e7870d7861ee8e5;68f1e4539a5bf3f514f25e13;6a7a4fcfa3e5992c5a5cc2c6;6a57bd657fa67faa93ade175;1364;0;;;SUP-SUP-044;true;;;
6a57d3060e7870d7861ee8e6;68f1e4539a5bf3f514f25e13;6a7a4fcfa3e5992c5a5cc2c6;6a57bdb389f31864ba0fb459;1054;0;;;SUP-SUP-049;true;;;
6a57d3060e7870d7861ee8e7;68f1e4539a5bf3f514f25e13;6a7a4fcfa3e5992c5a5cc2c6;6a57bdb389f31864ba0fb45a;496;0;;;SUP-SUP-050;true;;;
6a57d3060e7870d7861ee8e8;68f1e4539a5bf3f514f25e13;6a7a4fcfa3e5992c5a5cc2c6;6a57bd657fa67faa93ade161;310;0;;;SUP-SUP-051;true;;;
6a57d3060e7870d7861ee8e9;68f1e4539a5bf3f514f25e13;6a7a4fcfa3e5992c5a5cc2c6;6a57bd657fa67faa93ade162;744;0;;;SUP-SUP-052;true;;;
6a57d3060e7870d7861ee8ea;68f1e4539a5bf3f514f25e13;6a7a4fcfa3e5992c5a5cc2c6;6a57bd657fa67faa93ade163;558;0;;;SUP-SUP-053;true;;;
6a57d3060e7870d7861ee8eb;68f1e4539a5bf3f514f25e13;6a7a4fcfa3e5992c5a5cc2c6;6a57bd657fa67faa93ade164;620;0;;;SUP-SUP-054;true;;;
6a57d3060e7870d7861ee8ec;68f1e4539a5bf3f514f25e13;6a7a4fcfa3e5992c5a5cc2c6;6a57bd657fa67faa93ade165;558;0;;;SUP-SUP-055;true;;;
6a57d3060e7870d7861ee8ed;68f1e4539a5bf3f514f25e13;6a7a4fcfa3e5992c5a5cc2c6;6a57bd657fa67faa93ade166;111.6;0;;;SUP-SUP-056;true;;;
6a57d3060e7870d7861ee8ee;68f1e4539a5bf3f514f25e13;6a7a4fcfa3e5992c5a5cc2c6;6a57bdb389f31864ba0fb45b;558;0;;;SUP-SUP-057;true;;;
6a57d3060e7870d7861ee8ef;68f1e4539a5bf3f514f25e13;6a7a4fcfa3e5992c5a5cc2c6;6a57bdb389f31864ba0fb45c;620;0;;;SUP-SUP-058;true;;;
6a57d3060e7870d7861ee8f0;68f1e4539a5bf3f514f25e13;6a7a4fcfa3e5992c5a5cc2c6;6a57bdb389f31864ba0fb45d;682;0;;;SUP-SUP-059;true;;;
6a57d3060e7870d7861ee8f1;68f1e4539a5bf3f514f25e13;6a7a4fcfa3e5992c5a5cc2c6;6a57bdb389f31864ba0fb45e;930;0;;;SUP-SUP-060;true;;;
6a57d3060e7870d7861ee8f2;68f1e4539a5bf3f514f25e13;6a7a4fcfa3e5992c5a5cc2c6;6a57bdb389f31864ba0fb45f;186;0;;;SUP-SUP-061;true;;;
6a57d3060e7870d7861ee8f3;68f1e4539a5bf3f514f25e13;6a7a4fcfa3e5992c5a5cc2c6;6a57bdb389f31864ba0fb460;248;0;;;SUP-SUP-062;true;;;
6a57d3060e7870d7861ee8f4;68f1e4539a5bf3f514f25e13;6a7a4fcfa3e5992c5a5cc2c6;6a57bdb389f31864ba0fb461;310;0;;;SUP-SUP-063;true;;;
6a57d3060e7870d7861ee8f5;68f1e4539a5bf3f514f25e13;6a7a4fcfa3e5992c5a5cc2c6;6a57bdb389f31864ba0fb462;372;0;;;SUP-SUP-064;true;;;
6a57d3060e7870d7861ee8f6;68f1e4539a5bf3f514f25e13;6a7a4fcfa3e5992c5a5cc2c6;6a57bdb389f31864ba0fb463;434;0;;;SUP-SUP-065;true;;;
6a57d3060e7870d7861ee8f7;68f1e4539a5bf3f514f25e13;6a7a4fcfa3e5992c5a5cc2c6;6a57bdb389f31864ba0fb464;496;0;;;SUP-SUP-066;true;;;
6a57d3060e7870d7861ee8f8;68f1e4539a5bf3f514f25e13;6a7a4fcfa3e5992c5a5cc2c6;6a57bdb389f31864ba0fb465;186;0;;;SUP-SUP-067;true;;;
6a57d3060e7870d7861ee8f9;68f1e4539a5bf3f514f25e13;6a7a4fcfa3e5992c5a5cc2c6;6a57bdb389f31864ba0fb466;285.2;0;;;SUP-SUP-068;true;;;
6a57d3060e7870d7861ee8fa;68f1e4539a5bf3f514f25e13;6a7a4fcfa3e5992c5a5cc2c6;6a57bdb389f31864ba0fb467;310;0;;;SUP-SUP-069;true;;;
6a57d3060e7870d7861ee8fb;68f1e4539a5bf3f514f25e13;6a7a4fcfa3e5992c5a5cc2c6;6a57bdb389f31864ba0fb468;372;0;;;SUP-SUP-070;true;;;
6a57d3060e7870d7861ee8fc;68f1e4539a5bf3f514f25e13;6a7a4fcfa3e5992c5a5cc2c6;6a57bdb389f31864ba0fb469;434;0;;;SUP-SUP-071;true;;;
6a57d3060e7870d7861ee8fd;68f1e4539a5bf3f514f25e13;6a7a4fcfa3e5992c5a5cc2c6;6a57bdb389f31864ba0fb46a;496;0;;;SUP-SUP-072;true;;;
6a57d3060e7870d7861ee8fe;68f1e4539a5bf3f514f25e13;6a7a4fcfa3e5992c5a5cc2c6;6a57bd657fa67faa93ade167;124;0;;;SUP-SUP-073;true;;;
6a57d3060e7870d7861ee8ff;68f1e4539a5bf3f514f25e13;6a7a4fcfa3e5992c5a5cc2c6;6a57bdb389f31864ba0fb470;372;0;;;EST-HAC-004;true;;;
6a57d3060e7870d7861ee900;68f1e4539a5bf3f514f25e13;6a7a4fcfa3e5992c5a5cc2c6;6a57bdb389f31864ba0fb471;496;0;;;EST-HAC-005;true;;;
6a57d3060e7870d7861ee901;68f1e4539a5bf3f514f25e13;6a7a4fcfa3e5992c5a5cc2c6;6a57bdb389f31864ba0fb472;186;0;;;EST-HAC-006;true;;;
6a57d3060e7870d7861ee902;68f1e4539a5bf3f514f25e13;6a7a4fcfa3e5992c5a5cc2c6;6a57bdb389f31864ba0fb473;124;0;;;EST-HAC-007;true;;;
6a57d3060e7870d7861ee903;68f1e4539a5bf3f514f25e13;6a7a4fcfa3e5992c5a5cc2c6;6a57bdb389f31864ba0fb474;210.8;0;;;EST-HAC-008;true;;;
6a57d3060e7870d7861ee904;68f1e4539a5bf3f514f25e13;6a7a4fcfa3e5992c5a5cc2c6;6a57bdb389f31864ba0fb475;682;0;;;EST-HAC-009;true;;;
6a57d3060e7870d7861ee905;68f1e4539a5bf3f514f25e13;6a7a4fcfa3e5992c5a5cc2c6;6a57bdb389f31864ba0fb476;868;0;;;EST-HAC-010;true;;;
6a57d3060e7870d7861ee906;68f1e4539a5bf3f514f25e13;6a7a4fcfa3e5992c5a5cc2c6;6a57bdb389f31864ba0fb477;558;0;;;EST-HAC-011;true;;;
6a57d3060e7870d7861ee907;68f1e4539a5bf3f514f25e13;6a7a4fcfa3e5992c5a5cc2c6;6a57bdb389f31864ba0fb478;372;0;;;EST-HAC-012;true;;;
6a57d3f1c93c3ab905e107fb;68f1e4539a5bf3f514f25e13;6a7a4fcfa3e5992c5a5cc2c6;6a3fd72af902fe48947f7930;40.16;0;;Anilhas e Halteres Brasil;;true;;;
6a57d3f1c93c3ab905e107fc;68f1e4539a5bf3f514f25e13;6a7a4fcfa3e5992c5a5cc2c6;6a3fd72af902fe48947f7931;60.24;0;;Anilhas e Halteres Brasil;;true;;;
6a57d3f1c93c3ab905e107fd;68f1e4539a5bf3f514f25e13;6a7a4fcfa3e5992c5a5cc2c6;6a3fd72af902fe48947f7932;80.32;0;;Anilhas e Halteres Brasil;;true;;;
6a57d3f1c93c3ab905e107fe;68f1e4539a5bf3f514f25e13;6a7a4fcfa3e5992c5a5cc2c6;6a3fd72af902fe48947f7933;100.4;0;;Anilhas e Halteres Brasil;;true;;;
6a57d3f1c93c3ab905e107ff;68f1e4539a5bf3f514f25e13;6a7a4fcfa3e5992c5a5cc2c6;6a3fd72af902fe48947f7934;120.48;0;;Anilhas e Halteres Brasil;;true;;;
6a57d3f1c93c3ab905e10800;68f1e4539a5bf3f514f25e13;6a7a4fcfa3e5992c5a5cc2c6;6a3fd72af902fe48947f7935;140.56;0;;Anilhas e Halteres Brasil;;true;;;
6a57d3f1c93c3ab905e10801;68f1e4539a5bf3f514f25e13;6a7a4fcfa3e5992c5a5cc2c6;6a3fd72af902fe48947f7936;160.64;0;;Anilhas e Halteres Brasil;;true;;;
6a57d3f1c93c3ab905e10802;68f1e4539a5bf3f514f25e13;6a7a4fcfa3e5992c5a5cc2c6;6a3fd72af902fe48947f7937;180.72;0;;Anilhas e Halteres Brasil;;true;;;
6a57d3f1c93c3ab905e10803;68f1e4539a5bf3f514f25e13;6a7a4fcfa3e5992c5a5cc2c6;6a3fd72af902fe48947f7938;200.8;0;;Anilhas e Halteres Brasil;;true;;;
6a57d3f1c93c3ab905e10804;68f1e4539a5bf3f514f25e13;6a7a4fcfa3e5992c5a5cc2c6;6a3fd72af902fe48947f7939;220.88;0;;Anilhas e Halteres Brasil;;true;;;
6a57d3f1c93c3ab905e10805;68f1e4539a5bf3f514f25e13;6a7a4fcfa3e5992c5a5cc2c6;6a3fd72af902fe48947f793a;240.96;0;;Anilhas e Halteres Brasil;;true;;;
6a57d3f1c93c3ab905e10806;68f1e4539a5bf3f514f25e13;6a7a4fcfa3e5992c5a5cc2c6;6a3fd72af902fe48947f793b;261.04;0;;Anilhas e Halteres Brasil;;true;;;
6a57d3f1c93c3ab905e10807;68f1e4539a5bf3f514f25e13;6a7a4fcfa3e5992c5a5cc2c6;6a3fd72af902fe48947f793c;281.12;0;;Anilhas e Halteres Brasil;;true;;;
6a57d3f1c93c3ab905e10808;68f1e4539a5bf3f514f25e13;6a7a4fcfa3e5992c5a5cc2c6;6a3fd72af902fe48947f793d;301.2;0;;Anilhas e Halteres Brasil;;true;;;
6a57d3f1c93c3ab905e10809;68f1e4539a5bf3f514f25e13;6a7a4fcfa3e5992c5a5cc2c6;6a3fd72af902fe48947f793e;321.28;0;;Anilhas e Halteres Brasil;;true;;;
6a57d3f1c93c3ab905e1080a;68f1e4539a5bf3f514f25e13;6a7a4fcfa3e5992c5a5cc2c6;6a3fd72af902fe48947f793f;341.36;0;;Anilhas e Halteres Brasil;;true;;;
6a57d3f1c93c3ab905e1080b;68f1e4539a5bf3f514f25e13;6a7a4fcfa3e5992c5a5cc2c6;6a3fd72af902fe48947f7940;361.44;0;;Anilhas e Halteres Brasil;;true;;;
6a57d3f1c93c3ab905e1080c;68f1e4539a5bf3f514f25e13;6a7a4fcfa3e5992c5a5cc2c6;6a3fd72af902fe48947f7941;381.52;0;;Anilhas e Halteres Brasil;;true;;;
6a57d3f1c93c3ab905e1080d;68f1e4539a5bf3f514f25e13;6a7a4fcfa3e5992c5a5cc2c6;6a3fd72af902fe48947f7942;401.6;0;;Anilhas e Halteres Brasil;;true;;;
6a57d40b81a442d6e7593f03;68f1e4539a5bf3f514f25e13;6a7a4fcfa3e5992c5a5cc2c6;6a3fd72af902fe48947f7943;40.16;0;;Anilhas e Halteres Brasil;KET-KET-002;true;;;
6a57d40b81a442d6e7593f04;68f1e4539a5bf3f514f25e13;6a7a4fcfa3e5992c5a5cc2c6;6a3fd72af902fe48947f7944;60.24;0;;Anilhas e Halteres Brasil;KET-KET-002;true;;;
6a57d40b81a442d6e7593f05;68f1e4539a5bf3f514f25e13;6a7a4fcfa3e5992c5a5cc2c6;6a3fd72af902fe48947f7945;80.32;0;;Anilhas e Halteres Brasil;KET-KET-002;true;;;
6a57d40b81a442d6e7593f06;68f1e4539a5bf3f514f25e13;6a7a4fcfa3e5992c5a5cc2c6;6a3fd72af902fe48947f7946;100.4;0;;Anilhas e Halteres Brasil;KET-KET-002;true;;;
6a57d40b81a442d6e7593f07;68f1e4539a5bf3f514f25e13;6a7a4fcfa3e5992c5a5cc2c6;6a3fd72af902fe48947f7947;120.48;0;;Anilhas e Halteres Brasil;KET-KET-002;true;;;
6a57d40b81a442d6e7593f08;68f1e4539a5bf3f514f25e13;6a7a4fcfa3e5992c5a5cc2c6;6a3fd72af902fe48947f7948;140.56;0;;Anilhas e Halteres Brasil;KET-KET-002;true;;;
6a57d40b81a442d6e7593f09;68f1e4539a5bf3f514f25e13;6a7a4fcfa3e5992c5a5cc2c6;6a3fd72af902fe48947f7949;160.64;0;;Anilhas e Halteres Brasil;KET-KET-002;true;;;
6a57d40b81a442d6e7593f0a;68f1e4539a5bf3f514f25e13;6a7a4fcfa3e5992c5a5cc2c6;6a3fd72af902fe48947f794a;180.72;0;;Anilhas e Halteres Brasil;KET-KET-002;true;;;
6a57d40b81a442d6e7593f0b;68f1e4539a5bf3f514f25e13;6a7a4fcfa3e5992c5a5cc2c6;6a3fd72af902fe48947f794b;200.8;0;;Anilhas e Halteres Brasil;KET-KET-002;true;;;
6a57d40b81a442d6e7593f0c;68f1e4539a5bf3f514f25e13;6a7a4fcfa3e5992c5a5cc2c6;6a3fd72af902fe48947f794d;240.96;0;;Anilhas e Halteres Brasil;KET-KET-002;true;;;
6a57d40b81a442d6e7593f0d;68f1e4539a5bf3f514f25e13;6a7a4fcfa3e5992c5a5cc2c6;6a3fd72af902fe48947f794e;261.04;0;;Anilhas e Halteres Brasil;KET-KET-002;true;;;
6a57d40b81a442d6e7593f0e;68f1e4539a5bf3f514f25e13;6a7a4fcfa3e5992c5a5cc2c6;6a3fd72af902fe48947f794f;281.12;0;;Anilhas e Halteres Brasil;KET-KET-002;true;;;
6a57d40b81a442d6e7593f0f;68f1e4539a5bf3f514f25e13;6a7a4fcfa3e5992c5a5cc2c6;6a3fd72af902fe48947f7950;301.2;0;;Anilhas e Halteres Brasil;KET-KET-002;true;;;
6a57d40b81a442d6e7593f10;68f1e4539a5bf3f514f25e13;6a7a4fcfa3e5992c5a5cc2c6;6a3fd72af902fe48947f7951;321.28;0;;Anilhas e Halteres Brasil;KET-KET-002;true;;;
6a57d40b81a442d6e7593f11;68f1e4539a5bf3f514f25e13;6a7a4fcfa3e5992c5a5cc2c6;6a3fd72af902fe48947f7952;341.36;0;;Anilhas e Halteres Brasil;KET-KET-002;true;;;
6a57d40b81a442d6e7593f12;68f1e4539a5bf3f514f25e13;6a7a4fcfa3e5992c5a5cc2c6;6a3fd72af902fe48947f7953;361.44;0;;Anilhas e Halteres Brasil;KET-KET-002;true;;;
6a57d40b81a442d6e7593f13;68f1e4539a5bf3f514f25e13;6a7a4fcfa3e5992c5a5cc2c6;6a3fd72af902fe48947f7954;381.52;0;;Anilhas e Halteres Brasil;KET-KET-002;true;;;
6a57d40b81a442d6e7593f14;68f1e4539a5bf3f514f25e13;6a7a4fcfa3e5992c5a5cc2c6;6a3fd72af902fe48947f7955;401.6;0;;Anilhas e Halteres Brasil;KET-KET-002;true;;;
6a57d421d945dbe3543bdb60;68f1e4539a5bf3f514f25e13;6a7a4fcfa3e5992c5a5cc2c6;6a3fd72af902fe48947f7969;31.24;0;;Anilhas e Halteres Brasil;;true;;;
6a57d421d945dbe3543bdb61;68f1e4539a5bf3f514f25e13;6a7a4fcfa3e5992c5a5cc2c6;6a3fd72af902fe48947f796a;46.86;0;;Anilhas e Halteres Brasil;;true;;;
6a57d421d945dbe3543bdb62;68f1e4539a5bf3f514f25e13;6a7a4fcfa3e5992c5a5cc2c6;6a3fd72af902fe48947f796b;62.48;0;;Anilhas e Halteres Brasil;;true;;;
6a57d421d945dbe3543bdb63;68f1e4539a5bf3f514f25e13;6a7a4fcfa3e5992c5a5cc2c6;6a3fd72af902fe48947f796c;78.1;0;;Anilhas e Halteres Brasil;;true;;;
6a57d421d945dbe3543bdb64;68f1e4539a5bf3f514f25e13;6a7a4fcfa3e5992c5a5cc2c6;6a3fd72af902fe48947f796d;93.72;0;;Anilhas e Halteres Brasil;;true;;;
6a57d421d945dbe3543bdb65;68f1e4539a5bf3f514f25e13;6a7a4fcfa3e5992c5a5cc2c6;6a3fd72af902fe48947f796e;109.34;0;;Anilhas e Halteres Brasil;;true;;;
6a57d421d945dbe3543bdb66;68f1e4539a5bf3f514f25e13;6a7a4fcfa3e5992c5a5cc2c6;6a3fd72af902fe48947f796f;124.96;0;;Anilhas e Halteres Brasil;;true;;;
6a57d421d945dbe3543bdb67;68f1e4539a5bf3f514f25e13;6a7a4fcfa3e5992c5a5cc2c6;6a3fd72af902fe48947f7970;140.58;0;;Anilhas e Halteres Brasil;;true;;;
6a57d421d945dbe3543bdb68;68f1e4539a5bf3f514f25e13;6a7a4fcfa3e5992c5a5cc2c6;6a3fd72af902fe48947f7971;156.2;0;;Anilhas e Halteres Brasil;;true;;;
6a57d421d945dbe3543bdb69;68f1e4539a5bf3f514f25e13;6a7a4fcfa3e5992c5a5cc2c6;6a3fd72af902fe48947f7972;171.82;0;;Anilhas e Halteres Brasil;;true;;;
6a57d421d945dbe3543bdb6a;68f1e4539a5bf3f514f25e13;6a7a4fcfa3e5992c5a5cc2c6;6a3fd72af902fe48947f7973;187.44;0;;Anilhas e Halteres Brasil;;true;;;
6a57d421d945dbe3543bdb6b;68f1e4539a5bf3f514f25e13;6a7a4fcfa3e5992c5a5cc2c6;6a3fd72af902fe48947f7974;203.06;0;;Anilhas e Halteres Brasil;;true;;;
6a57d421d945dbe3543bdb6c;68f1e4539a5bf3f514f25e13;6a7a4fcfa3e5992c5a5cc2c6;6a3fd72af902fe48947f7975;218.68;0;;Anilhas e Halteres Brasil;;true;;;
6a57d421d945dbe3543bdb6d;68f1e4539a5bf3f514f25e13;6a7a4fcfa3e5992c5a5cc2c6;6a3fd72af902fe48947f7976;234.3;0;;Anilhas e Halteres Brasil;;true;;;
6a57d421d945dbe3543bdb6e;68f1e4539a5bf3f514f25e13;6a7a4fcfa3e5992c5a5cc2c6;6a3fd72af902fe48947f7977;249.92;0;;Anilhas e Halteres Brasil;;true;;;
6a57d421d945dbe3543bdb6f;68f1e4539a5bf3f514f25e13;6a7a4fcfa3e5992c5a5cc2c6;6a3fd72af902fe48947f7978;265.54;0;;Anilhas e Halteres Brasil;;true;;;
6a57d421d945dbe3543bdb70;68f1e4539a5bf3f514f25e13;6a7a4fcfa3e5992c5a5cc2c6;6a3fd72af902fe48947f7979;281.16;0;;Anilhas e Halteres Brasil;;true;;;
6a57d421d945dbe3543bdb71;68f1e4539a5bf3f514f25e13;6a7a4fcfa3e5992c5a5cc2c6;6a3fd72af902fe48947f797a;296.78;0;;Anilhas e Halteres Brasil;;true;;;
6a57d421d945dbe3543bdb72;68f1e4539a5bf3f514f25e13;6a7a4fcfa3e5992c5a5cc2c6;6a3fd72af902fe48947f797b;312.4;0;;Anilhas e Halteres Brasil;;true;;;
6a57e724ed53ce8e3be966db;68f1e4539a5bf3f514f25e13;6a7a4fcfa3e5992c5a5cc2c6;6a3de23bc03bf79c138cbc5f;176.4;0;;;ANI-SPO-001;true;;;
6a57ea0f93eac6225896f25c;68f1e4539a5bf3f514f25e13;6a7a4fcfa3e5992c5a5cc2c6;6a3de23bc03bf79c138cbc5a;26.46;0;;;ANI-SPO-001;true;;;
6a57ea0f93eac6225896f25d;68f1e4539a5bf3f514f25e13;6a7a4fcfa3e5992c5a5cc2c6;6a3de23bc03bf79c138cbc5c;44.1;0;;;ANI-SPO-001;true;;;
6a57ea0f93eac6225896f25e;68f1e4539a5bf3f514f25e13;6a7a4fcfa3e5992c5a5cc2c6;6a3de23bc03bf79c138cbc59;17.64;0;;;ANI-SPO-001;true;;;
6a57ea0f93eac6225896f25f;68f1e4539a5bf3f514f25e13;6a7a4fcfa3e5992c5a5cc2c6;6a3de23bc03bf79c138cbc5b;35.28;0;;;ANI-SPO-001;true;;;
6a57ea0f93eac6225896f260;68f1e4539a5bf3f514f25e13;6a7a4fcfa3e5992c5a5cc2c6;6a3de23bc03bf79c138cbc58;8.82;0;;;ANI-SPO-001;true;;;
6a57ea0f93eac6225896f261;68f1e4539a5bf3f514f25e13;6a7a4fcfa3e5992c5a5cc2c6;6a3de23bc03bf79c138cbc5d;88.2;0;;;ANI-SPO-001;true;;;
6a57ea0f93eac6225896f262;68f1e4539a5bf3f514f25e13;6a7a4fcfa3e5992c5a5cc2c6;6a3de23bc03bf79c138cbc60;220.5;0;;;ANI-SPO-001;true;;;
6a57ea0f93eac6225896f263;68f1e4539a5bf3f514f25e13;6a7a4fcfa3e5992c5a5cc2c6;6a3de23bc03bf79c138cbc5e;132.3;0;;;ANI-SPO-001;true;;;
6a57ea0f93eac6225896f264;68f1e4539a5bf3f514f25e13;6a7a4fcfa3e5992c5a5cc2c6;6a3de23bc03bf79c138cbc70;163.8;0;;;ANI-SPO-002;true;;;
6a57ea0f93eac6225896f265;68f1e4539a5bf3f514f25e13;6a7a4fcfa3e5992c5a5cc2c6;6a3de23bc03bf79c138cbc71;218.4;0;;;ANI-SPO-002;true;;;
6a57ea0f93eac6225896f266;68f1e4539a5bf3f514f25e13;6a7a4fcfa3e5992c5a5cc2c6;6a3de23bc03bf79c138cbc6f;109.2;0;;;ANI-SPO-002;true;;;
6a57ea0f93eac6225896f267;68f1e4539a5bf3f514f25e13;6a7a4fcfa3e5992c5a5cc2c6;6a3de23bc03bf79c138cbc6b;21.84;0;;;ANI-SPO-002;true;;;
6a57ea0f93eac6225896f268;68f1e4539a5bf3f514f25e13;6a7a4fcfa3e5992c5a5cc2c6;6a3de23bc03bf79c138cbc6a;10.92;0;;;ANI-SPO-002;true;;;
6a57ea0f93eac6225896f269;68f1e4539a5bf3f514f25e13;6a7a4fcfa3e5992c5a5cc2c6;6a3de23bc03bf79c138cbc6c;32.76;0;;;ANI-SPO-002;true;;;
6a57ea0f93eac6225896f26a;68f1e4539a5bf3f514f25e13;6a7a4fcfa3e5992c5a5cc2c6;6a3de23bc03bf79c138cbc6d;43.68;0;;;ANI-SPO-002;true;;;
6a57ea0f93eac6225896f26b;68f1e4539a5bf3f514f25e13;6a7a4fcfa3e5992c5a5cc2c6;6a3de23bc03bf79c138cbc62;18.68;0;;;ANI-SPO-003;true;;;
6a57ea0f93eac6225896f26c;68f1e4539a5bf3f514f25e13;6a7a4fcfa3e5992c5a5cc2c6;6a3de23bc03bf79c138cbc64;37.36;0;;;ANI-SPO-003;true;;;
6a57ea0f93eac6225896f26d;68f1e4539a5bf3f514f25e13;6a7a4fcfa3e5992c5a5cc2c6;6a3de23bc03bf79c138cbc66;93.4;0;;;ANI-SPO-003;true;;;
6a57ea0f93eac6225896f26e;68f1e4539a5bf3f514f25e13;6a7a4fcfa3e5992c5a5cc2c6;6a3de23bc03bf79c138cbc68;186.8;0;;;ANI-SPO-003;true;;;
6a57ea0f93eac6225896f26f;68f1e4539a5bf3f514f25e13;6a7a4fcfa3e5992c5a5cc2c6;6a3de23bc03bf79c138cbc61;9.34;0;;;ANI-SPO-003;true;;;
6a57ea0f93eac6225896f270;68f1e4539a5bf3f514f25e13;6a7a4fcfa3e5992c5a5cc2c6;6a3de23bc03bf79c138cbc67;140.1;0;;;ANI-SPO-003;true;;;
6a57ea0f93eac6225896f271;68f1e4539a5bf3f514f25e13;6a7a4fcfa3e5992c5a5cc2c6;6a3de23bc03bf79c138cbc65;46.7;0;;;ANI-SPO-003;true;;;
6a57ea0f93eac6225896f272;68f1e4539a5bf3f514f25e13;6a7a4fcfa3e5992c5a5cc2c6;6a3de23bc03bf79c138cbc69;233.5;0;;;ANI-SPO-003;true;;;
6a57ea0f93eac6225896f273;68f1e4539a5bf3f514f25e13;6a7a4fcfa3e5992c5a5cc2c6;6a3de23bc03bf79c138cbc04;107.85;0;;;ANI-VAZ-001;true;;;
6a57ea0f93eac6225896f274;68f1e4539a5bf3f514f25e13;6a7a4fcfa3e5992c5a5cc2c6;6a3de23bc03bf79c138cbc01;28.76;0;;;ANI-VAZ-001;true;;;
6a57ea0f93eac6225896f275;68f1e4539a5bf3f514f25e13;6a7a4fcfa3e5992c5a5cc2c6;6a3de23bc03bf79c138cbbff;14.38;0;;;ANI-VAZ-001;true;;;
6a57ea0f93eac6225896f276;68f1e4539a5bf3f514f25e13;6a7a4fcfa3e5992c5a5cc2c6;6a3de23bc03bf79c138cbc00;21.57;0;;;ANI-VAZ-001;true;;;
6a57ea0f93eac6225896f277;68f1e4539a5bf3f514f25e13;6a7a4fcfa3e5992c5a5cc2c6;6a3de23bc03bf79c138cbc06;179.75;0;;;ANI-VAZ-001;true;;;
6a57ea0f93eac6225896f278;68f1e4539a5bf3f514f25e13;6a7a4fcfa3e5992c5a5cc2c6;6a3de23bc03bf79c138cbbfe;7.19;0;;;ANI-VAZ-001;true;;;
6a57ea0f93eac6225896f279;68f1e4539a5bf3f514f25e13;6a7a4fcfa3e5992c5a5cc2c6;6a3de23bc03bf79c138cbc03;71.9;0;;;ANI-VAZ-001;true;;;
6a57ea0f93eac6225896f27a;68f1e4539a5bf3f514f25e13;6a7a4fcfa3e5992c5a5cc2c6;6a3de23bc03bf79c138cbc05;143.8;0;;;ANI-VAZ-001;true;;;
6a57ea0f93eac6225896f27b;68f1e4539a5bf3f514f25e13;6a7a4fcfa3e5992c5a5cc2c6;6a3de23bc03bf79c138cbc12;28.26;0;;;ANI-VAZ-002;true;;;
6a57ea0f93eac6225896f27c;68f1e4539a5bf3f514f25e13;6a7a4fcfa3e5992c5a5cc2c6;6a3de23bc03bf79c138cbc13;37.68;0;;;ANI-VAZ-002;true;;;
6a57ea0f93eac6225896f27d;68f1e4539a5bf3f514f25e13;6a7a4fcfa3e5992c5a5cc2c6;6a3de23bc03bf79c138cbc10;9.42;0;;;ANI-VAZ-002;true;;;
6a57ea0f93eac6225896f27e;68f1e4539a5bf3f514f25e13;6a7a4fcfa3e5992c5a5cc2c6;6a3de23bc03bf79c138cbc16;141.3;0;;;ANI-VAZ-002;true;;;
6a57ea0f93eac6225896f27f;68f1e4539a5bf3f514f25e13;6a7a4fcfa3e5992c5a5cc2c6;6a3de23bc03bf79c138cbc11;18.84;0;;;ANI-VAZ-002;true;;;
6a57ea0f93eac6225896f280;68f1e4539a5bf3f514f25e13;6a7a4fcfa3e5992c5a5cc2c6;6a3de23bc03bf79c138cbc17;188.4;0;;;ANI-VAZ-002;true;;;
6a57ea0f93eac6225896f281;68f1e4539a5bf3f514f25e13;6a7a4fcfa3e5992c5a5cc2c6;6a3de23bc03bf79c138cbc18;235.5;0;;;ANI-VAZ-002;true;;;
6a57ea0f93eac6225896f282;68f1e4539a5bf3f514f25e13;6a7a4fcfa3e5992c5a5cc2c6;6a3de23bc03bf79c138cbc14;47.1;0;;;ANI-VAZ-002;true;;;
6a57ea0f93eac6225896f283;68f1e4539a5bf3f514f25e13;6a7a4fcfa3e5992c5a5cc2c6;6a3de23bc03bf79c138cbc37;42.16;0;;;ANI-VAZ-003;true;;;
6a57ea0f93eac6225896f284;68f1e4539a5bf3f514f25e13;6a7a4fcfa3e5992c5a5cc2c6;6a3de23bc03bf79c138cbc3a;158.1;0;;;ANI-VAZ-003;true;;;
6a57ea0f93eac6225896f285;68f1e4539a5bf3f514f25e13;6a7a4fcfa3e5992c5a5cc2c6;6a3de23bc03bf79c138cbc35;21.08;0;;;ANI-VAZ-003;true;;;
6a57ea0f93eac6225896f286;68f1e4539a5bf3f514f25e13;6a7a4fcfa3e5992c5a5cc2c6;6a3de23bc03bf79c138cbc36;31.62;0;;;ANI-VAZ-003;true;;;
6a57ea0f93eac6225896f287;68f1e4539a5bf3f514f25e13;6a7a4fcfa3e5992c5a5cc2c6;6a3de23bc03bf79c138cbc3b;210.8;0;;;ANI-VAZ-003;true;;;
6a57ea0f93eac6225896f288;68f1e4539a5bf3f514f25e13;6a7a4fcfa3e5992c5a5cc2c6;6a3de23bc03bf79c138cbc34;10.54;0;;;ANI-VAZ-003;true;;;
6a57ea0f93eac6225896f289;68f1e4539a5bf3f514f25e13;6a7a4fcfa3e5992c5a5cc2c6;6a3de23bc03bf79c138cbc39;105.4;0;;;ANI-VAZ-003;true;;;
6a57ea0f93eac6225896f28a;68f1e4539a5bf3f514f25e13;6a7a4fcfa3e5992c5a5cc2c6;6a3de23bc03bf79c138cbc3c;263.5;0;;;ANI-VAZ-003;true;;;
6a57ea0f93eac6225896f28b;68f1e4539a5bf3f514f25e13;6a7a4fcfa3e5992c5a5cc2c6;6a3e9f1164a9e1e30880a281;35.95;0;;;HAL-HAL-001;true;;;
6a57ea0f93eac6225896f28c;68f1e4539a5bf3f514f25e13;6a7a4fcfa3e5992c5a5cc2c6;6a3e9f1164a9e1e30880a27f;21.57;0;;;HAL-HAL-001;true;;;
6a57ea0f93eac6225896f28d;68f1e4539a5bf3f514f25e13;6a7a4fcfa3e5992c5a5cc2c6;6a3e9f1164a9e1e30880a27e;14.38;0;;;HAL-HAL-001;true;;;
6a57ea0f93eac6225896f28e;68f1e4539a5bf3f514f25e13;6a7a4fcfa3e5992c5a5cc2c6;6a3e9f1164a9e1e30880a27d;7.19;0;;;HAL-HAL-001;true;;;
6a57ea0f93eac6225896f28f;68f1e4539a5bf3f514f25e13;6a7a4fcfa3e5992c5a5cc2c6;6a3e9f1164a9e1e30880a285;64.71;0;;;HAL-HAL-001;true;;;
6a57ea0f93eac6225896f290;68f1e4539a5bf3f514f25e13;6a7a4fcfa3e5992c5a5cc2c6;6a3e9f1164a9e1e30880a282;43.14;0;;;HAL-HAL-001;true;;;
6a57ea0f93eac6225896f291;68f1e4539a5bf3f514f25e13;6a7a4fcfa3e5992c5a5cc2c6;6a3e9f1164a9e1e30880a286;71.9;0;;;HAL-HAL-001;true;;;
6a57ea0f93eac6225896f292;68f1e4539a5bf3f514f25e13;6a7a4fcfa3e5992c5a5cc2c6;6a3e9f1164a9e1e30880a284;57.52;0;;;HAL-HAL-001;true;;;
6a57ea0f93eac6225896f293;68f1e4539a5bf3f514f25e13;6a7a4fcfa3e5992c5a5cc2c6;6a3e9f1164a9e1e30880a283;50.33;0;;;HAL-HAL-001;true;;;
6a57ea0f93eac6225896f294;68f1e4539a5bf3f514f25e13;6a7a4fcfa3e5992c5a5cc2c6;6a3e9f1164a9e1e30880a28d;65.94;0;;;HAL-HAL-002;true;;;
6a57ea0f93eac6225896f295;68f1e4539a5bf3f514f25e13;6a7a4fcfa3e5992c5a5cc2c6;6a3e9f1164a9e1e30880a28f;84.78;0;;;HAL-HAL-002;true;;;
6a57ea0f93eac6225896f296;68f1e4539a5bf3f514f25e13;6a7a4fcfa3e5992c5a5cc2c6;6a3e9f1164a9e1e30880a28a;37.68;0;;;HAL-HAL-002;true;;;
6a57ea0f93eac6225896f297;68f1e4539a5bf3f514f25e13;6a7a4fcfa3e5992c5a5cc2c6;6a3e9f1164a9e1e30880a28e;75.36;0;;;HAL-HAL-002;true;;;
6a57ea0f93eac6225896f298;68f1e4539a5bf3f514f25e13;6a7a4fcfa3e5992c5a5cc2c6;6a3e9f1164a9e1e30880a289;28.26;0;;;HAL-HAL-002;true;;;
6a57ea0f93eac6225896f299;68f1e4539a5bf3f514f25e13;6a7a4fcfa3e5992c5a5cc2c6;6a3e9f1164a9e1e30880a28b;47.1;0;;;HAL-HAL-002;true;;;
6a57ea0f93eac6225896f29a;68f1e4539a5bf3f514f25e13;6a7a4fcfa3e5992c5a5cc2c6;6a3e9f1164a9e1e30880a287;9.42;0;;;HAL-HAL-002;true;;;
6a57ea0f93eac6225896f29b;68f1e4539a5bf3f514f25e13;6a7a4fcfa3e5992c5a5cc2c6;6a3e9f1164a9e1e30880a288;18.84;0;;;HAL-HAL-002;true;;;
6a57ea0f93eac6225896f29c;68f1e4539a5bf3f514f25e13;6a7a4fcfa3e5992c5a5cc2c6;6a3e9f1164a9e1e30880a28c;56.52;0;;;HAL-HAL-002;true;;;
6a57ea0f93eac6225896f29d;68f1e4539a5bf3f514f25e13;6a7a4fcfa3e5992c5a5cc2c6;6a3fc1585187527190c4c1d4;36.6;0;;;HAL-HAL-003;true;;;
6a57ea0f93eac6225896f29e;68f1e4539a5bf3f514f25e13;6a7a4fcfa3e5992c5a5cc2c6;6a3fc1585187527190c4c1d0;7.32;0;;;HAL-HAL-003;true;;;
6a57ea0f93eac6225896f29f;68f1e4539a5bf3f514f25e13;6a7a4fcfa3e5992c5a5cc2c6;6a3fc1585187527190c4c1d6;51.24;0;;;HAL-HAL-003;true;;;
6a57ea0f93eac6225896f2a0;68f1e4539a5bf3f514f25e13;6a7a4fcfa3e5992c5a5cc2c6;6a3fc1585187527190c4c1d2;21.96;0;;;HAL-HAL-003;true;;;
6a57ea0f93eac6225896f2a1;68f1e4539a5bf3f514f25e13;6a7a4fcfa3e5992c5a5cc2c6;6a3fc1585187527190c4c1d5;43.92;0;;;HAL-HAL-003;true;;;
6a57ea0f93eac6225896f2a2;68f1e4539a5bf3f514f25e13;6a7a4fcfa3e5992c5a5cc2c6;6a3fc1585187527190c4c1d3;29.28;0;;;HAL-HAL-003;true;;;
6a57ea0f93eac6225896f2a3;68f1e4539a5bf3f514f25e13;6a7a4fcfa3e5992c5a5cc2c6;6a3fc1585187527190c4c1d7;58.56;0;;;HAL-HAL-003;true;;;
6a57ea0f93eac6225896f2a4;68f1e4539a5bf3f514f25e13;6a7a4fcfa3e5992c5a5cc2c6;6a3fc1585187527190c4c1d8;65.88;0;;;HAL-HAL-003;true;;;
6a57ea0f93eac6225896f2a5;68f1e4539a5bf3f514f25e13;6a7a4fcfa3e5992c5a5cc2c6;6a3fc1585187527190c4c1d9;73.2;0;;;HAL-HAL-003;true;;;
6a57ea0f93eac6225896f2a6;68f1e4539a5bf3f514f25e13;6a7a4fcfa3e5992c5a5cc2c6;6a3fc1585187527190c4c1e2;85.95;0;;;HAL-HAL-004;true;;;
6a57ea0f93eac6225896f2a7;68f1e4539a5bf3f514f25e13;6a7a4fcfa3e5992c5a5cc2c6;6a3fc1585187527190c4c1e0;66.85;0;;;HAL-HAL-004;true;;;
6a57ea0f93eac6225896f2a8;68f1e4539a5bf3f514f25e13;6a7a4fcfa3e5992c5a5cc2c6;6a3fc1585187527190c4c1dd;38.2;0;;;HAL-HAL-004;true;;;
6a57ea0f93eac6225896f2a9;68f1e4539a5bf3f514f25e13;6a7a4fcfa3e5992c5a5cc2c6;6a3fc1585187527190c4c1df;57.3;0;;;HAL-HAL-004;true;;;
6a57ea0f93eac6225896f2aa;68f1e4539a5bf3f514f25e13;6a7a4fcfa3e5992c5a5cc2c6;6a3fc1585187527190c4c1db;19.1;0;;;HAL-HAL-004;true;;;
6a57ea0f93eac6225896f2ab;68f1e4539a5bf3f514f25e13;6a7a4fcfa3e5992c5a5cc2c6;6a3fc1585187527190c4c1e3;95.5;0;;;HAL-HAL-004;true;;;
6a57ea0f93eac6225896f2ac;68f1e4539a5bf3f514f25e13;6a7a4fcfa3e5992c5a5cc2c6;6a3fc1585187527190c4c1de;47.75;0;;;HAL-HAL-004;true;;;
6a57ea0f93eac6225896f2ad;68f1e4539a5bf3f514f25e13;6a7a4fcfa3e5992c5a5cc2c6;6a3fc1585187527190c4c1dc;28.65;0;;;HAL-HAL-004;true;;;
6a57ea0f93eac6225896f2ae;68f1e4539a5bf3f514f25e13;6a7a4fcfa3e5992c5a5cc2c6;6a3fc1585187527190c4c1e1;76.4;0;;;HAL-HAL-004;true;;;
6a57ea0f93eac6225896f2af;68f1e4539a5bf3f514f25e13;6a7a4fcfa3e5992c5a5cc2c6;6a3e9f1164a9e1e30880a2b8;155;0;;;HAL-HAL-005;true;;;
6a57ea0f93eac6225896f2b0;68f1e4539a5bf3f514f25e13;6a7a4fcfa3e5992c5a5cc2c6;6a3e9f1164a9e1e30880a2b0;31;0;;;HAL-HAL-005;true;;;
6a57ea0f93eac6225896f2b1;68f1e4539a5bf3f514f25e13;6a7a4fcfa3e5992c5a5cc2c6;6a3e9f1164a9e1e30880a2b5;108.5;0;;;HAL-HAL-005;true;;;
6a57ea0f93eac6225896f2b2;68f1e4539a5bf3f514f25e13;6a7a4fcfa3e5992c5a5cc2c6;6a3e9f1164a9e1e30880a2b1;46.5;0;;;HAL-HAL-005;true;;;
6a57ea0f93eac6225896f2b3;68f1e4539a5bf3f514f25e13;6a7a4fcfa3e5992c5a5cc2c6;6a3e9f1164a9e1e30880a2b6;124;0;;;HAL-HAL-005;true;;;
6a57ea0f93eac6225896f2b4;68f1e4539a5bf3f514f25e13;6a7a4fcfa3e5992c5a5cc2c6;6a3e9f1164a9e1e30880a2b2;62;0;;;HAL-HAL-005;true;;;
6a57ea0f93eac6225896f2b5;68f1e4539a5bf3f514f25e13;6a7a4fcfa3e5992c5a5cc2c6;6a3e9f1164a9e1e30880a2af;15.5;0;;;HAL-HAL-005;true;;;
6a57ea0f93eac6225896f2b6;68f1e4539a5bf3f514f25e13;6a7a4fcfa3e5992c5a5cc2c6;6a3e9f1164a9e1e30880a2b7;139.5;0;;;HAL-HAL-005;true;;;
6a57ea0f93eac6225896f2b7;68f1e4539a5bf3f514f25e13;6a7a4fcfa3e5992c5a5cc2c6;6a3e9f1164a9e1e30880a2b3;77.5;0;;;HAL-HAL-005;true;;;
6a57ea0f93eac6225896f2b8;68f1e4539a5bf3f514f25e13;6a7a4fcfa3e5992c5a5cc2c6;6a3e9f1164a9e1e30880a2cb;156.24;0;;;HAL-HAL-006;true;;;
6a57ea0f93eac6225896f2b9;68f1e4539a5bf3f514f25e13;6a7a4fcfa3e5992c5a5cc2c6;6a3e9f1164a9e1e30880a2c8;104.16;0;;;HAL-HAL-006;true;;;
6a57ea0f93eac6225896f2ba;68f1e4539a5bf3f514f25e13;6a7a4fcfa3e5992c5a5cc2c6;6a3e9f1164a9e1e30880a2cc;173.6;0;;;HAL-HAL-006;true;;;
6a57ea0f93eac6225896f2bb;68f1e4539a5bf3f514f25e13;6a7a4fcfa3e5992c5a5cc2c6;6a3e9f1164a9e1e30880a2ca;138.88;0;;;HAL-HAL-006;true;;;
6a57ea0f93eac6225896f2bc;68f1e4539a5bf3f514f25e13;6a7a4fcfa3e5992c5a5cc2c6;6a3e9f1164a9e1e30880a2c5;52.08;0;;;HAL-HAL-006;true;;;
6a57ea0f93eac6225896f2bd;68f1e4539a5bf3f514f25e13;6a7a4fcfa3e5992c5a5cc2c6;6a3e9f1164a9e1e30880a2c6;69.44;0;;;HAL-HAL-006;true;;;
6a57ea0f93eac6225896f2be;68f1e4539a5bf3f514f25e13;6a7a4fcfa3e5992c5a5cc2c6;6a3e9f1164a9e1e30880a2c4;34.72;0;;;HAL-HAL-006;true;;;
6a57ea0f93eac6225896f2bf;68f1e4539a5bf3f514f25e13;6a7a4fcfa3e5992c5a5cc2c6;6a3e9f1164a9e1e30880a2c9;121.52;0;;;HAL-HAL-006;true;;;
6a57ea0f93eac6225896f2c0;68f1e4539a5bf3f514f25e13;6a7a4fcfa3e5992c5a5cc2c6;6a3e9f1164a9e1e30880a2c7;86.8;0;;;HAL-HAL-006;true;;;
6a57ea0f93eac6225896f2c1;68f1e4539a5bf3f514f25e13;6a7a4fcfa3e5992c5a5cc2c6;6a3e9f1164a9e1e30880a2db;86.8;0;;;HAL-HAL-007;true;;;
6a57ea0f93eac6225896f2c2;68f1e4539a5bf3f514f25e13;6a7a4fcfa3e5992c5a5cc2c6;6a3e9f1164a9e1e30880a2d9;52.08;0;;;HAL-HAL-007;true;;;
6a57ea0f93eac6225896f2c3;68f1e4539a5bf3f514f25e13;6a7a4fcfa3e5992c5a5cc2c6;6a3e9f1164a9e1e30880a2da;69.44;0;;;HAL-HAL-007;true;;;
6a57ea0f93eac6225896f2c4;68f1e4539a5bf3f514f25e13;6a7a4fcfa3e5992c5a5cc2c6;6a3e9f1164a9e1e30880a2dc;104.16;0;;;HAL-HAL-007;true;;;
6a57ea0f93eac6225896f2c5;68f1e4539a5bf3f514f25e13;6a7a4fcfa3e5992c5a5cc2c6;6a3e9f1164a9e1e30880a2de;138.88;0;;;HAL-HAL-007;true;;;
6a57ea0f93eac6225896f2c6;68f1e4539a5bf3f514f25e13;6a7a4fcfa3e5992c5a5cc2c6;6a3e9f1164a9e1e30880a2e0;173.6;0;;;HAL-HAL-007;true;;;
6a57ea0f93eac6225896f2c7;68f1e4539a5bf3f514f25e13;6a7a4fcfa3e5992c5a5cc2c6;6a3e9f1164a9e1e30880a2d7;17.36;0;;;HAL-HAL-007;true;;;
6a57ea0f93eac6225896f2c8;68f1e4539a5bf3f514f25e13;6a7a4fcfa3e5992c5a5cc2c6;6a3e9f1164a9e1e30880a2d8;34.72;0;;;HAL-HAL-007;true;;;
6a57ea0f93eac6225896f2c9;68f1e4539a5bf3f514f25e13;6a7a4fcfa3e5992c5a5cc2c6;6a3e9f1164a9e1e30880a2dd;121.52;0;;;HAL-HAL-007;true;;;
6a57ea0f93eac6225896f2ca;68f1e4539a5bf3f514f25e13;6a7a4fcfa3e5992c5a5cc2c6;6a3feaaa0cc7ebc213990c2e;506.5;0;;;DUM-DUM-010;true;;;
6a57ea0f93eac6225896f2cb;68f1e4539a5bf3f514f25e13;6a7a4fcfa3e5992c5a5cc2c6;6a3feaaa0cc7ebc213990c26;344.42;0;;;DUM-DUM-010;true;;;
6a57ea0f93eac6225896f2cc;68f1e4539a5bf3f514f25e13;6a7a4fcfa3e5992c5a5cc2c6;6a3feaaa0cc7ebc213990c29;405.2;0;;;DUM-DUM-010;true;;;
6a57ea0f93eac6225896f2cd;68f1e4539a5bf3f514f25e13;6a7a4fcfa3e5992c5a5cc2c6;6a3feaaa0cc7ebc213990c2c;465.98;0;;;DUM-DUM-010;true;;;
6a57ea0f93eac6225896f2ce;68f1e4539a5bf3f514f25e13;6a7a4fcfa3e5992c5a5cc2c6;6a3feaaa0cc7ebc213990c2d;486.24;0;;;DUM-DUM-010;true;;;
6a57ea0f93eac6225896f2cf;68f1e4539a5bf3f514f25e13;6a7a4fcfa3e5992c5a5cc2c6;6a3feaaa0cc7ebc213990c24;303.9;0;;;DUM-DUM-010;true;;;
6a57ea0f93eac6225896f2d0;68f1e4539a5bf3f514f25e13;6a7a4fcfa3e5992c5a5cc2c6;6a3feaaa0cc7ebc213990c27;364.68;0;;;DUM-DUM-010;true;;;
6a57ea0f93eac6225896f2d1;68f1e4539a5bf3f514f25e13;6a7a4fcfa3e5992c5a5cc2c6;6a3feaaa0cc7ebc213990c2b;445.72;0;;;DUM-DUM-010;true;;;
6a57ea0f93eac6225896f2d2;68f1e4539a5bf3f514f25e13;6a7a4fcfa3e5992c5a5cc2c6;6a3feaaa0cc7ebc213990c25;324.16;0;;;DUM-DUM-010;true;;;
6a57ea0f93eac6225896f2d3;68f1e4539a5bf3f514f25e13;6a7a4fcfa3e5992c5a5cc2c6;6a3feaaa0cc7ebc213990c28;384.94;0;;;DUM-DUM-010;true;;;
6a57ea0f93eac6225896f2d4;68f1e4539a5bf3f514f25e13;6a7a4fcfa3e5992c5a5cc2c6;6a3feaaa0cc7ebc213990c21;243.12;0;;;DUM-DUM-010;true;;;
6a57ea0f93eac6225896f2d5;68f1e4539a5bf3f514f25e13;6a7a4fcfa3e5992c5a5cc2c6;6a3feaaa0cc7ebc213990c1d;162.08;0;;;DUM-DUM-010;true;;;
6a57ea0f93eac6225896f2d6;68f1e4539a5bf3f514f25e13;6a7a4fcfa3e5992c5a5cc2c6;6a3feaaa0cc7ebc213990c22;263.38;0;;;DUM-DUM-010;true;;;
6a57ea0f93eac6225896f2d7;68f1e4539a5bf3f514f25e13;6a7a4fcfa3e5992c5a5cc2c6;6a3feaaa0cc7ebc213990c1a;101.3;0;;;DUM-DUM-010;true;;;
6a57ea0f93eac6225896f2d8;68f1e4539a5bf3f514f25e13;6a7a4fcfa3e5992c5a5cc2c6;6a3feaaa0cc7ebc213990c1f;202.6;0;;;DUM-DUM-010;true;;;
6a57ea0f93eac6225896f2d9;68f1e4539a5bf3f514f25e13;6a7a4fcfa3e5992c5a5cc2c6;6a3feaaa0cc7ebc213990c1b;121.56;0;;;DUM-DUM-010;true;;;
6a57ea0f93eac6225896f2da;68f1e4539a5bf3f514f25e13;6a7a4fcfa3e5992c5a5cc2c6;6a3feaaa0cc7ebc213990c1c;141.82;0;;;DUM-DUM-010;true;;;
6a57ea0f93eac6225896f2db;68f1e4539a5bf3f514f25e13;6a7a4fcfa3e5992c5a5cc2c6;6a3feaaa0cc7ebc213990c1e;182.34;0;;;DUM-DUM-010;true;;;
6a57ea0f93eac6225896f2dc;68f1e4539a5bf3f514f25e13;6a7a4fcfa3e5992c5a5cc2c6;6a3feaaa0cc7ebc213990c20;222.86;0;;;DUM-DUM-010;true;;;
6a57ea0f93eac6225896f2dd;68f1e4539a5bf3f514f25e13;6a7a4fcfa3e5992c5a5cc2c6;6a3feaaa0cc7ebc213990c23;283.64;0;;;DUM-DUM-010;true;;;
6a57ea0f93eac6225896f2de;68f1e4539a5bf3f514f25e13;6a7a4fcfa3e5992c5a5cc2c6;6a3feaaa0cc7ebc213990b71;425.5;0;;;DUM-DUM-011;true;;;
6a57ea0f93eac6225896f2df;68f1e4539a5bf3f514f25e13;6a7a4fcfa3e5992c5a5cc2c6;6a3feaaa0cc7ebc213990b61;153.18;0;;;DUM-DUM-011;true;;;
6a57ea0f93eac6225896f2e0;68f1e4539a5bf3f514f25e13;6a7a4fcfa3e5992c5a5cc2c6;6a3feaaa0cc7ebc213990b66;238.28;0;;;DUM-DUM-011;true;;;
6a57ea0f93eac6225896f2e1;68f1e4539a5bf3f514f25e13;6a7a4fcfa3e5992c5a5cc2c6;6a3feaaa0cc7ebc213990b6b;323.38;0;;;DUM-DUM-011;true;;;
6a57ea0f93eac6225896f2e2;68f1e4539a5bf3f514f25e13;6a7a4fcfa3e5992c5a5cc2c6;6a3feaaa0cc7ebc213990b69;289.34;0;;;DUM-DUM-011;true;;;
6a57ea0f93eac6225896f2e3;68f1e4539a5bf3f514f25e13;6a7a4fcfa3e5992c5a5cc2c6;6a3feaaa0cc7ebc213990b5d;85.1;0;;;DUM-DUM-011;true;;;
6a57ea0f93eac6225896f2e4;68f1e4539a5bf3f514f25e13;6a7a4fcfa3e5992c5a5cc2c6;6a3feaaa0cc7ebc213990b6c;340.4;0;;;DUM-DUM-011;true;;;
6a57ea0f93eac6225896f2e5;68f1e4539a5bf3f514f25e13;6a7a4fcfa3e5992c5a5cc2c6;6a3feaaa0cc7ebc213990b5f;119.14;0;;;DUM-DUM-011;true;;;
6a57ea0f93eac6225896f2e6;68f1e4539a5bf3f514f25e13;6a7a4fcfa3e5992c5a5cc2c6;6a3feaaa0cc7ebc213990b64;204.24;0;;;DUM-DUM-011;true;;;
6a57ea0f93eac6225896f2e7;68f1e4539a5bf3f514f25e13;6a7a4fcfa3e5992c5a5cc2c6;6a3feaaa0cc7ebc213990b6a;306.36;0;;;DUM-DUM-011;true;;;
6a57ea0f93eac6225896f2e8;68f1e4539a5bf3f514f25e13;6a7a4fcfa3e5992c5a5cc2c6;6a3feaaa0cc7ebc213990b60;136.16;0;;;DUM-DUM-011;true;;;
6a57ea0f93eac6225896f2e9;68f1e4539a5bf3f514f25e13;6a7a4fcfa3e5992c5a5cc2c6;6a3feaaa0cc7ebc213990b67;255.3;0;;;DUM-DUM-011;true;;;
6a57ea0f93eac6225896f2ea;68f1e4539a5bf3f514f25e13;6a7a4fcfa3e5992c5a5cc2c6;6a3feaaa0cc7ebc213990b68;272.32;0;;;DUM-DUM-011;true;;;
6a57ea0f93eac6225896f2eb;68f1e4539a5bf3f514f25e13;6a7a4fcfa3e5992c5a5cc2c6;6a3feaaa0cc7ebc213990b5e;102.12;0;;;DUM-DUM-011;true;;;
6a57ea0f93eac6225896f2ec;68f1e4539a5bf3f514f25e13;6a7a4fcfa3e5992c5a5cc2c6;6a3feaaa0cc7ebc213990b70;408.48;0;;;DUM-DUM-011;true;;;
6a57ea0f93eac6225896f2ed;68f1e4539a5bf3f514f25e13;6a7a4fcfa3e5992c5a5cc2c6;6a3feaaa0cc7ebc213990b6d;357.42;0;;;DUM-DUM-011;true;;;
6a57ea0f93eac6225896f2ee;68f1e4539a5bf3f514f25e13;6a7a4fcfa3e5992c5a5cc2c6;6a3feaaa0cc7ebc213990b62;170.2;0;;;DUM-DUM-011;true;;;
6a57ea0f93eac6225896f2ef;68f1e4539a5bf3f514f25e13;6a7a4fcfa3e5992c5a5cc2c6;6a3feaaa0cc7ebc213990b65;221.26;0;;;DUM-DUM-011;true;;;
6a57ea0f93eac6225896f2f0;68f1e4539a5bf3f514f25e13;6a7a4fcfa3e5992c5a5cc2c6;6a3feaaa0cc7ebc213990b63;187.22;0;;;DUM-DUM-011;true;;;
6a57ea0f93eac6225896f2f1;68f1e4539a5bf3f514f25e13;6a7a4fcfa3e5992c5a5cc2c6;6a3feaaa0cc7ebc213990b6f;391.46;0;;;DUM-DUM-011;true;;;
6a57ea0f93eac6225896f2f2;68f1e4539a5bf3f514f25e13;6a7a4fcfa3e5992c5a5cc2c6;6a3feaaa0cc7ebc213990c18;600.96;0;;;DUM-DUM-012;true;;;
6a57ea0f93eac6225896f2f3;68f1e4539a5bf3f514f25e13;6a7a4fcfa3e5992c5a5cc2c6;6a3feaaa0cc7ebc213990c07;175.28;0;;;DUM-DUM-012;true;;;
6a57ea0f93eac6225896f2f4;68f1e4539a5bf3f514f25e13;6a7a4fcfa3e5992c5a5cc2c6;6a3feaaa0cc7ebc213990c13;475.76;0;;;DUM-DUM-012;true;;;
6a57ea0f93eac6225896f2f5;68f1e4539a5bf3f514f25e13;6a7a4fcfa3e5992c5a5cc2c6;6a3feaaa0cc7ebc213990c19;626;0;;;DUM-DUM-012;true;;;
6a57ea0f93eac6225896f2f6;68f1e4539a5bf3f514f25e13;6a7a4fcfa3e5992c5a5cc2c6;6a3feaaa0cc7ebc213990c10;400.64;0;;;DUM-DUM-012;true;;;
6a57ea0f93eac6225896f2f7;68f1e4539a5bf3f514f25e13;6a7a4fcfa3e5992c5a5cc2c6;6a3feaaa0cc7ebc213990c08;200.32;0;;;DUM-DUM-012;true;;;
6a57ea0f93eac6225896f2f8;68f1e4539a5bf3f514f25e13;6a7a4fcfa3e5992c5a5cc2c6;6a3feaaa0cc7ebc213990c15;525.84;0;;;DUM-DUM-012;true;;;
6a57ea0f93eac6225896f2f9;68f1e4539a5bf3f514f25e13;6a7a4fcfa3e5992c5a5cc2c6;6a3feaaa0cc7ebc213990c17;575.92;0;;;DUM-DUM-012;true;;;
6a57ea0f93eac6225896f2fa;68f1e4539a5bf3f514f25e13;6a7a4fcfa3e5992c5a5cc2c6;6a3feaaa0cc7ebc213990c0d;325.52;0;;;DUM-DUM-012;true;;;
6a57ea0f93eac6225896f2fb;68f1e4539a5bf3f514f25e13;6a7a4fcfa3e5992c5a5cc2c6;6a3feaaa0cc7ebc213990c0b;275.44;0;;;DUM-DUM-012;true;;;
6a57ea0f93eac6225896f2fc;68f1e4539a5bf3f514f25e13;6a7a4fcfa3e5992c5a5cc2c6;6a3feaaa0cc7ebc213990c0e;350.56;0;;;DUM-DUM-012;true;;;
6a57ea0f93eac6225896f2fd;68f1e4539a5bf3f514f25e13;6a7a4fcfa3e5992c5a5cc2c6;6a3feaaa0cc7ebc213990c14;500.8;0;;;DUM-DUM-012;true;;;
6a57ea0f93eac6225896f2fe;68f1e4539a5bf3f514f25e13;6a7a4fcfa3e5992c5a5cc2c6;6a3feaaa0cc7ebc213990c06;150.24;0;;;DUM-DUM-012;true;;;
6a57ea0f93eac6225896f2ff;68f1e4539a5bf3f514f25e13;6a7a4fcfa3e5992c5a5cc2c6;6a3feaaa0cc7ebc213990c11;425.68;0;;;DUM-DUM-012;true;;;
6a57ea0f93eac6225896f300;68f1e4539a5bf3f514f25e13;6a7a4fcfa3e5992c5a5cc2c6;6a3feaaa0cc7ebc213990c05;125.2;0;;;DUM-DUM-012;true;;;
6a57ea0f93eac6225896f301;68f1e4539a5bf3f514f25e13;6a7a4fcfa3e5992c5a5cc2c6;6a3feaaa0cc7ebc213990c0a;250.4;0;;;DUM-DUM-012;true;;;
6a57ea0f93eac6225896f302;68f1e4539a5bf3f514f25e13;6a7a4fcfa3e5992c5a5cc2c6;6a3feaaa0cc7ebc213990c16;550.88;0;;;DUM-DUM-012;true;;;
6a57ea0f93eac6225896f303;68f1e4539a5bf3f514f25e13;6a7a4fcfa3e5992c5a5cc2c6;6a3feaaa0cc7ebc213990c12;450.72;0;;;DUM-DUM-012;true;;;
6a57ea0f93eac6225896f304;68f1e4539a5bf3f514f25e13;6a7a4fcfa3e5992c5a5cc2c6;6a3feaaa0cc7ebc213990c09;225.36;0;;;DUM-DUM-012;true;;;
6a57ea0f93eac6225896f305;68f1e4539a5bf3f514f25e13;6a7a4fcfa3e5992c5a5cc2c6;6a3feaaa0cc7ebc213990c0c;300.48;0;;;DUM-DUM-012;true;;;
6a7b1887ec8cd85201572585;;6a7a4fcfa3e5992c5a5cc2c9;6a57db9fcbeb4107550b2a3b;51.37;0;;;;true;;;Tabela Caneleira e Cia — Caneleira 0.5kg
6a7b1887ec8cd85201572586;;6a7a4fcfa3e5992c5a5cc2c9;6a57db9fcbeb4107550b2a3c;54.96;0;;;;true;;;Tabela Caneleira e Cia — Caneleira 1kg
6a7b1887ec8cd85201572587;;6a7a4fcfa3e5992c5a5cc2c9;6a57db9fcbeb4107550b2a3d;62.13;0;;;;true;;;Tabela Caneleira e Cia — Caneleira 2kg
6a7b1887ec8cd85201572588;;6a7a4fcfa3e5992c5a5cc2c9;6a57db9fcbeb4107550b2a3e;65.71;0;;;;true;;;Tabela Caneleira e Cia — Caneleira 3kg
6a7b1887ec8cd85201572589;;6a7a4fcfa3e5992c5a5cc2c9;6a57db9fcbeb4107550b2a3f;75.27;0;;;;true;;;Tabela Caneleira e Cia — Caneleira 4kg
6a7b1887ec8cd8520157258a;;6a7a4fcfa3e5992c5a5cc2c9;6a57db9fcbeb4107550b2a40;81.24;0;;;;true;;;Tabela Caneleira e Cia — Caneleira 5kg
6a7b1887ec8cd8520157258b;;6a7a4fcfa3e5992c5a5cc2c9;6a57db9fcbeb4107550b2a41;97.97;0;;;;true;;;Tabela Caneleira e Cia — Caneleira 6kg
6a7b1887ec8cd8520157258c;;6a7a4fcfa3e5992c5a5cc2c9;6a57db9fcbeb4107550b2a42;106.33;0;;;;true;;;Tabela Caneleira e Cia — Caneleira 7kg
6a7b1887ec8cd8520157258d;;6a7a4fcfa3e5992c5a5cc2c9;6a57db9fcbeb4107550b2a43;111.11;0;;;;true;;;Tabela Caneleira e Cia — Caneleira 8kg
6a7b1887ec8cd8520157258e;;6a7a4fcfa3e5992c5a5cc2c9;6a57db9fcbeb4107550b2a44;117.08;0;;;;true;;;Tabela Caneleira e Cia — Caneleira 9kg
6a7b1887ec8cd8520157258f;;6a7a4fcfa3e5992c5a5cc2c9;6a57db9fcbeb4107550b2a45;130.23;0;;;;true;;;Tabela Caneleira e Cia — Caneleira 10kg
6a7b1887ec8cd85201572590;;6a7a4fcfa3e5992c5a5cc2c9;6a57db9fcbeb4107550b2a46;135.01;0;;;;true;;;Tabela Caneleira e Cia — Caneleira 11kg
6a7b1887ec8cd85201572591;;6a7a4fcfa3e5992c5a5cc2c9;6a57db9fcbeb4107550b2a47;140.98;0;;;;true;;;Tabela Caneleira e Cia — Caneleira 12kg
6a7b1887ec8cd85201572592;;6a7a4fcfa3e5992c5a5cc2c9;6a57db9fcbeb4107550b2a48;143.37;0;;;;true;;;Tabela Caneleira e Cia — Caneleira 13kg
6a7b1887ec8cd85201572593;;6a7a4fcfa3e5992c5a5cc2c9;6a57db9fcbeb4107550b2a49;150.54;0;;;;true;;;Tabela Caneleira e Cia — Caneleira 14kg
6a7b1887ec8cd85201572594;;6a7a4fcfa3e5992c5a5cc2c9;6a57db9fcbeb4107550b2a4a;156.51;0;;;;true;;;Tabela Caneleira e Cia — Caneleira 15kg
6a7b1887ec8cd85201572595;;6a7a4fcfa3e5992c5a5cc2c9;6a57db9fcbeb4107550b2a4b;163.68;0;;;;true;;;Tabela Caneleira e Cia — Caneleira 16kg
6a7b1887ec8cd85201572596;;6a7a4fcfa3e5992c5a5cc2c9;6a57db9fcbeb4107550b2a4c;168.46;0;;;;true;;;Tabela Caneleira e Cia — Caneleira 17kg
6a7b1887ec8cd85201572597;;6a7a4fcfa3e5992c5a5cc2c9;6a57db9fcbeb4107550b2a4d;173.24;0;;;;true;;;Tabela Caneleira e Cia — Caneleira 18kg
6a7b1887ec8cd85201572598;;6a7a4fcfa3e5992c5a5cc2c9;6a57db9fcbeb4107550b2a4e;180.41;0;;;;true;;;Tabela Caneleira e Cia — Caneleira 19kg
6a7b1887ec8cd85201572599;;6a7a4fcfa3e5992c5a5cc2c9;6a57db9fcbeb4107550b2a4f;186.38;0;;;;true;;;Tabela Caneleira e Cia — Caneleira 20kg
6a7b1887ec8cd8520157259a;;6a7a4fcfa3e5992c5a5cc2c9;6a57db9fcbeb4107550b2a54;41.82;0;;;;true;;;Tabela Caneleira e Cia — Puxador ( Tira De Perna )
6a7b1887ec8cd8520157259b;;6a7a4fcfa3e5992c5a5cc2c9;6a57db9fcbeb4107550b2a51;68.1;0;;;;true;;;Tabela Caneleira e Cia — Colchonete Bagum 90X50X2,5 D80
6a7b1887ec8cd8520157259c;;6a7a4fcfa3e5992c5a5cc2c9;6a57db9fcbeb4107550b2a52;75.27;0;;;;true;;;Tabela Caneleira e Cia — Colchonete Bagum & Cia 100X60X2,5 D80
6a7b1887ec8cd8520157259d;;6a7a4fcfa3e5992c5a5cc2c9;6a57db9fcbeb4107550b2a50;44.21;0;;;;true;;;Tabela Caneleira e Cia — Colchonete Comum 90X50X3 D20
6a7b233d125cb4f18756f25d;;6a7a72ae9d7d60af7fcd1376;6a7b12dc0628997484b815ec;79.94;0;;;100001;true;;;Tabela Furious Equipment — Abmat (absoluto)
6a7b233d125cb4f18756f25e;;6a7a72ae9d7d60af7fcd1376;6a7b12dc0628997484b815ee;1280;0;;;100003;true;;;Tabela Furious Equipment — ANACONDA (WORM) COM 3 BAGS DE 36KGs CADA (absoluto)
6a7b233d125cb4f18756f25f;;6a7a72ae9d7d60af7fcd1376;6a7b12dc0628997484b81603;93.71;0;;;100004;true;;;Tabela Furious Equipment — ANILHA MADEIRA CROSSFIT DIAMETRO 45CM (absoluto)
6a7b233d125cb4f18756f260;;6a7a72ae9d7d60af7fcd1376;6a7b12dc0628997484b81604;98;0;;;100005;true;;;Tabela Furious Equipment — BOLA SUIÇA Ø 55 CM (absoluto)
6a7b233d125cb4f18756f261;;6a7a72ae9d7d60af7fcd1376;6a7b12dc0628997484b81605;190.75;0;;;100007;true;;;Tabela Furious Equipment — BOLA SUIÇA Ø 75 CM (absoluto)
6a7b233d125cb4f18756f262;;6a7a72ae9d7d60af7fcd1376;6a7b12dc0628997484b815ef;436.8;0;;;100008;true;;;Tabela Furious Equipment — CAPA PARA ANACONDA (absoluto)
6a7b233d125cb4f18756f263;;6a7a72ae9d7d60af7fcd1376;6a7b12dc0628997484b815f0;100.63;0;;;100011;true;;;Tabela Furious Equipment — CORDA DE SALTO - SPEED ROPE SR 2.1 - PRETA (absoluto)
6a7b233d125cb4f18756f264;;6a7a72ae9d7d60af7fcd1376;6a7b12dc0628997484b815f4;42;0;;;100159;true;;;Tabela Furious Equipment — CORDA NAVAL NYLON 38MM (absoluto)
6a7b233d125cb4f18756f265;;6a7a72ae9d7d60af7fcd1376;6a7b12dc0628997484b815f5;28;0;;;100158;true;;;Tabela Furious Equipment — CAPA PARA CORDA SISAL OU NYLON 38 ou 50mm Ø (absoluto)
6a7b233d125cb4f18756f266;;6a7a72ae9d7d60af7fcd1376;6a7b12dc0628997484b81606;80.3;0;;;100018;true;;;Tabela Furious Equipment — ESCADA DE AGILIDADE NYLON 10 DEGRAUS (absoluto)
6a7b233d125cb4f18756f267;;6a7a72ae9d7d60af7fcd1376;6a7b12dc0628997484b81607;72.63;0;;;100019;true;;;Tabela Furious Equipment — ESCADA DE AGILIDADE PVC 06 DEGRAUS (absoluto)
6a7b233d125cb4f18756f268;;6a7a72ae9d7d60af7fcd1376;6a7b12dc0628997484b81608;86.05;0;;;100020;true;;;Tabela Furious Equipment — ESCADA DE AGILIDADE PVC 08 DEGRAUS (absoluto)
6a7b233d125cb4f18756f269;;6a7a72ae9d7d60af7fcd1376;6a7b12dc0628997484b81609;99.47;0;;;100021;true;;;Tabela Furious Equipment — ESCADA DE AGILIDADE PVC 10 DEGRAUS (absoluto)
6a7b233d125cb4f18756f26a;;6a7a72ae9d7d60af7fcd1376;6a7b12dc0628997484b8160a;8.75;0;;;100160;true;;;Tabela Furious Equipment — CONE 24CM FURADO (absoluto)
6a7b233d125cb4f18756f26b;;6a7a72ae9d7d60af7fcd1376;6a7b12dc0628997484b8160b;7.5;0;;;100161;true;;;Tabela Furious Equipment — CONE 24CM RÍGIDO (absoluto)
6a7b233d125cb4f18756f26c;;6a7a72ae9d7d60af7fcd1376;6a7b12dc0628997484b8160c;9.31;0;;;100162;true;;;Tabela Furious Equipment — CONE 24CM FLEXÍVEL (absoluto)
6a7b233d125cb4f18756f26d;;6a7a72ae9d7d60af7fcd1376;6a7b12dc0628997484b8160d;3.75;0;;;100163;true;;;Tabela Furious Equipment — PRATO DEMARCATÓRIO (absoluto)
6a7b233d125cb4f18756f26e;;6a7a72ae9d7d60af7fcd1376;6a7b13c0603b667969eea35a;112.5;0;;;100164;true;;;Tabela Furious Equipment — KIT CONE 24CM MUMERADO 0 - 9 (absoluto)
6a7b233d125cb4f18756f26f;;6a7a72ae9d7d60af7fcd1376;6a7b12dc0628997484b8160e;25.83;0;;;100165;true;;;Tabela Furious Equipment — CONE 50CM RÍGIDO (absoluto)
6a7b233d125cb4f18756f270;;6a7a72ae9d7d60af7fcd1376;6a7b12dc0628997484b8160f;34.44;0;;;100166;true;;;Tabela Furious Equipment — CONE 50CM FURADO (absoluto)
6a7b233d125cb4f18756f271;;6a7a72ae9d7d60af7fcd1376;6a7b13c0603b667969eea35b;102.08;0;;;100874;true;;;Tabela Furious Equipment — KIT CONE 50CM COM BARREIRA (absoluto)
6a7b233d125cb4f18756f272;;6a7a72ae9d7d60af7fcd1376;6a7b12dc0628997484b81610;62.78;0;;;100876;true;;;Tabela Furious Equipment — ESTACA AGILIDADE 1,60MT ALTURA (absoluto)
6a7b233d125cb4f18756f273;;6a7a72ae9d7d60af7fcd1376;6a7b13c0603b667969eea35c;176.39;0;;;100878;true;;;Tabela Furious Equipment — KIT AGILIDADE 8 CONES 24CM 4 BARREIRAS 80CM (absoluto)
6a7b233d125cb4f18756f274;;6a7a72ae9d7d60af7fcd1376;6a7b13c0603b667969eea35d;313.47;0;;;101358;true;;;Tabela Furious Equipment — KIT DE OBSTÁCULOS 84CM LARGURA C/ 20, 25, 32, 40 E 47CM ESCALA ALTURAS (absoluto)
6a7b233d125cb4f18756f275;;6a7a72ae9d7d60af7fcd1376;6a7b13c0603b667969eea359;136.81;0;;;101359;true;;;Tabela Furious Equipment — KIT ARGOLAS DE AGILIDADE (8 UNIDADES) (absoluto)
6a7b233d125cb4f18756f276;;6a7a72ae9d7d60af7fcd1376;6a7b12dc0628997484b81611;59.44;0;;;101360;true;;;Tabela Furious Equipment — MINI ROLO DE MASSAGEM (absoluto)
6a7b233d125cb4f18756f277;;6a7a72ae9d7d60af7fcd1376;6a7b12dc0628997484b81612;81.94;0;;;101361;true;;;Tabela Furious Equipment — ROLO DE MASSAGEM (absoluto)
6a7b233d125cb4f18756f278;;6a7a72ae9d7d60af7fcd1376;6a7b12dc0628997484b81613;138.89;0;;;101362;true;;;Tabela Furious Equipment — RODA ABDOMINAL DUPLA (absoluto)
6a7b233d125cb4f18756f279;;6a7a72ae9d7d60af7fcd1376;6a7b12dc0628997484b81614;38.89;0;;;101363;true;;;Tabela Furious Equipment — DISCO DE DESLIZAMENTO (absoluto)
6a7b233d125cb4f18756f27a;;6a7a72ae9d7d60af7fcd1376;6a7b12dc0628997484b81615;261.11;0;;;101364;true;;;Tabela Furious Equipment — ESCADA DE AGILIDADE DUPLA 20 DEGRAUS 4,5MT (10 DE CADA LADO) (absoluto)
6a7b233d125cb4f18756f27b;;6a7a72ae9d7d60af7fcd1376;6a7b12dc0628997484b81616;8666.67;0;;;101365;true;;;Tabela Furious Equipment — AIR BIKE – TP920 (absoluto)
6a7b233d125cb4f18756f27c;;6a7a72ae9d7d60af7fcd1376;6a7b12dc0628997484b81617;9537.04;0;;;101366;true;;;Tabela Furious Equipment — AIR REMO – BF810 (absoluto)
6a7b233d125cb4f18756f27d;;6a7a72ae9d7d60af7fcd1376;6a7b12dc0628997484b81618;3175.85;0;;;100022;true;;;Tabela Furious Equipment — GHD - BASE FIXA NO SOLO 99,5X148,5CM (absoluto)
6a7b233d125cb4f18756f27e;;6a7a72ae9d7d60af7fcd1376;6a7b141aa9c5d531620db94e;66.48;0;;;100023;true;;;Tabela Furious Equipment — POLIA BAIXA (PUXADOR TORNOZELEIRA) (absoluto)
6a7b233d125cb4f18756f27f;;6a7a72ae9d7d60af7fcd1376;6a7b1e807b1911fd4530625f;41.67;0;;;100024;true;;;Tabela Furious Equipment — PONTEIRA PARA CORDA SISAL/REVESTIDA (absoluto)
6a7b233d125cb4f18756f280;;6a7a72ae9d7d60af7fcd1376;6a57db9fcbeb4107550b2a55;45.82;0;;;100025;true;;;Tabela Furious Equipment — PROTETOR DE BARRA (absoluto)
6a7b233d125cb4f18756f281;;6a7a72ae9d7d60af7fcd1376;6a7b141aa9c5d531620db94d;337.13;0;;;100026;true;;;Tabela Furious Equipment — PUXADOR COM 2 ARGOLAS (RING MUSCLE UP) (absoluto)
6a7b233d125cb4f18756f282;;6a7a72ae9d7d60af7fcd1376;6a7b12dc0628997484b815f7;536.36;0;;;100028;true;;;Tabela Furious Equipment — BANCO SUPINO RETO 1,10 X 0,35 X 0,40 (absoluto)
6a7b233d125cb4f18756f283;;6a7a72ae9d7d60af7fcd1376;6a7b12dc0628997484b815f8;1106.33;0;;;100010;true;;;Tabela Furious Equipment — BANCO SUPINO REGULÁVEL (absoluto)
6a7b233d125cb4f18756f284;;6a7a72ae9d7d60af7fcd1376;6a3de23bc03bf79c138cbbfe;9.46;0;;;100029;true;;;Tabela Furious Equipment — ANILHA VAZADA PINTADA 1KG (absoluto)
6a7b233d125cb4f18756f285;;6a7a72ae9d7d60af7fcd1376;6a3de23bc03bf79c138cbc00;28.38;0;;;100031;true;;;Tabela Furious Equipment — ANILHA VAZADA PINTADA 3KG (absoluto)
6a7b233d125cb4f18756f286;;6a7a72ae9d7d60af7fcd1376;6a3de23bc03bf79c138cbc01;37.83;0;;;100032;true;;;Tabela Furious Equipment — ANILHA VAZADA PINTADA 4KG (absoluto)
6a7b233d125cb4f18756f287;;6a7a72ae9d7d60af7fcd1376;6a3de23bc03bf79c138cbc02;47.29;0;;;100033;true;;;Tabela Furious Equipment — ANILHA VAZADA PINTADA 5KG (absoluto)
6a7b233d125cb4f18756f288;;6a7a72ae9d7d60af7fcd1376;6a3de23bc03bf79c138cbc03;94.58;0;;;100034;true;;;Tabela Furious Equipment — ANILHA VAZADA PINTADA 10KG (absoluto)
6a7b233d125cb4f18756f289;;6a7a72ae9d7d60af7fcd1376;6a3de23bc03bf79c138cbc05;189.17;0;;;100036;true;;;Tabela Furious Equipment — ANILHA VAZADA PINTADA 20KG (absoluto)
6a7b233d125cb4f18756f28a;;6a7a72ae9d7d60af7fcd1376;6a3de23bc03bf79c138cbc06;236.46;0;;;100037;true;;;Tabela Furious Equipment — ANILHA VAZADA PINTADA 25KG (absoluto)
6a7b233d125cb4f18756f28b;;6a7a72ae9d7d60af7fcd1376;6a3de23bc03bf79c138cbc10;11.12;0;;;100038;true;;;Tabela Furious Equipment — ANILHA VAZADA EMBORRACHADA 1KG (absoluto)
6a7b233d125cb4f18756f28c;;6a7a72ae9d7d60af7fcd1376;6a3de23bc03bf79c138cbc12;33.36;0;;;100040;true;;;Tabela Furious Equipment — ANILHA VAZADA EMBORRACHADA 3KG (absoluto)
6a7b233d125cb4f18756f28d;;6a7a72ae9d7d60af7fcd1376;6a3de23bc03bf79c138cbc13;44.49;0;;;100041;true;;;Tabela Furious Equipment — ANILHA VAZADA EMBORRACHADA 4KG (absoluto)
6a7b233d125cb4f18756f28e;;6a7a72ae9d7d60af7fcd1376;6a3de23bc03bf79c138cbc14;55.61;0;;;100042;true;;;Tabela Furious Equipment — ANILHA VAZADA EMBORRACHADA 5KG (absoluto)
6a7b233d125cb4f18756f28f;;6a7a72ae9d7d60af7fcd1376;6a3de23bc03bf79c138cbc15;111.22;0;;;100043;true;;;Tabela Furious Equipment — ANILHA VAZADA EMBORRACHADA 10KG (absoluto)
6a7b233d125cb4f18756f290;;6a7a72ae9d7d60af7fcd1376;6a3de23bc03bf79c138cbc17;222.43;0;;;100045;true;;;Tabela Furious Equipment — ANILHA VAZADA EMBORRACHADA 20KG (absoluto)
6a7b233d125cb4f18756f291;;6a7a72ae9d7d60af7fcd1376;6a3de23bc03bf79c138cbc18;278.04;0;;;100046;true;;;Tabela Furious Equipment — ANILHA VAZADA EMBORRACHADA 25KG (absoluto)
6a7b233d125cb4f18756f292;;6a7a72ae9d7d60af7fcd1376;6a3de23bc03bf79c138cbc74;26.15;0;;;100087;true;;;Tabela Furious Equipment — ANILHA SPORT EMBORRACHADA OLÍMPICA 2KG (absoluto)
6a7b233d125cb4f18756f293;;6a7a72ae9d7d60af7fcd1376;6a3de23bc03bf79c138cbc75;39.23;0;;;100088;true;;;Tabela Furious Equipment — ANILHA SPORT EMBORRACHADA OLÍMPICA 3KG (absoluto)
6a7b233d125cb4f18756f294;;6a7a72ae9d7d60af7fcd1376;6a3de23bc03bf79c138cbc76;52.31;0;;;100089;true;;;Tabela Furious Equipment — ANILHA SPORT EMBORRACHADA OLÍMPICA 4KG (absoluto)
6a7b233d125cb4f18756f295;;6a7a72ae9d7d60af7fcd1376;6a3de23bc03bf79c138cbc77;65.38;0;;;100090;true;;;Tabela Furious Equipment — ANILHA SPORT EMBORRACHADA OLÍMPICA 5KG (absoluto)
6a7b233d125cb4f18756f296;;6a7a72ae9d7d60af7fcd1376;6a3de23bc03bf79c138cbc79;196.15;0;;;100092;true;;;Tabela Furious Equipment — ANILHA SPORT EMBORRACHADA OLÍMPICA 15KG (absoluto)
6a7b233d125cb4f18756f297;;6a7a72ae9d7d60af7fcd1376;6a3de23bc03bf79c138cbc7a;261.54;0;;;100093;true;;;Tabela Furious Equipment — ANILHA SPORT EMBORRACHADA OLÍMPICA 20KG (absoluto)
6a7b233d125cb4f18756f298;;6a7a72ae9d7d60af7fcd1376;6a3de23bc03bf79c138cbc7b;326.92;0;;;100094;true;;;Tabela Furious Equipment — ANILHA SPORT EMBORRACHADA OLÍMPICA 25KG (absoluto)
6a7b233d125cb4f18756f299;;6a7a72ae9d7d60af7fcd1376;6a7b134f920160ed9c20e82c;93.33;0;;;100109;true;;;Tabela Furious Equipment — ANILHA MINI BUMPER OLÍMPICA 4kg (absoluto)
6a7b233d125cb4f18756f29a;;6a7a72ae9d7d60af7fcd1376;6a7b134f920160ed9c20e82d;116.67;0;;;100110;true;;;Tabela Furious Equipment — ANILHA MINI BUMPER OLÍMPICA 5kg (absoluto)
6a7b233d125cb4f18756f29b;;6a7a72ae9d7d60af7fcd1376;6a7b134f920160ed9c20e82e;119.23;0;;;100095;true;;;Tabela Furious Equipment — ANILHA FURIOUS BLACK 5KG (absoluto)
6a7b233d125cb4f18756f29c;;6a7a72ae9d7d60af7fcd1376;6a7b134f920160ed9c20e82f;238.46;0;;;100096;true;;;Tabela Furious Equipment — ANILHA FURIOUS BLACK 10KG (absoluto)
6a7b233d125cb4f18756f29d;;6a7a72ae9d7d60af7fcd1376;6a7b134f920160ed9c20e830;357.69;0;;;100097;true;;;Tabela Furious Equipment — ANILHA FURIOUS BLACK 15KG (absoluto)
6a7b233d125cb4f18756f29e;;6a7a72ae9d7d60af7fcd1376;6a7b134f920160ed9c20e831;476.92;0;;;100098;true;;;Tabela Furious Equipment — ANILHA FURIOUS BLACK 20 KG (absoluto)
6a7b233d125cb4f18756f29f;;6a7a72ae9d7d60af7fcd1376;6a7b134f920160ed9c20e863;50;0;;;100111;true;;;Tabela Furious Equipment — Barra oca 40cm Pintura eletr.(com presilhas aspiral)-Par (absoluto)
6a7b233d125cb4f18756f2a0;;6a7a72ae9d7d60af7fcd1376;6a7b134f920160ed9c20e864;77.37;0;;;100114;true;;;Tabela Furious Equipment — Barra oca 130cm Pintura eletr.(com presilhas aspiral) (absoluto)
6a7b233d125cb4f18756f2a1;;6a7a72ae9d7d60af7fcd1376;6a7b134f920160ed9c20e865;96.32;0;;;100116;true;;;Tabela Furious Equipment — Barra oca 180cm Pintura eletr.(com presilhas aspiral) (absoluto)
6a7b233d125cb4f18756f2a2;;6a7a72ae9d7d60af7fcd1376;6a7b134f920160ed9c20e866;64.47;0;;;100117;true;;;Tabela Furious Equipment — Barra MACIÇA 40cm Pintura eletr. (com presilhas aspiral) (absoluto)
6a7b233d125cb4f18756f2a3;;6a7a72ae9d7d60af7fcd1376;6a7b134f920160ed9c20e867;239.47;0;;;100119;true;;;Tabela Furious Equipment — Barra MACIÇA 150cm Pintura eletr. (com presilhas aspiral) (absoluto)
6a7b233d125cb4f18756f2a4;;6a7a72ae9d7d60af7fcd1376;6a7b134f920160ed9c20e868;1115.38;0;;;100153;true;;;Tabela Furious Equipment — Barra Olímpica 15kg 2,0m KTL E-COAT - FEMININA (absoluto)
6a7b233d125cb4f18756f2a5;;6a7a72ae9d7d60af7fcd1376;6a7b134f920160ed9c20e869;792.31;0;;;100154;true;;;Tabela Furious Equipment — Barra Olímpica 10kg 1,62m KTL E-COAT - INICIANTE (absoluto)
6a7b233d125cb4f18756f2a6;;6a7a72ae9d7d60af7fcd1376;6a7b134f920160ed9c20e86a;1287.65;0;;;100156;true;;;Tabela Furious Equipment — Barra 15 Kg, 2,0 Metros, Cromada com Rolamento Agulha (absoluto)
6a7b233d125cb4f18756f2a7;;6a7a72ae9d7d60af7fcd1376;6a7b134f920160ed9c20e832;336.15;0;;;100228;true;;;Tabela Furious Equipment — BARRA CROMADA REC. MONTADA ANILHA PINTADA 10KG RETA (absoluto)
6a7b233d125cb4f18756f2a8;;6a7a72ae9d7d60af7fcd1376;6a7b134f920160ed9c20e833;403.38;0;;;100229;true;;;Tabela Furious Equipment — BARRA CROMADA REC. MONTADA ANILHA PINTADA 12KG RETA (absoluto)
6a7b233d125cb4f18756f2a9;;6a7a72ae9d7d60af7fcd1376;6a7b134f920160ed9c20e834;470.62;0;;;100230;true;;;Tabela Furious Equipment — BARRA CROMADA REC. MONTADA ANILHA PINTADA 14KG RETA (absoluto)
6a7b233d125cb4f18756f2aa;;6a7a72ae9d7d60af7fcd1376;6a7b134f920160ed9c20e835;537.85;0;;;100231;true;;;Tabela Furious Equipment — BARRA CROMADA REC. MONTADA ANILHA PINTADA 16KG RETA (absoluto)
6a7b233d125cb4f18756f2ab;;6a7a72ae9d7d60af7fcd1376;6a7b134f920160ed9c20e836;672.31;0;;;100233;true;;;Tabela Furious Equipment — BARRA CROMADA REC. MONTADA ANILHA PINTADA 20KG RETA (absoluto)
6a7b233d125cb4f18756f2ac;;6a7a72ae9d7d60af7fcd1376;6a7b134f920160ed9c20e837;739.54;0;;;100234;true;;;Tabela Furious Equipment — BARRA CROMADA REC. MONTADA ANILHA PINTADA 22KG RETA (absoluto)
6a7b233d125cb4f18756f2ad;;6a7a72ae9d7d60af7fcd1376;6a7b134f920160ed9c20e838;806.77;0;;;100235;true;;;Tabela Furious Equipment — BARRA CROMADA REC. MONTADA ANILHA PINTADA 24KG RETA (absoluto)
6a7b233d125cb4f18756f2ae;;6a7a72ae9d7d60af7fcd1376;6a7b134f920160ed9c20e839;874;0;;;100236;true;;;Tabela Furious Equipment — BARRA CROMADA REC. MONTADA ANILHA PINTADA 26KG RETA (absoluto)
6a7b233d125cb4f18756f2af;;6a7a72ae9d7d60af7fcd1376;6a7b134f920160ed9c20e83a;1008.46;0;;;100238;true;;;Tabela Furious Equipment — BARRA CROMADA REC. MONTADA ANILHA PINTADA 30KG RETA (absoluto)
6a7b233d125cb4f18756f2b0;;6a7a72ae9d7d60af7fcd1376;6a7b134f920160ed9c20e83b;1075.69;0;;;100239;true;;;Tabela Furious Equipment — BARRA CROMADA REC. MONTADA ANILHA PINTADA 32KG RETA (absoluto)
6a7b233d125cb4f18756f2b1;;6a7a72ae9d7d60af7fcd1376;6a7b134f920160ed9c20e83c;1142.92;0;;;100240;true;;;Tabela Furious Equipment — BARRA CROMADA REC. MONTADA ANILHA PINTADA 34KG RETA (absoluto)
6a7b233d125cb4f18756f2b2;;6a7a72ae9d7d60af7fcd1376;6a7b134f920160ed9c20e83d;1210.15;0;;;100241;true;;;Tabela Furious Equipment — BARRA CROMADA REC. MONTADA ANILHA PINTADA 36KG RETA (absoluto)
6a7b233d125cb4f18756f2b3;;6a7a72ae9d7d60af7fcd1376;6a7b134f920160ed9c20e83e;1344.62;0;;;100243;true;;;Tabela Furious Equipment — BARRA CROMADA REC. MONTADA ANILHA PINTADA 40KG RETA (absoluto)
6a7b233d125cb4f18756f2b4;;6a7a72ae9d7d60af7fcd1376;6a7b134f920160ed9c20e83f;347.15;0;;;100245;true;;;Tabela Furious Equipment — BARRA CROMADA REC. MONTADA ANILHA EMBORRACHADA 12KG (absoluto)
6a7b233d125cb4f18756f2b5;;6a7a72ae9d7d60af7fcd1376;6a7b134f920160ed9c20e840;370.54;0;;;100246;true;;;Tabela Furious Equipment — BARRA CROMADA REC. MONTADA ANILHA EMBORRACHADA 14KG (absoluto)
6a7b233d125cb4f18756f2b6;;6a7a72ae9d7d60af7fcd1376;6a7b134f920160ed9c20e841;393.92;0;;;100247;true;;;Tabela Furious Equipment — BARRA CROMADA REC. MONTADA ANILHA EMBORRACHADA 16KG (absoluto)
6a7b233d125cb4f18756f2b7;;6a7a72ae9d7d60af7fcd1376;6a7b134f920160ed9c20e842;417.31;0;;;100248;true;;;Tabela Furious Equipment — BARRA CROMADA REC. MONTADA ANILHA EMBORRACHADA 18KG (absoluto)
6a7b233d125cb4f18756f2b8;;6a7a72ae9d7d60af7fcd1376;6a7b134f920160ed9c20e843;464.08;0;;;100250;true;;;Tabela Furious Equipment — BARRA CROMADA REC. MONTADA ANILHA EMBORRACHADA 22KG (absoluto)
6a7b233d125cb4f18756f2b9;;6a7a72ae9d7d60af7fcd1376;6a7b134f920160ed9c20e844;487.46;0;;;100251;true;;;Tabela Furious Equipment — BARRA CROMADA REC. MONTADA ANILHA EMBORRACHADA 24KG (absoluto)
6a7b233d125cb4f18756f2ba;;6a7a72ae9d7d60af7fcd1376;6a7b134f920160ed9c20e845;510.85;0;;;100252;true;;;Tabela Furious Equipment — BARRA CROMADA REC. MONTADA ANILHA EMBORRACHADA 26KG (absoluto)
6a7b233d125cb4f18756f2bb;;6a7a72ae9d7d60af7fcd1376;6a7b134f920160ed9c20e846;534.23;0;;;100253;true;;;Tabela Furious Equipment — BARRA CROMADA REC. MONTADA ANILHA EMBORRACHADA 28KG (absoluto)
6a7b233d125cb4f18756f2bc;;6a7a72ae9d7d60af7fcd1376;6a7b134f920160ed9c20e847;581;0;;;100255;true;;;Tabela Furious Equipment — BARRA CROMADA REC. MONTADA ANILHA EMBORRACHADA 32KG (absoluto)
6a7b233d125cb4f18756f2bd;;6a7a72ae9d7d60af7fcd1376;6a7b134f920160ed9c20e848;604.38;0;;;100256;true;;;Tabela Furious Equipment — BARRA CROMADA REC. MONTADA ANILHA EMBORRACHADA 34KG (absoluto)
6a7b233d125cb4f18756f2be;;6a7a72ae9d7d60af7fcd1376;6a7b134f920160ed9c20e849;627.77;0;;;100257;true;;;Tabela Furious Equipment — BARRA CROMADA REC. MONTADA ANILHA EMBORRACHADA 36KG (absoluto)
6a7b233d125cb4f18756f2bf;;6a7a72ae9d7d60af7fcd1376;6a7b134f920160ed9c20e84a;651.15;0;;;100258;true;;;Tabela Furious Equipment — BARRA CROMADA REC. MONTADA ANILHA EMBORRACHADA 38KG (absoluto)
6a7b233d125cb4f18756f2c0;;6a7a72ae9d7d60af7fcd1376;6a7b134f920160ed9c20e84b;330.85;0;;;100260;true;;;Tabela Furious Equipment — BARRA CROMADA REC. MONTADA ANILHA INJETADA 10KG (absoluto)
6a7b796e599499ba62d43f5d;;6a7a72ae9d7d60af7fcd1376;6a7b134f920160ed9c20e84c;384.69;0;;;100262;true;;;Tabela Furious Equipment — BARRA CROMADA REC. MONTADA ANILHA INJETADA 14KG (absoluto)
6a7b796e599499ba62d43f5e;;6a7a72ae9d7d60af7fcd1376;6a7b134f920160ed9c20e84d;411.62;0;;;100263;true;;;Tabela Furious Equipment — BARRA CROMADA REC. MONTADA ANILHA INJETADA 16KG (absoluto)
6a7b796e599499ba62d43f5f;;6a7a72ae9d7d60af7fcd1376;6a7b134f920160ed9c20e84e;438.54;0;;;100264;true;;;Tabela Furious Equipment — BARRA CROMADA REC. MONTADA ANILHA INJETADA 18KG (absoluto)
6a7b796e599499ba62d43f60;;6a7a72ae9d7d60af7fcd1376;6a7b134f920160ed9c20e84f;465.46;0;;;100265;true;;;Tabela Furious Equipment — BARRA CROMADA REC. MONTADA ANILHA INJETADA 20KG (absoluto)
6a7b796e599499ba62d43f61;;6a7a72ae9d7d60af7fcd1376;6a7b134f920160ed9c20e850;519.31;0;;;100267;true;;;Tabela Furious Equipment — BARRA CROMADA REC. MONTADA ANILHA INJETADA 24KG (absoluto)
6a7b796e599499ba62d43f62;;6a7a72ae9d7d60af7fcd1376;6a7b134f920160ed9c20e851;546.23;0;;;100268;true;;;Tabela Furious Equipment — BARRA CROMADA REC. MONTADA ANILHA INJETADA 26KG (absoluto)
6a7b796e599499ba62d43f63;;6a7a72ae9d7d60af7fcd1376;6a7b134f920160ed9c20e852;573.15;0;;;100269;true;;;Tabela Furious Equipment — BARRA CROMADA REC. MONTADA ANILHA INJETADA 28KG (absoluto)
6a7b796e599499ba62d43f64;;6a7a72ae9d7d60af7fcd1376;6a7b134f920160ed9c20e853;600.08;0;;;100270;true;;;Tabela Furious Equipment — BARRA CROMADA REC. MONTADA ANILHA INJETADA 30KG (absoluto)
6a7b796e599499ba62d43f65;;6a7a72ae9d7d60af7fcd1376;6a7b134f920160ed9c20e854;653.92;0;;;100272;true;;;Tabela Furious Equipment — BARRA CROMADA REC. MONTADA ANILHA INJETADA 34KG (absoluto)
6a7b796e599499ba62d43f66;;6a7a72ae9d7d60af7fcd1376;6a7b134f920160ed9c20e855;680.85;0;;;100273;true;;;Tabela Furious Equipment — BARRA CROMADA REC. MONTADA ANILHA INJETADA 36KG (absoluto)
6a7b796e599499ba62d43f67;;6a7a72ae9d7d60af7fcd1376;6a7b134f920160ed9c20e856;707.77;0;;;100274;true;;;Tabela Furious Equipment — BARRA CROMADA REC. MONTADA ANILHA INJETADA 38KG (absoluto)
6a7b796e599499ba62d43f68;;6a7a72ae9d7d60af7fcd1376;6a7b134f920160ed9c20e857;734.69;0;;;100275;true;;;Tabela Furious Equipment — BARRA CROMADA REC. MONTADA ANILHA INJETADA 40KG (absoluto)
6a7b796e599499ba62d43f69;;6a7a72ae9d7d60af7fcd1376;6a7b12dc0628997484b8162a;98.48;0;;;100318;true;;;Tabela Furious Equipment — Caneleira Capota Maritima 5KG (absoluto)
6a7b796e599499ba62d43f6a;;6a7a72ae9d7d60af7fcd1376;6a7b13c0603b667969eea327;135.63;0;;;100346;true;;;Tabela Furious Equipment — Dumbbells sextavado Pintado 14kg (absoluto)
6a7b796e599499ba62d43f6b;;6a7a72ae9d7d60af7fcd1376;6a7b13c0603b667969eea328;155;0;;;100347;true;;;Tabela Furious Equipment — Dumbbells sextavado Pintado 16kg (absoluto)
6a7b796e599499ba62d43f6c;;6a7a72ae9d7d60af7fcd1376;6a7b13c0603b667969eea329;174.37;0;;;100348;true;;;Tabela Furious Equipment — Dumbbells sextavado Pintado 18kg (absoluto)
6a7b796e599499ba62d43f6d;;6a7a72ae9d7d60af7fcd1376;6a7b13c0603b667969eea32a;193.73;0;;;100349;true;;;Tabela Furious Equipment — Dumbbells sextavado Pintado 20kg (absoluto)
6a7b796e599499ba62d43f6e;;6a7a72ae9d7d60af7fcd1376;6a7b13c0603b667969eea32b;232.46;0;;;100351;true;;;Tabela Furious Equipment — Dumbbells sextavado Pintado 24kg (absoluto)
6a7b796e599499ba62d43f6f;;6a7a72ae9d7d60af7fcd1376;6a7b13c0603b667969eea32c;251.83;0;;;100352;true;;;Tabela Furious Equipment — Dumbbells sextavado Pintado 26kg (absoluto)
6a7b796e599499ba62d43f70;;6a7a72ae9d7d60af7fcd1376;6a7b13c0603b667969eea32d;271.19;0;;;100353;true;;;Tabela Furious Equipment — Dumbbells sextavado Pintado 28kg (absoluto)
6a7b796e599499ba62d43f71;;6a7a72ae9d7d60af7fcd1376;6a7b13c0603b667969eea32e;290.56;0;;;100354;true;;;Tabela Furious Equipment — Dumbbells sextavado Pintado 30kg (absoluto)
6a7b796e599499ba62d43f72;;6a7a72ae9d7d60af7fcd1376;6a7b13c0603b667969eea32f;133.79;0;;;100368;true;;;Tabela Furious Equipment — Dumbbells sextavado Emborrachado 12kg (absoluto)
6a7b796e599499ba62d43f73;;6a7a72ae9d7d60af7fcd1376;6a7b13c0603b667969eea330;156.07;0;;;100369;true;;;Tabela Furious Equipment — Dumbbells sextavado Emborrachado 14kg (absoluto)
6a7b796e599499ba62d43f74;;6a7a72ae9d7d60af7fcd1376;6a7b13c0603b667969eea331;178.36;0;;;100370;true;;;Tabela Furious Equipment — Dumbbells sextavado Emborrachado 16kg (absoluto)
6a7b796e599499ba62d43f75;;6a7a72ae9d7d60af7fcd1376;6a7b13c0603b667969eea332;200.64;0;;;100371;true;;;Tabela Furious Equipment — Dumbbells sextavado Emborrachado 18kg (absoluto)
6a7b796e599499ba62d43f76;;6a7a72ae9d7d60af7fcd1376;6a7b13c0603b667969eea333;245.21;0;;;100373;true;;;Tabela Furious Equipment — Dumbbells sextavado Emborrachado 22kg (absoluto)
6a7b796e599499ba62d43f77;;6a7a72ae9d7d60af7fcd1376;6a7b13c0603b667969eea334;267.5;0;;;100374;true;;;Tabela Furious Equipment — Dumbbells sextavado Emborrachado 24kg (absoluto)
6a7b796e599499ba62d43f78;;6a7a72ae9d7d60af7fcd1376;6a7b13c0603b667969eea335;289.79;0;;;100375;true;;;Tabela Furious Equipment — Dumbbells sextavado Emborrachado 26kg (absoluto)
6a7b796e599499ba62d43f79;;6a7a72ae9d7d60af7fcd1376;6a7b13c0603b667969eea336;312.07;0;;;100376;true;;;Tabela Furious Equipment — Dumbbells sextavado Emborrachado 28kg (absoluto)
6a7b796e599499ba62d43f7a;;6a7a72ae9d7d60af7fcd1376;6a7b13c0603b667969eea337;356.64;0;;;100378;true;;;Tabela Furious Equipment — Dumbbells sextavado Emborrachado 32kg (absoluto)
6a7b796e599499ba62d43f7b;;6a7a72ae9d7d60af7fcd1376;6a3feaacbbf27f5ae7f193ac;369.23;0;;;100431;true;;;Tabela Furious Equipment — Dumbbell Sextavado Injetado Pegada Cromada 10kg (absoluto)
6a7b796e599499ba62d43f7c;;6a7a72ae9d7d60af7fcd1376;6a3feaaa0cc7ebc213990ab6;232.94;0;;;100540;true;;;Tabela Furious Equipment — Dumbbell Montado Anilha Injetada 12kg PEGADA EM ALUMINIO (absoluto)
6a7b796e599499ba62d43f7d;;6a7a72ae9d7d60af7fcd1376;6a3feaaa0cc7ebc213990ab7;271.76;0;;;100541;true;;;Tabela Furious Equipment — Dumbbell Montado Anilha Injetada 14kg PEGADA EM ALUMINIO (absoluto)
6a7b796e599499ba62d43f7e;;6a7a72ae9d7d60af7fcd1376;6a3feaaa0cc7ebc213990ab8;310.59;0;;;100542;true;;;Tabela Furious Equipment — Dumbbell Montado Anilha Injetada 16kg PEGADA EM ALUMINIO (absoluto)
6a7b796e599499ba62d43f7f;;6a7a72ae9d7d60af7fcd1376;6a3feaaa0cc7ebc213990ab9;349.41;0;;;100543;true;;;Tabela Furious Equipment — Dumbbell Montado Anilha Injetada 18kg PEGADA EM ALUMINIO (absoluto)
6a7b796e599499ba62d43f80;;6a7a72ae9d7d60af7fcd1376;6a3feaaa0cc7ebc213990abb;427.06;0;;;100545;true;;;Tabela Furious Equipment — Dumbbell Montado Anilha Injetada 22kg PEGADA EM ALUMINIO (absoluto)
6a7b796e599499ba62d43f81;;6a7a72ae9d7d60af7fcd1376;6a3feaaa0cc7ebc213990abc;465.88;0;;;100546;true;;;Tabela Furious Equipment — Dumbbell Montado Anilha Injetada 24kg PEGADA EM ALUMINIO (absoluto)
6a7b796e599499ba62d43f82;;6a7a72ae9d7d60af7fcd1376;6a3feaaa0cc7ebc213990abd;504.71;0;;;100547;true;;;Tabela Furious Equipment — Dumbbell Montado Anilha Injetada 26kg PEGADA EM ALUMINIO (absoluto)
6a7b796e599499ba62d43f83;;6a7a72ae9d7d60af7fcd1376;6a3feaaa0cc7ebc213990abe;543.53;0;;;100548;true;;;Tabela Furious Equipment — Dumbbell Montado Anilha Injetada 28kg PEGADA EM ALUMINIO (absoluto)
6a7b796e599499ba62d43f84;;6a7a72ae9d7d60af7fcd1376;6a3feaaa0cc7ebc213990ac0;621.18;0;;;100550;true;;;Tabela Furious Equipment — Dumbbell Montado Anilha Injetada 32kg PEGADA EM ALUMINIO (absoluto)
6a7b796e599499ba62d43f85;;6a7a72ae9d7d60af7fcd1376;6a3feaaa0cc7ebc213990ac1;660;0;;;100551;true;;;Tabela Furious Equipment — Dumbbell Montado Anilha Injetada 34kg PEGADA EM ALUMINIO (absoluto)
6a7b796e599499ba62d43f86;;6a7a72ae9d7d60af7fcd1376;6a3feaaa0cc7ebc213990ac2;698.82;0;;;100552;true;;;Tabela Furious Equipment — Dumbbell Montado Anilha Injetada 36kg PEGADA EM ALUMINIO (absoluto)
6a7b796e599499ba62d43f87;;6a7a72ae9d7d60af7fcd1376;6a3feaaa0cc7ebc213990ac3;737.65;0;;;100553;true;;;Tabela Furious Equipment — Dumbbell Montado Anilha Injetada 38kg PEGADA EM ALUMINIO (absoluto)
6a7b796e599499ba62d43f88;;6a7a72ae9d7d60af7fcd1376;6a3feaaa0cc7ebc213990ac5;815.29;0;;;100555;true;;;Tabela Furious Equipment — Dumbbell Montado Anilha Injetada 42kg PEGADA EM ALUMINIO (absoluto)
6a7b796e599499ba62d43f89;;6a7a72ae9d7d60af7fcd1376;6a3feaaa0cc7ebc213990ac6;854.12;0;;;100556;true;;;Tabela Furious Equipment — Dumbbell Montado Anilha Injetada 44kg PEGADA EM ALUMINIO (absoluto)
6a7b796e599499ba62d43f8a;;6a7a72ae9d7d60af7fcd1376;6a3feaaa0cc7ebc213990ac7;892.94;0;;;100557;true;;;Tabela Furious Equipment — Dumbbell Montado Anilha Injetada 46kg PEGADA EM ALUMINIO (absoluto)
6a7b796e599499ba62d43f8b;;6a7a72ae9d7d60af7fcd1376;6a3feaaa0cc7ebc213990ac8;931.76;0;;;100558;true;;;Tabela Furious Equipment — Dumbbell Montado Anilha Injetada 48kg PEGADA EM ALUMINIO (absoluto)
6a7b796e599499ba62d43f8c;;6a7a72ae9d7d60af7fcd1376;6a3feaacbbf27f5ae7f192fe;1148.92;0;;;100575;true;;;Tabela Furious Equipment — Dumbbell Monobloco Injetado 40kg PEGADA INJETADA (absoluto)
6a7b796e599499ba62d43f8d;;6a7a72ae9d7d60af7fcd1376;6a3feaacbbf27f5ae7f19301;1321.26;0;;;100578;true;;;Tabela Furious Equipment — Dumbbell Monobloco Injetado 46kg PEGADA INJETADA (absoluto)
6a7b796e599499ba62d43f8e;;6a7a72ae9d7d60af7fcd1376;6a3feaacbbf27f5ae7f19303;1436.15;0;;;100580;true;;;Tabela Furious Equipment — Dumbbell Monobloco Injetado 50kg PEGADA INJETADA (absoluto)
6a7b796e599499ba62d43f8f;;6a7a72ae9d7d60af7fcd1376;6a57bd657fa67faa93ade147;484.62;0;;;100622;true;;;Tabela Furious Equipment — Expositor Anilha "T" + 8 barras p/ 200kg (absoluto)
6a7b796e599499ba62d43f90;;6a7a72ae9d7d60af7fcd1376;6a7b141aa9c5d531620db95a;646.15;0;;;100623;true;;;Tabela Furious Equipment — Expositor Anilha "T" Olímpico (absoluto)
6a7b796e599499ba62d43f91;;6a7a72ae9d7d60af7fcd1376;6a57bd657fa67faa93ade14a;321.07;0;;;100627;true;;;Tabela Furious Equipment — Expositor Anilha Olímpica Vertical Fixo (absoluto)
6a7b796e599499ba62d43f92;;6a7a72ae9d7d60af7fcd1376;6a57bd657fa67faa93ade14e;1000;0;;;100642;true;;;Tabela Furious Equipment — Extensão Multiuso 1m - 2 div.Wall Ball/2 div.Prateleira (absoluto)
6a7b796e599499ba62d43f93;;6a7a72ae9d7d60af7fcd1376;6a57bd657fa67faa93ade151;1049.23;0;;;100645;true;;;Tabela Furious Equipment — Expositor Halter 20 pares (absoluto)
6a7b796e599499ba62d43f94;;6a7a72ae9d7d60af7fcd1376;6a57bd657fa67faa93ade153;310.77;0;;;100647;true;;;Tabela Furious Equipment — Expositor Halter 5 pares (absoluto)
6a7b796e599499ba62d43f95;;6a7a72ae9d7d60af7fcd1376;6a57bd657fa67faa93ade155;265.54;0;;;100649;true;;;Tabela Furious Equipment — Expositor Halter Parede 5 pares (absoluto)
6a7b796e599499ba62d43f96;;6a7a72ae9d7d60af7fcd1376;6a57bd657fa67faa93ade158;300;0;;;100652;true;;;Tabela Furious Equipment — Expositor fogueteiro para 10 Barras 28mm (absoluto)
6a7b796e599499ba62d43f97;;6a7a72ae9d7d60af7fcd1376;6a57bd657fa67faa93ade159;444.62;0;;;100653;true;;;Tabela Furious Equipment — Expositor fogueteiro para 12 Barras 28mm - Box (absoluto)
6a7b796e599499ba62d43f98;;6a7a72ae9d7d60af7fcd1376;6a7b141aa9c5d531620db95c;553.85;0;;;100659;true;;;Tabela Furious Equipment — Suporte para Barra c/ regulagem para exercício livre (absoluto)
6a7b796e599499ba62d43f99;;6a7a72ae9d7d60af7fcd1376;6a7b13c0603b667969eea33c;1176.92;0;;;100661;true;;;Tabela Furious Equipment — Rack de Agachamento Simples (absoluto)
6a7b796e599499ba62d43f9a;;6a7a72ae9d7d60af7fcd1376;6a7b12dc0628997484b81619;358.46;0;;;100664;true;;;Tabela Furious Equipment — Fat Bar (absoluto)
6a7b796e599499ba62d43f9b;;6a7a72ae9d7d60af7fcd1376;6a7b12dc0628997484b8161a;46.67;0;;;100666;true;;;Tabela Furious Equipment — Grama VERDE 12mm (absoluto)
6a7b796e599499ba62d43f9c;;6a7a72ae9d7d60af7fcd1376;6a7b12dc0628997484b8161b;120.58;0;;;100667;true;;;Tabela Furious Equipment — Grama VERDE 15mm (absoluto)
6a7b796e599499ba62d43f9d;;6a7a72ae9d7d60af7fcd1376;6a7b12dc0628997484b8161c;121.63;0;;;100668;true;;;Tabela Furious Equipment — Grama VERDE 20mm (absoluto)
6a7b796e599499ba62d43f9e;;6a7a72ae9d7d60af7fcd1376;6a7b12dc0628997484b8161d;475;0;;;100670;true;;;Tabela Furious Equipment — Pilar 50x50x2,75mt (absoluto)
6a7b796e599499ba62d43f9f;;6a7a72ae9d7d60af7fcd1376;6a7b12dc0628997484b8161e;691.67;0;;;100671;true;;;Tabela Furious Equipment — Pilar 80x80x2,75mt (absoluto)
6a7b796e599499ba62d43fa0;;6a7a72ae9d7d60af7fcd1376;6a7b12dc0628997484b8161f;648.33;0;;;100673;true;;;Tabela Furious Equipment — Pilar 80x80x2,30mt (absoluto)
6a7b796e599499ba62d43fa1;;6a7a72ae9d7d60af7fcd1376;6a7b13c0603b667969eea33d;300;0;;;100675;true;;;Tabela Furious Equipment — Barra pull up 1,50mt Dupla (absoluto)
6a7b796e599499ba62d43fa2;;6a7a72ae9d7d60af7fcd1376;6a7b13c0603b667969eea33e;283.33;0;;;100676;true;;;Tabela Furious Equipment — Barra pull up 1,20mt Dupla (absoluto)
6a7b796e599499ba62d43fa3;;6a7a72ae9d7d60af7fcd1376;6a7b13c0603b667969eea33f;227.5;0;;;100679;true;;;Tabela Furious Equipment — Barra pull up 1,80mt Simples (absoluto)
6a7b796e599499ba62d43fa4;;6a7a72ae9d7d60af7fcd1376;6a7b13c0603b667969eea340;192.5;0;;;100681;true;;;Tabela Furious Equipment — Barra pull up 1,20mt Simples (absoluto)
6a7b796e599499ba62d43fa5;;6a7a72ae9d7d60af7fcd1376;6a7b13c0603b667969eea31c;333.33;0;;;100581;true;;;Tabela Furious Equipment — BARRA FIXA DE PAREDE (1MT DA PAREDE X 1,10 LARGURA) (absoluto)
6a7b796e599499ba62d43fa6;;6a7a72ae9d7d60af7fcd1376;6a3e9f1164a9e1e30880a27d;9.15;0;;;100685;true;;;Tabela Furious Equipment — HALTER BOLA PINTADO 1KG (absoluto)
6a7b796e599499ba62d43fa7;;6a7a72ae9d7d60af7fcd1376;6a3e9f1164a9e1e30880a27e;18.31;0;;;100686;true;;;Tabela Furious Equipment — HALTER BOLA PINTADO 2KG (absoluto)
6a7b796e599499ba62d43fa8;;6a7a72ae9d7d60af7fcd1376;6a3e9f1164a9e1e30880a27f;27.46;0;;;100687;true;;;Tabela Furious Equipment — HALTER BOLA PINTADO 3KG (absoluto)
6a7b796e599499ba62d43fa9;;6a7a72ae9d7d60af7fcd1376;6a3e9f1164a9e1e30880a280;36.62;0;;;100688;true;;;Tabela Furious Equipment — HALTER BOLA PINTADO 4KG (absoluto)
6a7b796e599499ba62d43faa;;6a7a72ae9d7d60af7fcd1376;6a3e9f1164a9e1e30880a282;54.92;0;;;100690;true;;;Tabela Furious Equipment — HALTER BOLA PINTADO 6KG (absoluto)
6a7b796e599499ba62d43fab;;6a7a72ae9d7d60af7fcd1376;6a3e9f1164a9e1e30880a283;64.08;0;;;100691;true;;;Tabela Furious Equipment — HALTER BOLA PINTADO 7KG (absoluto)
6a7b796e599499ba62d43fac;;6a7a72ae9d7d60af7fcd1376;6a3e9f1164a9e1e30880a284;73.23;0;;;100692;true;;;Tabela Furious Equipment — HALTER BOLA PINTADO 8KG (absoluto)
6a7b796e599499ba62d43fad;;6a7a72ae9d7d60af7fcd1376;6a3e9f1164a9e1e30880a285;82.38;0;;;100693;true;;;Tabela Furious Equipment — HALTER BOLA PINTADO 9KG (absoluto)
6a7b796e599499ba62d43fae;;6a7a72ae9d7d60af7fcd1376;6a3e9f1164a9e1e30880a287;10.93;0;;;100695;true;;;Tabela Furious Equipment — HALTER BOLA EMBORRACHADO 1KG (absoluto)
6a7b796e599499ba62d43faf;;6a7a72ae9d7d60af7fcd1376;6a3e9f1164a9e1e30880a289;32.79;0;;;100697;true;;;Tabela Furious Equipment — HALTER BOLA EMBORRACHADO 3KG (absoluto)
6a7b796e599499ba62d43fb0;;6a7a72ae9d7d60af7fcd1376;6a3e9f1164a9e1e30880a28a;43.71;0;;;100698;true;;;Tabela Furious Equipment — HALTER BOLA EMBORRACHADO 4KG (absoluto)
6a7b796e599499ba62d43fb1;;6a7a72ae9d7d60af7fcd1376;6a3e9f1164a9e1e30880a28b;54.64;0;;;100699;true;;;Tabela Furious Equipment — HALTER BOLA EMBORRACHADO 5KG (absoluto)
6a7b796e599499ba62d43fb2;;6a7a72ae9d7d60af7fcd1376;6a3e9f1164a9e1e30880a28c;65.57;0;;;100700;true;;;Tabela Furious Equipment — HALTER BOLA EMBORRACHADO 6KG (absoluto)
6a7b796e599499ba62d43fb3;;6a7a72ae9d7d60af7fcd1376;6a3e9f1164a9e1e30880a28e;87.43;0;;;100702;true;;;Tabela Furious Equipment — HALTER BOLA EMBORRACHADO 8KG (absoluto)
6a7b796e599499ba62d43fb4;;6a7a72ae9d7d60af7fcd1376;6a3e9f1164a9e1e30880a28f;98.36;0;;;100703;true;;;Tabela Furious Equipment — HALTER BOLA EMBORRACHADO 9KG (absoluto)
6a7b796e599499ba62d43fb5;;6a7a72ae9d7d60af7fcd1376;6a3e9f1164a9e1e30880a290;109.29;0;;;100704;true;;;Tabela Furious Equipment — HALTER BOLA EMBORRACHADO 10KG (absoluto)
6a7b796e599499ba62d43fb6;;6a7a72ae9d7d60af7fcd1376;6a7b13c0603b667969eea35e;48.33;0;;;100751;true;;;Tabela Furious Equipment — KIT MINI BAND 3 TENSÕES (absoluto)
6a7b796e599499ba62d43fb7;;6a7a72ae9d7d60af7fcd1376;6a57bdd225180899c32f9cf5;180.87;0;;;100828;true;;;Tabela Furious Equipment — POWER BAG 10 KG (absoluto)
6a7b796e599499ba62d43fb8;;6a7a72ae9d7d60af7fcd1376;6a57bdd225180899c32f9cf9;180.87;0;;;100009;true;;;Tabela Furious Equipment — POWER BAG 20 KG (absoluto)
6a7b796e599499ba62d43fb9;;6a7a72ae9d7d60af7fcd1376;6a7b12dc0628997484b81620;184.76;0;;;100830;true;;;Tabela Furious Equipment — POWER BAG 25 kg (absoluto)
6a7b796e599499ba62d43fba;;6a7a72ae9d7d60af7fcd1376;6a7b13c0603b667969eea31d;15.38;0;;;100832;true;;;Tabela Furious Equipment — PRESILHA ASPIRAL BARRA OCA (absoluto)
6a7b796e599499ba62d43fbb;;6a7a72ae9d7d60af7fcd1376;6a7b13c0603b667969eea31e;15.38;0;;;100833;true;;;Tabela Furious Equipment — PRESILHA ASPIRAL BARRA STANDARD (absoluto)
6a7b796e599499ba62d43fbc;;6a7a72ae9d7d60af7fcd1376;6a7b12dc0628997484b81621;32.31;0;;;100834;true;;;Tabela Furious Equipment — LOCK PRESS MINI 24 à 26 mm (absoluto)
6a7b796e599499ba62d43fbd;;6a7a72ae9d7d60af7fcd1376;6a7b141aa9c5d531620db94f;48.31;0;;;100843;true;;;Tabela Furious Equipment — PUXADOR ESTRIBO CROSSOVER NYLON (absoluto)
6a7b796e599499ba62d43fbe;;6a7a72ae9d7d60af7fcd1376;6a7b13c0603b667969eea35f;1493.06;0;;;100879;true;;;Tabela Furious Equipment — KIT PUXADORES ANATÔMICOS (7 PUXADORES) (absoluto)
6a7b796e599499ba62d43fbf;;6a7a72ae9d7d60af7fcd1376;6a7b12dc0628997484b815ff;108.55;0;;;100881;true;;;Tabela Furious Equipment — STEP EVA 60X28X10CM (absoluto)
6a7b796e599499ba62d43fc0;;6a7a72ae9d7d60af7fcd1376;6a7b12dc0628997484b81600;162.83;0;;;100883;true;;;Tabela Furious Equipment — STEP EVA 80X28X10CM (absoluto)
6a7b79fcde527275d1bf5dd4;;6a7a72ae9d7d60af7fcd1376;6a7b12dc0628997484b81601;162.83;0;;;100885;true;;;Tabela Furious Equipment — STEP EVA 90X28X10CM (absoluto)
6a7b79fcde527275d1bf5dd5;;6a7a72ae9d7d60af7fcd1376;6a7b12dc0628997484b81602;208.06;0;;;100886;true;;;Tabela Furious Equipment — STEP EVA 90X28X14CM (absoluto)
6a7b79fcde527275d1bf5dd6;;6a7a72ae9d7d60af7fcd1376;6a7b12dc0628997484b81622;58.23;0;;;100888;true;;;Tabela Furious Equipment — Tatame EVA 10mm Preto 1x1 (cores consultar) (absoluto)
6a7b79fcde527275d1bf5dd7;;6a7a72ae9d7d60af7fcd1376;6a7b12dc0628997484b81623;101.54;0;;;100890;true;;;Tabela Furious Equipment — Tatame EVA 20mm Preto 1x1 (cores consultar) (absoluto)
6a7b79fcde527275d1bf5dd8;;6a7a72ae9d7d60af7fcd1376;6a7b12dc0628997484b81624;139.26;0;;;100891;true;;;Tabela Furious Equipment — Tatame EVA 30mm Preto 1x1 (cores consultar) (absoluto)
6a7b79fcde527275d1bf5dd9;;6a7a72ae9d7d60af7fcd1376;6a7b12dc0628997484b81625;201.54;0;;;100892;true;;;Tabela Furious Equipment — Tatame EVA 40mm Preto 1x1 (cores consultar) (absoluto)
6a7b79fcde527275d1bf5dda;;6a7a72ae9d7d60af7fcd1376;6a43d03d489599a52bac3e32;96.67;0;;;100894;true;;;Tabela Furious Equipment — Tijolinho Jaú Pintado 10kg (absoluto)
6a7b79fcde527275d1bf5ddb;;6a7a72ae9d7d60af7fcd1376;6a43d03d489599a52bac3e39;72.5;0;;;100897;true;;;Tabela Furious Equipment — Tijolinho Jaú Injetado 5kg (absoluto)
6a7b79fcde527275d1bf5ddc;;6a7a72ae9d7d60af7fcd1376;6a7b141aa9c5d531620db962;1.63;0;;;100900;true;;;Tabela Furious Equipment — Bucha para Tijolinho Injetado PP 1" (absoluto)
6a7b79fcde527275d1bf5ddd;;6a7a72ae9d7d60af7fcd1376;6a7b141aa9c5d531620db963;1.63;0;;;100901;true;;;Tabela Furious Equipment — Bucha para Tijolinho Injetado PP 7/8" (absoluto)
6a7b79fcde527275d1bf5dde;;6a7a72ae9d7d60af7fcd1376;6a7b141aa9c5d531620db964;1.63;0;;;100902;true;;;Tabela Furious Equipment — Bucha para Tijolinho Jaú PP 1" (absoluto)
6a7b79fcde527275d1bf5ddf;;6a7a72ae9d7d60af7fcd1376;6a7b141aa9c5d531620db965;7.02;0;;;100904;true;;;Tabela Furious Equipment — Bucha para Guia Injetada PP 1" (absoluto)
6a7b79fcde527275d1bf5de0;;6a7a72ae9d7d60af7fcd1376;6a7b141aa9c5d531620db966;7.02;0;;;100905;true;;;Tabela Furious Equipment — Bucha para Guia Injetada PP 7/8" (absoluto)
6a7b79fcde527275d1bf5de1;;6a7a72ae9d7d60af7fcd1376;6a7b141aa9c5d531620db967;7.02;0;;;100906;true;;;Tabela Furious Equipment — Bucha para Guia Jaú PP 1" (absoluto)
6a7b79fcde527275d1bf5de2;;6a7a72ae9d7d60af7fcd1376;6a7b141aa9c5d531620db968;7.02;0;;;100907;true;;;Tabela Furious Equipment — Bucha para Guia Jaú PP 7/8" (absoluto)
6a7b79fcde527275d1bf5de3;;6a7a4fcfa3e5992c5a5cc2c5;6a3de23bc03bf79c138cbc06;182.25;0;;;;true;;;Tabela Salome e Prado (Anilhas de Ferro) — Anilha Vazada Pintada (R$7.29/kg x 25kg)
6a7b79fcde527275d1bf5de4;;6a7a4fcfa3e5992c5a5cc2c5;6a3de23bc03bf79c138cbc05;145.8;0;;;;true;;;Tabela Salome e Prado (Anilhas de Ferro) — Anilha Vazada Pintada (R$7.29/kg x 20kg)
6a7b79fcde527275d1bf5de5;;6a7a4fcfa3e5992c5a5cc2c5;6a3de23bc03bf79c138cbc04;109.35;0;;;;true;;;Tabela Salome e Prado (Anilhas de Ferro) — Anilha Vazada Pintada (R$7.29/kg x 15kg)
6a7b79fcde527275d1bf5de6;;6a7a4fcfa3e5992c5a5cc2c5;6a3de23bc03bf79c138cbc03;72.9;0;;;;true;;;Tabela Salome e Prado (Anilhas de Ferro) — Anilha Vazada Pintada (R$7.29/kg x 10kg)
6a7b79fcde527275d1bf5de7;;6a7a4fcfa3e5992c5a5cc2c5;6a3de23bc03bf79c138cbc02;36.45;0;;;;true;;;Tabela Salome e Prado (Anilhas de Ferro) — Anilha Vazada Pintada (R$7.29/kg x 5kg)
6a7b79fcde527275d1bf5de8;;6a7a4fcfa3e5992c5a5cc2c5;6a3de23bc03bf79c138cbc01;29.16;0;;;;true;;;Tabela Salome e Prado (Anilhas de Ferro) — Anilha Vazada Pintada (R$7.29/kg x 4kg)
6a7b79fcde527275d1bf5de9;;6a7a4fcfa3e5992c5a5cc2c5;6a3de23bc03bf79c138cbc00;21.87;0;;;;true;;;Tabela Salome e Prado (Anilhas de Ferro) — Anilha Vazada Pintada (R$7.29/kg x 3kg)
6a7b79fcde527275d1bf5dea;;6a7a4fcfa3e5992c5a5cc2c5;6a3de23bc03bf79c138cbbff;14.58;0;;;;true;;;Tabela Salome e Prado (Anilhas de Ferro) — Anilha Vazada Pintada (R$7.29/kg x 2kg)
6a7b79fcde527275d1bf5deb;;6a7a4fcfa3e5992c5a5cc2c5;6a3de23bc03bf79c138cbbfe;7.29;0;;;;true;;;Tabela Salome e Prado (Anilhas de Ferro) — Anilha Vazada Pintada (R$7.29/kg x 1kg)
6a7b79fcde527275d1bf5dec;;6a7a4fcfa3e5992c5a5cc2c5;6a3de23bc03bf79c138cbc0f;198;0;;;;true;;;Tabela Salome e Prado (Anilhas de Ferro) — Anilha Vazada Olímpica Pintada (R$7.92/kg x 25kg)
6a7b79fcde527275d1bf5ded;;6a7a4fcfa3e5992c5a5cc2c5;6a3de23bc03bf79c138cbc0e;158.4;0;;;;true;;;Tabela Salome e Prado (Anilhas de Ferro) — Anilha Vazada Olímpica Pintada (R$7.92/kg x 20kg)
6a7b79fcde527275d1bf5dee;;6a7a4fcfa3e5992c5a5cc2c5;6a3de23bc03bf79c138cbc0d;118.8;0;;;;true;;;Tabela Salome e Prado (Anilhas de Ferro) — Anilha Vazada Olímpica Pintada (R$7.92/kg x 15kg)
6a7b79fcde527275d1bf5def;;6a7a4fcfa3e5992c5a5cc2c5;6a3de23bc03bf79c138cbc0c;79.2;0;;;;true;;;Tabela Salome e Prado (Anilhas de Ferro) — Anilha Vazada Olímpica Pintada (R$7.92/kg x 10kg)
6a7b79fcde527275d1bf5df0;;6a7a4fcfa3e5992c5a5cc2c5;6a3de23bc03bf79c138cbc0b;39.6;0;;;;true;;;Tabela Salome e Prado (Anilhas de Ferro) — Anilha Vazada Olímpica Pintada (R$7.92/kg x 5kg)
6a7b79fcde527275d1bf5df1;;6a7a4fcfa3e5992c5a5cc2c5;6a3de23bc03bf79c138cbc0a;31.68;0;;;;true;;;Tabela Salome e Prado (Anilhas de Ferro) — Anilha Vazada Olímpica Pintada (R$7.92/kg x 4kg)
6a7b79fcde527275d1bf5df2;;6a7a4fcfa3e5992c5a5cc2c5;6a3de23bc03bf79c138cbc09;23.76;0;;;;true;;;Tabela Salome e Prado (Anilhas de Ferro) — Anilha Vazada Olímpica Pintada (R$7.92/kg x 3kg)
6a7b79fcde527275d1bf5df3;;6a7a4fcfa3e5992c5a5cc2c5;6a3de23bc03bf79c138cbc08;15.84;0;;;;true;;;Tabela Salome e Prado (Anilhas de Ferro) — Anilha Vazada Olímpica Pintada (R$7.92/kg x 2kg)
6a7b79fcde527275d1bf5df4;;6a7a4fcfa3e5992c5a5cc2c5;6a3de23bc03bf79c138cbc07;7.92;0;;;;true;;;Tabela Salome e Prado (Anilhas de Ferro) — Anilha Vazada Olímpica Pintada (R$7.92/kg x 1kg)
6a7b79fcde527275d1bf5df5;;6a7a4fcfa3e5992c5a5cc2c5;6a3de23bc03bf79c138cbc60;229.5;0;;;;true;;;Tabela Salome e Prado (Anilhas de Ferro) — Anilha Sport Pintada (R$9.18/kg x 25kg)
6a7b79fcde527275d1bf5df6;;6a7a4fcfa3e5992c5a5cc2c5;6a3de23bc03bf79c138cbc5f;183.6;0;;;;true;;;Tabela Salome e Prado (Anilhas de Ferro) — Anilha Sport Pintada (R$9.18/kg x 20kg)
6a7b79fcde527275d1bf5df7;;6a7a4fcfa3e5992c5a5cc2c5;6a3de23bc03bf79c138cbc5e;137.7;0;;;;true;;;Tabela Salome e Prado (Anilhas de Ferro) — Anilha Sport Pintada (R$9.18/kg x 15kg)
6a7b79fcde527275d1bf5df8;;6a7a4fcfa3e5992c5a5cc2c5;6a3de23bc03bf79c138cbc5d;91.8;0;;;;true;;;Tabela Salome e Prado (Anilhas de Ferro) — Anilha Sport Pintada (R$9.18/kg x 10kg)
6a7b79fcde527275d1bf5df9;;6a7a4fcfa3e5992c5a5cc2c5;6a3de23bc03bf79c138cbc5c;45.9;0;;;;true;;;Tabela Salome e Prado (Anilhas de Ferro) — Anilha Sport Pintada (R$9.18/kg x 5kg)
6a7b79fcde527275d1bf5dfa;;6a7a4fcfa3e5992c5a5cc2c5;6a3de23bc03bf79c138cbc5b;36.72;0;;;;true;;;Tabela Salome e Prado (Anilhas de Ferro) — Anilha Sport Pintada (R$9.18/kg x 4kg)
6a7b79fcde527275d1bf5dfb;;6a7a4fcfa3e5992c5a5cc2c5;6a3de23bc03bf79c138cbc5a;27.54;0;;;;true;;;Tabela Salome e Prado (Anilhas de Ferro) — Anilha Sport Pintada (R$9.18/kg x 3kg)
6a7b79fcde527275d1bf5dfc;;6a7a4fcfa3e5992c5a5cc2c5;6a3de23bc03bf79c138cbc59;18.36;0;;;;true;;;Tabela Salome e Prado (Anilhas de Ferro) — Anilha Sport Pintada (R$9.18/kg x 2kg)
6a7b79fcde527275d1bf5dfd;;6a7a4fcfa3e5992c5a5cc2c5;6a3de23bc03bf79c138cbc58;9.18;0;;;;true;;;Tabela Salome e Prado (Anilhas de Ferro) — Anilha Sport Pintada (R$9.18/kg x 1kg)
6a7b79fcde527275d1bf5dfe;;6a7a4fcfa3e5992c5a5cc2c5;6a3de23bc03bf79c138cbc69;229.5;0;;;;true;;;Tabela Salome e Prado (Anilhas de Ferro) — Anilha Sport Olímpica Pintada (R$9.18/kg x 25kg)
6a7b79fcde527275d1bf5dff;;6a7a4fcfa3e5992c5a5cc2c5;6a3de23bc03bf79c138cbc68;183.6;0;;;;true;;;Tabela Salome e Prado (Anilhas de Ferro) — Anilha Sport Olímpica Pintada (R$9.18/kg x 20kg)
6a7b79fcde527275d1bf5e00;;6a7a4fcfa3e5992c5a5cc2c5;6a3de23bc03bf79c138cbc67;137.7;0;;;;true;;;Tabela Salome e Prado (Anilhas de Ferro) — Anilha Sport Olímpica Pintada (R$9.18/kg x 15kg)
6a7b79fcde527275d1bf5e01;;6a7a4fcfa3e5992c5a5cc2c5;6a3de23bc03bf79c138cbc66;91.8;0;;;;true;;;Tabela Salome e Prado (Anilhas de Ferro) — Anilha Sport Olímpica Pintada (R$9.18/kg x 10kg)
6a7b79fcde527275d1bf5e02;;6a7a4fcfa3e5992c5a5cc2c5;6a3de23bc03bf79c138cbc65;45.9;0;;;;true;;;Tabela Salome e Prado (Anilhas de Ferro) — Anilha Sport Olímpica Pintada (R$9.18/kg x 5kg)
6a7b79fcde527275d1bf5e03;;6a7a4fcfa3e5992c5a5cc2c5;6a3de23bc03bf79c138cbc64;36.72;0;;;;true;;;Tabela Salome e Prado (Anilhas de Ferro) — Anilha Sport Olímpica Pintada (R$9.18/kg x 4kg)
6a7b79fcde527275d1bf5e04;;6a7a4fcfa3e5992c5a5cc2c5;6a3de23bc03bf79c138cbc63;27.54;0;;;;true;;;Tabela Salome e Prado (Anilhas de Ferro) — Anilha Sport Olímpica Pintada (R$9.18/kg x 3kg)
6a7b79fcde527275d1bf5e05;;6a7a4fcfa3e5992c5a5cc2c5;6a3de23bc03bf79c138cbc62;18.36;0;;;;true;;;Tabela Salome e Prado (Anilhas de Ferro) — Anilha Sport Olímpica Pintada (R$9.18/kg x 2kg)
6a7b79fcde527275d1bf5e06;;6a7a4fcfa3e5992c5a5cc2c5;6a3de23bc03bf79c138cbc61;9.18;0;;;;true;;;Tabela Salome e Prado (Anilhas de Ferro) — Anilha Sport Olímpica Pintada (R$9.18/kg x 1kg)
6a7b79fcde527275d1bf5e07;;6a7a4fcfa3e5992c5a5cc2c5;6a3de23bc03bf79c138cbc18;243;0;;;;true;;;Tabela Salome e Prado (Anilhas de Ferro) — Anilha Vazada Emborrachada (R$9.72/kg x 25kg)
6a7b79fcde527275d1bf5e08;;6a7a4fcfa3e5992c5a5cc2c5;6a3de23bc03bf79c138cbc17;194.4;0;;;;true;;;Tabela Salome e Prado (Anilhas de Ferro) — Anilha Vazada Emborrachada (R$9.72/kg x 20kg)
6a7b79fcde527275d1bf5e09;;6a7a4fcfa3e5992c5a5cc2c5;6a3de23bc03bf79c138cbc16;145.8;0;;;;true;;;Tabela Salome e Prado (Anilhas de Ferro) — Anilha Vazada Emborrachada (R$9.72/kg x 15kg)
6a7b79fcde527275d1bf5e0a;;6a7a4fcfa3e5992c5a5cc2c5;6a3de23bc03bf79c138cbc15;97.2;0;;;;true;;;Tabela Salome e Prado (Anilhas de Ferro) — Anilha Vazada Emborrachada (R$9.72/kg x 10kg)
6a7b79fcde527275d1bf5e0b;;6a7a4fcfa3e5992c5a5cc2c5;6a3de23bc03bf79c138cbc14;48.6;0;;;;true;;;Tabela Salome e Prado (Anilhas de Ferro) — Anilha Vazada Emborrachada (R$9.72/kg x 5kg)
6a7b79fcde527275d1bf5e0c;;6a7a4fcfa3e5992c5a5cc2c5;6a3de23bc03bf79c138cbc13;38.88;0;;;;true;;;Tabela Salome e Prado (Anilhas de Ferro) — Anilha Vazada Emborrachada (R$9.72/kg x 4kg)
6a7b79fcde527275d1bf5e0d;;6a7a4fcfa3e5992c5a5cc2c5;6a3de23bc03bf79c138cbc12;29.16;0;;;;true;;;Tabela Salome e Prado (Anilhas de Ferro) — Anilha Vazada Emborrachada (R$9.72/kg x 3kg)
6a7b79fcde527275d1bf5e0e;;6a7a4fcfa3e5992c5a5cc2c5;6a3de23bc03bf79c138cbc11;19.44;0;;;;true;;;Tabela Salome e Prado (Anilhas de Ferro) — Anilha Vazada Emborrachada (R$9.72/kg x 2kg)
6a7b79fcde527275d1bf5e0f;;6a7a4fcfa3e5992c5a5cc2c5;6a3de23bc03bf79c138cbc10;9.72;0;;;;true;;;Tabela Salome e Prado (Anilhas de Ferro) — Anilha Vazada Emborrachada (R$9.72/kg x 1kg)
6a7b79fcde527275d1bf5e10;;6a7a4fcfa3e5992c5a5cc2c5;6a3de23bc03bf79c138cbc21;254.25;0;;;;true;;;Tabela Salome e Prado (Anilhas de Ferro) — Anilha Vazada Olímpica Emborrachada (R$10.17/kg x 25kg)
6a7b79fcde527275d1bf5e11;;6a7a4fcfa3e5992c5a5cc2c5;6a3de23bc03bf79c138cbc20;203.4;0;;;;true;;;Tabela Salome e Prado (Anilhas de Ferro) — Anilha Vazada Olímpica Emborrachada (R$10.17/kg x 20kg)
6a7b79fcde527275d1bf5e12;;6a7a4fcfa3e5992c5a5cc2c5;6a3de23bc03bf79c138cbc1f;152.55;0;;;;true;;;Tabela Salome e Prado (Anilhas de Ferro) — Anilha Vazada Olímpica Emborrachada (R$10.17/kg x 15kg)
6a7b79fcde527275d1bf5e13;;6a7a4fcfa3e5992c5a5cc2c5;6a3de23bc03bf79c138cbc1e;101.7;0;;;;true;;;Tabela Salome e Prado (Anilhas de Ferro) — Anilha Vazada Olímpica Emborrachada (R$10.17/kg x 10kg)
6a7b79fcde527275d1bf5e14;;6a7a4fcfa3e5992c5a5cc2c5;6a3de23bc03bf79c138cbc1d;50.85;0;;;;true;;;Tabela Salome e Prado (Anilhas de Ferro) — Anilha Vazada Olímpica Emborrachada (R$10.17/kg x 5kg)
6a7b79fcde527275d1bf5e15;;6a7a4fcfa3e5992c5a5cc2c5;6a3de23bc03bf79c138cbc1c;40.68;0;;;;true;;;Tabela Salome e Prado (Anilhas de Ferro) — Anilha Vazada Olímpica Emborrachada (R$10.17/kg x 4kg)
6a7b79fcde527275d1bf5e16;;6a7a4fcfa3e5992c5a5cc2c5;6a3de23bc03bf79c138cbc1b;30.51;0;;;;true;;;Tabela Salome e Prado (Anilhas de Ferro) — Anilha Vazada Olímpica Emborrachada (R$10.17/kg x 3kg)
6a7b79fcde527275d1bf5e17;;6a7a4fcfa3e5992c5a5cc2c5;6a3de23bc03bf79c138cbc1a;20.34;0;;;;true;;;Tabela Salome e Prado (Anilhas de Ferro) — Anilha Vazada Olímpica Emborrachada (R$10.17/kg x 2kg)
6a7b79fcde527275d1bf5e18;;6a7a4fcfa3e5992c5a5cc2c5;6a3de23bc03bf79c138cbc19;10.17;0;;;;true;;;Tabela Salome e Prado (Anilhas de Ferro) — Anilha Vazada Olímpica Emborrachada (R$10.17/kg x 1kg)
6a7b79fcde527275d1bf5e19;;6a7a4fcfa3e5992c5a5cc2c5;6a3de23bc03bf79c138cbc7b;270;0;;;;true;;;Tabela Salome e Prado (Anilhas de Ferro) — Anilha Sport Olímpica Emborrachada (R$10.80/kg x 25kg)
6a7b79fcde527275d1bf5e1a;;6a7a4fcfa3e5992c5a5cc2c5;6a3de23bc03bf79c138cbc7a;216;0;;;;true;;;Tabela Salome e Prado (Anilhas de Ferro) — Anilha Sport Olímpica Emborrachada (R$10.80/kg x 20kg)
6a7b79fcde527275d1bf5e1b;;6a7a4fcfa3e5992c5a5cc2c5;6a3de23bc03bf79c138cbc79;162;0;;;;true;;;Tabela Salome e Prado (Anilhas de Ferro) — Anilha Sport Olímpica Emborrachada (R$10.80/kg x 15kg)
6a7b79fcde527275d1bf5e1c;;6a7a4fcfa3e5992c5a5cc2c5;6a3de23bc03bf79c138cbc78;108;0;;;;true;;;Tabela Salome e Prado (Anilhas de Ferro) — Anilha Sport Olímpica Emborrachada (R$10.80/kg x 10kg)
6a7b79fcde527275d1bf5e1d;;6a7a4fcfa3e5992c5a5cc2c5;6a3de23bc03bf79c138cbc77;54;0;;;;true;;;Tabela Salome e Prado (Anilhas de Ferro) — Anilha Sport Olímpica Emborrachada (R$10.80/kg x 5kg)
6a7b79fcde527275d1bf5e1e;;6a7a4fcfa3e5992c5a5cc2c5;6a3de23bc03bf79c138cbc76;43.2;0;;;;true;;;Tabela Salome e Prado (Anilhas de Ferro) — Anilha Sport Olímpica Emborrachada (R$10.80/kg x 4kg)
6a7b79fcde527275d1bf5e1f;;6a7a4fcfa3e5992c5a5cc2c5;6a3de23bc03bf79c138cbc75;32.4;0;;;;true;;;Tabela Salome e Prado (Anilhas de Ferro) — Anilha Sport Olímpica Emborrachada (R$10.80/kg x 3kg)
6a7b79fcde527275d1bf5e20;;6a7a4fcfa3e5992c5a5cc2c5;6a3de23bc03bf79c138cbc74;21.6;0;;;;true;;;Tabela Salome e Prado (Anilhas de Ferro) — Anilha Sport Olímpica Emborrachada (R$10.80/kg x 2kg)
6a7b79fcde527275d1bf5e21;;6a7a4fcfa3e5992c5a5cc2c5;6a3de23bc03bf79c138cbc73;10.8;0;;;;true;;;Tabela Salome e Prado (Anilhas de Ferro) — Anilha Sport Olímpica Emborrachada (R$10.80/kg x 1kg)
6a7b79fcde527275d1bf5e22;;6a7a4fcfa3e5992c5a5cc2c5;6a3de23bc03bf79c138cbc3b;219.6;0;;;;true;;;Tabela Salome e Prado (Anilhas de Ferro) — Anilha Vazada Injetada (R$10.98/kg x 20kg)
6a7b79fcde527275d1bf5e23;;6a7a4fcfa3e5992c5a5cc2c5;6a3de23bc03bf79c138cbc44;219.6;0;;;;true;;;Tabela Salome e Prado (Anilhas de Ferro) — Anilha Vazada Injetada Olímpica (R$10.98/kg x 20kg)
6a7b79fcde527275d1bf5e24;;6a7a4fcfa3e5992c5a5cc2c5;6a3e9f1164a9e1e30880a29b;12.06;0;;;;true;;;Tabela Salome e Prado (Anilhas de Ferro) — Halter Bola Injetado 1/2,1,2,3... 10 kg (R$12.06/kg x 1kg)
6a7b79fcde527275d1bf5e25;;6a7a4fcfa3e5992c5a5cc2c5;6a3fc1585187527190c4c1d9;79.2;0;;;;true;;;Tabela Salome e Prado (Anilhas de Ferro) — Halter Sextavado Pintado 1 a 10 kg (R$7.92/kg x 10kg)
6a7b79fcde527275d1bf5e26;;6a7a4fcfa3e5992c5a5cc2c5;6a3fc1585187527190c4c1d8;71.28;0;;;;true;;;Tabela Salome e Prado (Anilhas de Ferro) — Halter Sextavado Pintado 1 a 10 kg (R$7.92/kg x 9kg)
6a7b79fcde527275d1bf5e27;;6a7a4fcfa3e5992c5a5cc2c5;6a3fc1585187527190c4c1d7;63.36;0;;;;true;;;Tabela Salome e Prado (Anilhas de Ferro) — Halter Sextavado Pintado 1 a 10 kg (R$7.92/kg x 8kg)
6a7b79fcde527275d1bf5e28;;6a7a4fcfa3e5992c5a5cc2c5;6a3fc1585187527190c4c1d6;55.44;0;;;;true;;;Tabela Salome e Prado (Anilhas de Ferro) — Halter Sextavado Pintado 1 a 10 kg (R$7.92/kg x 7kg)
6a7b79fcde527275d1bf5e29;;6a7a4fcfa3e5992c5a5cc2c5;6a3fc1585187527190c4c1d5;47.52;0;;;;true;;;Tabela Salome e Prado (Anilhas de Ferro) — Halter Sextavado Pintado 1 a 10 kg (R$7.92/kg x 6kg)
6a7b79fcde527275d1bf5e2a;;6a7a4fcfa3e5992c5a5cc2c5;6a3fc1585187527190c4c1d4;39.6;0;;;;true;;;Tabela Salome e Prado (Anilhas de Ferro) — Halter Sextavado Pintado 1 a 10 kg (R$7.92/kg x 5kg)
6a7b79fcde527275d1bf5e2b;;6a7a4fcfa3e5992c5a5cc2c5;6a3fc1585187527190c4c1d3;31.68;0;;;;true;;;Tabela Salome e Prado (Anilhas de Ferro) — Halter Sextavado Pintado 1 a 10 kg (R$7.92/kg x 4kg)
6a7b79fcde527275d1bf5e2c;;6a7a4fcfa3e5992c5a5cc2c5;6a3fc1585187527190c4c1d2;23.76;0;;;;true;;;Tabela Salome e Prado (Anilhas de Ferro) — Halter Sextavado Pintado 1 a 10 kg (R$7.92/kg x 3kg)
6a7b79fcde527275d1bf5e2d;;6a7a4fcfa3e5992c5a5cc2c5;6a3fc1585187527190c4c1d1;15.84;0;;;;true;;;Tabela Salome e Prado (Anilhas de Ferro) — Halter Sextavado Pintado 1 a 10 kg (R$7.92/kg x 2kg)
6a7b79fcde527275d1bf5e2e;;6a7a4fcfa3e5992c5a5cc2c5;6a3fc1585187527190c4c1d0;7.92;0;;;;true;;;Tabela Salome e Prado (Anilhas de Ferro) — Halter Sextavado Pintado 1 a 10 kg (R$7.92/kg x 1kg)
6a7b79fcde527275d1bf5e2f;;6a7a4fcfa3e5992c5a5cc2c5;6a3feaacbbf27f5ae7f1929a;553.5;0;;;;true;;;Tabela Salome e Prado (Anilhas de Ferro) — Dumbell Pintado (Pegada Emborrachada) 6,8,10...50 Kg (R$11.07/kg x 50kg)
6a7b79fcde527275d1bf5e30;;6a7a4fcfa3e5992c5a5cc2c5;6a3feaacbbf27f5ae7f19299;531.36;0;;;;true;;;Tabela Salome e Prado (Anilhas de Ferro) — Dumbell Pintado (Pegada Emborrachada) 6,8,10...50 Kg (R$11.07/kg x 48kg)
6a7b79fcde527275d1bf5e31;;6a7a4fcfa3e5992c5a5cc2c5;6a3feaacbbf27f5ae7f19298;509.22;0;;;;true;;;Tabela Salome e Prado (Anilhas de Ferro) — Dumbell Pintado (Pegada Emborrachada) 6,8,10...50 Kg (R$11.07/kg x 46kg)
6a7b79fcde527275d1bf5e32;;6a7a4fcfa3e5992c5a5cc2c5;6a3feaacbbf27f5ae7f19297;487.08;0;;;;true;;;Tabela Salome e Prado (Anilhas de Ferro) — Dumbell Pintado (Pegada Emborrachada) 6,8,10...50 Kg (R$11.07/kg x 44kg)
6a7b79fcde527275d1bf5e33;;6a7a4fcfa3e5992c5a5cc2c5;6a3feaacbbf27f5ae7f19296;464.94;0;;;;true;;;Tabela Salome e Prado (Anilhas de Ferro) — Dumbell Pintado (Pegada Emborrachada) 6,8,10...50 Kg (R$11.07/kg x 42kg)
6a7b79fcde527275d1bf5e34;;6a7a4fcfa3e5992c5a5cc2c5;6a3feaacbbf27f5ae7f19295;442.8;0;;;;true;;;Tabela Salome e Prado (Anilhas de Ferro) — Dumbell Pintado (Pegada Emborrachada) 6,8,10...50 Kg (R$11.07/kg x 40kg)
6a7b79fcde527275d1bf5e35;;6a7a4fcfa3e5992c5a5cc2c5;6a3feaacbbf27f5ae7f19294;420.66;0;;;;true;;;Tabela Salome e Prado (Anilhas de Ferro) — Dumbell Pintado (Pegada Emborrachada) 6,8,10...50 Kg (R$11.07/kg x 38kg)
6a7b79fcde527275d1bf5e36;;6a7a4fcfa3e5992c5a5cc2c5;6a3feaacbbf27f5ae7f19293;398.52;0;;;;true;;;Tabela Salome e Prado (Anilhas de Ferro) — Dumbell Pintado (Pegada Emborrachada) 6,8,10...50 Kg (R$11.07/kg x 36kg)
6a7b79fcde527275d1bf5e37;;6a7a4fcfa3e5992c5a5cc2c5;6a3feaacbbf27f5ae7f19292;376.38;0;;;;true;;;Tabela Salome e Prado (Anilhas de Ferro) — Dumbell Pintado (Pegada Emborrachada) 6,8,10...50 Kg (R$11.07/kg x 34kg)
6a7b7aae36c330ac46e7d501;;6a7a4fcfa3e5992c5a5cc2c5;6a3feaacbbf27f5ae7f19291;354.24;0;;;;true;;;Tabela Salome e Prado (Anilhas de Ferro) — Dumbell Pintado (Pegada Emborrachada) 6,8,10...50 Kg (R$11.07/kg x 32kg)
6a7b7aae36c330ac46e7d502;;6a7a4fcfa3e5992c5a5cc2c5;6a3feaacbbf27f5ae7f19290;332.1;0;;;;true;;;Tabela Salome e Prado (Anilhas de Ferro) — Dumbell Pintado (Pegada Emborrachada) 6,8,10...50 Kg (R$11.07/kg x 30kg)
6a7b7aae36c330ac46e7d503;;6a7a4fcfa3e5992c5a5cc2c5;6a3feaacbbf27f5ae7f1928f;309.96;0;;;;true;;;Tabela Salome e Prado (Anilhas de Ferro) — Dumbell Pintado (Pegada Emborrachada) 6,8,10...50 Kg (R$11.07/kg x 28kg)
6a7b7aae36c330ac46e7d504;;6a7a4fcfa3e5992c5a5cc2c5;6a3feaacbbf27f5ae7f1928e;287.82;0;;;;true;;;Tabela Salome e Prado (Anilhas de Ferro) — Dumbell Pintado (Pegada Emborrachada) 6,8,10...50 Kg (R$11.07/kg x 26kg)
6a7b7aae36c330ac46e7d505;;6a7a4fcfa3e5992c5a5cc2c5;6a3feaacbbf27f5ae7f1928d;265.68;0;;;;true;;;Tabela Salome e Prado (Anilhas de Ferro) — Dumbell Pintado (Pegada Emborrachada) 6,8,10...50 Kg (R$11.07/kg x 24kg)
6a7b7aae36c330ac46e7d506;;6a7a4fcfa3e5992c5a5cc2c5;6a3feaacbbf27f5ae7f1928c;243.54;0;;;;true;;;Tabela Salome e Prado (Anilhas de Ferro) — Dumbell Pintado (Pegada Emborrachada) 6,8,10...50 Kg (R$11.07/kg x 22kg)
6a7b7aae36c330ac46e7d507;;6a7a4fcfa3e5992c5a5cc2c5;6a3feaacbbf27f5ae7f1928b;221.4;0;;;;true;;;Tabela Salome e Prado (Anilhas de Ferro) — Dumbell Pintado (Pegada Emborrachada) 6,8,10...50 Kg (R$11.07/kg x 20kg)
6a7b7aae36c330ac46e7d508;;6a7a4fcfa3e5992c5a5cc2c5;6a3feaacbbf27f5ae7f1928a;199.26;0;;;;true;;;Tabela Salome e Prado (Anilhas de Ferro) — Dumbell Pintado (Pegada Emborrachada) 6,8,10...50 Kg (R$11.07/kg x 18kg)
6a7b7aae36c330ac46e7d509;;6a7a4fcfa3e5992c5a5cc2c5;6a3feaacbbf27f5ae7f19289;177.12;0;;;;true;;;Tabela Salome e Prado (Anilhas de Ferro) — Dumbell Pintado (Pegada Emborrachada) 6,8,10...50 Kg (R$11.07/kg x 16kg)
6a7b7aae36c330ac46e7d50a;;6a7a4fcfa3e5992c5a5cc2c5;6a3feaacbbf27f5ae7f19288;154.98;0;;;;true;;;Tabela Salome e Prado (Anilhas de Ferro) — Dumbell Pintado (Pegada Emborrachada) 6,8,10...50 Kg (R$11.07/kg x 14kg)
6a7b7aae36c330ac46e7d50b;;6a7a4fcfa3e5992c5a5cc2c5;6a3feaacbbf27f5ae7f19287;132.84;0;;;;true;;;Tabela Salome e Prado (Anilhas de Ferro) — Dumbell Pintado (Pegada Emborrachada) 6,8,10...50 Kg (R$11.07/kg x 12kg)
6a7b7aae36c330ac46e7d50c;;6a7a4fcfa3e5992c5a5cc2c5;6a3feaacbbf27f5ae7f19286;110.7;0;;;;true;;;Tabela Salome e Prado (Anilhas de Ferro) — Dumbell Pintado (Pegada Emborrachada) 6,8,10...50 Kg (R$11.07/kg x 10kg)
6a7b7aae36c330ac46e7d50d;;6a7a4fcfa3e5992c5a5cc2c5;6a3feaacbbf27f5ae7f1926a;502.74;0;;;;true;;;Tabela Salome e Prado (Anilhas de Ferro) — Dumbell Pintado (Pegada Alumínio ) 6,8,10...50 Kg (R$13.23/kg x 38kg)
6a7b7aae36c330ac46e7d50e;;6a7a4fcfa3e5992c5a5cc2c5;6a3feaacbbf27f5ae7f19269;476.28;0;;;;true;;;Tabela Salome e Prado (Anilhas de Ferro) — Dumbell Pintado (Pegada Alumínio ) 6,8,10...50 Kg (R$13.23/kg x 36kg)
6a7b7aae36c330ac46e7d50f;;6a7a4fcfa3e5992c5a5cc2c5;6a3feaacbbf27f5ae7f19268;449.82;0;;;;true;;;Tabela Salome e Prado (Anilhas de Ferro) — Dumbell Pintado (Pegada Alumínio ) 6,8,10...50 Kg (R$13.23/kg x 34kg)
6a7b7aae36c330ac46e7d510;;6a7a4fcfa3e5992c5a5cc2c5;6a3feaacbbf27f5ae7f19267;423.36;0;;;;true;;;Tabela Salome e Prado (Anilhas de Ferro) — Dumbell Pintado (Pegada Alumínio ) 6,8,10...50 Kg (R$13.23/kg x 32kg)
6a7b7aae36c330ac46e7d511;;6a7a4fcfa3e5992c5a5cc2c5;6a3feaacbbf27f5ae7f19266;396.9;0;;;;true;;;Tabela Salome e Prado (Anilhas de Ferro) — Dumbell Pintado (Pegada Alumínio ) 6,8,10...50 Kg (R$13.23/kg x 30kg)
6a7b7aae36c330ac46e7d512;;6a7a4fcfa3e5992c5a5cc2c5;6a3feaacbbf27f5ae7f19265;370.44;0;;;;true;;;Tabela Salome e Prado (Anilhas de Ferro) — Dumbell Pintado (Pegada Alumínio ) 6,8,10...50 Kg (R$13.23/kg x 28kg)
6a7b7aae36c330ac46e7d513;;6a7a4fcfa3e5992c5a5cc2c5;6a3feaacbbf27f5ae7f19264;343.98;0;;;;true;;;Tabela Salome e Prado (Anilhas de Ferro) — Dumbell Pintado (Pegada Alumínio ) 6,8,10...50 Kg (R$13.23/kg x 26kg)
6a7b7aae36c330ac46e7d514;;6a7a4fcfa3e5992c5a5cc2c5;6a3feaacbbf27f5ae7f19263;317.52;0;;;;true;;;Tabela Salome e Prado (Anilhas de Ferro) — Dumbell Pintado (Pegada Alumínio ) 6,8,10...50 Kg (R$13.23/kg x 24kg)
6a7b7aae36c330ac46e7d515;;6a7a4fcfa3e5992c5a5cc2c5;6a3feaacbbf27f5ae7f19262;291.06;0;;;;true;;;Tabela Salome e Prado (Anilhas de Ferro) — Dumbell Pintado (Pegada Alumínio ) 6,8,10...50 Kg (R$13.23/kg x 22kg)
6a7b7aae36c330ac46e7d516;;6a7a4fcfa3e5992c5a5cc2c5;6a3feaacbbf27f5ae7f19261;264.6;0;;;;true;;;Tabela Salome e Prado (Anilhas de Ferro) — Dumbell Pintado (Pegada Alumínio ) 6,8,10...50 Kg (R$13.23/kg x 20kg)
6a7b7aae36c330ac46e7d517;;6a7a4fcfa3e5992c5a5cc2c5;6a3feaacbbf27f5ae7f19260;238.14;0;;;;true;;;Tabela Salome e Prado (Anilhas de Ferro) — Dumbell Pintado (Pegada Alumínio ) 6,8,10...50 Kg (R$13.23/kg x 18kg)
6a7b7aae36c330ac46e7d518;;6a7a4fcfa3e5992c5a5cc2c5;6a3feaacbbf27f5ae7f1925f;211.68;0;;;;true;;;Tabela Salome e Prado (Anilhas de Ferro) — Dumbell Pintado (Pegada Alumínio ) 6,8,10...50 Kg (R$13.23/kg x 16kg)
6a7b7aae36c330ac46e7d519;;6a7a4fcfa3e5992c5a5cc2c5;6a3feaacbbf27f5ae7f1925e;185.22;0;;;;true;;;Tabela Salome e Prado (Anilhas de Ferro) — Dumbell Pintado (Pegada Alumínio ) 6,8,10...50 Kg (R$13.23/kg x 14kg)
6a7b7aae36c330ac46e7d51a;;6a7a4fcfa3e5992c5a5cc2c5;6a3feaacbbf27f5ae7f1925d;158.76;0;;;;true;;;Tabela Salome e Prado (Anilhas de Ferro) — Dumbell Pintado (Pegada Alumínio ) 6,8,10...50 Kg (R$13.23/kg x 12kg)
6a7b7aae36c330ac46e7d51b;;6a7a4fcfa3e5992c5a5cc2c5;6a3feaacbbf27f5ae7f1925c;132.3;0;;;;true;;;Tabela Salome e Prado (Anilhas de Ferro) — Dumbell Pintado (Pegada Alumínio ) 6,8,10...50 Kg (R$13.23/kg x 10kg)
6a7b7aae36c330ac46e7d51c;;6a7a4fcfa3e5992c5a5cc2c5;6a3feaacbbf27f5ae7f19270;661.5;0;;;;true;;;Tabela Salome e Prado (Anilhas de Ferro) — Dumbell Pintado (Pegada Alumínio ) 6,8,10...50 Kg (R$13.23/kg x 50kg)
6a7b7aae36c330ac46e7d51d;;6a7a4fcfa3e5992c5a5cc2c5;6a3feaacbbf27f5ae7f1926f;635.04;0;;;;true;;;Tabela Salome e Prado (Anilhas de Ferro) — Dumbell Pintado (Pegada Alumínio ) 6,8,10...50 Kg (R$13.23/kg x 48kg)
6a7b7aae36c330ac46e7d51e;;6a7a4fcfa3e5992c5a5cc2c5;6a3feaacbbf27f5ae7f1926e;608.58;0;;;;true;;;Tabela Salome e Prado (Anilhas de Ferro) — Dumbell Pintado (Pegada Alumínio ) 6,8,10...50 Kg (R$13.23/kg x 46kg)
6a7b7aae36c330ac46e7d51f;;6a7a4fcfa3e5992c5a5cc2c5;6a3feaacbbf27f5ae7f1926d;582.12;0;;;;true;;;Tabela Salome e Prado (Anilhas de Ferro) — Dumbell Pintado (Pegada Alumínio ) 6,8,10...50 Kg (R$13.23/kg x 44kg)
6a7b7aae36c330ac46e7d520;;6a7a4fcfa3e5992c5a5cc2c5;6a3feaacbbf27f5ae7f1926c;555.66;0;;;;true;;;Tabela Salome e Prado (Anilhas de Ferro) — Dumbell Pintado (Pegada Alumínio ) 6,8,10...50 Kg (R$13.23/kg x 42kg)
6a7b7aae36c330ac46e7d521;;6a7a4fcfa3e5992c5a5cc2c5;6a3feaacbbf27f5ae7f1926b;529.2;0;;;;true;;;Tabela Salome e Prado (Anilhas de Ferro) — Dumbell Pintado (Pegada Alumínio ) 6,8,10...50 Kg (R$13.23/kg x 40kg)
6a7b7aae36c330ac46e7d522;;6a7a4fcfa3e5992c5a5cc2c5;6a3feaacbbf27f5ae7f19342;634.5;0;;;;true;;;Tabela Salome e Prado (Anilhas de Ferro) — Dumbell Emborrachado (Pegada Emborrachada) 6,8,10...50 Kg (R$12.69/kg x 50kg)
6a7b7aae36c330ac46e7d523;;6a7a4fcfa3e5992c5a5cc2c5;6a3feaacbbf27f5ae7f19341;609.12;0;;;;true;;;Tabela Salome e Prado (Anilhas de Ferro) — Dumbell Emborrachado (Pegada Emborrachada) 6,8,10...50 Kg (R$12.69/kg x 48kg)
6a7b7aae36c330ac46e7d524;;6a7a4fcfa3e5992c5a5cc2c5;6a3feaacbbf27f5ae7f19340;583.74;0;;;;true;;;Tabela Salome e Prado (Anilhas de Ferro) — Dumbell Emborrachado (Pegada Emborrachada) 6,8,10...50 Kg (R$12.69/kg x 46kg)
6a7b7aae36c330ac46e7d525;;6a7a4fcfa3e5992c5a5cc2c5;6a3feaacbbf27f5ae7f1933f;558.36;0;;;;true;;;Tabela Salome e Prado (Anilhas de Ferro) — Dumbell Emborrachado (Pegada Emborrachada) 6,8,10...50 Kg (R$12.69/kg x 44kg)
6a7b7aae36c330ac46e7d526;;6a7a4fcfa3e5992c5a5cc2c5;6a3feaacbbf27f5ae7f1933e;532.98;0;;;;true;;;Tabela Salome e Prado (Anilhas de Ferro) — Dumbell Emborrachado (Pegada Emborrachada) 6,8,10...50 Kg (R$12.69/kg x 42kg)
6a7b7aae36c330ac46e7d527;;6a7a4fcfa3e5992c5a5cc2c5;6a3feaacbbf27f5ae7f1933d;507.6;0;;;;true;;;Tabela Salome e Prado (Anilhas de Ferro) — Dumbell Emborrachado (Pegada Emborrachada) 6,8,10...50 Kg (R$12.69/kg x 40kg)
6a7b7aae36c330ac46e7d528;;6a7a4fcfa3e5992c5a5cc2c5;6a3feaacbbf27f5ae7f1933c;482.22;0;;;;true;;;Tabela Salome e Prado (Anilhas de Ferro) — Dumbell Emborrachado (Pegada Emborrachada) 6,8,10...50 Kg (R$12.69/kg x 38kg)
6a7b7aae36c330ac46e7d529;;6a7a4fcfa3e5992c5a5cc2c5;6a3feaacbbf27f5ae7f1933b;456.84;0;;;;true;;;Tabela Salome e Prado (Anilhas de Ferro) — Dumbell Emborrachado (Pegada Emborrachada) 6,8,10...50 Kg (R$12.69/kg x 36kg)
6a7b7aae36c330ac46e7d52a;;6a7a4fcfa3e5992c5a5cc2c5;6a3feaacbbf27f5ae7f1933a;431.46;0;;;;true;;;Tabela Salome e Prado (Anilhas de Ferro) — Dumbell Emborrachado (Pegada Emborrachada) 6,8,10...50 Kg (R$12.69/kg x 34kg)
6a7b7aae36c330ac46e7d52b;;6a7a4fcfa3e5992c5a5cc2c5;6a3feaacbbf27f5ae7f19339;406.08;0;;;;true;;;Tabela Salome e Prado (Anilhas de Ferro) — Dumbell Emborrachado (Pegada Emborrachada) 6,8,10...50 Kg (R$12.69/kg x 32kg)
6a7b7aae36c330ac46e7d52c;;6a7a4fcfa3e5992c5a5cc2c5;6a3feaacbbf27f5ae7f19338;380.7;0;;;;true;;;Tabela Salome e Prado (Anilhas de Ferro) — Dumbell Emborrachado (Pegada Emborrachada) 6,8,10...50 Kg (R$12.69/kg x 30kg)
6a7b7aae36c330ac46e7d52d;;6a7a4fcfa3e5992c5a5cc2c5;6a3feaacbbf27f5ae7f19337;355.32;0;;;;true;;;Tabela Salome e Prado (Anilhas de Ferro) — Dumbell Emborrachado (Pegada Emborrachada) 6,8,10...50 Kg (R$12.69/kg x 28kg)
6a7b7aae36c330ac46e7d52e;;6a7a4fcfa3e5992c5a5cc2c5;6a3feaacbbf27f5ae7f19336;329.94;0;;;;true;;;Tabela Salome e Prado (Anilhas de Ferro) — Dumbell Emborrachado (Pegada Emborrachada) 6,8,10...50 Kg (R$12.69/kg x 26kg)
6a7b7aae36c330ac46e7d52f;;6a7a4fcfa3e5992c5a5cc2c5;6a3feaacbbf27f5ae7f19335;304.56;0;;;;true;;;Tabela Salome e Prado (Anilhas de Ferro) — Dumbell Emborrachado (Pegada Emborrachada) 6,8,10...50 Kg (R$12.69/kg x 24kg)
6a7b7aae36c330ac46e7d530;;6a7a4fcfa3e5992c5a5cc2c5;6a3feaacbbf27f5ae7f19334;279.18;0;;;;true;;;Tabela Salome e Prado (Anilhas de Ferro) — Dumbell Emborrachado (Pegada Emborrachada) 6,8,10...50 Kg (R$12.69/kg x 22kg)
6a7b7aae36c330ac46e7d531;;6a7a4fcfa3e5992c5a5cc2c5;6a3feaacbbf27f5ae7f19333;253.8;0;;;;true;;;Tabela Salome e Prado (Anilhas de Ferro) — Dumbell Emborrachado (Pegada Emborrachada) 6,8,10...50 Kg (R$12.69/kg x 20kg)
6a7b7aae36c330ac46e7d532;;6a7a4fcfa3e5992c5a5cc2c5;6a3feaacbbf27f5ae7f19332;228.42;0;;;;true;;;Tabela Salome e Prado (Anilhas de Ferro) — Dumbell Emborrachado (Pegada Emborrachada) 6,8,10...50 Kg (R$12.69/kg x 18kg)
6a7b7aae36c330ac46e7d533;;6a7a4fcfa3e5992c5a5cc2c5;6a3feaacbbf27f5ae7f19331;203.04;0;;;;true;;;Tabela Salome e Prado (Anilhas de Ferro) — Dumbell Emborrachado (Pegada Emborrachada) 6,8,10...50 Kg (R$12.69/kg x 16kg)
6a7b7aae36c330ac46e7d534;;6a7a4fcfa3e5992c5a5cc2c5;6a3feaacbbf27f5ae7f19330;177.66;0;;;;true;;;Tabela Salome e Prado (Anilhas de Ferro) — Dumbell Emborrachado (Pegada Emborrachada) 6,8,10...50 Kg (R$12.69/kg x 14kg)
6a7b7aae36c330ac46e7d535;;6a7a4fcfa3e5992c5a5cc2c5;6a3feaacbbf27f5ae7f1932f;152.28;0;;;;true;;;Tabela Salome e Prado (Anilhas de Ferro) — Dumbell Emborrachado (Pegada Emborrachada) 6,8,10...50 Kg (R$12.69/kg x 12kg)
6a7b7aae36c330ac46e7d536;;6a7a4fcfa3e5992c5a5cc2c5;6a3feaacbbf27f5ae7f1932e;126.9;0;;;;true;;;Tabela Salome e Prado (Anilhas de Ferro) — Dumbell Emborrachado (Pegada Emborrachada) 6,8,10...50 Kg (R$12.69/kg x 10kg)
6a7b7aae36c330ac46e7d537;;6a7a4fcfa3e5992c5a5cc2c5;6a3feaacbbf27f5ae7f19318;751.5;0;;;;true;;;Tabela Salome e Prado (Anilhas de Ferro) — Dumbell Emborrachado (Pegada Alumínio) 6,8,10...50 Kg (R$15.03/kg x 50kg)
6a7b7aae36c330ac46e7d538;;6a7a4fcfa3e5992c5a5cc2c5;6a3feaacbbf27f5ae7f19317;721.44;0;;;;true;;;Tabela Salome e Prado (Anilhas de Ferro) — Dumbell Emborrachado (Pegada Alumínio) 6,8,10...50 Kg (R$15.03/kg x 48kg)
6a7b7aae36c330ac46e7d539;;6a7a4fcfa3e5992c5a5cc2c5;6a3feaacbbf27f5ae7f19316;691.38;0;;;;true;;;Tabela Salome e Prado (Anilhas de Ferro) — Dumbell Emborrachado (Pegada Alumínio) 6,8,10...50 Kg (R$15.03/kg x 46kg)
6a7b7aae36c330ac46e7d53a;;6a7a4fcfa3e5992c5a5cc2c5;6a3feaacbbf27f5ae7f19315;661.32;0;;;;true;;;Tabela Salome e Prado (Anilhas de Ferro) — Dumbell Emborrachado (Pegada Alumínio) 6,8,10...50 Kg (R$15.03/kg x 44kg)
6a7b7aae36c330ac46e7d53b;;6a7a4fcfa3e5992c5a5cc2c5;6a3feaacbbf27f5ae7f19314;631.26;0;;;;true;;;Tabela Salome e Prado (Anilhas de Ferro) — Dumbell Emborrachado (Pegada Alumínio) 6,8,10...50 Kg (R$15.03/kg x 42kg)
6a7b7aae36c330ac46e7d53c;;6a7a4fcfa3e5992c5a5cc2c5;6a3feaacbbf27f5ae7f19313;601.2;0;;;;true;;;Tabela Salome e Prado (Anilhas de Ferro) — Dumbell Emborrachado (Pegada Alumínio) 6,8,10...50 Kg (R$15.03/kg x 40kg)
6a7b7aae36c330ac46e7d53d;;6a7a4fcfa3e5992c5a5cc2c5;6a3feaacbbf27f5ae7f19312;571.14;0;;;;true;;;Tabela Salome e Prado (Anilhas de Ferro) — Dumbell Emborrachado (Pegada Alumínio) 6,8,10...50 Kg (R$15.03/kg x 38kg)
6a7b7aae36c330ac46e7d53e;;6a7a4fcfa3e5992c5a5cc2c5;6a3feaacbbf27f5ae7f19311;541.08;0;;;;true;;;Tabela Salome e Prado (Anilhas de Ferro) — Dumbell Emborrachado (Pegada Alumínio) 6,8,10...50 Kg (R$15.03/kg x 36kg)
6a7b7aae36c330ac46e7d53f;;6a7a4fcfa3e5992c5a5cc2c5;6a3feaacbbf27f5ae7f19310;511.02;0;;;;true;;;Tabela Salome e Prado (Anilhas de Ferro) — Dumbell Emborrachado (Pegada Alumínio) 6,8,10...50 Kg (R$15.03/kg x 34kg)
6a7b7aae36c330ac46e7d540;;6a7a4fcfa3e5992c5a5cc2c5;6a3feaacbbf27f5ae7f1930f;480.96;0;;;;true;;;Tabela Salome e Prado (Anilhas de Ferro) — Dumbell Emborrachado (Pegada Alumínio) 6,8,10...50 Kg (R$15.03/kg x 32kg)
6a7b7aae36c330ac46e7d541;;6a7a4fcfa3e5992c5a5cc2c5;6a3feaacbbf27f5ae7f1930e;450.9;0;;;;true;;;Tabela Salome e Prado (Anilhas de Ferro) — Dumbell Emborrachado (Pegada Alumínio) 6,8,10...50 Kg (R$15.03/kg x 30kg)
6a7b7aae36c330ac46e7d542;;6a7a4fcfa3e5992c5a5cc2c5;6a3feaacbbf27f5ae7f1930d;420.84;0;;;;true;;;Tabela Salome e Prado (Anilhas de Ferro) — Dumbell Emborrachado (Pegada Alumínio) 6,8,10...50 Kg (R$15.03/kg x 28kg)
6a7b7aae36c330ac46e7d543;;6a7a4fcfa3e5992c5a5cc2c5;6a3feaacbbf27f5ae7f1930c;390.78;0;;;;true;;;Tabela Salome e Prado (Anilhas de Ferro) — Dumbell Emborrachado (Pegada Alumínio) 6,8,10...50 Kg (R$15.03/kg x 26kg)
6a7b7aae36c330ac46e7d544;;6a7a4fcfa3e5992c5a5cc2c5;6a3feaacbbf27f5ae7f1930b;360.72;0;;;;true;;;Tabela Salome e Prado (Anilhas de Ferro) — Dumbell Emborrachado (Pegada Alumínio) 6,8,10...50 Kg (R$15.03/kg x 24kg)
6a7b7aae36c330ac46e7d545;;6a7a4fcfa3e5992c5a5cc2c5;6a3feaacbbf27f5ae7f1930a;330.66;0;;;;true;;;Tabela Salome e Prado (Anilhas de Ferro) — Dumbell Emborrachado (Pegada Alumínio) 6,8,10...50 Kg (R$15.03/kg x 22kg)
6a7b7aae36c330ac46e7d546;;6a7a4fcfa3e5992c5a5cc2c5;6a3feaacbbf27f5ae7f19309;300.6;0;;;;true;;;Tabela Salome e Prado (Anilhas de Ferro) — Dumbell Emborrachado (Pegada Alumínio) 6,8,10...50 Kg (R$15.03/kg x 20kg)
6a7b7aae36c330ac46e7d547;;6a7a4fcfa3e5992c5a5cc2c5;6a3feaacbbf27f5ae7f19308;270.54;0;;;;true;;;Tabela Salome e Prado (Anilhas de Ferro) — Dumbell Emborrachado (Pegada Alumínio) 6,8,10...50 Kg (R$15.03/kg x 18kg)
6a7b7aae36c330ac46e7d548;;6a7a4fcfa3e5992c5a5cc2c5;6a3feaacbbf27f5ae7f19307;240.48;0;;;;true;;;Tabela Salome e Prado (Anilhas de Ferro) — Dumbell Emborrachado (Pegada Alumínio) 6,8,10...50 Kg (R$15.03/kg x 16kg)
6a7b7aae36c330ac46e7d549;;6a7a4fcfa3e5992c5a5cc2c5;6a3feaacbbf27f5ae7f19306;210.42;0;;;;true;;;Tabela Salome e Prado (Anilhas de Ferro) — Dumbell Emborrachado (Pegada Alumínio) 6,8,10...50 Kg (R$15.03/kg x 14kg)
6a7b7aae36c330ac46e7d54a;;6a7a4fcfa3e5992c5a5cc2c5;6a3feaacbbf27f5ae7f19305;180.36;0;;;;true;;;Tabela Salome e Prado (Anilhas de Ferro) — Dumbell Emborrachado (Pegada Alumínio) 6,8,10...50 Kg (R$15.03/kg x 12kg)
6a7b7aae36c330ac46e7d54b;;6a7a4fcfa3e5992c5a5cc2c5;6a3feaacbbf27f5ae7f19304;150.3;0;;;;true;;;Tabela Salome e Prado (Anilhas de Ferro) — Dumbell Emborrachado (Pegada Alumínio) 6,8,10...50 Kg (R$15.03/kg x 10kg)
6a7b7aae36c330ac46e7d54c;;6a7a4fcfa3e5992c5a5cc2c5;6a3feaacbbf27f5ae7f192e0;386.1;0;;;;true;;;Tabela Salome e Prado (Anilhas de Ferro) — Dumbell Injetado (Pegada Emborrachada) 6,8,10...50 Kg (R$17.55/kg x 22kg)
6a7b7aae36c330ac46e7d54d;;6a7a4fcfa3e5992c5a5cc2c5;6a3feaacbbf27f5ae7f192df;351;0;;;;true;;;Tabela Salome e Prado (Anilhas de Ferro) — Dumbell Injetado (Pegada Emborrachada) 6,8,10...50 Kg (R$17.55/kg x 20kg)
6a7b7aae36c330ac46e7d54e;;6a7a4fcfa3e5992c5a5cc2c5;6a3feaacbbf27f5ae7f192de;315.9;0;;;;true;;;Tabela Salome e Prado (Anilhas de Ferro) — Dumbell Injetado (Pegada Emborrachada) 6,8,10...50 Kg (R$17.55/kg x 18kg)
6a7b7aae36c330ac46e7d54f;;6a7a4fcfa3e5992c5a5cc2c5;6a3feaacbbf27f5ae7f192dd;280.8;0;;;;true;;;Tabela Salome e Prado (Anilhas de Ferro) — Dumbell Injetado (Pegada Emborrachada) 6,8,10...50 Kg (R$17.55/kg x 16kg)
6a7b7aae36c330ac46e7d550;;6a7a4fcfa3e5992c5a5cc2c5;6a3feaacbbf27f5ae7f192dc;245.7;0;;;;true;;;Tabela Salome e Prado (Anilhas de Ferro) — Dumbell Injetado (Pegada Emborrachada) 6,8,10...50 Kg (R$17.55/kg x 14kg)
6a7b7aae36c330ac46e7d551;;6a7a4fcfa3e5992c5a5cc2c5;6a3feaacbbf27f5ae7f192db;210.6;0;;;;true;;;Tabela Salome e Prado (Anilhas de Ferro) — Dumbell Injetado (Pegada Emborrachada) 6,8,10...50 Kg (R$17.55/kg x 12kg)
6a7b7aae36c330ac46e7d552;;6a7a4fcfa3e5992c5a5cc2c5;6a3feaacbbf27f5ae7f192da;175.5;0;;;;true;;;Tabela Salome e Prado (Anilhas de Ferro) — Dumbell Injetado (Pegada Emborrachada) 6,8,10...50 Kg (R$17.55/kg x 10kg)
6a7b7aae36c330ac46e7d553;;6a7a4fcfa3e5992c5a5cc2c5;6a3feaacbbf27f5ae7f192ee;877.5;0;;;;true;;;Tabela Salome e Prado (Anilhas de Ferro) — Dumbell Injetado (Pegada Emborrachada) 6,8,10...50 Kg (R$17.55/kg x 50kg)
6a7b7aae36c330ac46e7d554;;6a7a4fcfa3e5992c5a5cc2c5;6a3feaacbbf27f5ae7f192ed;842.4;0;;;;true;;;Tabela Salome e Prado (Anilhas de Ferro) — Dumbell Injetado (Pegada Emborrachada) 6,8,10...50 Kg (R$17.55/kg x 48kg)
6a7b7aae36c330ac46e7d555;;6a7a4fcfa3e5992c5a5cc2c5;6a3feaacbbf27f5ae7f192ec;807.3;0;;;;true;;;Tabela Salome e Prado (Anilhas de Ferro) — Dumbell Injetado (Pegada Emborrachada) 6,8,10...50 Kg (R$17.55/kg x 46kg)
6a7b7aae36c330ac46e7d556;;6a7a4fcfa3e5992c5a5cc2c5;6a3feaacbbf27f5ae7f192eb;772.2;0;;;;true;;;Tabela Salome e Prado (Anilhas de Ferro) — Dumbell Injetado (Pegada Emborrachada) 6,8,10...50 Kg (R$17.55/kg x 44kg)
6a7b7aae36c330ac46e7d557;;6a7a4fcfa3e5992c5a5cc2c5;6a3feaacbbf27f5ae7f192ea;737.1;0;;;;true;;;Tabela Salome e Prado (Anilhas de Ferro) — Dumbell Injetado (Pegada Emborrachada) 6,8,10...50 Kg (R$17.55/kg x 42kg)
6a7b7aae36c330ac46e7d558;;6a7a4fcfa3e5992c5a5cc2c5;6a3feaacbbf27f5ae7f192e9;702;0;;;;true;;;Tabela Salome e Prado (Anilhas de Ferro) — Dumbell Injetado (Pegada Emborrachada) 6,8,10...50 Kg (R$17.55/kg x 40kg)
6a7b7aae36c330ac46e7d559;;6a7a4fcfa3e5992c5a5cc2c5;6a3feaacbbf27f5ae7f192e8;666.9;0;;;;true;;;Tabela Salome e Prado (Anilhas de Ferro) — Dumbell Injetado (Pegada Emborrachada) 6,8,10...50 Kg (R$17.55/kg x 38kg)
6a7b7aae36c330ac46e7d55a;;6a7a4fcfa3e5992c5a5cc2c5;6a3feaacbbf27f5ae7f192e7;631.8;0;;;;true;;;Tabela Salome e Prado (Anilhas de Ferro) — Dumbell Injetado (Pegada Emborrachada) 6,8,10...50 Kg (R$17.55/kg x 36kg)
6a7b7aae36c330ac46e7d55b;;6a7a4fcfa3e5992c5a5cc2c5;6a3feaacbbf27f5ae7f192e6;596.7;0;;;;true;;;Tabela Salome e Prado (Anilhas de Ferro) — Dumbell Injetado (Pegada Emborrachada) 6,8,10...50 Kg (R$17.55/kg x 34kg)
6a7b7aae36c330ac46e7d55c;;6a7a4fcfa3e5992c5a5cc2c5;6a3feaacbbf27f5ae7f192e5;561.6;0;;;;true;;;Tabela Salome e Prado (Anilhas de Ferro) — Dumbell Injetado (Pegada Emborrachada) 6,8,10...50 Kg (R$17.55/kg x 32kg)
6a7b7aae36c330ac46e7d55d;;6a7a4fcfa3e5992c5a5cc2c5;6a3feaacbbf27f5ae7f192e4;526.5;0;;;;true;;;Tabela Salome e Prado (Anilhas de Ferro) — Dumbell Injetado (Pegada Emborrachada) 6,8,10...50 Kg (R$17.55/kg x 30kg)
6a7b7aae36c330ac46e7d55e;;6a7a4fcfa3e5992c5a5cc2c5;6a3feaacbbf27f5ae7f192e3;491.4;0;;;;true;;;Tabela Salome e Prado (Anilhas de Ferro) — Dumbell Injetado (Pegada Emborrachada) 6,8,10...50 Kg (R$17.55/kg x 28kg)
6a7b7aae36c330ac46e7d55f;;6a7a4fcfa3e5992c5a5cc2c5;6a3feaacbbf27f5ae7f192e2;456.3;0;;;;true;;;Tabela Salome e Prado (Anilhas de Ferro) — Dumbell Injetado (Pegada Emborrachada) 6,8,10...50 Kg (R$17.55/kg x 26kg)
6a7b7aae36c330ac46e7d560;;6a7a4fcfa3e5992c5a5cc2c5;6a3feaacbbf27f5ae7f192e1;421.2;0;;;;true;;;Tabela Salome e Prado (Anilhas de Ferro) — Dumbell Injetado (Pegada Emborrachada) 6,8,10...50 Kg (R$17.55/kg x 24kg)
6a7b7aae36c330ac46e7d561;;6a7a4fcfa3e5992c5a5cc2c5;6a3feaacbbf27f5ae7f192b0;203.4;0;;;;true;;;Tabela Salome e Prado (Anilhas de Ferro) — Dumbell Injetado ( Pegada em Alumínio ) 6,8,10...50 Kg (R$20.34/kg x 10kg)
6a7b7aae36c330ac46e7d562;;6a7a4fcfa3e5992c5a5cc2c5;6a3feaacbbf27f5ae7f192c3;976.32;0;;;;true;;;Tabela Salome e Prado (Anilhas de Ferro) — Dumbell Injetado ( Pegada em Alumínio ) 6,8,10...50 Kg (R$20.34/kg x 48kg)
6a7b7aae36c330ac46e7d563;;6a7a4fcfa3e5992c5a5cc2c5;6a3feaacbbf27f5ae7f192c2;935.64;0;;;;true;;;Tabela Salome e Prado (Anilhas de Ferro) — Dumbell Injetado ( Pegada em Alumínio ) 6,8,10...50 Kg (R$20.34/kg x 46kg)
6a7b7aae36c330ac46e7d564;;6a7a4fcfa3e5992c5a5cc2c5;6a3feaacbbf27f5ae7f192c1;894.96;0;;;;true;;;Tabela Salome e Prado (Anilhas de Ferro) — Dumbell Injetado ( Pegada em Alumínio ) 6,8,10...50 Kg (R$20.34/kg x 44kg)
6a7b7b3927c9bfb8b264dffe;;6a7a4fcfa3e5992c5a5cc2c5;6a3feaacbbf27f5ae7f192c0;854.28;0;;;;true;;;Tabela Salome e Prado (Anilhas de Ferro) — Dumbell Injetado ( Pegada em Alumínio ) 6,8,10...50 Kg (R$20.34/kg x 42kg)
6a7b7b3927c9bfb8b264dfff;;6a7a4fcfa3e5992c5a5cc2c5;6a3feaacbbf27f5ae7f192bf;813.6;0;;;;true;;;Tabela Salome e Prado (Anilhas de Ferro) — Dumbell Injetado ( Pegada em Alumínio ) 6,8,10...50 Kg (R$20.34/kg x 40kg)
6a7b7b3927c9bfb8b264e000;;6a7a4fcfa3e5992c5a5cc2c5;6a3feaacbbf27f5ae7f192be;772.92;0;;;;true;;;Tabela Salome e Prado (Anilhas de Ferro) — Dumbell Injetado ( Pegada em Alumínio ) 6,8,10...50 Kg (R$20.34/kg x 38kg)
6a7b7b3927c9bfb8b264e001;;6a7a4fcfa3e5992c5a5cc2c5;6a3feaacbbf27f5ae7f192bd;732.24;0;;;;true;;;Tabela Salome e Prado (Anilhas de Ferro) — Dumbell Injetado ( Pegada em Alumínio ) 6,8,10...50 Kg (R$20.34/kg x 36kg)
6a7b7b3927c9bfb8b264e002;;6a7a4fcfa3e5992c5a5cc2c5;6a3feaacbbf27f5ae7f192bc;691.56;0;;;;true;;;Tabela Salome e Prado (Anilhas de Ferro) — Dumbell Injetado ( Pegada em Alumínio ) 6,8,10...50 Kg (R$20.34/kg x 34kg)
6a7b7b3927c9bfb8b264e003;;6a7a4fcfa3e5992c5a5cc2c5;6a3feaacbbf27f5ae7f192bb;650.88;0;;;;true;;;Tabela Salome e Prado (Anilhas de Ferro) — Dumbell Injetado ( Pegada em Alumínio ) 6,8,10...50 Kg (R$20.34/kg x 32kg)
6a7b7b3927c9bfb8b264e004;;6a7a4fcfa3e5992c5a5cc2c5;6a3feaacbbf27f5ae7f192ba;610.2;0;;;;true;;;Tabela Salome e Prado (Anilhas de Ferro) — Dumbell Injetado ( Pegada em Alumínio ) 6,8,10...50 Kg (R$20.34/kg x 30kg)
6a7b7b3927c9bfb8b264e005;;6a7a4fcfa3e5992c5a5cc2c5;6a3feaacbbf27f5ae7f192b9;569.52;0;;;;true;;;Tabela Salome e Prado (Anilhas de Ferro) — Dumbell Injetado ( Pegada em Alumínio ) 6,8,10...50 Kg (R$20.34/kg x 28kg)
6a7b7b3927c9bfb8b264e006;;6a7a4fcfa3e5992c5a5cc2c5;6a3feaacbbf27f5ae7f192b8;528.84;0;;;;true;;;Tabela Salome e Prado (Anilhas de Ferro) — Dumbell Injetado ( Pegada em Alumínio ) 6,8,10...50 Kg (R$20.34/kg x 26kg)
6a7b7b3927c9bfb8b264e007;;6a7a4fcfa3e5992c5a5cc2c5;6a3feaacbbf27f5ae7f192b7;488.16;0;;;;true;;;Tabela Salome e Prado (Anilhas de Ferro) — Dumbell Injetado ( Pegada em Alumínio ) 6,8,10...50 Kg (R$20.34/kg x 24kg)
6a7b7b3927c9bfb8b264e008;;6a7a4fcfa3e5992c5a5cc2c5;6a3feaacbbf27f5ae7f192b6;447.48;0;;;;true;;;Tabela Salome e Prado (Anilhas de Ferro) — Dumbell Injetado ( Pegada em Alumínio ) 6,8,10...50 Kg (R$20.34/kg x 22kg)
6a7b7b3927c9bfb8b264e009;;6a7a4fcfa3e5992c5a5cc2c5;6a3feaacbbf27f5ae7f192b5;406.8;0;;;;true;;;Tabela Salome e Prado (Anilhas de Ferro) — Dumbell Injetado ( Pegada em Alumínio ) 6,8,10...50 Kg (R$20.34/kg x 20kg)
6a7b7b3927c9bfb8b264e00a;;6a7a4fcfa3e5992c5a5cc2c5;6a3feaacbbf27f5ae7f192b4;366.12;0;;;;true;;;Tabela Salome e Prado (Anilhas de Ferro) — Dumbell Injetado ( Pegada em Alumínio ) 6,8,10...50 Kg (R$20.34/kg x 18kg)
6a7b7b3927c9bfb8b264e00b;;6a7a4fcfa3e5992c5a5cc2c5;6a3feaacbbf27f5ae7f192b3;325.44;0;;;;true;;;Tabela Salome e Prado (Anilhas de Ferro) — Dumbell Injetado ( Pegada em Alumínio ) 6,8,10...50 Kg (R$20.34/kg x 16kg)
6a7b7b3927c9bfb8b264e00c;;6a7a4fcfa3e5992c5a5cc2c5;6a3feaacbbf27f5ae7f192b2;284.76;0;;;;true;;;Tabela Salome e Prado (Anilhas de Ferro) — Dumbell Injetado ( Pegada em Alumínio ) 6,8,10...50 Kg (R$20.34/kg x 14kg)
6a7b7b3927c9bfb8b264e00d;;6a7a4fcfa3e5992c5a5cc2c5;6a3feaacbbf27f5ae7f192b1;244.08;0;;;;true;;;Tabela Salome e Prado (Anilhas de Ferro) — Dumbell Injetado ( Pegada em Alumínio ) 6,8,10...50 Kg (R$20.34/kg x 12kg)
6a7b7b3927c9bfb8b264e00e;;6a7a4fcfa3e5992c5a5cc2c5;6a7b13c0603b667969eea33a;10.89;0;;;;true;;;Tabela Salome e Prado (Anilhas de Ferro) — Dumbbell Sextavado Pintado (absoluto)
6a7b7b3927c9bfb8b264e00f;;6a7a4fcfa3e5992c5a5cc2c5;6a7b13c0603b667969eea33b;12.51;0;;;;true;;;Tabela Salome e Prado (Anilhas de Ferro) — Dumbbell Sextavado Emborrachado (absoluto)
6a7b7b3927c9bfb8b264e010;;6a7a4fcfa3e5992c5a5cc2c5;6a3fd72af902fe48947f797b;381.6;0;;;;true;;;Tabela Salome e Prado (Anilhas de Ferro) — Kettlebell Pintado (R$9.54/kg x 40kg)
6a7b7b3927c9bfb8b264e011;;6a7a4fcfa3e5992c5a5cc2c5;6a3fd72af902fe48947f797a;362.52;0;;;;true;;;Tabela Salome e Prado (Anilhas de Ferro) — Kettlebell Pintado (R$9.54/kg x 38kg)
6a7b7b3927c9bfb8b264e012;;6a7a4fcfa3e5992c5a5cc2c5;6a3fd72af902fe48947f7979;343.44;0;;;;true;;;Tabela Salome e Prado (Anilhas de Ferro) — Kettlebell Pintado (R$9.54/kg x 36kg)
6a7b7b3927c9bfb8b264e013;;6a7a4fcfa3e5992c5a5cc2c5;6a3fd72af902fe48947f7978;324.36;0;;;;true;;;Tabela Salome e Prado (Anilhas de Ferro) — Kettlebell Pintado (R$9.54/kg x 34kg)
6a7b7b3927c9bfb8b264e014;;6a7a4fcfa3e5992c5a5cc2c5;6a3fd72af902fe48947f7977;305.28;0;;;;true;;;Tabela Salome e Prado (Anilhas de Ferro) — Kettlebell Pintado (R$9.54/kg x 32kg)
6a7b7b3927c9bfb8b264e015;;6a7a4fcfa3e5992c5a5cc2c5;6a3fd72af902fe48947f7976;286.2;0;;;;true;;;Tabela Salome e Prado (Anilhas de Ferro) — Kettlebell Pintado (R$9.54/kg x 30kg)
6a7b7b3927c9bfb8b264e016;;6a7a4fcfa3e5992c5a5cc2c5;6a3fd72af902fe48947f7975;267.12;0;;;;true;;;Tabela Salome e Prado (Anilhas de Ferro) — Kettlebell Pintado (R$9.54/kg x 28kg)
6a7b7b3927c9bfb8b264e017;;6a7a4fcfa3e5992c5a5cc2c5;6a3fd72af902fe48947f7974;248.04;0;;;;true;;;Tabela Salome e Prado (Anilhas de Ferro) — Kettlebell Pintado (R$9.54/kg x 26kg)
6a7b7b3927c9bfb8b264e018;;6a7a4fcfa3e5992c5a5cc2c5;6a3fd72af902fe48947f7973;228.96;0;;;;true;;;Tabela Salome e Prado (Anilhas de Ferro) — Kettlebell Pintado (R$9.54/kg x 24kg)
6a7b7b3927c9bfb8b264e019;;6a7a4fcfa3e5992c5a5cc2c5;6a3fd72af902fe48947f7972;209.88;0;;;;true;;;Tabela Salome e Prado (Anilhas de Ferro) — Kettlebell Pintado (R$9.54/kg x 22kg)
6a7b7b3927c9bfb8b264e01a;;6a7a4fcfa3e5992c5a5cc2c5;6a3fd72af902fe48947f7971;190.8;0;;;;true;;;Tabela Salome e Prado (Anilhas de Ferro) — Kettlebell Pintado (R$9.54/kg x 20kg)
6a7b7b3927c9bfb8b264e01b;;6a7a4fcfa3e5992c5a5cc2c5;6a3fd72af902fe48947f7970;171.72;0;;;;true;;;Tabela Salome e Prado (Anilhas de Ferro) — Kettlebell Pintado (R$9.54/kg x 18kg)
6a7b7b3927c9bfb8b264e01c;;6a7a4fcfa3e5992c5a5cc2c5;6a3fd72af902fe48947f796f;152.64;0;;;;true;;;Tabela Salome e Prado (Anilhas de Ferro) — Kettlebell Pintado (R$9.54/kg x 16kg)
6a7b7b3927c9bfb8b264e01d;;6a7a4fcfa3e5992c5a5cc2c5;6a3fd72af902fe48947f796e;133.56;0;;;;true;;;Tabela Salome e Prado (Anilhas de Ferro) — Kettlebell Pintado (R$9.54/kg x 14kg)
6a7b7b3927c9bfb8b264e01e;;6a7a4fcfa3e5992c5a5cc2c5;6a3fd72af902fe48947f796d;114.48;0;;;;true;;;Tabela Salome e Prado (Anilhas de Ferro) — Kettlebell Pintado (R$9.54/kg x 12kg)
6a7b7b3927c9bfb8b264e01f;;6a7a4fcfa3e5992c5a5cc2c5;6a3fd72af902fe48947f796c;95.4;0;;;;true;;;Tabela Salome e Prado (Anilhas de Ferro) — Kettlebell Pintado (R$9.54/kg x 10kg)
6a7b7b3927c9bfb8b264e020;;6a7a4fcfa3e5992c5a5cc2c5;6a3fd72af902fe48947f796b;76.32;0;;;;true;;;Tabela Salome e Prado (Anilhas de Ferro) — Kettlebell Pintado (R$9.54/kg x 8kg)
6a7b7b3927c9bfb8b264e021;;6a7a4fcfa3e5992c5a5cc2c5;6a3fd72af902fe48947f796a;57.24;0;;;;true;;;Tabela Salome e Prado (Anilhas de Ferro) — Kettlebell Pintado (R$9.54/kg x 6kg)
6a7b7b3927c9bfb8b264e022;;6a7a4fcfa3e5992c5a5cc2c5;6a3fd72af902fe48947f7969;38.16;0;;;;true;;;Tabela Salome e Prado (Anilhas de Ferro) — Kettlebell Pintado (R$9.54/kg x 4kg)
6a7b7b3927c9bfb8b264e023;;6a7a4fcfa3e5992c5a5cc2c5;6a3fd72af902fe48947f7942;439.2;0;;;;true;;;Tabela Salome e Prado (Anilhas de Ferro) — Kettlebell Emborrachado (R$10.98/kg x 40kg)
6a7b7b3927c9bfb8b264e024;;6a7a4fcfa3e5992c5a5cc2c5;6a3fd72af902fe48947f7941;417.24;0;;;;true;;;Tabela Salome e Prado (Anilhas de Ferro) — Kettlebell Emborrachado (R$10.98/kg x 38kg)
6a7b7b3927c9bfb8b264e025;;6a7a4fcfa3e5992c5a5cc2c5;6a3fd72af902fe48947f7940;395.28;0;;;;true;;;Tabela Salome e Prado (Anilhas de Ferro) — Kettlebell Emborrachado (R$10.98/kg x 36kg)
6a7b7b3927c9bfb8b264e026;;6a7a4fcfa3e5992c5a5cc2c5;6a3fd72af902fe48947f793f;373.32;0;;;;true;;;Tabela Salome e Prado (Anilhas de Ferro) — Kettlebell Emborrachado (R$10.98/kg x 34kg)
6a7b7b3927c9bfb8b264e027;;6a7a4fcfa3e5992c5a5cc2c5;6a3fd72af902fe48947f793e;351.36;0;;;;true;;;Tabela Salome e Prado (Anilhas de Ferro) — Kettlebell Emborrachado (R$10.98/kg x 32kg)
6a7b7b3927c9bfb8b264e028;;6a7a4fcfa3e5992c5a5cc2c5;6a3fd72af902fe48947f793d;329.4;0;;;;true;;;Tabela Salome e Prado (Anilhas de Ferro) — Kettlebell Emborrachado (R$10.98/kg x 30kg)
6a7b7b3927c9bfb8b264e029;;6a7a4fcfa3e5992c5a5cc2c5;6a3fd72af902fe48947f793c;307.44;0;;;;true;;;Tabela Salome e Prado (Anilhas de Ferro) — Kettlebell Emborrachado (R$10.98/kg x 28kg)
6a7b7b3927c9bfb8b264e02a;;6a7a4fcfa3e5992c5a5cc2c5;6a3fd72af902fe48947f793b;285.48;0;;;;true;;;Tabela Salome e Prado (Anilhas de Ferro) — Kettlebell Emborrachado (R$10.98/kg x 26kg)
6a7b7b3927c9bfb8b264e02b;;6a7a4fcfa3e5992c5a5cc2c5;6a3fd72af902fe48947f793a;263.52;0;;;;true;;;Tabela Salome e Prado (Anilhas de Ferro) — Kettlebell Emborrachado (R$10.98/kg x 24kg)
6a7b7b3927c9bfb8b264e02c;;6a7a4fcfa3e5992c5a5cc2c5;6a3fd72af902fe48947f7939;241.56;0;;;;true;;;Tabela Salome e Prado (Anilhas de Ferro) — Kettlebell Emborrachado (R$10.98/kg x 22kg)
6a7b7b3927c9bfb8b264e02d;;6a7a4fcfa3e5992c5a5cc2c5;6a3fd72af902fe48947f7938;219.6;0;;;;true;;;Tabela Salome e Prado (Anilhas de Ferro) — Kettlebell Emborrachado (R$10.98/kg x 20kg)
6a7b7b3927c9bfb8b264e02e;;6a7a4fcfa3e5992c5a5cc2c5;6a3fd72af902fe48947f7937;197.64;0;;;;true;;;Tabela Salome e Prado (Anilhas de Ferro) — Kettlebell Emborrachado (R$10.98/kg x 18kg)
6a7b7b3927c9bfb8b264e02f;;6a7a4fcfa3e5992c5a5cc2c5;6a3fd72af902fe48947f7936;175.68;0;;;;true;;;Tabela Salome e Prado (Anilhas de Ferro) — Kettlebell Emborrachado (R$10.98/kg x 16kg)
6a7b7b3927c9bfb8b264e030;;6a7a4fcfa3e5992c5a5cc2c5;6a3fd72af902fe48947f7935;153.72;0;;;;true;;;Tabela Salome e Prado (Anilhas de Ferro) — Kettlebell Emborrachado (R$10.98/kg x 14kg)
6a7b7b3927c9bfb8b264e031;;6a7a4fcfa3e5992c5a5cc2c5;6a3fd72af902fe48947f7934;131.76;0;;;;true;;;Tabela Salome e Prado (Anilhas de Ferro) — Kettlebell Emborrachado (R$10.98/kg x 12kg)
6a7b7b3927c9bfb8b264e032;;6a7a4fcfa3e5992c5a5cc2c5;6a3fd72af902fe48947f7933;109.8;0;;;;true;;;Tabela Salome e Prado (Anilhas de Ferro) — Kettlebell Emborrachado (R$10.98/kg x 10kg)
6a7b7b3927c9bfb8b264e033;;6a7a4fcfa3e5992c5a5cc2c5;6a3fd72af902fe48947f7932;87.84;0;;;;true;;;Tabela Salome e Prado (Anilhas de Ferro) — Kettlebell Emborrachado (R$10.98/kg x 8kg)
6a7b7b3927c9bfb8b264e034;;6a7a4fcfa3e5992c5a5cc2c5;6a3fd72af902fe48947f7931;65.88;0;;;;true;;;Tabela Salome e Prado (Anilhas de Ferro) — Kettlebell Emborrachado (R$10.98/kg x 6kg)
6a7b7b3927c9bfb8b264e035;;6a7a4fcfa3e5992c5a5cc2c5;6a3fd72af902fe48947f7930;43.92;0;;;;true;;;Tabela Salome e Prado (Anilhas de Ferro) — Kettlebell Emborrachado (R$10.98/kg x 4kg)
6a7b7b3927c9bfb8b264e036;;6a7a4fcfa3e5992c5a5cc2c5;6a7b141aa9c5d531620db96d;70.2;0;;;;true;;;Tabela Salome e Prado (Anilhas de Ferro) — Guia Tijolinho Injetado Evolution 6 kg - (absoluto)
6a7b7b3927c9bfb8b264e037;;6a7a4fcfa3e5992c5a5cc2c5;6a7b141aa9c5d531620db96f;65.88;0;;;;true;;;Tabela Salome e Prado (Anilhas de Ferro) — Guia Tijolinho Quadrado Injetada 6 kg - (absoluto)
6a7b7b3927c9bfb8b264e038;;6a7a4fcfa3e5992c5a5cc2c5;6a7b141aa9c5d531620db970;53.55;0;;;;true;;;Tabela Salome e Prado (Anilhas de Ferro) — Guia Tijolinho Quadrado Pintada 7 kg - (absoluto)
6a7b7b3927c9bfb8b264e039;;6a7a4fcfa3e5992c5a5cc2c5;6a7b12dc0628997484b81627;122.11;0;;;;true;;;Tabela Salome e Prado (Anilhas de Ferro) — Contra Peso Pintado - MARTELO 12,80 Kg (R$9.54/kg x 12.8kg)
6a7b7b3927c9bfb8b264e03a;;6a7a4fcfa3e5992c5a5cc2c5;6a7b12dc0628997484b81628;142.74;0;;;;true;;;Tabela Salome e Prado (Anilhas de Ferro) — Contra Peso Emborrachado - MARTELO 13 Kg (R$10.98/kg x 13kg)
6a7b7b3927c9bfb8b264e03b;;6a7a4fcfa3e5992c5a5cc2c5;6a7b12dc0628997484b81629;35.37;0;;;;true;;;Tabela Salome e Prado (Anilhas de Ferro) — Contra Peso Emborrachado - 3 Kg (R$11.79/kg x 3kg)
6a7b7b3927c9bfb8b264e03c;;6a7a4fcfa3e5992c5a5cc2c5;6a7b13c0603b667969eea321;71.73;0;;;;true;;;Tabela Salome e Prado (Anilhas de Ferro) — Presilha LOCK PRESS - para Barras Olímpicas (absoluto)
6a7b7b3927c9bfb8b264e03d;;6a7a4fcfa3e5992c5a5cc2c5;6a7b141aa9c5d531620db940;450;0;;;;true;;;Tabela Salome e Prado (Anilhas de Ferro) — Suporte kit puxador anatomico (absoluto)
6a7b7b3927c9bfb8b264e03e;;6a7a4fcfa3e5992c5a5cc2c5;6a7b141aa9c5d531620db941;2025;0;;;;true;;;Tabela Salome e Prado (Anilhas de Ferro) — Kit puxador anatomico c/5 (absoluto)
6a7b7b3927c9bfb8b264e03f;;6a7a4fcfa3e5992c5a5cc2c5;6a7b141aa9c5d531620db950;135;0;;;;true;;;Tabela Salome e Prado (Anilhas de Ferro) — Puxador tríceps corda CROS OVER (absoluto)
6a7b7b3927c9bfb8b264e040;;6a7a4fcfa3e5992c5a5cc2c5;6a7b141aa9c5d531620db952;117;0;;;;true;;;Tabela Salome e Prado (Anilhas de Ferro) — Puxador tríceps Curvo 60 cm - Preto (absoluto)
6a7b7b3927c9bfb8b264e041;;6a7a4fcfa3e5992c5a5cc2c5;6a7b141aa9c5d531620db953;126;0;;;;true;;;Tabela Salome e Prado (Anilhas de Ferro) — Puxador tríceps Curvo 60 cm - Cromado (absoluto)
6a7b7b3927c9bfb8b264e042;;6a7a4fcfa3e5992c5a5cc2c5;6a7b141aa9c5d531620db954;117;0;;;;true;;;Tabela Salome e Prado (Anilhas de Ferro) — Puxador tríceps Reto 60 cm - Preto (absoluto)
6a7b7b3927c9bfb8b264e043;;6a7a4fcfa3e5992c5a5cc2c5;6a7b141aa9c5d531620db955;126;0;;;;true;;;Tabela Salome e Prado (Anilhas de Ferro) — Puxador tríceps Reto 60 cm - Cromado (absoluto)
6a7b7b3927c9bfb8b264e044;;6a7a4fcfa3e5992c5a5cc2ce;6a7b12dc0628997484b815e6;18.68;0;;;UNI-LUVI-LUREN-20;true;;;Tabela Fundicao Unibras — LUVINHA REVESTIDA Nº 1 e Nº 2 2.0KG (absoluto)
6a7b7b3927c9bfb8b264e045;;6a7a4fcfa3e5992c5a5cc2ce;6a7b12dc0628997484b815e7;9.34;0;;;UNI-LUVI-LUREN-10;true;;;Tabela Fundicao Unibras — LUVINHA REVESTIDA Nº 1 e Nº 2 1.0KG (absoluto)
6a7b7b3927c9bfb8b264e046;;6a7a4fcfa3e5992c5a5cc2ce;6a7b12dc0628997484b815e8;14.48;0;;;UNI-LUVI-LUPIN-20;true;;;Tabela Fundicao Unibras — LUVINHA PINTADA Nº 1 e Nº 2 (PRETO / AZUL ) 2.0KG (absoluto)
6a7b7b3927c9bfb8b264e047;;6a7a4fcfa3e5992c5a5cc2ce;6a7b12dc0628997484b815e9;7.24;0;;;UNI-LUVI-LUPIN-10;true;;;Tabela Fundicao Unibras — LUVINHA PINTADA Nº 1 e Nº 2 (PRETO / AZUL ) 1.0KG (absoluto)
6a7b7b3927c9bfb8b264e048;;6a7a4fcfa3e5992c5a5cc2ce;6a7b13c0603b667969eea354;419.2;0;;;UNI-KETT-KETOTE-400;true;;;Tabela Fundicao Unibras — KETTLEBELL TODO TEXTURIZADO 40.0KG (absoluto)
6a7b7b3927c9bfb8b264e049;;6a7a4fcfa3e5992c5a5cc2ce;6a7b13c0603b667969eea355;41.92;0;;;UNI-KETT-KETOTE-40;true;;;Tabela Fundicao Unibras — KETTLEBELL TODO TEXTURIZADO 4.0KG (absoluto)
6a7b7b3927c9bfb8b264e04a;;6a7a4fcfa3e5992c5a5cc2ce;6a3fd72af902fe48947f7955;386.4;0;;;UNI-KETT-KEREPE-400;true;;;Tabela Fundicao Unibras — KETTLEBELL REVESTIDO - PEGADA PINTADA 40.0KG (absoluto)
6a7b7b3927c9bfb8b264e04b;;6a7a4fcfa3e5992c5a5cc2ce;6a3fd72af902fe48947f7943;38.64;0;;;UNI-KETT-KEREPE-40;true;;;Tabela Fundicao Unibras — KETTLEBELL REVESTIDO - PEGADA PINTADA 4.0KG (absoluto)
6a7b7b3927c9bfb8b264e04c;;6a7a4fcfa3e5992c5a5cc2ce;6a3fc1585187527190c4c1e3;89.2;0;;;UNI-HASE-HASERE-100;true;;;Tabela Fundicao Unibras — HALTER SEXTAVADO REVESTIDO 10.0KG (absoluto)
6a7b7b3927c9bfb8b264e04d;;6a7a4fcfa3e5992c5a5cc2ce;6a3fc1585187527190c4c1da;8.92;0;;;UNI-HASE-HASERE-10;true;;;Tabela Fundicao Unibras — HALTER SEXTAVADO REVESTIDO 1.0KG (absoluto)
6a7b7b3927c9bfb8b264e04e;;6a7a4fcfa3e5992c5a5cc2ce;6a3e9f1164a9e1e30880a290;89.2;0;;;UNI-HABO-HABORE-100;true;;;Tabela Fundicao Unibras — HALTER BOLA REVESTIDO 10.0KG (absoluto)
6a7b7b3927c9bfb8b264e04f;;6a7a4fcfa3e5992c5a5cc2ce;6a3e9f1164a9e1e30880a287;8.92;0;;;UNI-HABO-HABORE-10;true;;;Tabela Fundicao Unibras — HALTER BOLA REVESTIDO 1.0KG (absoluto)
6a7b7b3927c9bfb8b264e050;;6a7a4fcfa3e5992c5a5cc2ce;6a7a5778c55f947381e6c2b1;139.56;0;;;UNI-CLUB-CLPEPI-120;true;;;Tabela Fundicao Unibras — CLUBELL PEGADA PINTADA CORPO REVESTIDO 12.0KG (absoluto)
6a7b7b3927c9bfb8b264e051;;6a7a4fcfa3e5992c5a5cc2ce;6a7a5778c55f947381e6c2b0;116.3;0;;;UNI-CLUB-CLPEPI-100;true;;;Tabela Fundicao Unibras — CLUBELL PEGADA PINTADA CORPO REVESTIDO 10.0KG (absoluto)
6a7b7b3927c9bfb8b264e052;;6a7a4fcfa3e5992c5a5cc2ce;6a7a5778c55f947381e6c2af;93.04;0;;;UNI-CLUB-CLPEPI-80;true;;;Tabela Fundicao Unibras — CLUBELL PEGADA PINTADA CORPO REVESTIDO 8.0KG (absoluto)
6a7b7b3927c9bfb8b264e053;;6a7a4fcfa3e5992c5a5cc2ce;6a7a5778c55f947381e6c2ae;69.78;0;;;UNI-CLUB-CLPEPI-60;true;;;Tabela Fundicao Unibras — CLUBELL PEGADA PINTADA CORPO REVESTIDO 6.0KG (absoluto)
6a7b7b3927c9bfb8b264e054;;6a7a4fcfa3e5992c5a5cc2ce;6a7a5778c55f947381e6c2ad;46.52;0;;;UNI-CLUB-CLPEPI-40;true;;;Tabela Fundicao Unibras — CLUBELL PEGADA PINTADA CORPO REVESTIDO 4.0KG (absoluto)
6a7b7b3927c9bfb8b264e055;;6a7a4fcfa3e5992c5a5cc2ce;6a7a5778c55f947381e6c2ac;114.36;0;;;UNI-CLUB-CLPIPR-120;true;;;Tabela Fundicao Unibras — CLUBELL PINTADO PRETO 12.0KG (absoluto)
6a7b7b3927c9bfb8b264e056;;6a7a4fcfa3e5992c5a5cc2ce;6a7a5778c55f947381e6c2ab;95.3;0;;;UNI-CLUB-CLPIPR-100;true;;;Tabela Fundicao Unibras — CLUBELL PINTADO PRETO 10.0KG (absoluto)
6a7b7b3927c9bfb8b264e057;;6a7a4fcfa3e5992c5a5cc2ce;6a7a5778c55f947381e6c2aa;76.24;0;;;UNI-CLUB-CLPIPR-80;true;;;Tabela Fundicao Unibras — CLUBELL PINTADO PRETO 8.0KG (absoluto)
6a7b7b3927c9bfb8b264e058;;6a7a4fcfa3e5992c5a5cc2ce;6a7a5778c55f947381e6c2a9;57.18;0;;;UNI-CLUB-CLPIPR-60;true;;;Tabela Fundicao Unibras — CLUBELL PINTADO PRETO 6.0KG (absoluto)
6a7b7b3927c9bfb8b264e059;;6a7a4fcfa3e5992c5a5cc2ce;6a7a5778c55f947381e6c2a8;38.12;0;;;UNI-CLUB-CLPIPR-40;true;;;Tabela Fundicao Unibras — CLUBELL PINTADO PRETO 4.0KG (absoluto)
6a7b7b3927c9bfb8b264e05a;;6a7a4fcfa3e5992c5a5cc2ce;6a7b12dc0628997484b815ea;53.52;0;;;UNI-BODEAR-BOARPI-60;true;;;Tabela Fundicao Unibras — BOLA ARREMESSO PINTADA - PRETO 6.0KG (absoluto)
6a7b7b3927c9bfb8b264e05b;;6a7a4fcfa3e5992c5a5cc2ce;6a7b12dc0628997484b815eb;35.68;0;;;UNI-BODEAR-BOARPI-40;true;;;Tabela Fundicao Unibras — BOLA ARREMESSO PINTADA - PRETO 4.0KG (absoluto)
6a7b7b3927c9bfb8b264e05c;;6a7a4fcfa3e5992c5a5cc2ce;6a7b12dc0628997484b8162c;249.25;0;;;UNI-ANVA-ANVATE-250;true;;;Tabela Fundicao Unibras — ANILHA VAZADA TEXTURIZADA F41 - PRETO 25.0KG (absoluto)
6a7b7b3927c9bfb8b264e05d;;6a7a4fcfa3e5992c5a5cc2ce;6a7b12dc0628997484b8162d;199.4;0;;;UNI-ANVA-ANVATE-200;true;;;Tabela Fundicao Unibras — ANILHA VAZADA TEXTURIZADA F41 - PRETO 20.0KG (absoluto)
6a7b7b3927c9bfb8b264e05e;;6a7a4fcfa3e5992c5a5cc2ce;6a7b12dc0628997484b8162e;149.55;0;;;UNI-ANVA-ANVATE-150;true;;;Tabela Fundicao Unibras — ANILHA VAZADA TEXTURIZADA F41 - PRETO 15.0KG (absoluto)
6a7b7b3927c9bfb8b264e05f;;6a7a4fcfa3e5992c5a5cc2ce;6a7b12dc0628997484b8162f;99.7;0;;;UNI-ANVA-ANVATE-100;true;;;Tabela Fundicao Unibras — ANILHA VAZADA TEXTURIZADA F41 - PRETO 10.0KG (absoluto)
6a7b7b3927c9bfb8b264e060;;6a7a4fcfa3e5992c5a5cc2ce;6a7b12dc0628997484b81630;49.85;0;;;UNI-ANVA-ANVATE-50;true;;;Tabela Fundicao Unibras — ANILHA VAZADA TEXTURIZADA F41 - PRETO 5.0KG (absoluto)
6a7b7b3927c9bfb8b264e061;;6a7a4fcfa3e5992c5a5cc2ce;6a7b12dc0628997484b81631;39.88;0;;;UNI-ANVA-ANVATE-40;true;;;Tabela Fundicao Unibras — ANILHA VAZADA TEXTURIZADA F41 - PRETO 4.0KG (absoluto)
6a7b7bc7dfd3e0c160bf1182;;6a7a4fcfa3e5992c5a5cc2ce;6a7b134f920160ed9c20e824;29.91;0;;;UNI-ANVA-ANVATE-30;true;;;Tabela Fundicao Unibras — ANILHA VAZADA TEXTURIZADA F41 - PRETO 3.0KG (absoluto)
6a7b7bc7dfd3e0c160bf1183;;6a7a4fcfa3e5992c5a5cc2ce;6a7b134f920160ed9c20e825;19.94;0;;;UNI-ANVA-ANVATE-20;true;;;Tabela Fundicao Unibras — ANILHA VAZADA TEXTURIZADA F41 - PRETO 2.0KG (absoluto)
6a7b7bc7dfd3e0c160bf1184;;6a7a4fcfa3e5992c5a5cc2ce;6a7b134f920160ed9c20e826;9.97;0;;;UNI-ANVA-ANVATE-10;true;;;Tabela Fundicao Unibras — ANILHA VAZADA TEXTURIZADA F41 - PRETO 1.0KG (absoluto)
6a7b7bc7dfd3e0c160bf1185;;6a7a4fcfa3e5992c5a5cc2ce;6a7b134f920160ed9c20e827;18.1;0;;;UNI-ANFR-ANFRF5-25;true;;;Tabela Fundicao Unibras — ANILHA FRACIONADA F51MM (PRETO) 2.5KG (absoluto)
6a7b7bc7dfd3e0c160bf1186;;6a7a4fcfa3e5992c5a5cc2ce;6a7b134f920160ed9c20e828;16.29;0;;;UNI-ANFR-ANFRF5-225;true;;;Tabela Fundicao Unibras — ANILHA FRACIONADA F51MM (PRETO) 2.25KG (absoluto)
6a7b7bc7dfd3e0c160bf1187;;6a7a4fcfa3e5992c5a5cc2ce;6a7b134f920160ed9c20e829;14.48;0;;;UNI-ANFR-ANFRF5-20;true;;;Tabela Fundicao Unibras — ANILHA FRACIONADA F51MM (PRETO) 2.0KG (absoluto)
6a7b7bc7dfd3e0c160bf1188;;6a7a4fcfa3e5992c5a5cc2ce;6a7b134f920160ed9c20e82a;9.05;0;;;UNI-ANFR-ANFRF5-125;true;;;Tabela Fundicao Unibras — ANILHA FRACIONADA F51MM (PRETO) 1.25KG (absoluto)
6a7b7bc7dfd3e0c160bf1189;;6a7a4fcfa3e5992c5a5cc2ce;6a7b134f920160ed9c20e82b;7.24;0;;;UNI-ANFR-ANFRF5-10;true;;;Tabela Fundicao Unibras — ANILHA FRACIONADA F51MM (PRETO) 1.0KG (absoluto)
6a7b7bc7dfd3e0c160bf118a;;6a7a4fcfa3e5992c5a5cc2cc;6a57bd17f3c30862052b5965;56.02;0;;;;true;;;Tabela Metal Forma — Barra Maciça Crom. Rec. Reta 30cm c/ Presilha Espiral (absoluto)
6a7b7bc7dfd3e0c160bf118b;;6a7a4fcfa3e5992c5a5cc2cc;6a57bd17f3c30862052b5966;67.72;0;;;;true;;;Tabela Metal Forma — Barra Maciça Crom. Rec. Reta 40cm c/ Presilha Espiral (absoluto)
6a7b7bc7dfd3e0c160bf118c;;6a7a4fcfa3e5992c5a5cc2cc;6a57bd17f3c30862052b5967;162.81;0;;;;true;;;Tabela Metal Forma — Barra Maciça Crom. Rec. Reta 1,2m c/ Presilha Espiral (absoluto)
6a7b7bc7dfd3e0c160bf118d;;6a7a4fcfa3e5992c5a5cc2cc;6a57bd17f3c30862052b5968;195.38;0;;;;true;;;Tabela Metal Forma — Barra Maciça Crom. Rec. Reta 1,5m c/ Presilha Espiral (absoluto)
6a7b7bc7dfd3e0c160bf118e;;6a7a4fcfa3e5992c5a5cc2cc;6a57bd17f3c30862052b5969;205.61;0;;;;true;;;Tabela Metal Forma — Barra Maciça Crom. Rec. Reta 1,6m c/ Presilha Espiral (absoluto)
6a7b7bc7dfd3e0c160bf118f;;6a7a4fcfa3e5992c5a5cc2cc;6a57bd17f3c30862052b596a;224.06;0;;;;true;;;Tabela Metal Forma — Barra Maciça Crom. Rec. Reta 1,8m c/ Presilha Espiral (absoluto)
6a7b7bc7dfd3e0c160bf1190;;6a7a4fcfa3e5992c5a5cc2cc;6a57bd17f3c30862052b596b;246.39;0;;;;true;;;Tabela Metal Forma — Barra Maciça Crom. Rec. Reta 2m c/ Presilha Espiral (absoluto)
6a7b7bc7dfd3e0c160bf1191;;6a7a4fcfa3e5992c5a5cc2cc;6a57bd17f3c30862052b596c;272.75;0;;;;true;;;Tabela Metal Forma — Barra Maciça Crom. Rec. Reta 2,2m c/ Presilha Espiral (absoluto)
6a7b7bc7dfd3e0c160bf1192;;6a7a4fcfa3e5992c5a5cc2cc;6a57bd17f3c30862052b596d;164.36;0;;;;true;;;Tabela Metal Forma — Barra Maciça Crom. Rec. "W" 1,2m c/ Presilha Espiral (absoluto)
6a7b7bc7dfd3e0c160bf1193;;6a7a4fcfa3e5992c5a5cc2cc;6a57bd17f3c30862052b596e;217.09;0;;;;true;;;Tabela Metal Forma — Barra Maciça Crom. Rec. "H" c/ Presilha Espiral (absoluto)
6a7b7bc7dfd3e0c160bf1194;;6a7a4fcfa3e5992c5a5cc2cc;6a57bd17f3c30862052b596f;68.89;0;;;;true;;;Tabela Metal Forma — Barra Maciça Crom. Rec. Reta 30cm c/ LOCK PRESS MINI (absoluto)
6a7b7bc7dfd3e0c160bf1195;;6a7a4fcfa3e5992c5a5cc2cc;6a57bd17f3c30862052b5970;80.58;0;;;;true;;;Tabela Metal Forma — Barra Maciça Crom. Rec. Reta 40cm c/ LOCK PRESS MINI (absoluto)
6a7b7bc7dfd3e0c160bf1196;;6a7a4fcfa3e5992c5a5cc2cc;6a57bd17f3c30862052b5971;182.34;0;;;;true;;;Tabela Metal Forma — Barra Maciça Crom. Rec. Reta 1,2m c/ LOCK PRESS MINI (absoluto)
6a7b7bc7dfd3e0c160bf1197;;6a7a4fcfa3e5992c5a5cc2cc;6a57bd17f3c30862052b5972;210.88;0;;;;true;;;Tabela Metal Forma — Barra Maciça Crom. Rec. Reta 1,5m c/ LOCK PRESS MINI (absoluto)
6a7b7bc7dfd3e0c160bf1198;;6a7a4fcfa3e5992c5a5cc2cc;6a57bd17f3c30862052b5973;221.11;0;;;;true;;;Tabela Metal Forma — Barra Maciça Crom. Rec. Reta 1,6m c/ LOCK PRESS MINI (absoluto)
6a7b7bc7dfd3e0c160bf1199;;6a7a4fcfa3e5992c5a5cc2cc;6a57bd17f3c30862052b5974;240.82;0;;;;true;;;Tabela Metal Forma — Barra Maciça Crom. Rec. Reta 1,8m c/ LOCK PRESS MINI (absoluto)
6a7b7bc7dfd3e0c160bf119a;;6a7a4fcfa3e5992c5a5cc2cc;6a57bd17f3c30862052b5975;261.89;0;;;;true;;;Tabela Metal Forma — Barra Maciça Crom. Rec. Reta 2m c/ LOCK PRESS MINI (absoluto)
6a7b7bc7dfd3e0c160bf119b;;6a7a4fcfa3e5992c5a5cc2cc;6a57bd17f3c30862052b5976;288.26;0;;;;true;;;Tabela Metal Forma — Barra Maciça Crom. Rec. Reta 2,2m c/ LOCK PRESS MINI (absoluto)
6a7b7bc7dfd3e0c160bf119c;;6a7a4fcfa3e5992c5a5cc2cc;6a57bd17f3c30862052b5977;179.87;0;;;;true;;;Tabela Metal Forma — Barra Maciça Crom. Rec. "W" 1,2m c/ LOCK PRESS MINI (absoluto)
6a7b7bc7dfd3e0c160bf119d;;6a7a4fcfa3e5992c5a5cc2cc;6a57bd17f3c30862052b5978;232.58;0;;;;true;;;Tabela Metal Forma — Barra Maciça Crom. Rec. "H" c/ LOCK PRESS MINI (absoluto)
6a7b7bc7dfd3e0c160bf119e;;6a7a4fcfa3e5992c5a5cc2cc;6a57bd17f3c30862052b5979;97.08;0;;;;true;;;Tabela Metal Forma — Barra Maciça Crom. Rec. Reta 30cm c/ Rosca (absoluto)
6a7b7bc7dfd3e0c160bf119f;;6a7a4fcfa3e5992c5a5cc2cc;6a57bd17f3c30862052b597a;108.77;0;;;;true;;;Tabela Metal Forma — Barra Maciça Crom. Rec. Reta 40cm c/ Rosca (absoluto)
6a7b7bc7dfd3e0c160bf11a0;;6a7a4fcfa3e5992c5a5cc2cc;6a57bd17f3c30862052b597b;208.55;0;;;;true;;;Tabela Metal Forma — Barra Maciça Crom. Rec. Reta 1,2m c/ Rosca (absoluto)
6a7b7bc7dfd3e0c160bf11a1;;6a7a4fcfa3e5992c5a5cc2cc;6a57bd17f3c30862052b597c;219.43;0;;;;true;;;Tabela Metal Forma — Barra Maciça Crom. Rec. "W" 1,2m c/ Rosca (absoluto)
6a7b7bc7dfd3e0c160bf11a2;;6a7a4fcfa3e5992c5a5cc2cc;6a57bd17f3c30862052b598c;317.87;0;;;;true;;;Tabela Metal Forma — Barra Hexagonal Tubular Preta pegada (absoluto)
6a7b7bc7dfd3e0c160bf11a3;;6a7a4fcfa3e5992c5a5cc2cc;6a57bd17f3c30862052b598d;472.94;0;;;;true;;;Tabela Metal Forma — Barra Hexagonal Tubular Olimpica preta (absoluto)
6a7b7bc7dfd3e0c160bf11a4;;6a7a4fcfa3e5992c5a5cc2cc;6a57bd17f3c30862052b598e;851.27;0;;;;true;;;Tabela Metal Forma — Barra Olímpica 20kg 2,2m 4 Rolamentos Cromada (absoluto)
6a7b7bc7dfd3e0c160bf11a5;;6a7a4fcfa3e5992c5a5cc2cc;6a57bd17f3c30862052b5990;851.27;0;;;;true;;;Tabela Metal Forma — Barra Olímpica 20kg 2,2m 4 Rolamentos Zinco Extra (absoluto)
6a7b7bc7dfd3e0c160bf11a6;;6a7a4fcfa3e5992c5a5cc2cc;6a57bd17f3c30862052b5992;851.28;0;;;;true;;;Tabela Metal Forma — Barra Olímpica 20kg 2,2m 4 Rolamentos Zinco Preto (absoluto)
6a7b7bc7dfd3e0c160bf11a7;;6a7a4fcfa3e5992c5a5cc2cc;6a57bd17f3c30862052b5993;736.53;0;;;;true;;;Tabela Metal Forma — Barra Olímpica 15kg 2,0m 4 Rolamentos Cromada (absoluto)
6a7b7bc7dfd3e0c160bf11a8;;6a7a4fcfa3e5992c5a5cc2cc;6a57bd17f3c30862052b5997;736.52;0;;;;true;;;Tabela Metal Forma — Barra Olímpica 15kg 2,0m 4 Rolamentos Zinco Preto (absoluto)
6a7b7bc7dfd3e0c160bf11a9;;6a7a4fcfa3e5992c5a5cc2cc;6a57bd17f3c30862052b5998;573.72;0;;;;true;;;Tabela Metal Forma — Barra Olímpica 10kg 1,62m 4 Rolamentos Cromada (absoluto)
6a7b7bc7dfd3e0c160bf11aa;;6a7a4fcfa3e5992c5a5cc2cc;6a57bd17f3c30862052b599a;573.72;0;;;;true;;;Tabela Metal Forma — Barra Olímpica 10kg 1,62m 4 Rolamentos Zinco Extra (absoluto)
6a7b7bc7dfd3e0c160bf11ab;;6a7a4fcfa3e5992c5a5cc2cc;6a57bd17f3c30862052b599c;573.72;0;;;;true;;;Tabela Metal Forma — Barra Olímpica 10kg 1,62m 4 Rolamentos Zinco preto (absoluto)
6a7b7bc7dfd3e0c160bf11ac;;6a7a4fcfa3e5992c5a5cc2cc;6a57bd17f3c30862052b599d;534.96;0;;;;true;;;Tabela Metal Forma — Barra Olímpica 1,8m Cromada c/rolamento (absoluto)
6a7b7bc7dfd3e0c160bf11ad;;6a7a4fcfa3e5992c5a5cc2cc;6a57bd17f3c30862052b599e;462.85;0;;;;true;;;Tabela Metal Forma — Barra Olímpica 1,5m Cromada c/rolamento (absoluto)
6a7b7bc7dfd3e0c160bf11ae;;6a7a4fcfa3e5992c5a5cc2cc;6a57bd17f3c30862052b599f;433.54;0;;;;true;;;Tabela Metal Forma — Barra Olímpica 1,2m Cromada c/rolamento (absoluto)
6a7b7bc7dfd3e0c160bf11af;;6a7a4fcfa3e5992c5a5cc2cc;6a57bd17f3c30862052b59a0;441.92;0;;;;true;;;Tabela Metal Forma — Barra Olímpica "W" Cromada c/rolamento (absoluto)
6a7b7bc7dfd3e0c160bf11b0;;6a7a4fcfa3e5992c5a5cc2cc;6a57bd17f3c30862052b59a1;479.13;0;;;;true;;;Tabela Metal Forma — Barra Olímpica "H" Cromada c/rolamento (absoluto)
6a7b7bc7dfd3e0c160bf11b1;;6a7a4fcfa3e5992c5a5cc2cc;6a57bd17f3c30862052b59a2;649.7;0;;;;true;;;Tabela Metal Forma — Barra Olímpica 40lbs 2,2m 4 rolamentos Cromada (absoluto)
6a7b7bc7dfd3e0c160bf11b2;;6a7a4fcfa3e5992c5a5cc2cc;6a57bd17f3c30862052b59a6;649.7;0;;;;true;;;Tabela Metal Forma — Barra Olímpica 40lbs 2,2m 4 rolamentos Zinco Preto (absoluto)
6a7b7bc7dfd3e0c160bf11b3;;6a7a4fcfa3e5992c5a5cc2cc;6a57bd17f3c30862052b59a7;572.16;0;;;;true;;;Tabela Metal Forma — Barra Olímpica 30lbs 2,0m 4 rolamentos Cromada (absoluto)
6a7b7bc7dfd3e0c160bf11b4;;6a7a4fcfa3e5992c5a5cc2cc;6a57bd17f3c30862052b59a9;572.16;0;;;;true;;;Tabela Metal Forma — Barra Olímpica 30lbs 2,0m 4 rolamentos Zinco Extra (absoluto)
6a7b7bc7dfd3e0c160bf11b5;;6a7a4fcfa3e5992c5a5cc2cc;6a57bd17f3c30862052b59ab;572.16;0;;;;true;;;Tabela Metal Forma — Barra Olímpica 30lbs 2,0m 4 rolamentos Zinco Preto (absoluto)
6a7b7bc7dfd3e0c160bf11b6;;6a7a4fcfa3e5992c5a5cc2cc;6a57bd17f3c30862052b59ac;479.13;0;;;;true;;;Tabela Metal Forma — Barra Olímpica 20lbs 1,62m 4 rolamentos Cromada (absoluto)
6a7b7bc7dfd3e0c160bf11b7;;6a7a4fcfa3e5992c5a5cc2cc;6a57bd17f3c30862052b59ae;409.66;0;;;;true;;;Tabela Metal Forma — Barra Olímpica 20lbs 1,62m 4 rolamentos Zinco Extra (absoluto)
6a7b7bc7dfd3e0c160bf11b8;;6a7a4fcfa3e5992c5a5cc2cc;6a57bd17f3c30862052b59b0;409.66;0;;;;true;;;Tabela Metal Forma — Barra Olímpica 20lbs 1,62m 4 rolamentos Zinco preto (absoluto)
6a7b7bc7dfd3e0c160bf11b9;;6a7a4fcfa3e5992c5a5cc2cc;6a57bd17f3c30862052b59b6;8.2;0;;;;true;;;Tabela Metal Forma — Presilha espiral 2 voltas 1" (absoluto)
6a7b7bc7dfd3e0c160bf11ba;;6a7a4fcfa3e5992c5a5cc2cc;6a57bd17f3c30862052b59b7;8.2;0;;;;true;;;Tabela Metal Forma — Presilha espiral 2 voltas 1 . 1/8" (absoluto)
6a7b7bc7dfd3e0c160bf11bb;;6a7a4fcfa3e5992c5a5cc2cc;6a57bd17f3c30862052b59b8;17.9;0;;;;true;;;Tabela Metal Forma — Presilha LOCK PRESS PUMP 1" (25,4mm) (absoluto)
6a7b7bc7dfd3e0c160bf11bc;;6a7a4fcfa3e5992c5a5cc2cc;6a57bd17f3c30862052b59b9;17.9;0;;;;true;;;Tabela Metal Forma — Presilha LOCK PRESS MINI 1 . 1/8" (28,5mm) (absoluto)
6a7b7bc7dfd3e0c160bf11bd;;6a7a4fcfa3e5992c5a5cc2cc;6a57bd17f3c30862052b59ba;35.9;0;;;;true;;;Tabela Metal Forma — Presilha LOCK PRESS ONE 2" (Olímpica) (absoluto)
6a7b7bc7dfd3e0c160bf11be;;6a7a4fcfa3e5992c5a5cc2cc;6a57bd17f3c30862052b59bc;114.43;0;;;;true;;;Tabela Metal Forma — Puxador Romano "D" 1m Preto (absoluto)
6a7b7bc7dfd3e0c160bf11bf;;6a7a4fcfa3e5992c5a5cc2cc;6a57bd657fa67faa93ade131;127.69;0;;;;true;;;Tabela Metal Forma — Puxador Romano "D" 1m Cromado (absoluto)
6a7b7bc7dfd3e0c160bf11c0;;6a7a4fcfa3e5992c5a5cc2cc;6a57bd657fa67faa93ade145;845.23;0;;;;true;;;Tabela Metal Forma — Expositor Anilha Olímpica Tipo Gaiola (absoluto)
6a7b7bc7dfd3e0c160bf11c1;;6a7a4fcfa3e5992c5a5cc2cc;6a57bd657fa67faa93ade148;327.7;0;;;;true;;;Tabela Metal Forma — Expositor Anilha Olímpica Horizontal c/ 2 Rodizios (absoluto)
6a7b7bc7dfd3e0c160bf11c2;;6a7a4fcfa3e5992c5a5cc2cc;6a57bd657fa67faa93ade149;327.7;0;;;;true;;;Tabela Metal Forma — Expositor Anilha Olímpica Vertical c/ 4 Rodizios (absoluto)
6a7b7bc7dfd3e0c160bf11c3;;6a7a4fcfa3e5992c5a5cc2cc;6a57bd657fa67faa93ade14a;192.8;0;;;;true;;;Tabela Metal Forma — Expositor Anilha Olímpica Vertical Fixo (absoluto)
6a7b7bc7dfd3e0c160bf11c4;;6a7a4fcfa3e5992c5a5cc2cc;6a57bd657fa67faa93ade14d;735.33;0;;;;true;;;Tabela Metal Forma — Expositor Multiuso 1m - 2 div.Wall Ball/2 div.Prateleira (absoluto)
6a7b7bc7dfd3e0c160bf11c5;;6a7a4fcfa3e5992c5a5cc2cc;6a57bd657fa67faa93ade14e;639.42;0;;;;true;;;Tabela Metal Forma — Extensão Multiuso 1m - 2 div.Wall Ball/2 div.Prateleira (absoluto)
6a7b7bc7dfd3e0c160bf11c6;;6a7a4fcfa3e5992c5a5cc2cc;6a57bd657fa67faa93ade151;707.66;0;;;;true;;;Tabela Metal Forma — Expositor Halter 20 pares (absoluto)
6a7b7bc7dfd3e0c160bf11c7;;6a7a4fcfa3e5992c5a5cc2cc;6a57bd657fa67faa93ade152;379.82;0;;;;true;;;Tabela Metal Forma — Expositor Halter 10 pares (absoluto)
6a7b7bc7dfd3e0c160bf11c8;;6a7a4fcfa3e5992c5a5cc2cc;6a57bd657fa67faa93ade153;186.77;0;;;;true;;;Tabela Metal Forma — Expositor Halter 5 pares (absoluto)
6a7b7bc7dfd3e0c160bf11c9;;6a7a4fcfa3e5992c5a5cc2cc;6a57bd657fa67faa93ade154;399.64;0;;;;true;;;Tabela Metal Forma — Expositor Halter torre 3" 10 pares (absoluto)
6a7b7bc7dfd3e0c160bf11ca;;6a7a4fcfa3e5992c5a5cc2cc;6a57bd657fa67faa93ade155;151.87;0;;;;true;;;Tabela Metal Forma — Expositor Halter parede 5 pares (absoluto)
6a7b7bc7dfd3e0c160bf11cb;;6a7a4fcfa3e5992c5a5cc2cc;6a57bd657fa67faa93ade158;170.84;0;;;;true;;;Tabela Metal Forma — Expositor fogueteiro para 10 Barras 28mm (absoluto)
6a7b7bc7dfd3e0c160bf11cc;;6a7a4fcfa3e5992c5a5cc2cc;6a57bd657fa67faa93ade159;281.81;0;;;;true;;;Tabela Metal Forma — Expositor fogueteiro para 12 Barras 28mm - Box (absoluto)
6a7b7bc7dfd3e0c160bf11cd;;6a7a4fcfa3e5992c5a5cc2cc;6a57bd657fa67faa93ade15a;169.57;0;;;;true;;;Tabela Metal Forma — Expositor parede p/6 Barras Olímpicas (absoluto)
6a7b7bc7dfd3e0c160bf11ce;;6a7a4fcfa3e5992c5a5cc2cf;6a57bdb389f31864ba0fb48c;230;0;;;ATC-CANE-CAELSU-020;true;;;Tabela CPFit — Caneleira Elite Super Reforçada 20kg (Par) (absoluto)
6a7b7bc7dfd3e0c160bf11cf;;6a7a4fcfa3e5992c5a5cc2cf;6a57bdb389f31864ba0fb48b;220;0;;;ATC-CANE-CAELSU-019;true;;;Tabela CPFit — Caneleira Elite Super Reforçada 19kg (Par) (absoluto)
6a7b7bc7dfd3e0c160bf11d0;;6a7a4fcfa3e5992c5a5cc2cf;6a57bdb389f31864ba0fb48a;210;0;;;ATC-CANE-CAELSU-018;true;;;Tabela CPFit — Caneleira Elite Super Reforçada 18kg (Par) (absoluto)
6a7b7bc7dfd3e0c160bf11d1;;6a7a4fcfa3e5992c5a5cc2cf;6a57bdb389f31864ba0fb489;205;0;;;ATC-CANE-CAELSU-017;true;;;Tabela CPFit — Caneleira Elite Super Reforçada 17kg (Par) (absoluto)
6a7b7bc7dfd3e0c160bf11d2;;6a7a4fcfa3e5992c5a5cc2cf;6a57bdb389f31864ba0fb488;199;0;;;ATC-CANE-CAELSU-016;true;;;Tabela CPFit — Caneleira Elite Super Reforçada 16kg (Par) (absoluto)
6a7b7bc7dfd3e0c160bf11d3;;6a7a4fcfa3e5992c5a5cc2cf;6a57bdb389f31864ba0fb487;190;0;;;ATC-CANE-CAELSU-015;true;;;Tabela CPFit — Caneleira Elite Super Reforçada 15kg (Par) (absoluto)
6a7b7bc7dfd3e0c160bf11d4;;6a7a4fcfa3e5992c5a5cc2cf;6a57bdb389f31864ba0fb486;182;0;;;ATC-CANE-CAELSU-014;true;;;Tabela CPFit — Caneleira Elite Super Reforçada 14kg (Par) (absoluto)
6a7b7bc7dfd3e0c160bf11d5;;6a7a4fcfa3e5992c5a5cc2cf;6a57bdb389f31864ba0fb485;180;0;;;ATC-CANE-CAELSU-013;true;;;Tabela CPFit — Caneleira Elite Super Reforçada 13kg (Par) (absoluto)
6a7b7bc7dfd3e0c160bf11d6;;6a7a4fcfa3e5992c5a5cc2cf;6a57bdb389f31864ba0fb484;172;0;;;ATC-CANE-CAELSU-012;true;;;Tabela CPFit — Caneleira Elite Super Reforçada 12kg (Par) (absoluto)
6a7b7bc7dfd3e0c160bf11d7;;6a7a4fcfa3e5992c5a5cc2cf;6a57bdb389f31864ba0fb483;165;0;;;ATC-CANE-CAELSU-011;true;;;Tabela CPFit — Caneleira Elite Super Reforçada 11kg (Par) (absoluto)
6a7b7bc7dfd3e0c160bf11d8;;6a7a4fcfa3e5992c5a5cc2cf;6a57bdb389f31864ba0fb482;154;0;;;ATC-CANE-CAELSU-010;true;;;Tabela CPFit — Caneleira Elite Super Reforçada 10kg (Par) (absoluto)
6a7b7bc7dfd3e0c160bf11d9;;6a7a4fcfa3e5992c5a5cc2cf;6a57bdb389f31864ba0fb481;147;0;;;ATC-CANE-CAELSU-009;true;;;Tabela CPFit — Caneleira Elite Super Reforçada 9kg (Par) (absoluto)
6a7b7bc7dfd3e0c160bf11da;;6a7a4fcfa3e5992c5a5cc2cf;6a57bdb389f31864ba0fb480;135;0;;;ATC-CANE-CAELSU-008;true;;;Tabela CPFit — Caneleira Elite Super Reforçada 8kg (Par) (absoluto)
6a7b7bc7dfd3e0c160bf11db;;6a7a4fcfa3e5992c5a5cc2cf;6a57bdb389f31864ba0fb47f;131;0;;;ATC-CANE-CAELSU-007;true;;;Tabela CPFit — Caneleira Elite Super Reforçada 7kg (Par) (absoluto)
6a7b7bc7dfd3e0c160bf11dc;;6a7a4fcfa3e5992c5a5cc2cf;6a57bdb389f31864ba0fb47e;120;0;;;ATC-CANE-CAELSU-006;true;;;Tabela CPFit — Caneleira Elite Super Reforçada 6kg (Par) (absoluto)
6a7b7bc7dfd3e0c160bf11dd;;6a7a4fcfa3e5992c5a5cc2cf;6a57bdb389f31864ba0fb47d;111;0;;;ATC-CANE-CAELSU-005;true;;;Tabela CPFit — Caneleira Elite Super Reforçada 5kg (Par) (absoluto)
6a7b7bc7dfd3e0c160bf11de;;6a7a4fcfa3e5992c5a5cc2cf;6a57bdb389f31864ba0fb47c;104;0;;;ATC-CANE-CAELSU-004;true;;;Tabela CPFit — Caneleira Elite Super Reforçada 4kg (Par) (absoluto)
6a7b7bc7dfd3e0c160bf11df;;6a7a4fcfa3e5992c5a5cc2cf;6a57bdb389f31864ba0fb47b;96;0;;;ATC-CANE-CAELSU-003;true;;;Tabela CPFit — Caneleira Elite Super Reforçada 3kg (Par) (absoluto)
6a7b7bc7dfd3e0c160bf11e0;;6a7a4fcfa3e5992c5a5cc2cf;6a57bdb389f31864ba0fb47a;74;0;;;ATC-CANE-CAELSU-002;true;;;Tabela CPFit — Caneleira Elite Super Reforçada 2kg (Par) (absoluto)
6a7b7bc7dfd3e0c160bf11e1;;6a7a4fcfa3e5992c5a5cc2cf;6a57bdb389f31864ba0fb479;62;0;;;ATC-CANE-CAELSU-001;true;;;Tabela CPFit — Caneleira Elite Super Reforçada 1kg (Par) (absoluto)
6a7b7bc7dfd3e0c160bf11e2;;6a7a4fcfa3e5992c5a5cc2cf;6a57bdb389f31864ba0fb492;105;0;;;ATC-CINT-CIDEMU-024;true;;;Tabela CPFit — Cinto de Musculação para Agachamento (G) — (absoluto)
6a7b7bc7dfd3e0c160bf11e3;;6a7a4fcfa3e5992c5a5cc2cf;6a57bdb389f31864ba0fb491;105;0;;;ATC-CINT-CIDEMU-023;true;;;Tabela CPFit — Cinto de Musculação para Agachamento (M) — (absoluto)
6a7b7bc7dfd3e0c160bf11e4;;6a7a4fcfa3e5992c5a5cc2cf;6a57bdb389f31864ba0fb490;105;0;;;ATC-CINT-CIDEMU-022;true;;;Tabela CPFit — Cinto de Musculação para Agachamento (P) — (absoluto)
6a7b7bc7dfd3e0c160bf11e5;;6a7a4fcfa3e5992c5a5cc2cf;6a7b141aa9c5d531620db942;144;0;;;ATC-KITS-KICH2-051;true;;;Tabela CPFit — Kit Chute (2 Tornozeleiras + 2 Elásticos + 1 Mosquetão) — (absoluto)
6a7b7c13c3f4f8840201df71;;6a7a4fcfa3e5992c5a5cc2cf;6a7b141aa9c5d531620db943;169;0;;;ATC-KITS-KIELEX-053;true;;;Tabela CPFit — Kit Elástico Extensor Fitness (4 Elásticos + 2 Mosquetões) — (absoluto)
6a7b7c13c3f4f8840201df72;;6a7a4fcfa3e5992c5a5cc2cf;6a7b141aa9c5d531620db944;144;0;;;ATC-KITS-KISO2-054;true;;;Tabela CPFit — Kit Soco (2 Pegadas + 2 Elásticos + 1 Mosquetão) — (absoluto)
6a7b7c13c3f4f8840201df73;;6a7a4fcfa3e5992c5a5cc2cf;6a7b141aa9c5d531620db945;275;0;;;ATC-KITS-KISOE-055;true;;;Tabela CPFit — Kit Soco e Chute (2 Pegadas + 2 Tornozeleiras + 4 Elásticos + 3 Mosquetões) — (absoluto)
6a7b7c13c3f4f8840201df74;;6a7a4fcfa3e5992c5a5cc2cf;6a7b141aa9c5d531620db946;188;0;;;ATC-KITS-KITRDU-058;true;;;Tabela CPFit — Kit Tração Duplo com Fechamento Simples (G) — (absoluto)
6a7b7c13c3f4f8840201df75;;6a7a4fcfa3e5992c5a5cc2cf;6a7b141aa9c5d531620db947;188;0;;;ATC-KITS-KITRDU-057;true;;;Tabela CPFit — Kit Tração Duplo com Fechamento Simples (M) — (absoluto)
6a7b7c13c3f4f8840201df76;;6a7a4fcfa3e5992c5a5cc2cf;6a7b141aa9c5d531620db948;188;0;;;ATC-KITS-KITRDU-056;true;;;Tabela CPFit — Kit Tração Duplo com Fechamento Simples (P) — (absoluto)
6a7b7c13c3f4f8840201df77;;6a7a4fcfa3e5992c5a5cc2cf;6a7b141aa9c5d531620db949;157;0;;;ATC-KITS-KITRIN-061;true;;;Tabela CPFit — Kit Tração Individual com Fechamento Simples (G) — (absoluto)
6a7b7c13c3f4f8840201df78;;6a7a4fcfa3e5992c5a5cc2cf;6a7b141aa9c5d531620db94a;157;0;;;ATC-KITS-KITRIN-060;true;;;Tabela CPFit — Kit Tração Individual com Fechamento Simples (M) — (absoluto)
6a7b7c13c3f4f8840201df79;;6a7a4fcfa3e5992c5a5cc2cf;6a7b141aa9c5d531620db94b;251;0;;;ATC-KITS-KITRIN-059;true;;;Tabela CPFit — Kit Tração Individual com Fechamento Simples (P) — (absoluto)
6a7b7c13c3f4f8840201df7a;;6a7a4fcfa3e5992c5a5cc2cf;6a57bdd225180899c32f9cfb;220;0;;;ATC-POBA-POBA24-071;true;;;Tabela CPFit — Power Bag 24kg (absoluto)
6a7b7c13c3f4f8840201df7b;;6a7a4fcfa3e5992c5a5cc2cf;6a57bdd225180899c32f9cfa;210;0;;;ATC-POBA-POBA22-070;true;;;Tabela CPFit — Power Bag 22kg (absoluto)
6a7b7c13c3f4f8840201df7c;;6a7a4fcfa3e5992c5a5cc2cf;6a57bdd225180899c32f9cf9;200;0;;;ATC-POBA-POBA20-069;true;;;Tabela CPFit — Power Bag 20kg (absoluto)
6a7b7c13c3f4f8840201df7d;;6a7a4fcfa3e5992c5a5cc2cf;6a57bdd225180899c32f9cf8;190;0;;;ATC-POBA-POBA18-068;true;;;Tabela CPFit — Power Bag 18kg (absoluto)
6a7b7c13c3f4f8840201df7e;;6a7a4fcfa3e5992c5a5cc2cf;6a57bdd225180899c32f9cf7;180;0;;;ATC-POBA-POBA14-067;true;;;Tabela CPFit — Power Bag 14kg (absoluto)
6a7b7c13c3f4f8840201df7f;;6a7a4fcfa3e5992c5a5cc2cf;6a57bdd225180899c32f9cf6;170;0;;;ATC-POBA-POBA12-066;true;;;Tabela CPFit — Power Bag 12kg (absoluto)
6a7b7c13c3f4f8840201df80;;6a7a4fcfa3e5992c5a5cc2cf;6a57bdd225180899c32f9cf5;160;0;;;ATC-POBA-POBA10-065;true;;;Tabela CPFit — Power Bag 10kg (absoluto)
6a7b7c13c3f4f8840201df81;;6a7a4fcfa3e5992c5a5cc2cf;6a57bdb389f31864ba0fb4b2;150;0;;;ATC-POBA-POBA8K-064;true;;;Tabela CPFit — Power Bag 8kg (absoluto)
6a7b7c13c3f4f8840201df82;;6a7a4fcfa3e5992c5a5cc2cf;6a57bdb389f31864ba0fb4b1;140;0;;;ATC-POBA-POBA5K-063;true;;;Tabela CPFit — Power Bag 5kg (absoluto)
6a7b7c13c3f4f8840201df83;;6a7a4fcfa3e5992c5a5cc2cf;6a57bdb389f31864ba0fb48f;50;0;;;ATC-ACES-CICHOU-021;true;;;Tabela CPFit — Cinta Chute ou Glúteo — (absoluto)
6a7b7c13c3f4f8840201df84;;6a7a4fcfa3e5992c5a5cc2cb;6a3de23bc03bf79c138cbbf4;125;0;;;19;true;;;Tabela Fundicao Santa Clara — Anilha Vazada 25kg sem Acabamento (absoluto)
6a7b7c13c3f4f8840201df85;;6a7a4fcfa3e5992c5a5cc2cb;6a3de23bc03bf79c138cbbf3;100;0;;;18;true;;;Tabela Fundicao Santa Clara — Anilha Vazada 20kg sem Acabamento (absoluto)
6a7b7c13c3f4f8840201df86;;6a7a4fcfa3e5992c5a5cc2cb;6a3de23bc03bf79c138cbbf2;75;0;;;17;true;;;Tabela Fundicao Santa Clara — Anilha Vazada 15kg sem Acabamento (absoluto)
6a7b7c13c3f4f8840201df87;;6a7a4fcfa3e5992c5a5cc2cb;6a3de23bc03bf79c138cbbf1;50;0;;;16;true;;;Tabela Fundicao Santa Clara — Anilha Vazada 10kg sem Acabamento (absoluto)
6a7b7c13c3f4f8840201df88;;6a7a4fcfa3e5992c5a5cc2cb;6a3de23bc03bf79c138cbbf0;25;0;;;15;true;;;Tabela Fundicao Santa Clara — Anilha Vazada 5kg sem Acabamento (absoluto)
6a7b7c13c3f4f8840201df89;;6a7a4fcfa3e5992c5a5cc2cb;6a3de23bc03bf79c138cbbef;20;0;;;14;true;;;Tabela Fundicao Santa Clara — Anilha Vazada 4kg sem Acabamento (absoluto)
6a7b7c13c3f4f8840201df8a;;6a7a4fcfa3e5992c5a5cc2cb;6a3de23bc03bf79c138cbbee;15;0;;;13;true;;;Tabela Fundicao Santa Clara — Anilha Vazada 3kg sem Acabamento (absoluto)
6a7b7c13c3f4f8840201df8b;;6a7a4fcfa3e5992c5a5cc2cb;6a3de23bc03bf79c138cbbed;10;0;;;12;true;;;Tabela Fundicao Santa Clara — Anilha Vazada 2kg sem Acabamento (absoluto)
6a7b7c13c3f4f8840201df8c;;6a7a4fcfa3e5992c5a5cc2cb;6a3de23bc03bf79c138cbbec;5;0;;;11;true;;;Tabela Fundicao Santa Clara — Anilha Vazada 1kg sem Acabamento (absoluto)
6a7b7c13c3f4f8840201df8d;;6a7a4fcfa3e5992c5a5cc2cb;6a3e9f1164a9e1e30880a2ae;50;0;;;10;true;;;Tabela Fundicao Santa Clara — Halter Bola 10kg sem Acabamento (absoluto)
6a7b7c13c3f4f8840201df8e;;6a7a4fcfa3e5992c5a5cc2cb;6a3e9f1164a9e1e30880a2ad;45;0;;;9;true;;;Tabela Fundicao Santa Clara — Halter Bola 9kg sem Acabamento (absoluto)
6a7b7c13c3f4f8840201df8f;;6a7a4fcfa3e5992c5a5cc2cb;6a3e9f1164a9e1e30880a2ac;40;0;;;8;true;;;Tabela Fundicao Santa Clara — Halter Bola 8kg sem Acabamento (absoluto)
6a7b7c13c3f4f8840201df90;;6a7a4fcfa3e5992c5a5cc2cb;6a3e9f1164a9e1e30880a2ab;35;0;;;7;true;;;Tabela Fundicao Santa Clara — Halter Bola 7kg sem Acabamento (absoluto)
6a7b7c13c3f4f8840201df91;;6a7a4fcfa3e5992c5a5cc2cb;6a3e9f1164a9e1e30880a2aa;30;0;;;6;true;;;Tabela Fundicao Santa Clara — Halter Bola 6kg sem Acabamento (absoluto)
6a7b7c13c3f4f8840201df92;;6a7a4fcfa3e5992c5a5cc2cb;6a3e9f1164a9e1e30880a2a9;25;0;;;5;true;;;Tabela Fundicao Santa Clara — Halter Bola 5kg sem Acabamento (absoluto)
6a7b7c13c3f4f8840201df93;;6a7a4fcfa3e5992c5a5cc2cb;6a3e9f1164a9e1e30880a2a8;20;0;;;4;true;;;Tabela Fundicao Santa Clara — Halter Bola 4kg sem Acabamento (absoluto)
6a7b7c13c3f4f8840201df94;;6a7a4fcfa3e5992c5a5cc2cb;6a3e9f1164a9e1e30880a2a7;15;0;;;3;true;;;Tabela Fundicao Santa Clara — Halter Bola 3kg sem Acabamento (absoluto)
6a7b7c13c3f4f8840201df95;;6a7a4fcfa3e5992c5a5cc2cb;6a3e9f1164a9e1e30880a2a6;10;0;;;2;true;;;Tabela Fundicao Santa Clara — Halter Bola 2kg sem Acabamento (absoluto)
6a7b7c13c3f4f8840201df96;;6a7a4fcfa3e5992c5a5cc2cb;6a3e9f1164a9e1e30880a2a5;5;0;;;1;true;;;Tabela Fundicao Santa Clara — Halter Bola 1kg sem Acabamento (absoluto)
6a7b7c13c3f4f8840201df97;;6a7a4fcfa3e5992c5a5cc2d2;6a7b12dc0628997484b815fe;200;0;;;JP32m;true;;;Tabela Minas Jump — Jump Profissional (absoluto)
6a7b99eb7af9b4f47c7af36d;;6a7a4fcfa3e5992c5a5cc2cd;6a43d03d489599a52bac3e6b;34.5;0;;;GUI-BR-6;true;;;Tabela Anilha X — Bruta Guia 6kg (absoluto) — mesma peça bruta em todas as formas/furos
6a7b99eb7af9b4f47c7af36e;;6a7a4fcfa3e5992c5a5cc2cd;6a43d03d489599a52bac3e6e;34.5;0;;;GUI-BR-6;true;;;Tabela Anilha X — Bruta Guia 6kg (absoluto) — mesma peça bruta em todas as formas/furos
6a7b99eb7af9b4f47c7af36f;;6a7a4fcfa3e5992c5a5cc2cd;6a43d03d489599a52bac3e23;34.5;0;;;GUI-BR-6;true;;;Tabela Anilha X — Bruta Guia 6kg (absoluto) — mesma peça bruta em todas as formas/furos
6a7b99eb7af9b4f47c7af370;;6a7a4fcfa3e5992c5a5cc2cd;6a43d03d489599a52bac3e26;34.5;0;;;GUI-BR-6;true;;;Tabela Anilha X — Bruta Guia 6kg (absoluto) — mesma peça bruta em todas as formas/furos
6a7b99eb7af9b4f47c7af371;;6a7a4fcfa3e5992c5a5cc2cd;6a43d03d489599a52bac3e53;34.5;0;;;GUI-BR-6;true;;;Tabela Anilha X — Bruta Guia 6kg (absoluto) — mesma peça bruta em todas as formas/furos
6a7b99eb7af9b4f47c7af372;;6a7a4fcfa3e5992c5a5cc2cd;6a43d03d489599a52bac3e56;34.5;0;;;GUI-BR-6;true;;;Tabela Anilha X — Bruta Guia 6kg (absoluto) — mesma peça bruta em todas as formas/furos
6a7b99eb7af9b4f47c7af373;;6a7a4fcfa3e5992c5a5cc2cd;6a43d03d489599a52bac3e3b;34.5;0;;;GUI-BR-6;true;;;Tabela Anilha X — Bruta Guia 6kg (absoluto) — mesma peça bruta em todas as formas/furos
6a7b99eb7af9b4f47c7af374;;6a7a4fcfa3e5992c5a5cc2cd;6a43d03d489599a52bac3e3e;34.5;0;;;GUI-BR-6;true;;;Tabela Anilha X — Bruta Guia 6kg (absoluto) — mesma peça bruta em todas as formas/furos
6a7b99eb7af9b4f47c7af375;;6a7a4fcfa3e5992c5a5cc2cd;6a43d03d489599a52bac3e71;26.75;0;;;TIJ-BR-5;true;;;Tabela Anilha X — Bruta Tijolinho 5kg (absoluto) — mesma peça bruta em todas as formas
6a7b99eb7af9b4f47c7af376;;6a7a4fcfa3e5992c5a5cc2cd;6a43d03d489599a52bac3e29;26.75;0;;;TIJ-BR-5;true;;;Tabela Anilha X — Bruta Tijolinho 5kg (absoluto) — mesma peça bruta em todas as formas
6a7b99eb7af9b4f47c7af377;;6a7a4fcfa3e5992c5a5cc2cd;6a43d03d489599a52bac3e59;26.75;0;;;TIJ-BR-5;true;;;Tabela Anilha X — Bruta Tijolinho 5kg (absoluto) — mesma peça bruta em todas as formas
6a7b99eb7af9b4f47c7af378;;6a7a4fcfa3e5992c5a5cc2cd;6a43d03d489599a52bac3e41;26.75;0;;;TIJ-BR-5;true;;;Tabela Anilha X — Bruta Tijolinho 5kg (absoluto) — mesma peça bruta em todas as formas
6a7b99eb7af9b4f47c7af379;;6a7a4fcfa3e5992c5a5cc2cd;6a7b9947b59a65fb5ccabff2;149.5;0;;;KET-BR-26;true;;;Tabela Anilha X — Bruta Kettlebell 26kg (absoluto)
6a7b99eb7af9b4f47c7af37a;;6a7a4fcfa3e5992c5a5cc2cd;6a7b9947b59a65fb5ccabff1;138;0;;;KET-BR-24;true;;;Tabela Anilha X — Bruta Kettlebell 24kg (absoluto)
6a7b99eb7af9b4f47c7af37b;;6a7a4fcfa3e5992c5a5cc2cd;6a7b9947b59a65fb5ccabff0;126.5;0;;;KET-BR-22;true;;;Tabela Anilha X — Bruta Kettlebell 22kg (absoluto)
6a7b99eb7af9b4f47c7af37c;;6a7a4fcfa3e5992c5a5cc2cd;6a7b9947b59a65fb5ccabfef;115;0;;;KET-BR-20;true;;;Tabela Anilha X — Bruta Kettlebell 20kg (absoluto)
6a7b99eb7af9b4f47c7af37d;;6a7a4fcfa3e5992c5a5cc2cd;6a7b9947b59a65fb5ccabfee;103.5;0;;;KET-BR-18;true;;;Tabela Anilha X — Bruta Kettlebell 18kg (absoluto)
6a7b99eb7af9b4f47c7af37e;;6a7a4fcfa3e5992c5a5cc2cd;6a7b9947b59a65fb5ccabfed;92;0;;;KET-BR-16;true;;;Tabela Anilha X — Bruta Kettlebell 16kg (absoluto)
6a7b99eb7af9b4f47c7af37f;;6a7a4fcfa3e5992c5a5cc2cd;6a7b9947b59a65fb5ccabfec;80.5;0;;;KET-BR-14;true;;;Tabela Anilha X — Bruta Kettlebell 14kg (absoluto)
6a7b99eb7af9b4f47c7af380;;6a7a4fcfa3e5992c5a5cc2cd;6a7b9947b59a65fb5ccabfeb;69;0;;;KET-BR-12;true;;;Tabela Anilha X — Bruta Kettlebell 12kg (absoluto)
6a7b99eb7af9b4f47c7af381;;6a7a4fcfa3e5992c5a5cc2cd;6a7b9947b59a65fb5ccabfea;57.5;0;;;KET-BR-10;true;;;Tabela Anilha X — Bruta Kettlebell 10kg (absoluto)
6a7b99eb7af9b4f47c7af382;;6a7a4fcfa3e5992c5a5cc2cd;6a7b9947b59a65fb5ccabfe9;46;0;;;KET-BR-8;true;;;Tabela Anilha X — Bruta Kettlebell 8kg (absoluto)
6a7b99eb7af9b4f47c7af383;;6a7a4fcfa3e5992c5a5cc2cd;6a7b9947b59a65fb5ccabfe8;34.5;0;;;KET-BR-6;true;;;Tabela Anilha X — Bruta Kettlebell 6kg (absoluto)
6a7b99eb7af9b4f47c7af384;;6a7a4fcfa3e5992c5a5cc2cd;6a7b9947b59a65fb5ccabfe7;23;0;;;KET-BR-4;true;;;Tabela Anilha X — Bruta Kettlebell 4kg (absoluto)
6a7b99eb7af9b4f47c7af385;;6a7a4fcfa3e5992c5a5cc2cd;6a3e9f1164a9e1e30880a2ae;51.5;0;;;HAL-BR-10;true;;;Tabela Anilha X — Bruta Halter Bola 10kg (absoluto)
6a7b99eb7af9b4f47c7af386;;6a7a4fcfa3e5992c5a5cc2cd;6a3e9f1164a9e1e30880a2ad;46.35;0;;;HAL-BR-9;true;;;Tabela Anilha X — Bruta Halter Bola 9kg (absoluto)
6a7b99eb7af9b4f47c7af387;;6a7a4fcfa3e5992c5a5cc2cd;6a3e9f1164a9e1e30880a2ac;41.2;0;;;HAL-BR-8;true;;;Tabela Anilha X — Bruta Halter Bola 8kg (absoluto)
6a7b99eb7af9b4f47c7af388;;6a7a4fcfa3e5992c5a5cc2cd;6a3e9f1164a9e1e30880a2ab;36.05;0;;;HAL-BR-7;true;;;Tabela Anilha X — Bruta Halter Bola 7kg (absoluto)
6a7b99eb7af9b4f47c7af389;;6a7a4fcfa3e5992c5a5cc2cd;6a3e9f1164a9e1e30880a2aa;30.9;0;;;HAL-BR-6;true;;;Tabela Anilha X — Bruta Halter Bola 6kg (absoluto)
6a7b99eb7af9b4f47c7af38a;;6a7a4fcfa3e5992c5a5cc2cd;6a3e9f1164a9e1e30880a2a9;25.75;0;;;HAL-BR-5;true;;;Tabela Anilha X — Bruta Halter Bola 5kg (absoluto)
6a7b99eb7af9b4f47c7af38b;;6a7a4fcfa3e5992c5a5cc2cd;6a3e9f1164a9e1e30880a2a8;20.6;0;;;HAL-BR-4;true;;;Tabela Anilha X — Bruta Halter Bola 4kg (absoluto)
6a7b99eb7af9b4f47c7af38c;;6a7a4fcfa3e5992c5a5cc2cd;6a3e9f1164a9e1e30880a2a7;15.45;0;;;HAL-BR-3;true;;;Tabela Anilha X — Bruta Halter Bola 3kg (absoluto)
6a7b99eb7af9b4f47c7af38d;;6a7a4fcfa3e5992c5a5cc2cd;6a3e9f1164a9e1e30880a2a6;10.3;0;;;HAL-BR-2;true;;;Tabela Anilha X — Bruta Halter Bola 2kg (absoluto)
6a7b99eb7af9b4f47c7af38e;;6a7a4fcfa3e5992c5a5cc2cd;6a3e9f1164a9e1e30880a2a5;5.15;0;;;HAL-BR-1;true;;;Tabela Anilha X — Bruta Halter Bola 1kg (absoluto)
6a7b99eb7af9b4f47c7af38f;;6a7a4fcfa3e5992c5a5cc2cd;6a3de23bc03bf79c138cbc4e;143.75;0;;;ANS-BR-25;true;;;Tabela Anilha X — Bruta Anilha Sport 25kg (absoluto)
6a7b99eb7af9b4f47c7af390;;6a7a4fcfa3e5992c5a5cc2cd;6a3de23bc03bf79c138cbc4d;115;0;;;ANS-BR-20;true;;;Tabela Anilha X — Bruta Anilha Sport 20kg (absoluto)
6a7b99eb7af9b4f47c7af391;;6a7a4fcfa3e5992c5a5cc2cd;6a3de23bc03bf79c138cbc4c;86.25;0;;;ANS-BR-15;true;;;Tabela Anilha X — Bruta Anilha Sport 15kg (absoluto)
6a7b99eb7af9b4f47c7af392;;6a7a4fcfa3e5992c5a5cc2cd;6a3de23bc03bf79c138cbc4b;57.5;0;;;ANS-BR-10;true;;;Tabela Anilha X — Bruta Anilha Sport 10kg (absoluto)
6a7b99eb7af9b4f47c7af393;;6a7a4fcfa3e5992c5a5cc2cd;6a3de23bc03bf79c138cbc4a;28.75;0;;;ANS-BR-5;true;;;Tabela Anilha X — Bruta Anilha Sport 5kg (absoluto)
6a7b99eb7af9b4f47c7af394;;6a7a4fcfa3e5992c5a5cc2cd;6a3de23bc03bf79c138cbc49;23;0;;;ANS-BR-4;true;;;Tabela Anilha X — Bruta Anilha Sport 4kg (absoluto)
6a7b99eb7af9b4f47c7af395;;6a7a4fcfa3e5992c5a5cc2cd;6a3de23bc03bf79c138cbc48;17.25;0;;;ANS-BR-3;true;;;Tabela Anilha X — Bruta Anilha Sport 3kg (absoluto)
6a7b99eb7af9b4f47c7af396;;6a7a4fcfa3e5992c5a5cc2cd;6a3de23bc03bf79c138cbc47;11.5;0;;;ANS-BR-2;true;;;Tabela Anilha X — Bruta Anilha Sport 2kg (absoluto)
6a7b99eb7af9b4f47c7af397;;6a7a4fcfa3e5992c5a5cc2cd;6a3de23bc03bf79c138cbc46;5.75;0;;;ANS-BR-1;true;;;Tabela Anilha X — Bruta Anilha Sport 1kg (absoluto)
6a7b99eb7af9b4f47c7af398;;6a7a4fcfa3e5992c5a5cc2cd;6a3de23bc03bf79c138cbbf4;121.25;0;;;ANV-BR-25;true;;;Tabela Anilha X — Bruta Anilha Vazada 25kg (absoluto)
6a7b99eb7af9b4f47c7af399;;6a7a4fcfa3e5992c5a5cc2cd;6a3de23bc03bf79c138cbbf3;97;0;;;ANV-BR-20;true;;;Tabela Anilha X — Bruta Anilha Vazada 20kg (absoluto)
6a7b99eb7af9b4f47c7af39a;;6a7a4fcfa3e5992c5a5cc2cd;6a3de23bc03bf79c138cbbf2;72.75;0;;;ANV-BR-15;true;;;Tabela Anilha X — Bruta Anilha Vazada 15kg (absoluto)
6a7b99eb7af9b4f47c7af39b;;6a7a4fcfa3e5992c5a5cc2cd;6a3de23bc03bf79c138cbbf1;48.5;0;;;ANV-BR-10;true;;;Tabela Anilha X — Bruta Anilha Vazada 10kg (absoluto)
6a7b99eb7af9b4f47c7af39c;;6a7a4fcfa3e5992c5a5cc2cd;6a3de23bc03bf79c138cbbf0;24.25;0;;;ANV-BR-5;true;;;Tabela Anilha X — Bruta Anilha Vazada 5kg (absoluto)
6a7b99eb7af9b4f47c7af39d;;6a7a4fcfa3e5992c5a5cc2cd;6a3de23bc03bf79c138cbbef;20.6;0;;;ANV-BR-4;true;;;Tabela Anilha X — Bruta Anilha Vazada 4kg (absoluto)
6a7b99eb7af9b4f47c7af39e;;6a7a4fcfa3e5992c5a5cc2cd;6a3de23bc03bf79c138cbbee;15.45;0;;;ANV-BR-3;true;;;Tabela Anilha X — Bruta Anilha Vazada 3kg (absoluto)
6a7b99eb7af9b4f47c7af39f;;6a7a4fcfa3e5992c5a5cc2cd;6a3de23bc03bf79c138cbbed;10.3;0;;;ANV-BR-2;true;;;Tabela Anilha X — Bruta Anilha Vazada 2kg (absoluto)
6a7b99eb7af9b4f47c7af3a0;;6a7a4fcfa3e5992c5a5cc2cd;6a3de23bc03bf79c138cbbec;5.15;0;;;ANV-BR-1;true;;;Tabela Anilha X — Bruta Anilha Vazada 1kg (absoluto)
6a7b99eb7af9b4f47c7af3a1;;6a7a4fcfa3e5992c5a5cc2cd;6a3fd72af902fe48947f793b;214.5;0;;;KET-EMB-26;true;;;Tabela Anilha X — Emborrachada Kettlebell 26kg (absoluto)
6a7b99eb7af9b4f47c7af3a2;;6a7a4fcfa3e5992c5a5cc2cd;6a3fd72af902fe48947f793a;198;0;;;KET-EMB-24;true;;;Tabela Anilha X — Emborrachada Kettlebell 24kg (absoluto)
6a7b99eb7af9b4f47c7af3a3;;6a7a4fcfa3e5992c5a5cc2cd;6a3fd72af902fe48947f7939;181.5;0;;;KET-EMB-22;true;;;Tabela Anilha X — Emborrachada Kettlebell 22kg (absoluto)
6a7b99eb7af9b4f47c7af3a4;;6a7a4fcfa3e5992c5a5cc2cd;6a3fd72af902fe48947f7938;165;0;;;KET-EMB-20;true;;;Tabela Anilha X — Emborrachada Kettlebell 20kg (absoluto)
6a7b99eb7af9b4f47c7af3a5;;6a7a4fcfa3e5992c5a5cc2cd;6a3fd72af902fe48947f7937;148.5;0;;;KET-EMB-18;true;;;Tabela Anilha X — Emborrachada Kettlebell 18kg (absoluto)
6a7b99eb7af9b4f47c7af3a6;;6a7a4fcfa3e5992c5a5cc2cd;6a3fd72af902fe48947f7936;132;0;;;KET-EMB-16;true;;;Tabela Anilha X — Emborrachada Kettlebell 16kg (absoluto)
6a7b99eb7af9b4f47c7af3a7;;6a7a4fcfa3e5992c5a5cc2cd;6a3fd72af902fe48947f7935;115.5;0;;;KET-EMB-14;true;;;Tabela Anilha X — Emborrachada Kettlebell 14kg (absoluto)
6a7b99eb7af9b4f47c7af3a8;;6a7a4fcfa3e5992c5a5cc2cd;6a3fd72af902fe48947f7934;99;0;;;KET-EMB-12;true;;;Tabela Anilha X — Emborrachada Kettlebell 12kg (absoluto)
6a7b99eb7af9b4f47c7af3a9;;6a7a4fcfa3e5992c5a5cc2cd;6a3fd72af902fe48947f7933;82.5;0;;;KET-EMB-10;true;;;Tabela Anilha X — Emborrachada Kettlebell 10kg (absoluto)
6a7b99eb7af9b4f47c7af3aa;;6a7a4fcfa3e5992c5a5cc2cd;6a3fd72af902fe48947f7932;66;0;;;KET-EMB-8;true;;;Tabela Anilha X — Emborrachada Kettlebell 8kg (absoluto)
6a7b99eb7af9b4f47c7af3ab;;6a7a4fcfa3e5992c5a5cc2cd;6a3fd72af902fe48947f7931;49.5;0;;;KET-EMB-6;true;;;Tabela Anilha X — Emborrachada Kettlebell 6kg (absoluto)
6a7b99eb7af9b4f47c7af3ac;;6a7a4fcfa3e5992c5a5cc2cd;6a3fd72af902fe48947f7930;33;0;;;KET-EMB-4;true;;;Tabela Anilha X — Emborrachada Kettlebell 4kg (absoluto)
6a7b99eb7af9b4f47c7af3ad;;6a7a4fcfa3e5992c5a5cc2cd;6a3fd72af902fe48947f7974;162.5;0;;;KET-PT-26;true;;;Tabela Anilha X — Pintada Kettlebell 26kg (absoluto)
6a7b99eb7af9b4f47c7af3ae;;6a7a4fcfa3e5992c5a5cc2cd;6a3fd72af902fe48947f7973;150;0;;;KET-PT-24;true;;;Tabela Anilha X — Pintada Kettlebell 24kg (absoluto)
6a7b99eb7af9b4f47c7af3af;;6a7a4fcfa3e5992c5a5cc2cd;6a3fd72af902fe48947f7972;137.5;0;;;KET-PT-22;true;;;Tabela Anilha X — Pintada Kettlebell 22kg (absoluto)
6a7b99eb7af9b4f47c7af3b0;;6a7a4fcfa3e5992c5a5cc2cd;6a3fd72af902fe48947f7971;125;0;;;KET-PT-20;true;;;Tabela Anilha X — Pintada Kettlebell 20kg (absoluto)
6a7b99eb7af9b4f47c7af3b1;;6a7a4fcfa3e5992c5a5cc2cd;6a3fd72af902fe48947f7970;112.5;0;;;KET-PT-18;true;;;Tabela Anilha X — Pintada Kettlebell 18kg (absoluto)
6a7b99eb7af9b4f47c7af3b2;;6a7a4fcfa3e5992c5a5cc2cd;6a3fd72af902fe48947f796f;100;0;;;KET-PT-16;true;;;Tabela Anilha X — Pintada Kettlebell 16kg (absoluto)
6a7b99eb7af9b4f47c7af3b3;;6a7a4fcfa3e5992c5a5cc2cd;6a3fd72af902fe48947f796e;87.5;0;;;KET-PT-14;true;;;Tabela Anilha X — Pintada Kettlebell 14kg (absoluto)
6a7b99eb7af9b4f47c7af3b4;;6a7a4fcfa3e5992c5a5cc2cd;6a3fd72af902fe48947f796d;75;0;;;KET-PT-12;true;;;Tabela Anilha X — Pintada Kettlebell 12kg (absoluto)
6a7b99eb7af9b4f47c7af3b5;;6a7a4fcfa3e5992c5a5cc2cd;6a3fd72af902fe48947f796c;62.5;0;;;KET-PT-10;true;;;Tabela Anilha X — Pintada Kettlebell 10kg (absoluto)
6a7b99eb7af9b4f47c7af3b6;;6a7a4fcfa3e5992c5a5cc2cd;6a3fd72af902fe48947f796b;50;0;;;KET-PT-8;true;;;Tabela Anilha X — Pintada Kettlebell 8kg (absoluto)
6a7b99eb7af9b4f47c7af3b7;;6a7a4fcfa3e5992c5a5cc2cd;6a3fd72af902fe48947f796a;37.5;0;;;KET-PT-6;true;;;Tabela Anilha X — Pintada Kettlebell 6kg (absoluto)
6a7b99eb7af9b4f47c7af3b8;;6a7a4fcfa3e5992c5a5cc2cd;6a3fd72af902fe48947f7969;25;0;;;KET-PT-4;true;;;Tabela Anilha X — Pintada Kettlebell 4kg (absoluto)
6a7b99eb7af9b4f47c7af3b9;;6a7a4fcfa3e5992c5a5cc2cd;6a3e9f1164a9e1e30880a290;76.5;0;;;HAL-EMB-10;true;;;Tabela Anilha X — Emborrachada Halter Bola 10kg (absoluto)
6a7b99eb7af9b4f47c7af3ba;;6a7a4fcfa3e5992c5a5cc2cd;6a3e9f1164a9e1e30880a28f;68.85;0;;;HAL-EMB-9;true;;;Tabela Anilha X — Emborrachada Halter Bola 9kg (absoluto)
6a7b99eb7af9b4f47c7af3bb;;6a7a4fcfa3e5992c5a5cc2cd;6a3e9f1164a9e1e30880a28e;61.2;0;;;HAL-EMB-8;true;;;Tabela Anilha X — Emborrachada Halter Bola 8kg (absoluto)
6a7b99eb7af9b4f47c7af3bc;;6a7a4fcfa3e5992c5a5cc2cd;6a3e9f1164a9e1e30880a28d;53.55;0;;;HAL-EMB-7;true;;;Tabela Anilha X — Emborrachada Halter Bola 7kg (absoluto)
6a7b99eb7af9b4f47c7af3bd;;6a7a4fcfa3e5992c5a5cc2cd;6a3e9f1164a9e1e30880a28c;45.9;0;;;HAL-EMB-6;true;;;Tabela Anilha X — Emborrachada Halter Bola 6kg (absoluto)
6a7b99eb7af9b4f47c7af3be;;6a7a4fcfa3e5992c5a5cc2cd;6a3e9f1164a9e1e30880a28b;38.25;0;;;HAL-EMB-5;true;;;Tabela Anilha X — Emborrachada Halter Bola 5kg (absoluto)
6a7b99eb7af9b4f47c7af3bf;;6a7a4fcfa3e5992c5a5cc2cd;6a3e9f1164a9e1e30880a28a;30.6;0;;;HAL-EMB-4;true;;;Tabela Anilha X — Emborrachada Halter Bola 4kg (absoluto)
6a7b99eb7af9b4f47c7af3c0;;6a7a4fcfa3e5992c5a5cc2cd;6a3e9f1164a9e1e30880a289;22.95;0;;;HAL-EMB-3;true;;;Tabela Anilha X — Emborrachada Halter Bola 3kg (absoluto)
6a7b99eb7af9b4f47c7af3c1;;6a7a4fcfa3e5992c5a5cc2cd;6a3e9f1164a9e1e30880a288;15.3;0;;;HAL-EMB-2;true;;;Tabela Anilha X — Emborrachada Halter Bola 2kg (absoluto)
6a7b99eb7af9b4f47c7af3c2;;6a7a4fcfa3e5992c5a5cc2cd;6a3e9f1164a9e1e30880a287;7.65;0;;;HAL-EMB-1;true;;;Tabela Anilha X — Emborrachada Halter Bola 1kg (absoluto)
6a7b99eb7af9b4f47c7af3c3;;6a7a4fcfa3e5992c5a5cc2cd;6a3e9f1164a9e1e30880a286;56.5;0;;;HAL-PT-10;true;;;Tabela Anilha X — Pintada Halter Bola 10kg (absoluto)
6a7b99eb7af9b4f47c7af3c4;;6a7a4fcfa3e5992c5a5cc2cd;6a3e9f1164a9e1e30880a285;50.85;0;;;HAL-PT-9;true;;;Tabela Anilha X — Pintada Halter Bola 9kg (absoluto)
6a7b99eb7af9b4f47c7af3c5;;6a7a4fcfa3e5992c5a5cc2cd;6a3e9f1164a9e1e30880a284;45.2;0;;;HAL-PT-8;true;;;Tabela Anilha X — Pintada Halter Bola 8kg (absoluto)
6a7b99eb7af9b4f47c7af3c6;;6a7a4fcfa3e5992c5a5cc2cd;6a3e9f1164a9e1e30880a283;39.55;0;;;HAL-PT-7;true;;;Tabela Anilha X — Pintada Halter Bola 7kg (absoluto)
6a7b99eb7af9b4f47c7af3c7;;6a7a4fcfa3e5992c5a5cc2cd;6a3e9f1164a9e1e30880a282;33.9;0;;;HAL-PT-6;true;;;Tabela Anilha X — Pintada Halter Bola 6kg (absoluto)
6a7b99eb7af9b4f47c7af3c8;;6a7a4fcfa3e5992c5a5cc2cd;6a3e9f1164a9e1e30880a281;28.25;0;;;HAL-PT-5;true;;;Tabela Anilha X — Pintada Halter Bola 5kg (absoluto)
6a7b99eb7af9b4f47c7af3c9;;6a7a4fcfa3e5992c5a5cc2cd;6a3e9f1164a9e1e30880a280;22.6;0;;;HAL-PT-4;true;;;Tabela Anilha X — Pintada Halter Bola 4kg (absoluto)
6a7b99eb7af9b4f47c7af3ca;;6a7a4fcfa3e5992c5a5cc2cd;6a3e9f1164a9e1e30880a27f;16.95;0;;;HAL-PT-3;true;;;Tabela Anilha X — Pintada Halter Bola 3kg (absoluto)
6a7b99eb7af9b4f47c7af3cb;;6a7a4fcfa3e5992c5a5cc2cd;6a3e9f1164a9e1e30880a27e;11.3;0;;;HAL-PT-2;true;;;Tabela Anilha X — Pintada Halter Bola 2kg (absoluto)
6a7b99eb7af9b4f47c7af3cc;;6a7a4fcfa3e5992c5a5cc2cd;6a3e9f1164a9e1e30880a27d;5.65;0;;;HAL-PT-1;true;;;Tabela Anilha X — Pintada Halter Bola 1kg (absoluto)
6a7b99eb7af9b4f47c7af3cd;;6a7a4fcfa3e5992c5a5cc2cd;6a3de23bc03bf79c138cbc72;206.25;0;;;ANS-EMB-25;true;;;Tabela Anilha X — Emborrachada Anilha Sport 25kg (absoluto)
6a7b99eb7af9b4f47c7af3ce;;6a7a4fcfa3e5992c5a5cc2cd;6a3de23bc03bf79c138cbc71;165;0;;;ANS-EMB-20;true;;;Tabela Anilha X — Emborrachada Anilha Sport 20kg (absoluto)
6a7b99eb7af9b4f47c7af3cf;;6a7a4fcfa3e5992c5a5cc2cd;6a3de23bc03bf79c138cbc70;123.75;0;;;ANS-EMB-15;true;;;Tabela Anilha X — Emborrachada Anilha Sport 15kg (absoluto)
6a7b99eb7af9b4f47c7af3d0;;6a7a4fcfa3e5992c5a5cc2cd;6a3de23bc03bf79c138cbc6f;82.5;0;;;ANS-EMB-10;true;;;Tabela Anilha X — Emborrachada Anilha Sport 10kg (absoluto)
6a7b9a19f1951baf97c3e5e8;;6a7a4fcfa3e5992c5a5cc2cd;6a3de23bc03bf79c138cbc6e;41.25;0;;;ANS-EMB-5;true;;;Tabela Anilha X — Emborrachada Anilha Sport 5kg (absoluto)
6a7b9a19f1951baf97c3e5e9;;6a7a4fcfa3e5992c5a5cc2cd;6a3de23bc03bf79c138cbc6d;33;0;;;ANS-EMB-4;true;;;Tabela Anilha X — Emborrachada Anilha Sport 4kg (absoluto)
6a7b9a19f1951baf97c3e5ea;;6a7a4fcfa3e5992c5a5cc2cd;6a3de23bc03bf79c138cbc6c;24.75;0;;;ANS-EMB-3;true;;;Tabela Anilha X — Emborrachada Anilha Sport 3kg (absoluto)
6a7b9a19f1951baf97c3e5eb;;6a7a4fcfa3e5992c5a5cc2cd;6a3de23bc03bf79c138cbc6b;16.5;0;;;ANS-EMB-2;true;;;Tabela Anilha X — Emborrachada Anilha Sport 2kg (absoluto)
6a7b9a19f1951baf97c3e5ec;;6a7a4fcfa3e5992c5a5cc2cd;6a3de23bc03bf79c138cbc6a;8.25;0;;;ANS-EMB-1;true;;;Tabela Anilha X — Emborrachada Anilha Sport 1kg (absoluto)
6a7b9a19f1951baf97c3e5ed;;6a7a4fcfa3e5992c5a5cc2cd;6a3de23bc03bf79c138cbc60;156.25;0;;;ANS-PT-25;true;;;Tabela Anilha X — Pintada Anilha Sport 25kg (absoluto)
6a7b9a19f1951baf97c3e5ee;;6a7a4fcfa3e5992c5a5cc2cd;6a3de23bc03bf79c138cbc5f;125;0;;;ANS-PT-20;true;;;Tabela Anilha X — Pintada Anilha Sport 20kg (absoluto)
6a7b9a19f1951baf97c3e5ef;;6a7a4fcfa3e5992c5a5cc2cd;6a3de23bc03bf79c138cbc5e;93.75;0;;;ANS-PT-15;true;;;Tabela Anilha X — Pintada Anilha Sport 15kg (absoluto)
6a7b9a19f1951baf97c3e5f0;;6a7a4fcfa3e5992c5a5cc2cd;6a3de23bc03bf79c138cbc5d;62.5;0;;;ANS-PT-10;true;;;Tabela Anilha X — Pintada Anilha Sport 10kg (absoluto)
6a7b9a19f1951baf97c3e5f1;;6a7a4fcfa3e5992c5a5cc2cd;6a3de23bc03bf79c138cbc5c;31.25;0;;;ANS-PT-5;true;;;Tabela Anilha X — Pintada Anilha Sport 5kg (absoluto)
6a7b9a19f1951baf97c3e5f2;;6a7a4fcfa3e5992c5a5cc2cd;6a3de23bc03bf79c138cbc5b;25;0;;;ANS-PT-4;true;;;Tabela Anilha X — Pintada Anilha Sport 4kg (absoluto)
6a7b9a19f1951baf97c3e5f3;;6a7a4fcfa3e5992c5a5cc2cd;6a3de23bc03bf79c138cbc5a;18.75;0;;;ANS-PT-3;true;;;Tabela Anilha X — Pintada Anilha Sport 3kg (absoluto)
6a7b9a19f1951baf97c3e5f4;;6a7a4fcfa3e5992c5a5cc2cd;6a3de23bc03bf79c138cbc59;12.5;0;;;ANS-PT-2;true;;;Tabela Anilha X — Pintada Anilha Sport 2kg (absoluto)
6a7b9a19f1951baf97c3e5f5;;6a7a4fcfa3e5992c5a5cc2cd;6a3de23bc03bf79c138cbc58;6.25;0;;;ANS-PT-1;true;;;Tabela Anilha X — Pintada Anilha Sport 1kg (absoluto)
6a7b9a19f1951baf97c3e5f6;;6a7a4fcfa3e5992c5a5cc2cd;6a3de23bc03bf79c138cbc18;183.75;0;;;ANV-EMB-25;true;;;Tabela Anilha X — Emborrachada Anilha Vazada 25kg (absoluto)
6a7b9a19f1951baf97c3e5f7;;6a7a4fcfa3e5992c5a5cc2cd;6a3de23bc03bf79c138cbc17;147;0;;;ANV-EMB-20;true;;;Tabela Anilha X — Emborrachada Anilha Vazada 20kg (absoluto)
6a7b9a19f1951baf97c3e5f8;;6a7a4fcfa3e5992c5a5cc2cd;6a3de23bc03bf79c138cbc16;110.25;0;;;ANV-EMB-15;true;;;Tabela Anilha X — Emborrachada Anilha Vazada 15kg (absoluto)
6a7b9a19f1951baf97c3e5f9;;6a7a4fcfa3e5992c5a5cc2cd;6a3de23bc03bf79c138cbc15;73.5;0;;;ANV-EMB-10;true;;;Tabela Anilha X — Emborrachada Anilha Vazada 10kg (absoluto)
6a7b9a19f1951baf97c3e5fa;;6a7a4fcfa3e5992c5a5cc2cd;6a3de23bc03bf79c138cbc14;36.75;0;;;ANV-EMB-5;true;;;Tabela Anilha X — Emborrachada Anilha Vazada 5kg (absoluto)
6a7b9a19f1951baf97c3e5fb;;6a7a4fcfa3e5992c5a5cc2cd;6a3de23bc03bf79c138cbc13;30.6;0;;;ANV-EMB-4;true;;;Tabela Anilha X — Emborrachada Anilha Vazada 4kg (absoluto)
6a7b9a19f1951baf97c3e5fc;;6a7a4fcfa3e5992c5a5cc2cd;6a3de23bc03bf79c138cbc12;22.95;0;;;ANV-EMB-3;true;;;Tabela Anilha X — Emborrachada Anilha Vazada 3kg (absoluto)
6a7b9a19f1951baf97c3e5fd;;6a7a4fcfa3e5992c5a5cc2cd;6a3de23bc03bf79c138cbc11;15.3;0;;;ANV-EMB-2;true;;;Tabela Anilha X — Emborrachada Anilha Vazada 2kg (absoluto)
6a7b9a19f1951baf97c3e5fe;;6a7a4fcfa3e5992c5a5cc2cd;6a3de23bc03bf79c138cbc10;7.65;0;;;ANV-EMB-1;true;;;Tabela Anilha X — Emborrachada Anilha Vazada 1kg (absoluto)
6a7b9a19f1951baf97c3e5ff;;6a7a4fcfa3e5992c5a5cc2cd;6a3de23bc03bf79c138cbc06;133.75;0;;;ANV-PT-25;true;;;Tabela Anilha X — Pintada Anilha Vazada 25kg (absoluto)
6a7b9a19f1951baf97c3e600;;6a7a4fcfa3e5992c5a5cc2cd;6a3de23bc03bf79c138cbc05;107;0;;;ANV-PT-20;true;;;Tabela Anilha X — Pintada Anilha Vazada 20kg (absoluto)
6a7b9a19f1951baf97c3e601;;6a7a4fcfa3e5992c5a5cc2cd;6a3de23bc03bf79c138cbc04;80.25;0;;;ANV-PT-15;true;;;Tabela Anilha X — Pintada Anilha Vazada 15kg (absoluto)
6a7b9a19f1951baf97c3e602;;6a7a4fcfa3e5992c5a5cc2cd;6a3de23bc03bf79c138cbc03;53.5;0;;;ANV-PT-10;true;;;Tabela Anilha X — Pintada Anilha Vazada 10kg (absoluto)
6a7b9a19f1951baf97c3e603;;6a7a4fcfa3e5992c5a5cc2cd;6a3de23bc03bf79c138cbc02;26.75;0;;;ANV-PT-5;true;;;Tabela Anilha X — Pintada Anilha Vazada 5kg (absoluto)
6a7b9a19f1951baf97c3e604;;6a7a4fcfa3e5992c5a5cc2cd;6a3de23bc03bf79c138cbc01;22.6;0;;;ANV-PT-4;true;;;Tabela Anilha X — Pintada Anilha Vazada 4kg (absoluto)
6a7b9a19f1951baf97c3e605;;6a7a4fcfa3e5992c5a5cc2cd;6a3de23bc03bf79c138cbc00;16.95;0;;;ANV-PT-3;true;;;Tabela Anilha X — Pintada Anilha Vazada 3kg (absoluto)
6a7b9a19f1951baf97c3e606;;6a7a4fcfa3e5992c5a5cc2cd;6a3de23bc03bf79c138cbbff;11.3;0;;;ANV-PT-2;true;;;Tabela Anilha X — Pintada Anilha Vazada 2kg (absoluto)
6a7b9a19f1951baf97c3e607;;6a7a4fcfa3e5992c5a5cc2cd;6a3de23bc03bf79c138cbbfe;5.65;0;;;ANV-PT-1;true;;;Tabela Anilha X — Pintada Anilha Vazada 1kg (absoluto)
6a7b9cc7901262ab98d1b8a1;;6a7a4fcfa3e5992c5a5cc2d0;6a57bd657fa67faa93ade15e;700;0;;;;true;;;Tabela CrossRigs — Suporte Kettlebell (absoluto)
6a7b9cc7901262ab98d1b8a2;;6a7a4fcfa3e5992c5a5cc2d0;6a57bd657fa67faa93ade15f;850;0;;;;true;;;Tabela CrossRigs — Suporte para kettlebells e Bolas (absoluto)
6a7b9cc7901262ab98d1b8a3;;6a7a4fcfa3e5992c5a5cc2d0;6a57bd657fa67faa93ade160;500;0;;;;true;;;Tabela CrossRigs — Suporte Colchonete (absoluto)
6a7b9cc7901262ab98d1b8a4;;6a7a4fcfa3e5992c5a5cc2d0;6a57bd657fa67faa93ade168;450;0;;;;true;;;Tabela CrossRigs — Suporte Dumbbell para 5 pares (absoluto)
6a7b9cc7901262ab98d1b8a5;;6a7a4fcfa3e5992c5a5cc2d0;6a57bd657fa67faa93ade169;500;0;;;;true;;;Tabela CrossRigs — Suporte Dumbbell para 6 pares (absoluto)
6a7b9cc7901262ab98d1b8a6;;6a7a4fcfa3e5992c5a5cc2d0;6a57bd657fa67faa93ade16a;550;0;;;;true;;;Tabela CrossRigs — Suporte Dumbbell para 7 pares (absoluto)
6a7b9cc7901262ab98d1b8a7;;6a7a4fcfa3e5992c5a5cc2d0;6a57bd657fa67faa93ade16b;600;0;;;;true;;;Tabela CrossRigs — Suporte Dumbbell para 8 pares (absoluto)
6a7b9cc7901262ab98d1b8a8;;6a7a4fcfa3e5992c5a5cc2d0;6a57bd657fa67faa93ade16c;700;0;;;;true;;;Tabela CrossRigs — Suporte Dumbbell para 10 pares (absoluto)
6a7b9cc7901262ab98d1b8a9;;6a7a4fcfa3e5992c5a5cc2d0;6a57bd657fa67faa93ade16d;750;0;;;;true;;;Tabela CrossRigs — Suporte Dumbbell para 12 pares (absoluto)
6a7b9cc7901262ab98d1b8aa;;6a7a4fcfa3e5992c5a5cc2d0;6a57bd657fa67faa93ade16e;850;0;;;;true;;;Tabela CrossRigs — Suporte Dumbbell para 14 pares (absoluto)
6a7b9cc7901262ab98d1b8ab;;6a7a4fcfa3e5992c5a5cc2d0;6a57bd657fa67faa93ade16f;550;0;;;;true;;;Tabela CrossRigs — Suporte Dumbbell para 5 pares (c/ calço) (absoluto)
6a7b9cc7901262ab98d1b8ac;;6a7a4fcfa3e5992c5a5cc2d0;6a57bd657fa67faa93ade170;600;0;;;;true;;;Tabela CrossRigs — Suporte Dumbbell para 6 pares (c/ calço) (absoluto)
6a7b9cc7901262ab98d1b8ad;;6a7a4fcfa3e5992c5a5cc2d0;6a57bd657fa67faa93ade171;600;0;;;;true;;;Tabela CrossRigs — Suporte Dumbbell para 7 pares (c/ calço) (absoluto)
6a7b9cc7901262ab98d1b8ae;;6a7a4fcfa3e5992c5a5cc2d0;6a57bd657fa67faa93ade172;700;0;;;;true;;;Tabela CrossRigs — Suporte Dumbbell para 8 pares (c/ calço) (absoluto)
6a7b9cc7901262ab98d1b8af;;6a7a4fcfa3e5992c5a5cc2d0;6a57bd657fa67faa93ade173;850;0;;;;true;;;Tabela CrossRigs — Suporte Dumbbell para 10 pares (c/ calço) (absoluto)
6a7b9cc7901262ab98d1b8b0;;6a7a4fcfa3e5992c5a5cc2d0;6a57bd657fa67faa93ade174;950;0;;;;true;;;Tabela CrossRigs — Suporte Dumbbell para 12 pares (c/ calço) (absoluto)
6a7b9cc7901262ab98d1b8b1;;6a7a4fcfa3e5992c5a5cc2d0;6a57bd657fa67faa93ade175;1100;0;;;;true;;;Tabela CrossRigs — Suporte Dumbbell para 14 pares (c/ calço) (absoluto)
6a7b9cc7901262ab98d1b8b2;;6a7a4fcfa3e5992c5a5cc2d0;6a57bd657fa67faa93ade176;500;0;;;;true;;;Tabela CrossRigs — Suporte Dumbbell Sextavado para 5 pares (absoluto)
6a7b9cc7901262ab98d1b8b3;;6a7a4fcfa3e5992c5a5cc2d0;6a57bd657fa67faa93ade177;550;0;;;;true;;;Tabela CrossRigs — Suporte Dumbbell Sextavado para 6 pares (absoluto)
6a7b9cc7901262ab98d1b8b4;;6a7a4fcfa3e5992c5a5cc2d0;6a57bd657fa67faa93ade178;600;0;;;;true;;;Tabela CrossRigs — Suporte Dumbbell Sextavado para 7 pares (absoluto)
6a7b9cc7901262ab98d1b8b5;;6a7a4fcfa3e5992c5a5cc2d0;6a57bd657fa67faa93ade179;650;0;;;;true;;;Tabela CrossRigs — Suporte Dumbbell Sextavado para 8 pares (absoluto)
6a7b9cc7901262ab98d1b8b6;;6a7a4fcfa3e5992c5a5cc2d0;6a57bdb389f31864ba0fb459;850;0;;;;true;;;Tabela CrossRigs — Suporte Dumbbell Sextavado para 10 pares (absoluto)
6a7b9cc7901262ab98d1b8b7;;6a7a4fcfa3e5992c5a5cc2d0;6a57bdb389f31864ba0fb46c;850;0;;;;true;;;Tabela CrossRigs — Expositor Dumbbels sextavado 2 andar (12 ao 30) (absoluto)
6a7b9cc7901262ab98d1b8b8;;6a7a4fcfa3e5992c5a5cc2d0;6a57bd657fa67faa93ade162;600;0;;;;true;;;Tabela CrossRigs — Suporte para 15 Wallball (absoluto)
6a7b9cc7901262ab98d1b8b9;;6a7a4fcfa3e5992c5a5cc2d0;6a57bd657fa67faa93ade163;450;0;;;;true;;;Tabela CrossRigs — Suporte 3x1 (Anilha, Barra e Halter) (absoluto)
6a7b9cc7901262ab98d1b8ba;;6a7a4fcfa3e5992c5a5cc2d0;6a57bd657fa67faa93ade164;500;0;;;;true;;;Tabela CrossRigs — Suporte para Caneleira (absoluto)
6a7b9cc7901262ab98d1b8bb;;6a7a4fcfa3e5992c5a5cc2d0;6a57bd657fa67faa93ade166;90;0;;;;true;;;Tabela CrossRigs — Suporte para Corda Nautica (absoluto)
6a7b9cc7901262ab98d1b8bc;;6a7a4fcfa3e5992c5a5cc2d0;6a57bdb389f31864ba0fb45b;450;0;;;;true;;;Tabela CrossRigs — Suporte para barras montadas 5pcs (absoluto)
6a7b9cc7901262ab98d1b8bd;;6a7a4fcfa3e5992c5a5cc2d0;6a57bdb389f31864ba0fb45c;500;0;;;;true;;;Tabela CrossRigs — Suporte para barras montadas 6pcs (absoluto)
6a7b9cc7901262ab98d1b8be;;6a7a4fcfa3e5992c5a5cc2d0;6a57bdb389f31864ba0fb45d;550;0;;;;true;;;Tabela CrossRigs — Suporte para barras montadas 8pcs (absoluto)
6a7b9cc7901262ab98d1b8bf;;6a7a4fcfa3e5992c5a5cc2d0;6a57bdb389f31864ba0fb45e;750;0;;;;true;;;Tabela CrossRigs — Suporte para barras montadas 10pcs (absoluto)
6a7b9cc7901262ab98d1b8c0;;6a7a4fcfa3e5992c5a5cc2d0;6a57bdb389f31864ba0fb45f;150;0;;;;true;;;Tabela CrossRigs — Suporte para Barras 5pcs (absoluto)
6a7b9cc7901262ab98d1b8c1;;6a7a4fcfa3e5992c5a5cc2d0;6a57bdb389f31864ba0fb460;200;0;;;;true;;;Tabela CrossRigs — Suporte para Barras 6pcs (absoluto)
6a7b9cc7901262ab98d1b8c2;;6a7a4fcfa3e5992c5a5cc2d0;6a57bdb389f31864ba0fb461;250;0;;;;true;;;Tabela CrossRigs — Suporte para Barras 8pcs (absoluto)
6a7b9cc7901262ab98d1b8c3;;6a7a4fcfa3e5992c5a5cc2d0;6a57bdb389f31864ba0fb462;300;0;;;;true;;;Tabela CrossRigs — Suporte para Barras 10pcs (absoluto)
6a7b9cc7901262ab98d1b8c4;;6a7a4fcfa3e5992c5a5cc2d0;6a57bdb389f31864ba0fb463;350;0;;;;true;;;Tabela CrossRigs — Suporte para Barras 12pcs (absoluto)
6a7b9cc7901262ab98d1b8c5;;6a7a4fcfa3e5992c5a5cc2d0;6a57bdb389f31864ba0fb464;400;0;;;;true;;;Tabela CrossRigs — Suporte para Barras 15pcs (absoluto)
6a7b9cc7901262ab98d1b8c6;;6a7a4fcfa3e5992c5a5cc2d0;6a57bdb389f31864ba0fb465;150;0;;;;true;;;Tabela CrossRigs — Suporte para Barras Olimpicas 5pcs (absoluto)
6a7b9cc7901262ab98d1b8c7;;6a7a4fcfa3e5992c5a5cc2d0;6a57bdb389f31864ba0fb466;230;0;;;;true;;;Tabela CrossRigs — Suporte para Barras Olimpicas 6pcs (absoluto)
6a7b9cc7901262ab98d1b8c8;;6a7a4fcfa3e5992c5a5cc2d0;6a57bdb389f31864ba0fb467;250;0;;;;true;;;Tabela CrossRigs — Suporte para Barras Olimpicas 8pcs (absoluto)
6a7b9cc7901262ab98d1b8c9;;6a7a4fcfa3e5992c5a5cc2d0;6a57bdb389f31864ba0fb468;300;0;;;;true;;;Tabela CrossRigs — Suporte para Barras Olimpicas 10pcs (absoluto)
6a7b9cc7901262ab98d1b8ca;;6a7a4fcfa3e5992c5a5cc2d0;6a57bdb389f31864ba0fb469;350;0;;;;true;;;Tabela CrossRigs — Suporte para Barras Olimpicas 12pcs (absoluto)
6a7b9cc7901262ab98d1b8cb;;6a7a4fcfa3e5992c5a5cc2d0;6a57bdb389f31864ba0fb46a;400;0;;;;true;;;Tabela CrossRigs — Suporte para Barras Olimpicas 15pcs (absoluto)
6a7b9cc7901262ab98d1b8cc;;6a7a4fcfa3e5992c5a5cc2d0;6a57bd657fa67faa93ade167;100;0;;;;true;;;Tabela CrossRigs — Suporte para elástico e corda (absoluto)
6a7b9cc7901262ab98d1b8cd;;6a7a4fcfa3e5992c5a5cc2d0;6a57bd17f3c30862052b5967;209.9;0;;;;true;;;Tabela CrossRigs — Barra Maciça Cromada Recartilhada Reta 1,20m c/ presilha Espiral (absoluto) — formato do número/variante resolvido à mão
6a7b9cc7901262ab98d1b8ce;;6a7a4fcfa3e5992c5a5cc2d0;6a57bd17f3c30862052b5968;245.9;0;;;;true;;;Tabela CrossRigs — Barra Maciça Cromada Recartilhada Reta 1,50m c/ presilha Espiral (absoluto) — formato do número/variante resolvido à mão
6a7b9cc7901262ab98d1b8cf;;6a7a4fcfa3e5992c5a5cc2d0;6a57bd17f3c30862052b5969;294.9;0;;;;true;;;Tabela CrossRigs — Barra Maciça Cromada Recartilhada Reta 1,60m c/ presilha Espiral (absoluto) — formato do número/variante resolvido à mão
6a7b9cc7901262ab98d1b8d0;;6a7a4fcfa3e5992c5a5cc2d0;6a57bd17f3c30862052b596a;273.9;0;;;;true;;;Tabela CrossRigs — Barra Maciça Cromada Recartilhada Reta 1,80m c/ presilha Espiral (absoluto) — formato do número/variante resolvido à mão
6a7b9cc7901262ab98d1b8d1;;6a7a4fcfa3e5992c5a5cc2d0;6a57bd17f3c30862052b596b;295.9;0;;;;true;;;Tabela CrossRigs — Barra Maciça Cromada Recartilhada Reta 2,0m c/ presilha Espiral (absoluto) — formato do número/variante resolvido à mão
6a7b9cc7901262ab98d1b8d2;;6a7a4fcfa3e5992c5a5cc2d0;6a57bd17f3c30862052b596c;322.9;0;;;;true;;;Tabela CrossRigs — Barra Maciça Cromada Recartilhada Reta 2,20m c/ presilha Espiral (absoluto) — formato do número/variante resolvido à mão
6a7b9cc7901262ab98d1b8d3;;6a7a4fcfa3e5992c5a5cc2d0;6a57bd17f3c30862052b596d;219.9;0;;;;true;;;Tabela CrossRigs — Barra Maciça Cromada Recartilhada W com presilha Espiral (absoluto) — formato do número/variante resolvido à mão
6a7b9cc7901262ab98d1b8d4;;6a7a4fcfa3e5992c5a5cc2d0;6a57bd17f3c30862052b596e;300.9;0;;;;true;;;Tabela CrossRigs — Barra Maciça Cromada Recartilhada H com presilha Espiral (absoluto)
6a7b9cc7901262ab98d1b8d5;;6a7a4fcfa3e5992c5a5cc2d0;6a57bdb389f31864ba0fb46d;120;0;;;;true;;;Tabela CrossRigs — PullUp 1,10m (absoluto)
6a7b9cc7901262ab98d1b8d6;;6a7a4fcfa3e5992c5a5cc2d0;6a57bdb389f31864ba0fb46f;120;0;;;;true;;;Tabela CrossRigs — PullUp 1,50m (absoluto)
6a7b9cc7901262ab98d1b8d7;;6a7a4fcfa3e5992c5a5cc2d0;6a57bdb389f31864ba0fb46e;130;0;;;;true;;;Tabela CrossRigs — PullUp 1,80m (absoluto)
6a7b9cc7901262ab98d1b8d8;;6a7a4fcfa3e5992c5a5cc2d0;6a57bdb389f31864ba0fb470;300;0;;;;true;;;Tabela CrossRigs — Pilar com regulagem 50x50x3m (absoluto)
6a7b9cc7901262ab98d1b8d9;;6a7a4fcfa3e5992c5a5cc2d0;6a57bdb389f31864ba0fb471;400;0;;;;true;;;Tabela CrossRigs — Pilar com regulagem 80x80x3m (absoluto)
6a7b9cc7901262ab98d1b8da;;6a7a4fcfa3e5992c5a5cc2d0;6a7b13c0603b667969eea342;200;0;;;;true;;;Tabela CrossRigs — Pilar com regulagem 60x60x1,5m (absoluto)
6a7b9cc7901262ab98d1b8db;;6a7a4fcfa3e5992c5a5cc2d0;6a57bdb389f31864ba0fb472;150;0;;;;true;;;Tabela CrossRigs — Alvo para Gaiola (absoluto)
6a7b9cc7901262ab98d1b8dc;;6a7a4fcfa3e5992c5a5cc2d0;6a57bdb389f31864ba0fb473;100;0;;;;true;;;Tabela CrossRigs — Pezinho para gaiola (absoluto)
6a7b9cc7901262ab98d1b8dd;;6a7a4fcfa3e5992c5a5cc2d0;6a57bdb389f31864ba0fb474;170;0;;;;true;;;Tabela CrossRigs — Gancheira de Pilar com regulagem (absoluto)
6a7b9cc7901262ab98d1b8de;;6a7a4fcfa3e5992c5a5cc2d0;6a57bdb389f31864ba0fb475;550;0;;;;true;;;Tabela CrossRigs — Espaldar (absoluto)
6a7b9cc7901262ab98d1b8df;;6a7a4fcfa3e5992c5a5cc2d0;6a57bdb389f31864ba0fb476;700;0;;;;true;;;Tabela CrossRigs — Hack de Agachamento (absoluto)
6a7b9cc7901262ab98d1b8e0;;6a7a4fcfa3e5992c5a5cc2d0;6a57bdb389f31864ba0fb477;450;0;;;;true;;;Tabela CrossRigs — Treno (absoluto)
6a7b9cc7901262ab98d1b8e1;;6a7a4fcfa3e5992c5a5cc2d0;6a57bdb389f31864ba0fb478;300;0;;;;true;;;Tabela CrossRigs — Mina Terrestre (absoluto)
6a7b9cc7901262ab98d1b8e2;;6a7a4fcfa3e5992c5a5cc2d0;6a7b13c0603b667969eea343;300;0;;;;true;;;Tabela CrossRigs — Paraleto para calistenia 80x100x55cm (absoluto)
6a7b9cc7901262ab98d1b8e3;;6a7a4fcfa3e5992c5a5cc2d0;6a7b13c0603b667969eea344;200;0;;;;true;;;Tabela CrossRigs — Paraleto para calistenia (absoluto)
6a7bc658eb702f19a1c23bb5;;6a7a72ae9d7d60af7fcd1376;6a7b12dc0628997484b815f1;107.1;0;;;100013;true;;;Tabela Furious Equipment — CORDA SISAL COM ACABAMENTO NAS PONTAS 3MTS 38mm (absoluto) — template já existia no app com outro nome
6a7bc658eb702f19a1c23bb6;;6a7a72ae9d7d60af7fcd1376;6a7b12dc0628997484b815f2;214.2;0;;;100015;true;;;Tabela Furious Equipment — CORDA SISAL COM ACABAMENTO NAS PONTAS 6MTS 38mm (absoluto) — template já existia no app com outro nome
6a7bc658eb702f19a1c23bb7;;6a7a72ae9d7d60af7fcd1376;6a7b12dc0628997484b815f9;222.74;0;;;102361;true;;;Tabela Furious Equipment — COLETE DE PESO 5KG (absoluto) — template já existia no app com outro nome
6a7bc658eb702f19a1c23bb8;;6a7a72ae9d7d60af7fcd1376;6a7b12dc0628997484b815fa;222.74;0;;;102362;true;;;Tabela Furious Equipment — COLETE DE PESO 10KG (absoluto) — template já existia no app com outro nome
6a7bc658eb702f19a1c23bb9;;6a7a72ae9d7d60af7fcd1376;6a7b134f920160ed9c20e86b;1135.85;0;;;100167;true;;;Tabela Furious Equipment — Barra 40lbs, 2,2 Metros, Cromada com Rolamento NYLON (absoluto) — template já existia no app com outro nome
6a7bc658eb702f19a1c23bba;;6a7a72ae9d7d60af7fcd1376;6a7b134f920160ed9c20e86c;837.65;0;;;100169;true;;;Tabela Furious Equipment — Barra 20lbs, 1,62 Metros, Cromada com Rolamento NYLON (absoluto) — template já existia no app com outro nome
6a7bc658eb702f19a1c23bbb;;6a7a72ae9d7d60af7fcd1376;6a7b134f920160ed9c20e86d;1135.85;0;;;100179;true;;;Tabela Furious Equipment — Barra 40lbs, 2,2 Metros, KTL E-COAT Rolamento Nylon (absoluto) — template já existia no app com outro nome
6a7bc658eb702f19a1c23bbc;;6a7a72ae9d7d60af7fcd1376;6a7b134f920160ed9c20e86e;1000.28;0;;;100180;true;;;Tabela Furious Equipment — Barra 30lbs, 2,0 Metros, KTL E-COAT Rolamento Nylon (absoluto) — template já existia no app com outro nome
6a7bc658eb702f19a1c23bbd;;6a7a72ae9d7d60af7fcd1376;6a7b134f920160ed9c20e86f;837.65;0;;;100181;true;;;Tabela Furious Equipment — Barra 20lbs, 1,62 Metros, KTL E-COAT Rolamento Nylon (absoluto) — template já existia no app com outro nome
6a7bc658eb702f19a1c23bbe;;6a7a72ae9d7d60af7fcd1376;6a7b12dc0628997484b815fb;312.54;0;;;100310;true;;;Tabela Furious Equipment — Box Jump 75 X 50 X 60 (absoluto) — template já existia no app com outro nome
6a7bc658eb702f19a1c23bbf;;6a7a72ae9d7d60af7fcd1376;6a7b12dc0628997484b815fc;266.12;0;;;100311;true;;;Tabela Furious Equipment — Box Jump 60 X 35 X 25 (absoluto) — template já existia no app com outro nome
6a7bc658eb702f19a1c23bc0;;6a7a72ae9d7d60af7fcd1376;6a7b12dc0628997484b815fd;245.12;0;;;100312;true;;;Tabela Furious Equipment — Box Jump 45 X 40 X 35 (absoluto) — template já existia no app com outro nome
6a7bc658eb702f19a1c23bc1;;6a7a72ae9d7d60af7fcd1376;6a7b13c0603b667969eea322;76.36;0;;;100334;true;;;Tabela Furious Equipment — Colchonete Profissional Ag80 (absoluto) — template já existia no app com outro nome
6a7bc658eb702f19a1c23bc2;;6a7a72ae9d7d60af7fcd1376;6a57bd657fa67faa93ade143;693.99;0;;;100618;true;;;Tabela Furious Equipment — Expositor Anilha tipo gaiola p/ 500kg (absoluto) — template já existia no app com outro nome
6a7bc658eb702f19a1c23bc3;;6a7a72ae9d7d60af7fcd1376;6a57bd657fa67faa93ade146;398.22;0;;;100621;true;;;Tabela Furious Equipment — Expositor Anilha "T" p/ 200kg (absoluto) — template já existia no app com outro nome
6a7bc658eb702f19a1c23bc4;;6a7a72ae9d7d60af7fcd1376;6a57bd657fa67faa93ade148;584.62;0;;;100625;true;;;Tabela Furious Equipment — Expositor Anilha Olímpica Horizontal com 2 rodízios (absoluto) — template já existia no app com outro nome
6a7bc658eb702f19a1c23bc5;;6a7a72ae9d7d60af7fcd1376;6a7b141aa9c5d531620db95b;600;0;;;100628;true;;;Tabela Furious Equipment — Expositor Dumbbell Montado 4 pares (absoluto) — template já existia no app com outro nome
6a7bc658eb702f19a1c23bc6;;6a7a72ae9d7d60af7fcd1376;6a57bd657fa67faa93ade14f;1390.77;0;;;100643;true;;;Tabela Furious Equipment — Expositor Multiuso - 4 prateleiras 1m (absoluto) — template já existia no app com outro nome
6a7bc658eb702f19a1c23bc7;;6a7a72ae9d7d60af7fcd1376;6a7b141aa9c5d531620db95d;761.54;0;;;100665;true;;;Tabela Furious Equipment — Suporte caneleira 1,00 x 0,80 x 070 - 10 pares (1 a 10) (absoluto) — template já existia no app com outro nome
6a7bc658eb702f19a1c23bc8;;6a7a72ae9d7d60af7fcd1376;6a7b12dc0628997484b815fe;333.33;0;;;100705;true;;;Tabela Furious Equipment — Cama Elástica Mini Jump Profissional Aro (absoluto) — template já existia no app com outro nome
6a7bc658eb702f19a1c23bc9;;6a7a72ae9d7d60af7fcd1376;6a7b141aa9c5d531620db94c;94.14;0;;;100791;true;;;Tabela Furious Equipment — Piso Square Liso 1X1 15mm PRETO (absoluto) — template já existia no app com outro nome
6a7bc658eb702f19a1c23bca;;6a7a4fcfa3e5992c5a5cc2c5;6a7b13c0603b667969eea362;2120.4;0;;;;true;;;Tabela Salome e Prado (Anilhas de Ferro) — Kit Halteres Bola Injetados 1 A 10 kg + Suporte UNIVERSAL (absoluto) — template já existia no app com outro nome
6a7bc658eb702f19a1c23bcb;;6a7a4fcfa3e5992c5a5cc2c5;6a7b13c0603b667969eea363;1890.45;0;;;;true;;;Tabela Salome e Prado (Anilhas de Ferro) — Kit Halteres Bola Emborrachados 1 A 10 kg + Suporte UNIVERSAL (absoluto) — template já existia no app com outro nome
6a7bc658eb702f19a1c23bcc;;6a7a4fcfa3e5992c5a5cc2c5;6a7b13c0603b667969eea364;1695.69;0;;;;true;;;Tabela Salome e Prado (Anilhas de Ferro) — Kit Halteres Bola Pintados 1 A 10 kg + Suporte UNIVERSAL (absoluto) — template já existia no app com outro nome
6a7bc658eb702f19a1c23bcd;;6a7a4fcfa3e5992c5a5cc2c5;6a7b13c0603b667969eea365;1287;0;;;;true;;;Tabela Salome e Prado (Anilhas de Ferro) — Kit Halteres Bola Injetados 1 A 10 Kg (absoluto) — template já existia no app com outro nome
6a7bc658eb702f19a1c23bce;;6a7a4fcfa3e5992c5a5cc2c5;6a7b13c0603b667969eea366;1056.33;0;;;;true;;;Tabela Salome e Prado (Anilhas de Ferro) — Kit Halteres Bola Emborrachados 1 A 10 Kg (absoluto) — template já existia no app com outro nome
6a7bc658eb702f19a1c23bcf;;6a7a4fcfa3e5992c5a5cc2c5;6a7b13c0603b667969eea367;851.4;0;;;;true;;;Tabela Salome e Prado (Anilhas de Ferro) — Kit Halteres Bola Pintados 1 A 10 Kg (absoluto) — template já existia no app com outro nome
6a7bc658eb702f19a1c23bd0;;6a7a4fcfa3e5992c5a5cc2c5;6a7b141aa9c5d531620db92a;1940.13;0;;;;true;;;Tabela Salome e Prado (Anilhas de Ferro) — Kit Halteres SEXTAVADOS Emborrachados 1 A 10 Kg + Suporte UNIVERSAL (absoluto) — template já existia no app com outro nome
6a7bc658eb702f19a1c23bd1;;6a7a4fcfa3e5992c5a5cc2c5;6a7b141aa9c5d531620db92b;1758.06;0;;;;true;;;Tabela Salome e Prado (Anilhas de Ferro) — Kit Halteres SEXTAVADOS Pintados 1 A 10 Kg + Suporte UNIVERSAL (absoluto) — template já existia no app com outro nome
6a7bc658eb702f19a1c23bd2;;6a7a4fcfa3e5992c5a5cc2c5;6a7b141aa9c5d531620db92f;1106.82;0;;;;true;;;Tabela Salome e Prado (Anilhas de Ferro) — Kit Halteres SEXTAVADOS Emborrachados 1 A 10 Kg (absoluto) — template já existia no app com outro nome
6a7bc658eb702f19a1c23bd3;;6a7a4fcfa3e5992c5a5cc2c5;6a7b141aa9c5d531620db930;861.3;0;;;;true;;;Tabela Salome e Prado (Anilhas de Ferro) — Kit Halteres SEXTAVADOS Pintados 1 A 10 Kg (absoluto) — template já existia no app com outro nome
6a7bc658eb702f19a1c23bd4;;6a7a4fcfa3e5992c5a5cc2c5;6a7b141aa9c5d531620db931;8542.8;0;;;;true;;;Tabela Salome e Prado (Anilhas de Ferro) — KIT Dumbbells INJETADOS Pegada Alumínio - 12 A 30 Kg (absoluto) — template já existia no app com outro nome
6a7bc658eb702f19a1c23bd5;;6a7a4fcfa3e5992c5a5cc2c5;6a7b141aa9c5d531620db932;8542.8;0;;;;true;;;Tabela Salome e Prado (Anilhas de Ferro) — KIT Dumbbells INJETADOS Pegada Cromada - 12 A 30 Kg (absoluto) — template já existia no app com outro nome
6a7bc658eb702f19a1c23bd6;;6a7a4fcfa3e5992c5a5cc2c5;6a7b141aa9c5d531620db933;7371;0;;;;true;;;Tabela Salome e Prado (Anilhas de Ferro) — KIT Dumbbells INJETADOS Pegada Emborrachada - 12 A 30 Kg (absoluto) — template já existia no app com outro nome
6a7bc658eb702f19a1c23bd7;;6a7a4fcfa3e5992c5a5cc2c5;6a7b141aa9c5d531620db935;6312.6;0;;;;true;;;Tabela Salome e Prado (Anilhas de Ferro) — KIT Dumbbells EMBORRACHADOS Pegada Alumínio - 12 A 30 Kg (absoluto) — template já existia no app com outro nome
6a7bc658eb702f19a1c23bd8;;6a7a4fcfa3e5992c5a5cc2c5;6a7b141aa9c5d531620db936;6312.6;0;;;;true;;;Tabela Salome e Prado (Anilhas de Ferro) — KIT Dumbbells EMBORRACHADOS Pegada Cromada - 12 A 30 Kg (absoluto) — template já existia no app com outro nome
6a7bc658eb702f19a1c23bd9;;6a7a4fcfa3e5992c5a5cc2c5;6a7b141aa9c5d531620db937;5329.8;0;;;;true;;;Tabela Salome e Prado (Anilhas de Ferro) — KIT Dumbbells EMBORRACHADOS Pegada Emborrachada - 12 A 30 Kg (absoluto) — template já existia no app com outro nome
6a7bc658eb702f19a1c23bda;;6a7a4fcfa3e5992c5a5cc2c5;6a7b141aa9c5d531620db938;5556.6;0;;;;true;;;Tabela Salome e Prado (Anilhas de Ferro) — KIT Dumbbells PINTADOS Pegada Alumínio - 12 A 30 Kg (absoluto) — template já existia no app com outro nome
6a7bc658eb702f19a1c23bdb;;6a7a4fcfa3e5992c5a5cc2c5;6a7b141aa9c5d531620db939;5556.6;0;;;;true;;;Tabela Salome e Prado (Anilhas de Ferro) — KIT Dumbbells PINTADOS Pegada Cromada - 12 A 30 Kg (absoluto) — template já existia no app com outro nome
6a7bc658eb702f19a1c23bdc;;6a7a4fcfa3e5992c5a5cc2c5;6a7b141aa9c5d531620db93a;4649.4;0;;;;true;;;Tabela Salome e Prado (Anilhas de Ferro) — KIT Dumbbells PINTADOS Pegada Emborrachada - 12 A 30 Kg (absoluto) — template já existia no app com outro nome
6a7bc658eb702f19a1c23bdd;;6a7a4fcfa3e5992c5a5cc2c5;6a7b141aa9c5d531620db93e;5254.2;0;;;;true;;;Tabela Salome e Prado (Anilhas de Ferro) — KIT Dumbbells SEXTAVADOS Emborrachados - 12 A 30 Kg (absoluto) — template já existia no app com outro nome
6a7bc658eb702f19a1c23bde;;6a7a4fcfa3e5992c5a5cc2c5;6a7b141aa9c5d531620db93f;4573.8;0;;;;true;;;Tabela Salome e Prado (Anilhas de Ferro) — KIT Dumbbells SEXTAVADOS Pintados - 12 A 30 Kg (absoluto) — template já existia no app com outro nome
6a7bc658eb702f19a1c23bdf;;6a7a4fcfa3e5992c5a5cc2c5;6a7b12dc0628997484b8162a;141.3;0;;;;true;;;Tabela Salome e Prado (Anilhas de Ferro) — Caneleira capota marítima - 5 kg (absoluto) — template já existia no app com outro nome
6a7bc658eb702f19a1c23be0;;6a7a4fcfa3e5992c5a5cc2c5;6a7b141aa9c5d531620db956;124.2;0;;;;true;;;Tabela Salome e Prado (Anilhas de Ferro) — Puxador tríceps "V" - Preto (absoluto) — template já existia no app com outro nome
6a7bc658eb702f19a1c23be1;;6a7a4fcfa3e5992c5a5cc2c5;6a7b141aa9c5d531620db957;142.2;0;;;;true;;;Tabela Salome e Prado (Anilhas de Ferro) — Puxador tríceps "V" - Cromado (absoluto) — template já existia no app com outro nome
6a7bc658eb702f19a1c23be2;;6a7a4fcfa3e5992c5a5cc2ce;6a7b13c0603b667969eea323;455.04;0;;;UNI-DUMO-DUVAIN-320;true;;;Tabela Fundicao Unibras — DUMBELL VAZADO INJETADO PEGADA KTL PRETO 32.0KG (absoluto) — template já existia no app com outro nome
6a7bc658eb702f19a1c23be3;;6a7a4fcfa3e5992c5a5cc2ce;6a3feaaa0cc7ebc213990a77;112.32;0;;;UNI-DUMO-DUVATO-12;true;;;Tabela Fundicao Unibras — DUMBELL VAZADO TODO PINTADO 12kg (absoluto). 25/08/2026: vinculo remanejado de DUM-N003/N008 (DUM-N008) para DMOAVPPT12 — mesmo produto, nomenclatura da onda U ('Vazado Todo Pintado' = 'Montado Anilha Vazada Pintado Pegada Pintada').
6a7bc658eb702f19a1c23be4;;6a7a4fcfa3e5992c5a5cc2ce;6a3feaaa0cc7ebc213990b73;112.32;0;;;UNI-DUMO-DUSPTO-12;true;;;Tabela Fundicao Unibras — DUMBELL SPORT TODO PINTADO 12kg (absoluto). 25/08/2026: vinculo remanejado de DUM-N010 para DMOASPPT12 — mesmo produto, nomenclatura da onda U ('Sport Todo Pintado' = 'Montado Anilha Sport Pintado Pegada Pintada').
6a7bc658eb702f19a1c23be5;;6a7a4fcfa3e5992c5a5cc2cc;6a57bd657fa67faa93ade143;591.67;0;;;;true;;;Tabela Metal Forma — Expositor Anilha Tipo Gaiola p/ 500kg (absoluto) — template já existia no app com outro nome
6a7bc658eb702f19a1c23be6;;6a7a4fcfa3e5992c5a5cc2cc;6a57bd657fa67faa93ade144;789.65;0;;;;true;;;Tabela Metal Forma — Expositor Anilha Tipo Gaiola p/ 700kg (absoluto) — template já existia no app com outro nome
6a7bc658eb702f19a1c23be7;;6a7a4fcfa3e5992c5a5cc2cc;6a57bd657fa67faa93ade146;253.23;0;;;;true;;;Tabela Metal Forma — Expositor Anilha "T" p/ 200kg (absoluto) — template já existia no app com outro nome
6a7bc658eb702f19a1c23be8;;6a7a4fcfa3e5992c5a5cc2cc;6a57bd657fa67faa93ade147;541.39;0;;;;true;;;Tabela Metal Forma — Expositor Anilha "T" + 8 Barras p/ 200kg (absoluto) — template já existia no app com outro nome
6a7bc658eb702f19a1c23be9;;6a7a4fcfa3e5992c5a5cc2cc;6a57bd657fa67faa93ade14f;863.22;0;;;;true;;;Tabela Metal Forma — Expositor Multiuso - 4 prateleiras 1m (absoluto) — template já existia no app com outro nome
6a7bc658eb702f19a1c23bea;;6a7a4fcfa3e5992c5a5cc2cc;6a57bd657fa67faa93ade156;530.87;0;;;;true;;;Tabela Metal Forma — Expositor 4 EM 1 Tubular 1".1/2" p/300kg (absoluto) — template já existia no app com outro nome
6a7bc658eb702f19a1c23beb;;6a7a4fcfa3e5992c5a5cc2cc;6a57bd657fa67faa93ade157;466.55;0;;;;true;;;Tabela Metal Forma — Expositor 3 EM 1 - 50x50 p/200kg (absoluto) — template já existia no app com outro nome
6a7bc658eb702f19a1c23bec;;6a7a4fcfa3e5992c5a5cc2cf;6a57bdd225180899c32f9cfd;35;0;;;ATC-PUXA-PUCROV-073;true;;;Tabela CPFit — Puxador Cross Over - Braço (Mão) (Unidade) (absoluto) — template já existia no app com outro nome
6a7bc658eb702f19a1c23bed;;6a7a4fcfa3e5992c5a5cc2cf;6a57bdd225180899c32f9cff;70;0;;;ATC-PUXA-PUCROV-075;true;;;Tabela CPFit — Puxador Cross Over - Tríceps (Unidade) (absoluto) — template já existia no app com outro nome
6a7bc658eb702f19a1c23bee;;6a7a4fcfa3e5992c5a5cc2cf;6a57bdd225180899c32f9d00;50;0;;;ATC-PUXA-PUCROV-076;true;;;Tabela CPFit — Puxador Cross Over - Perna (Unidade) (absoluto) — template já existia no app com outro nome
6a7bc658eb702f19a1c23bef;;6a7a4fcfa3e5992c5a5cc2cf;6a57bdd225180899c32f9d01;92;0;;;ATC-PUXA-PUPACR-077;true;;;Tabela CPFit — Puxador para Cross Over - Perna (Par) (absoluto) — template já existia no app com outro nome
6a7bc658eb702f19a1c23bf0;;6a7a4fcfa3e5992c5a5cc2d0;6a57bd657fa67faa93ade161;250;0;;;1.31;true;;;Tabela CrossRigs — Suporte T para Anilhas 250kg (absoluto) — template já existia no app com outro nome
6a7bc658eb702f19a1c23bf1;;6a7a4fcfa3e5992c5a5cc2d0;6a57bd657fa67faa93ade165;450;0;;;1.32;true;;;Tabela CrossRigs — Suporte para Anilhas 500kg (absoluto) — template já existia no app com outro nome
6a7bc658eb702f19a1c23bf2;;6a7a4fcfa3e5992c5a5cc2d0;6a7b13c0603b667969eea341;120;0;;;3.0;true;;;Tabela CrossRigs — PullUp 1,00m (absoluto) — template já existia no app com outro nome
6a7bc658eb702f19a1c23bf3;;6a7a4fcfa3e5992c5a5cc2d0;6a57bd657fa67faa93ade154;390;0;;;;true;;;Tabela CrossRigs — Suporte para halter torre 10 pares (absoluto) — cruzado com a Metal Forma, que chama o mesmo móvel de 'Expositor Halter torre 3" 10 pares'
6a809c7c18333d4c024dee81;68f1e4539a5bf3f514f25e13;;6a3f054e70d826031108ed66;82;0;;Anilhas e Halteres Brasil;;true;;;
6a809ca92a7e4a247ed7a436;68f1e4539a5bf3f514f25e13;;6a3f08db34609954cd1b140d;82;0;;Anilhas e Halteres Brasil;;true;;;
6a8c8efcb9d659ba5961f66a;697aeaf8e4420021ed5caeb1;;6a3de23bc03bf79c138cbc34;8.5;0;;Planeta Vendas;;true;;;
6a8c8efcb9d659ba5961f66b;697aeaf8e4420021ed5caeb1;;6a3de23bc03bf79c138cbc35;17;0;;Planeta Vendas;;true;;;
6a8c8efcb9d659ba5961f66c;697aeaf8e4420021ed5caeb1;;6a3de23bc03bf79c138cbc36;25.5;0;;Planeta Vendas;;true;;;
6a8c8efcb9d659ba5961f66d;697aeaf8e4420021ed5caeb1;;6a3de23bc03bf79c138cbc37;34;0;;Planeta Vendas;;true;;;
6a8c8efcb9d659ba5961f66e;697aeaf8e4420021ed5caeb1;;6a3de23bc03bf79c138cbc38;42.5;0;;Planeta Vendas;;true;;;
6a8c8efcb9d659ba5961f66f;697aeaf8e4420021ed5caeb1;;6a3de23bc03bf79c138cbc39;85;0;;Planeta Vendas;;true;;;
6a8c8efcb9d659ba5961f670;697aeaf8e4420021ed5caeb1;;6a3de23bc03bf79c138cbc3a;127.5;0;;Planeta Vendas;;true;;;
6a8c8efcb9d659ba5961f671;697aeaf8e4420021ed5caeb1;;6a3de23bc03bf79c138cbc3b;170;0;;Planeta Vendas;;true;;;
6a8c8efcb9d659ba5961f672;697aeaf8e4420021ed5caeb1;;6a3de23bc03bf79c138cbc3c;212.5;0;;Planeta Vendas;;true;;;
6a8c8efcb9d659ba5961f673;697aeaf8e4420021ed5caeb1;;6a3ecab39928a9b8529fbc0b;2994.91;0;;Planeta Vendas;;true;;;
6a8c8efcb9d659ba5961f674;697aeaf8e4420021ed5caeb1;;6a3f08db34609954cd1b140f;82;0;;Fabricante PlaceFit;;true;;;
6a8c8efcb9d659ba5961f675;697aeaf8e4420021ed5caeb1;;6a3f054e70d826031108ed66;82;0;;Anilhas e Halteres Brasil;;true;;;
6a8c8efcb9d659ba5961f676;697aeaf8e4420021ed5caeb1;;6a3f08db34609954cd1b140d;82;0;;Anilhas e Halteres Brasil;;true;;;
6a8cb65fae936eeb0bdb5ce6;697aeaf8e4420021ed5caeb1;;6a3fd72af902fe48947f7930;40.16;0;;Anilhas e Halteres Brasil;;true;;;
6a8cb65fae936eeb0bdb5ce7;697aeaf8e4420021ed5caeb1;;6a3fd72af902fe48947f7931;60.24;0;;Anilhas e Halteres Brasil;;true;;;
6a8cb65fae936eeb0bdb5ce8;697aeaf8e4420021ed5caeb1;;6a3fd72af902fe48947f7932;80.32;0;;Anilhas e Halteres Brasil;;true;;;
6a8cb65fae936eeb0bdb5ce9;697aeaf8e4420021ed5caeb1;;6a3fd72af902fe48947f7933;100.4;0;;Anilhas e Halteres Brasil;;true;;;
6a8cb65fae936eeb0bdb5cea;697aeaf8e4420021ed5caeb1;;6a3fd72af902fe48947f7934;120.48;0;;Anilhas e Halteres Brasil;;true;;;
6a8cb65fae936eeb0bdb5ceb;697aeaf8e4420021ed5caeb1;;6a3fd72af902fe48947f7935;140.56;0;;Anilhas e Halteres Brasil;;true;;;
6a8cb65fae936eeb0bdb5cec;697aeaf8e4420021ed5caeb1;;6a3fd72af902fe48947f7936;160.64;0;;Anilhas e Halteres Brasil;;true;;;
6a8cb65fae936eeb0bdb5ced;697aeaf8e4420021ed5caeb1;;6a3fd72af902fe48947f7937;180.72;0;;Anilhas e Halteres Brasil;;true;;;
6a8cb65fae936eeb0bdb5cee;697aeaf8e4420021ed5caeb1;;6a3fd72af902fe48947f7938;200.8;0;;Anilhas e Halteres Brasil;;true;;;
6a8cb65fae936eeb0bdb5cef;697aeaf8e4420021ed5caeb1;;6a3fd72af902fe48947f7939;220.88;0;;Anilhas e Halteres Brasil;;true;;;
6a8cb65fae936eeb0bdb5cf0;697aeaf8e4420021ed5caeb1;;6a3fd72af902fe48947f793a;240.96;0;;Anilhas e Halteres Brasil;;true;;;
6a8cb65fae936eeb0bdb5cf1;697aeaf8e4420021ed5caeb1;;6a3fd72af902fe48947f793b;261.04;0;;Anilhas e Halteres Brasil;;true;;;
6a8cb65fae936eeb0bdb5cf2;697aeaf8e4420021ed5caeb1;;6a3fd72af902fe48947f793c;281.12;0;;Anilhas e Halteres Brasil;;true;;;
6a8cb65fae936eeb0bdb5cf3;697aeaf8e4420021ed5caeb1;;6a3fd72af902fe48947f793d;301.2;0;;Anilhas e Halteres Brasil;;true;;;
6a8cb65fae936eeb0bdb5cf4;697aeaf8e4420021ed5caeb1;;6a3fd72af902fe48947f793e;321.28;0;;Anilhas e Halteres Brasil;;true;;;
6a8cb65fae936eeb0bdb5cf5;697aeaf8e4420021ed5caeb1;;6a3fd72af902fe48947f793f;341.36;0;;Anilhas e Halteres Brasil;;true;;;
6a8cb65fae936eeb0bdb5cf6;697aeaf8e4420021ed5caeb1;;6a3fd72af902fe48947f7940;361.44;0;;Anilhas e Halteres Brasil;;true;;;
6a8cb65fae936eeb0bdb5cf7;697aeaf8e4420021ed5caeb1;;6a3fd72af902fe48947f7941;381.52;0;;Anilhas e Halteres Brasil;;true;;;
6a8cb65fae936eeb0bdb5cf8;697aeaf8e4420021ed5caeb1;;6a3fd72af902fe48947f7942;401.6;0;;Anilhas e Halteres Brasil;;true;;;
6a8cb65fae936eeb0bdb5cf9;697aeaf8e4420021ed5caeb1;;6a3fd72af902fe48947f7943;40.16;0;;Anilhas e Halteres Brasil;;true;;;
6a8cb65fae936eeb0bdb5cfa;697aeaf8e4420021ed5caeb1;;6a3fd72af902fe48947f7944;60.24;0;;Anilhas e Halteres Brasil;;true;;;
6a8cb65fae936eeb0bdb5cfb;697aeaf8e4420021ed5caeb1;;6a3fd72af902fe48947f7945;80.32;0;;Anilhas e Halteres Brasil;;true;;;
6a8cb65fae936eeb0bdb5cfc;697aeaf8e4420021ed5caeb1;;6a3fd72af902fe48947f7946;100.4;0;;Anilhas e Halteres Brasil;;true;;;
6a8cb65fae936eeb0bdb5cfd;697aeaf8e4420021ed5caeb1;;6a3fd72af902fe48947f7947;120.48;0;;Anilhas e Halteres Brasil;;true;;;
6a8cb65fae936eeb0bdb5cfe;697aeaf8e4420021ed5caeb1;;6a3fd72af902fe48947f7948;140.56;0;;Anilhas e Halteres Brasil;;true;;;
6a8cb65fae936eeb0bdb5cff;697aeaf8e4420021ed5caeb1;;6a3fd72af902fe48947f7949;160.64;0;;Anilhas e Halteres Brasil;;true;;;
6a8cb65fae936eeb0bdb5d00;697aeaf8e4420021ed5caeb1;;6a3fd72af902fe48947f794a;180.72;0;;Anilhas e Halteres Brasil;;true;;;
6a8cb65fae936eeb0bdb5d01;697aeaf8e4420021ed5caeb1;;6a3fd72af902fe48947f794b;200.8;0;;Anilhas e Halteres Brasil;;true;;;
6a8cb65fae936eeb0bdb5d02;697aeaf8e4420021ed5caeb1;;6a3fd72af902fe48947f794c;220.88;0;;Anilhas e Halteres Brasil;;true;;;
6a8cb65fae936eeb0bdb5d03;697aeaf8e4420021ed5caeb1;;6a3fd72af902fe48947f794d;240.96;0;;Anilhas e Halteres Brasil;;true;;;
6a8cb65fae936eeb0bdb5d04;697aeaf8e4420021ed5caeb1;;6a3fd72af902fe48947f794e;261.04;0;;Anilhas e Halteres Brasil;;true;;;
6a8cb65fae936eeb0bdb5d05;697aeaf8e4420021ed5caeb1;;6a3fd72af902fe48947f794f;281.12;0;;Anilhas e Halteres Brasil;;true;;;
6a8cb65fae936eeb0bdb5d06;697aeaf8e4420021ed5caeb1;;6a3fd72af902fe48947f7950;301.2;0;;Anilhas e Halteres Brasil;;true;;;
6a8cb65fae936eeb0bdb5d07;697aeaf8e4420021ed5caeb1;;6a3fd72af902fe48947f7951;321.28;0;;Anilhas e Halteres Brasil;;true;;;
6a8cb65fae936eeb0bdb5d08;697aeaf8e4420021ed5caeb1;;6a3fd72af902fe48947f7952;341.36;0;;Anilhas e Halteres Brasil;;true;;;
6a8cb65fae936eeb0bdb5d09;697aeaf8e4420021ed5caeb1;;6a3fd72af902fe48947f7953;361.44;0;;Anilhas e Halteres Brasil;;true;;;
6a8cb65fae936eeb0bdb5d0a;697aeaf8e4420021ed5caeb1;;6a3fd72af902fe48947f7954;381.52;0;;Anilhas e Halteres Brasil;;true;;;
6a8cb65fae936eeb0bdb5d0b;697aeaf8e4420021ed5caeb1;;6a3fd72af902fe48947f7955;401.6;0;;Anilhas e Halteres Brasil;;true;;;
6a8cb65fae936eeb0bdb5d0c;697aeaf8e4420021ed5caeb1;;6a3fd72af902fe48947f7969;31.24;0;;Anilhas e Halteres Brasil;;true;;;
6a8cb65fae936eeb0bdb5d0d;697aeaf8e4420021ed5caeb1;;6a3fd72af902fe48947f796a;46.86;0;;Anilhas e Halteres Brasil;;true;;;
6a8cb65fae936eeb0bdb5d0e;697aeaf8e4420021ed5caeb1;;6a3fd72af902fe48947f796b;62.48;0;;Anilhas e Halteres Brasil;;true;;;
6a8cb65fae936eeb0bdb5d0f;697aeaf8e4420021ed5caeb1;;6a3fd72af902fe48947f796c;78.1;0;;Anilhas e Halteres Brasil;;true;;;
6a8cb65fae936eeb0bdb5d10;697aeaf8e4420021ed5caeb1;;6a3fd72af902fe48947f796d;93.72;0;;Anilhas e Halteres Brasil;;true;;;
6a8cb65fae936eeb0bdb5d11;697aeaf8e4420021ed5caeb1;;6a3fd72af902fe48947f796e;109.34;0;;Anilhas e Halteres Brasil;;true;;;
6a8cb65fae936eeb0bdb5d12;697aeaf8e4420021ed5caeb1;;6a3fd72af902fe48947f796f;124.96;0;;Anilhas e Halteres Brasil;;true;;;
6a8cb65fae936eeb0bdb5d13;697aeaf8e4420021ed5caeb1;;6a3fd72af902fe48947f7970;140.58;0;;Anilhas e Halteres Brasil;;true;;;
6a8cb65fae936eeb0bdb5d14;697aeaf8e4420021ed5caeb1;;6a3fd72af902fe48947f7971;156.2;0;;Anilhas e Halteres Brasil;;true;;;
6a8cb65fae936eeb0bdb5d15;697aeaf8e4420021ed5caeb1;;6a3fd72af902fe48947f7972;171.82;0;;Anilhas e Halteres Brasil;;true;;;
6a8cb65fae936eeb0bdb5d16;697aeaf8e4420021ed5caeb1;;6a3fd72af902fe48947f7973;187.44;0;;Anilhas e Halteres Brasil;;true;;;
6a8cb65fae936eeb0bdb5d17;697aeaf8e4420021ed5caeb1;;6a3fd72af902fe48947f7974;203.06;0;;Anilhas e Halteres Brasil;;true;;;
6a8cb65fae936eeb0bdb5d18;697aeaf8e4420021ed5caeb1;;6a3fd72af902fe48947f7975;218.68;0;;Anilhas e Halteres Brasil;;true;;;
6a8cb65fae936eeb0bdb5d19;697aeaf8e4420021ed5caeb1;;6a3fd72af902fe48947f7976;234.3;0;;Anilhas e Halteres Brasil;;true;;;
6a8cb65fae936eeb0bdb5d1a;697aeaf8e4420021ed5caeb1;;6a3fd72af902fe48947f7977;249.92;0;;Anilhas e Halteres Brasil;;true;;;
6a8cb65fae936eeb0bdb5d1b;697aeaf8e4420021ed5caeb1;;6a3fd72af902fe48947f7978;265.54;0;;Anilhas e Halteres Brasil;;true;;;
6a8cb65fae936eeb0bdb5d1c;697aeaf8e4420021ed5caeb1;;6a3fd72af902fe48947f7979;281.16;0;;Anilhas e Halteres Brasil;;true;;;
6a8cb65fae936eeb0bdb5d1d;697aeaf8e4420021ed5caeb1;;6a3fd72af902fe48947f797a;296.78;0;;Anilhas e Halteres Brasil;;true;;;
6a8cb65fae936eeb0bdb5d1e;697aeaf8e4420021ed5caeb1;;6a3fd72af902fe48947f797b;312.4;0;;Anilhas e Halteres Brasil;;true;;;
6a8cc86491a354f13a109b66;697aeaf8e4420021ed5caeb1;;6a3de23bc03bf79c138cbc58;8.82;0;;Anilhas e Halteres Brasil;;true;;;
6a8cc86491a354f13a109b67;697aeaf8e4420021ed5caeb1;;6a3de23bc03bf79c138cbc59;17.64;0;;Anilhas e Halteres Brasil;;true;;;
6a8cc86491a354f13a109b68;697aeaf8e4420021ed5caeb1;;6a3de23bc03bf79c138cbc5a;26.46;0;;Anilhas e Halteres Brasil;;true;;;
6a8cc86491a354f13a109b69;697aeaf8e4420021ed5caeb1;;6a3de23bc03bf79c138cbc5b;35.28;0;;Anilhas e Halteres Brasil;;true;;;
6a8cc86491a354f13a109b6a;697aeaf8e4420021ed5caeb1;;6a3de23bc03bf79c138cbc5c;44.1;0;;Anilhas e Halteres Brasil;;true;;;
6a8cc86491a354f13a109b6b;697aeaf8e4420021ed5caeb1;;6a3de23bc03bf79c138cbc5d;88.2;0;;Anilhas e Halteres Brasil;;true;;;
6a8cc86491a354f13a109b6c;697aeaf8e4420021ed5caeb1;;6a3de23bc03bf79c138cbc5e;132.3;0;;Anilhas e Halteres Brasil;;true;;;
6a8cc86491a354f13a109b6d;697aeaf8e4420021ed5caeb1;;6a3de23bc03bf79c138cbc5f;176.4;0;;Anilhas e Halteres Brasil;;true;;;
6a8cc86491a354f13a109b6e;697aeaf8e4420021ed5caeb1;;6a3de23bc03bf79c138cbc60;220.5;0;;Anilhas e Halteres Brasil;;true;;;
6a8cc86491a354f13a109b6f;697aeaf8e4420021ed5caeb1;;6a3de23bc03bf79c138cbc61;9.34;0;;Anilhas e Halteres Brasil;;true;;;
6a8cc86491a354f13a109b70;697aeaf8e4420021ed5caeb1;;6a3de23bc03bf79c138cbc62;18.68;0;;Anilhas e Halteres Brasil;;true;;;
6a8cc86491a354f13a109b71;697aeaf8e4420021ed5caeb1;;6a3de23bc03bf79c138cbc63;28.02;0;;Anilhas e Halteres Brasil;;true;;;
6a8cc86491a354f13a109b72;697aeaf8e4420021ed5caeb1;;6a3de23bc03bf79c138cbc64;37.36;0;;Anilhas e Halteres Brasil;;true;;;
6a8cc86491a354f13a109b73;697aeaf8e4420021ed5caeb1;;6a3de23bc03bf79c138cbc65;46.7;0;;Anilhas e Halteres Brasil;;true;;;
6a8cc86491a354f13a109b74;697aeaf8e4420021ed5caeb1;;6a3de23bc03bf79c138cbc66;93.4;0;;Anilhas e Halteres Brasil;;true;;;
6a8cc86491a354f13a109b75;697aeaf8e4420021ed5caeb1;;6a3de23bc03bf79c138cbc67;140.1;0;;Anilhas e Halteres Brasil;;true;;;
6a8cc86491a354f13a109b76;697aeaf8e4420021ed5caeb1;;6a3de23bc03bf79c138cbc68;186.8;0;;Anilhas e Halteres Brasil;;true;;;
6a8cc86491a354f13a109b77;697aeaf8e4420021ed5caeb1;;6a3de23bc03bf79c138cbc69;233.5;0;;Anilhas e Halteres Brasil;;true;;;
6a8cc86491a354f13a109b80;697aeaf8e4420021ed5caeb1;;6a3de23bc03bf79c138cbbfe;6.82;0;;Muscular Fitness Brasil Ltda;;true;;;
6a8cc86491a354f13a109b81;697aeaf8e4420021ed5caeb1;;6a3de23bc03bf79c138cbbff;13.64;0;;Muscular Fitness Brasil Ltda;;true;;;
6a8cc86491a354f13a109b82;697aeaf8e4420021ed5caeb1;;6a3de23bc03bf79c138cbc00;20.46;0;;Muscular Fitness Brasil Ltda;;true;;;
6a8cc86491a354f13a109b83;697aeaf8e4420021ed5caeb1;;6a3de23bc03bf79c138cbc01;27.28;0;;Muscular Fitness Brasil Ltda;;true;;;
6a8cc86491a354f13a109b84;697aeaf8e4420021ed5caeb1;;6a3de23bc03bf79c138cbc02;34.1;0;;Muscular Fitness Brasil Ltda;;true;;;
6a8cc86491a354f13a109b85;697aeaf8e4420021ed5caeb1;;6a3de23bc03bf79c138cbc03;68.2;0;;Muscular Fitness Brasil Ltda;;true;;;
6a8cc86491a354f13a109b86;697aeaf8e4420021ed5caeb1;;6a3de23bc03bf79c138cbc04;102.3;0;;Muscular Fitness Brasil Ltda;;true;;;
6a8cc86491a354f13a109b87;697aeaf8e4420021ed5caeb1;;6a3de23bc03bf79c138cbc05;136.4;0;;Muscular Fitness Brasil Ltda;;true;;;
6a8cc86491a354f13a109b88;697aeaf8e4420021ed5caeb1;;6a3de23bc03bf79c138cbc06;170.5;0;;Muscular Fitness Brasil Ltda;;true;;;
6a8cc86491a354f13a109b89;697aeaf8e4420021ed5caeb1;;6a3de23bc03bf79c138cbc10;9.42;0;;Anilhas e Halteres Brasil;;true;;;
6a8cc86491a354f13a109b8a;697aeaf8e4420021ed5caeb1;;6a3de23bc03bf79c138cbc11;18.84;0;;Anilhas e Halteres Brasil;;true;;;
6a8cc86491a354f13a109b8b;697aeaf8e4420021ed5caeb1;;6a3de23bc03bf79c138cbc12;28.26;0;;Anilhas e Halteres Brasil;;true;;;
6a8cc86491a354f13a109b8c;697aeaf8e4420021ed5caeb1;;6a3de23bc03bf79c138cbc13;37.68;0;;Anilhas e Halteres Brasil;;true;;;
6a8cc86491a354f13a109b8d;697aeaf8e4420021ed5caeb1;;6a3de23bc03bf79c138cbc14;47.1;0;;Anilhas e Halteres Brasil;;true;;;
6a8cc86491a354f13a109b8e;697aeaf8e4420021ed5caeb1;;6a3de23bc03bf79c138cbc15;94.2;0;;Anilhas e Halteres Brasil;;true;;;
6a8cc86491a354f13a109b8f;697aeaf8e4420021ed5caeb1;;6a3de23bc03bf79c138cbc16;141.3;0;;Anilhas e Halteres Brasil;;true;;;
6a8cc86491a354f13a109b90;697aeaf8e4420021ed5caeb1;;6a3de23bc03bf79c138cbc17;188.4;0;;Anilhas e Halteres Brasil;;true;;;
6a8cc86491a354f13a109b91;697aeaf8e4420021ed5caeb1;;6a3de23bc03bf79c138cbc18;235.5;0;;Anilhas e Halteres Brasil;;true;;;
6a8d7c65a005ad83a4838e2e;697aeaf8e4420021ed5caeb1;;6a3e9f1164a9e1e30880a287;9.42;0;;Anilhas e Halteres Brasil;;true;;;
6a8d7c65a005ad83a4838e2f;697aeaf8e4420021ed5caeb1;;6a3e9f1164a9e1e30880a288;18.84;0;;Anilhas e Halteres Brasil;;true;;;
6a8d7c65a005ad83a4838e30;697aeaf8e4420021ed5caeb1;;6a3e9f1164a9e1e30880a289;28.26;0;;Anilhas e Halteres Brasil;;true;;;
6a8d7c65a005ad83a4838e31;697aeaf8e4420021ed5caeb1;;6a3e9f1164a9e1e30880a28a;37.68;0;;Anilhas e Halteres Brasil;;true;;;
6a8d7c65a005ad83a4838e32;697aeaf8e4420021ed5caeb1;;6a3e9f1164a9e1e30880a28b;47.1;0;;Anilhas e Halteres Brasil;;true;;;
6a8d7c65a005ad83a4838e33;697aeaf8e4420021ed5caeb1;;6a3e9f1164a9e1e30880a28c;56.52;0;;Anilhas e Halteres Brasil;;true;;;
6a8d7c65a005ad83a4838e34;697aeaf8e4420021ed5caeb1;;6a3e9f1164a9e1e30880a28d;65.94;0;;Anilhas e Halteres Brasil;;true;;;
6a8d7c65a005ad83a4838e35;697aeaf8e4420021ed5caeb1;;6a3e9f1164a9e1e30880a28e;75.36;0;;Anilhas e Halteres Brasil;;true;;;
6a8d7c65a005ad83a4838e36;697aeaf8e4420021ed5caeb1;;6a3e9f1164a9e1e30880a28f;84.78;0;;Anilhas e Halteres Brasil;;true;;;
6a8d7c65a005ad83a4838e37;697aeaf8e4420021ed5caeb1;;6a3e9f1164a9e1e30880a290;94.2;0;;Anilhas e Halteres Brasil;;true;;;
6a8d7c65a005ad83a4838e38;697aeaf8e4420021ed5caeb1;;6a3e9f1164a9e1e30880a29b;12.06;0;;Anilhas de Ferro;;true;;;
6a8d7c65a005ad83a4838e39;697aeaf8e4420021ed5caeb1;;6a3e9f1164a9e1e30880a27d;7.19;0;;Anilhas e Halteres Brasil;;true;;;
6a8d7c65a005ad83a4838e3a;697aeaf8e4420021ed5caeb1;;6a3e9f1164a9e1e30880a27e;14.38;0;;Anilhas e Halteres Brasil;;true;;;
6a8d7c65a005ad83a4838e3b;697aeaf8e4420021ed5caeb1;;6a3e9f1164a9e1e30880a27f;21.57;0;;Anilhas e Halteres Brasil;;true;;;
6a8d7c65a005ad83a4838e3c;697aeaf8e4420021ed5caeb1;;6a3e9f1164a9e1e30880a280;28.76;0;;Anilhas e Halteres Brasil;;true;;;
6a8d7c65a005ad83a4838e3d;697aeaf8e4420021ed5caeb1;;6a3e9f1164a9e1e30880a281;35.95;0;;Anilhas e Halteres Brasil;;true;;;
6a8d7c65a005ad83a4838e3e;697aeaf8e4420021ed5caeb1;;6a3e9f1164a9e1e30880a282;43.14;0;;Anilhas e Halteres Brasil;;true;;;
6a8d7c65a005ad83a4838e3f;697aeaf8e4420021ed5caeb1;;6a3e9f1164a9e1e30880a283;50.33;0;;Anilhas e Halteres Brasil;;true;;;
6a8d7c65a005ad83a4838e40;697aeaf8e4420021ed5caeb1;;6a3e9f1164a9e1e30880a284;57.52;0;;Anilhas e Halteres Brasil;;true;;;
6a8d7c65a005ad83a4838e41;697aeaf8e4420021ed5caeb1;;6a3e9f1164a9e1e30880a285;64.71;0;;Anilhas e Halteres Brasil;;true;;;
6a8d7c65a005ad83a4838e42;697aeaf8e4420021ed5caeb1;;6a3e9f1164a9e1e30880a286;71.9;0;;Anilhas e Halteres Brasil;;true;;;
6a8d7c65a005ad83a4838e43;697aeaf8e4420021ed5caeb1;;6a3e9f1164a9e1e30880a2c3;17.36;0;;Anilhas e Halteres Brasil;;true;;;
6a8d7c65a005ad83a4838e44;697aeaf8e4420021ed5caeb1;;6a3e9f1164a9e1e30880a2c4;34.72;0;;Anilhas e Halteres Brasil;;true;;;
6a8d7c65a005ad83a4838e45;697aeaf8e4420021ed5caeb1;;6a3e9f1164a9e1e30880a2c5;52.08;0;;Anilhas e Halteres Brasil;;true;;;
6a8d7c65a005ad83a4838e46;697aeaf8e4420021ed5caeb1;;6a3e9f1164a9e1e30880a2c6;69.44;0;;Anilhas e Halteres Brasil;;true;;;
6a8d7c65a005ad83a4838e47;697aeaf8e4420021ed5caeb1;;6a3e9f1164a9e1e30880a2c7;86.8;0;;Anilhas e Halteres Brasil;;true;;;
6a8d7c65a005ad83a4838e48;697aeaf8e4420021ed5caeb1;;6a3e9f1164a9e1e30880a2c8;104.16;0;;Anilhas e Halteres Brasil;;true;;;
6a8d7c65a005ad83a4838e49;697aeaf8e4420021ed5caeb1;;6a3e9f1164a9e1e30880a2c9;121.52;0;;Anilhas e Halteres Brasil;;true;;;
6a8d7c65a005ad83a4838e4a;697aeaf8e4420021ed5caeb1;;6a3e9f1164a9e1e30880a2ca;138.88;0;;Anilhas e Halteres Brasil;;true;;;
6a8d7c65a005ad83a4838e4b;697aeaf8e4420021ed5caeb1;;6a3e9f1164a9e1e30880a2cb;156.24;0;;Anilhas e Halteres Brasil;;true;;;
6a8d7c65a005ad83a4838e4c;697aeaf8e4420021ed5caeb1;;6a3e9f1164a9e1e30880a2cc;173.6;0;;Anilhas e Halteres Brasil;;true;;;
6a8d7c65a005ad83a4838e4d;697aeaf8e4420021ed5caeb1;;6a3fc1585187527190c4c1da;9.55;0;;Anilhas e Halteres Brasil;;true;;;
6a8d7c65a005ad83a4838e4e;697aeaf8e4420021ed5caeb1;;6a3fc1585187527190c4c1db;19.1;0;;Anilhas e Halteres Brasil;;true;;;
6a8d7c65a005ad83a4838e4f;697aeaf8e4420021ed5caeb1;;6a3fc1585187527190c4c1dc;28.65;0;;Anilhas e Halteres Brasil;;true;;;
6a8d7c65a005ad83a4838e50;697aeaf8e4420021ed5caeb1;;6a3fc1585187527190c4c1dd;38.2;0;;Anilhas e Halteres Brasil;;true;;;
6a8d7c65a005ad83a4838e51;697aeaf8e4420021ed5caeb1;;6a3fc1585187527190c4c1de;47.75;0;;Anilhas e Halteres Brasil;;true;;;
6a8d7c65a005ad83a4838e52;697aeaf8e4420021ed5caeb1;;6a3fc1585187527190c4c1df;57.3;0;;Anilhas e Halteres Brasil;;true;;;
6a8d7c65a005ad83a4838e53;697aeaf8e4420021ed5caeb1;;6a3fc1585187527190c4c1e0;66.85;0;;Anilhas e Halteres Brasil;;true;;;
6a8d7c65a005ad83a4838e54;697aeaf8e4420021ed5caeb1;;6a3fc1585187527190c4c1e1;76.4;0;;Anilhas e Halteres Brasil;;true;;;
6a8d7c65a005ad83a4838e55;697aeaf8e4420021ed5caeb1;;6a3fc1585187527190c4c1e2;85.95;0;;Anilhas e Halteres Brasil;;true;;;
6a8d7c65a005ad83a4838e56;697aeaf8e4420021ed5caeb1;;6a3fc1585187527190c4c1e3;95.5;0;;Anilhas e Halteres Brasil;;true;;;
6a8d7c65a005ad83a4838e57;697aeaf8e4420021ed5caeb1;;6a3e9f1164a9e1e30880a2eb;53.32;0;;Anilhas e Halteres Brasil;;true;;;
6a8d7c65a005ad83a4838e58;697aeaf8e4420021ed5caeb1;;6a3e9f1164a9e1e30880a2ec;83.08;0;;Anilhas e Halteres Brasil;;true;;;
6a8d7c65a005ad83a4838e59;697aeaf8e4420021ed5caeb1;;6a3e9f1164a9e1e30880a2ed;110.36;0;;Anilhas e Halteres Brasil;;true;;;
6a8d7c65a005ad83a4838e5a;697aeaf8e4420021ed5caeb1;;6a3e9f1164a9e1e30880a2ee;116.56;0;;Anilhas e Halteres Brasil;;true;;;
6a8d7c65a005ad83a4838e5b;697aeaf8e4420021ed5caeb1;;6a3e9f1164a9e1e30880a2ef;137.64;0;;Anilhas e Halteres Brasil;;true;;;
6a8d7c65a005ad83a4838e5c;697aeaf8e4420021ed5caeb1;;6a3e9f1164a9e1e30880a2f0;162.44;0;;Anilhas e Halteres Brasil;;true;;;
6a8d7c65a005ad83a4838e5d;697aeaf8e4420021ed5caeb1;;6a3e9f1164a9e1e30880a2f1;190.96;0;;Anilhas e Halteres Brasil;;true;;;
6a8d7c65a005ad83a4838e5e;697aeaf8e4420021ed5caeb1;;6a3e9f1164a9e1e30880a2f2;217;0;;Anilhas e Halteres Brasil;;true;;;
6a8d7c65a005ad83a4838e5f;697aeaf8e4420021ed5caeb1;;6a3e9f1164a9e1e30880a2f3;245.52;0;;Anilhas e Halteres Brasil;;true;;;
6a8d7c65a005ad83a4838e60;697aeaf8e4420021ed5caeb1;;6a3e9f1164a9e1e30880a2f4;271.56;0;;Anilhas e Halteres Brasil;;true;;;
6a8d7c65a005ad83a4838e61;697aeaf8e4420021ed5caeb1;;6a3e9f1164a9e1e30880a2af;15.5;0;;Anilhas e Halteres Brasil;;true;;;
6a8d7c65a005ad83a4838e62;697aeaf8e4420021ed5caeb1;;6a3e9f1164a9e1e30880a2b0;31;0;;Anilhas e Halteres Brasil;;true;;;
6a8d7c65a005ad83a4838e63;697aeaf8e4420021ed5caeb1;;6a3e9f1164a9e1e30880a2b1;46.5;0;;Anilhas e Halteres Brasil;;true;;;
6a8d7c65a005ad83a4838e64;697aeaf8e4420021ed5caeb1;;6a3e9f1164a9e1e30880a2b2;62;0;;Anilhas e Halteres Brasil;;true;;;
6a8d7c65a005ad83a4838e65;697aeaf8e4420021ed5caeb1;;6a3e9f1164a9e1e30880a2b3;77.5;0;;Anilhas e Halteres Brasil;;true;;;
6a8d7c65a005ad83a4838e66;697aeaf8e4420021ed5caeb1;;6a3e9f1164a9e1e30880a2b4;93;0;;Anilhas e Halteres Brasil;;true;;;
6a8d7c65a005ad83a4838e67;697aeaf8e4420021ed5caeb1;;6a3e9f1164a9e1e30880a2b5;108.5;0;;Anilhas e Halteres Brasil;;true;;;
6a8d7c65a005ad83a4838e68;697aeaf8e4420021ed5caeb1;;6a3e9f1164a9e1e30880a2b6;124;0;;Anilhas e Halteres Brasil;;true;;;
6a8d7c65a005ad83a4838e69;697aeaf8e4420021ed5caeb1;;6a3e9f1164a9e1e30880a2b7;139.5;0;;Anilhas e Halteres Brasil;;true;;;
6a8d7c65a005ad83a4838e6a;697aeaf8e4420021ed5caeb1;;6a3e9f1164a9e1e30880a2b8;155;0;;Anilhas e Halteres Brasil;;true;;;
6a8d7c65a005ad83a4838e6b;697aeaf8e4420021ed5caeb1;;6a3fc1585187527190c4c1d0;7.32;0;;Anilhas e Halteres Brasil;;true;;;
6a8d7c65a005ad83a4838e6c;697aeaf8e4420021ed5caeb1;;6a3fc1585187527190c4c1d1;14.64;0;;Anilhas e Halteres Brasil;;true;;;
6a8d7c65a005ad83a4838e6d;697aeaf8e4420021ed5caeb1;;6a3fc1585187527190c4c1d2;21.96;0;;Anilhas e Halteres Brasil;;true;;;
6a8d7c65a005ad83a4838e6e;697aeaf8e4420021ed5caeb1;;6a3fc1585187527190c4c1d3;29.28;0;;Anilhas e Halteres Brasil;;true;;;
6a8d7c65a005ad83a4838e6f;697aeaf8e4420021ed5caeb1;;6a3fc1585187527190c4c1d4;36.6;0;;Anilhas e Halteres Brasil;;true;;;
6a8d7c65a005ad83a4838e70;697aeaf8e4420021ed5caeb1;;6a3fc1585187527190c4c1d5;43.92;0;;Anilhas e Halteres Brasil;;true;;;
6a8d7c65a005ad83a4838e71;697aeaf8e4420021ed5caeb1;;6a3fc1585187527190c4c1d6;51.24;0;;Anilhas e Halteres Brasil;;true;;;
6a8d7c65a005ad83a4838e72;697aeaf8e4420021ed5caeb1;;6a3fc1585187527190c4c1d7;58.56;0;;Anilhas e Halteres Brasil;;true;;;
6a8d7c65a005ad83a4838e73;697aeaf8e4420021ed5caeb1;;6a3fc1585187527190c4c1d8;65.88;0;;Anilhas e Halteres Brasil;;true;;;
6a8d7c65a005ad83a4838e74;697aeaf8e4420021ed5caeb1;;6a3fc1585187527190c4c1d9;73.2;0;;Anilhas e Halteres Brasil;;true;;;
6a8d7c65a005ad83a4838e75;697aeaf8e4420021ed5caeb1;;6a3e9f1164a9e1e30880a2d7;17.36;0;;Anilhas e Halteres Brasil;;true;;;
6a8d7c65a005ad83a4838e76;697aeaf8e4420021ed5caeb1;;6a3e9f1164a9e1e30880a2d8;34.72;0;;Anilhas e Halteres Brasil;;true;;;
6a8d7c65a005ad83a4838e77;697aeaf8e4420021ed5caeb1;;6a3e9f1164a9e1e30880a2d9;52.08;0;;Anilhas e Halteres Brasil;;true;;;
6a8d7c65a005ad83a4838e78;697aeaf8e4420021ed5caeb1;;6a3e9f1164a9e1e30880a2da;69.44;0;;Anilhas e Halteres Brasil;;true;;;
6a8d7c65a005ad83a4838e79;697aeaf8e4420021ed5caeb1;;6a3e9f1164a9e1e30880a2db;86.8;0;;Anilhas e Halteres Brasil;;true;;;
6a8d7c65a005ad83a4838e7a;697aeaf8e4420021ed5caeb1;;6a3e9f1164a9e1e30880a2dc;104.16;0;;Anilhas e Halteres Brasil;;true;;;
6a8d7c65a005ad83a4838e7b;697aeaf8e4420021ed5caeb1;;6a3e9f1164a9e1e30880a2dd;121.52;0;;Anilhas e Halteres Brasil;;true;;;
6a8d7c65a005ad83a4838e7c;697aeaf8e4420021ed5caeb1;;6a3e9f1164a9e1e30880a2de;138.88;0;;Anilhas e Halteres Brasil;;true;;;
6a8d7c65a005ad83a4838e7d;697aeaf8e4420021ed5caeb1;;6a3e9f1164a9e1e30880a2df;156.24;0;;Anilhas e Halteres Brasil;;true;;;
6a8d7c65a005ad83a4838e7e;697aeaf8e4420021ed5caeb1;;6a3e9f1164a9e1e30880a2e0;173.6;0;;Anilhas e Halteres Brasil;;true;;;
6a8d8d1684c5ddf972ab2707;6a57b971689d4fd05b9100d1;;6a3de23b8b89cf4f585771bd;7.03;25;;Muscular Fitness Brasil Ltda;;true;;;
6a8d8d1684c5ddf972ab2708;6a57b971689d4fd05b9100d1;;6a3de23b8b89cf4f585771be;10.7;25;;Muscular Fitness Brasil Ltda;;true;;;
6a8d8d1684c5ddf972ab2709;6a57b971689d4fd05b9100d1;;6a3de23b8b89cf4f585771bf;14.06;25;;Muscular Fitness Brasil Ltda;;true;;;
6a8d8d1684c5ddf972ab270a;6a57b971689d4fd05b9100d1;;6a3de23b8b89cf4f585771c0;17.57;25;;Muscular Fitness Brasil Ltda;;true;;;
6a8d8f9e328b4e4406b3577e;697aeaf8e4420021ed5caeb1;;6a3de23bc03bf79c138cbc6a;8.92;0;;Muscular Fitness Brasil Ltda;;true;;;
6a8d8f9e328b4e4406b3577f;697aeaf8e4420021ed5caeb1;;6a3de23bc03bf79c138cbc6b;17.84;0;;Muscular Fitness Brasil Ltda;;true;;;
6a8d8f9e328b4e4406b35780;697aeaf8e4420021ed5caeb1;;6a3de23bc03bf79c138cbc6c;26.76;0;;Muscular Fitness Brasil Ltda;;true;;;
6a8d8f9e328b4e4406b35781;697aeaf8e4420021ed5caeb1;;6a3de23bc03bf79c138cbc6d;35.68;0;;Muscular Fitness Brasil Ltda;;true;;;
6a8d8f9e328b4e4406b35782;697aeaf8e4420021ed5caeb1;;6a3de23bc03bf79c138cbc6e;44.6;0;;Muscular Fitness Brasil Ltda;;true;;;
6a8d8f9e328b4e4406b35783;697aeaf8e4420021ed5caeb1;;6a3de23bc03bf79c138cbc6f;89.2;0;;Muscular Fitness Brasil Ltda;;true;;;
6a8d8f9e328b4e4406b35784;697aeaf8e4420021ed5caeb1;;6a3de23bc03bf79c138cbc70;133.8;0;;Muscular Fitness Brasil Ltda;;true;;;
6a8d8f9e328b4e4406b35785;697aeaf8e4420021ed5caeb1;;6a3de23bc03bf79c138cbc71;178.4;0;;Muscular Fitness Brasil Ltda;;true;;;
6a8d8f9e328b4e4406b35786;697aeaf8e4420021ed5caeb1;;6a3de23bc03bf79c138cbc72;223;0;;Muscular Fitness Brasil Ltda;;true;;;
6a8d8f9e328b4e4406b35787;697aeaf8e4420021ed5caeb1;;6a3de23bc03bf79c138cbc73;9.34;0;;Muscular Fitness Brasil Ltda;;true;;;
6a8d8f9e328b4e4406b35788;697aeaf8e4420021ed5caeb1;;6a3de23bc03bf79c138cbc74;18.68;0;;Muscular Fitness Brasil Ltda;;true;;;
6a8d8f9e328b4e4406b35789;697aeaf8e4420021ed5caeb1;;6a3de23bc03bf79c138cbc75;28.02;0;;Muscular Fitness Brasil Ltda;;true;;;
6a8d8f9e328b4e4406b3578a;697aeaf8e4420021ed5caeb1;;6a3de23bc03bf79c138cbc76;37.36;0;;Muscular Fitness Brasil Ltda;;true;;;
6a8d8f9e328b4e4406b3578b;697aeaf8e4420021ed5caeb1;;6a3de23bc03bf79c138cbc77;46.7;0;;Muscular Fitness Brasil Ltda;;true;;;
6a8d8f9e328b4e4406b3578c;697aeaf8e4420021ed5caeb1;;6a3de23bc03bf79c138cbc78;93.4;0;;Muscular Fitness Brasil Ltda;;true;;;
6a8d8f9e328b4e4406b3578d;697aeaf8e4420021ed5caeb1;;6a3de23bc03bf79c138cbc79;140.1;0;;Muscular Fitness Brasil Ltda;;true;;;
6a8d8f9e328b4e4406b3578e;697aeaf8e4420021ed5caeb1;;6a3de23bc03bf79c138cbc7a;186.8;0;;Muscular Fitness Brasil Ltda;;true;;;
6a8d8f9e328b4e4406b3578f;697aeaf8e4420021ed5caeb1;;6a3de23bc03bf79c138cbc7b;233.5;0;;Muscular Fitness Brasil Ltda;;true;;;
6a8d930642c72541aeafa3ed;697aeaf8e4420021ed5caeb1;;6a57db9fcbeb4107550b2a50;43.870000000000005;7;;Caneleira e Cia;;true;;;
6a8d94fc5b7c051637e30e51;6a3da81e68e0c9b88d29a91c;;6a3de23b8b89cf4f585771bd;7.03;25;;Muscular Fitness Brasil Ltda;;true;;;
6a8d94fc5b7c051637e30e52;6a3da81e68e0c9b88d29a91c;;6a3de23b8b89cf4f585771be;10.7;25;;Muscular Fitness Brasil Ltda;;true;;;
6a8d94fc5b7c051637e30e53;6a3da81e68e0c9b88d29a91c;;6a3de23b8b89cf4f585771bf;14.06;25;;Muscular Fitness Brasil Ltda;;true;;;
6a8d94fc5b7c051637e30e54;6a3da81e68e0c9b88d29a91c;;6a3de23b8b89cf4f585771c0;17.57;25;;Muscular Fitness Brasil Ltda;;true;;;
6a8d94fc5b7c051637e30e55;6a3da81e68e0c9b88d29a91c;;6a57bdb389f31864ba0fb479;66.34;25;;CPFit;;true;;;
6a8d94fc5b7c051637e30e56;6a3da81e68e0c9b88d29a91c;;6a57bdb389f31864ba0fb47a;79.18;25;;CPFit;;true;;;
6a8d94fc5b7c051637e30e57;6a3da81e68e0c9b88d29a91c;;6a57bdb389f31864ba0fb47b;102.72;25;;CPFit;;true;;;
6a8d94fc5b7c051637e30e58;6a3da81e68e0c9b88d29a91c;;6a57bdb389f31864ba0fb47c;111.28;25;;CPFit;;true;;;
6a8d94fc5b7c051637e30e59;6a3da81e68e0c9b88d29a91c;;6a57bdb389f31864ba0fb47d;118.77000000000001;25;;CPFit;;true;;;
6a8d94fc5b7c051637e30e5a;6a3da81e68e0c9b88d29a91c;;6a57bdb389f31864ba0fb47e;128.4;25;;CPFit;;true;;;
6a8d94fc5b7c051637e30e5b;6a3da81e68e0c9b88d29a91c;;6a57bdb389f31864ba0fb480;144.45000000000002;25;;CPFit;;true;;;
6a8d94fc5b7c051637e30e5c;6a3da81e68e0c9b88d29a91c;;6a57bdb389f31864ba0fb482;164.78;25;;CPFit;;true;;;
6a8d94fc5b7c051637e30e5d;6a3da81e68e0c9b88d29a91c;;6a57bdb389f31864ba0fb48f;53.5;25;;CPFit;;true;;;
6a8d94fc5b7c051637e30e5e;6a3da81e68e0c9b88d29a91c;;6a57bdb389f31864ba0fb490;112.35000000000001;25;;CPFit;;true;;;
6a8d94fc5b7c051637e30e5f;6a3da81e68e0c9b88d29a91c;;6a57bdb389f31864ba0fb491;112.35000000000001;25;;CPFit;;true;;;
6a8d94fc5b7c051637e30e60;6a3da81e68e0c9b88d29a91c;;6a57bdb389f31864ba0fb492;111.38;25;;Anilhas e Halteres Brasil;;true;;;
6a8d94fc5b7c051637e30e61;6a3da81e68e0c9b88d29a91c;;6a57bdb389f31864ba0fb495;121.68;25;;Anilhas e Halteres Brasil;;true;;;
6a8d94fc5b7c051637e30e62;6a3da81e68e0c9b88d29a91c;;6a57bdb389f31864ba0fb498;77.22;25;;Anilhas e Halteres Brasil;;true;;;
6a8d94fc5b7c051637e30e63;6a3da81e68e0c9b88d29a91c;;6a57bdb389f31864ba0fb49b;393.12;25;;Anilhas e Halteres Brasil;;true;;;
6a8d94fc5b7c051637e30e64;6a3da81e68e0c9b88d29a91c;;6a57bdb389f31864ba0fb4a5;461.28;25;;Anilhas e Halteres Brasil;;true;;;
6a8d94fc5b7c051637e30e65;6a3da81e68e0c9b88d29a91c;;6a57bdb389f31864ba0fb4ad;70.2;25;;Anilhas e Halteres Brasil;;true;;;
6a8d94fc5b7c051637e30e66;6a3da81e68e0c9b88d29a91c;;6a57bdb389f31864ba0fb4af;121.52;25;;Anilhas e Halteres Brasil;;true;;;
6a8d94fc5b7c051637e30e67;6a3da81e68e0c9b88d29a91c;;6a57bdd225180899c32f9cf5;180.87;25;;Furious Equipment;;true;;;
6a8d94fc5b7c051637e30e68;6a3da81e68e0c9b88d29a91c;;6a57bdd225180899c32f9cf9;180.87;25;;Furious Equipment;;true;;;
6a8d94fc5b7c051637e30e69;6a3da81e68e0c9b88d29a91c;;6a57bdd225180899c32f9d02;248;25;;Anilhas e Halteres Brasil;;true;;;
6a8d94fc5b7c051637e30e6a;6a3da81e68e0c9b88d29a91c;;6a7b12dc0628997484b815e7;9.9938;25;;Fundição Unibrás;;true;;;
6a8d94fc5b7c051637e30e6b;6a3da81e68e0c9b88d29a91c;;6a7b12dc0628997484b815e6;19.9876;25;;Fundição Unibrás;;true;;;
6a8d94fc5b7c051637e30e6c;6a3da81e68e0c9b88d29a91c;;6a7b12dc0628997484b815e9;7.7468;25;;Fundição Unibrás;;true;;;
6a8d94fc5b7c051637e30e6d;6a3da81e68e0c9b88d29a91c;;6a7b12dc0628997484b815e8;15.4936;25;;Fundição Unibrás;;true;;;
6a8d94fc5b7c051637e30e6e;6a3da81e68e0c9b88d29a91c;;6a7b12dc0628997484b815eb;38.177600000000005;25;;Fundição Unibrás;;true;;;
6a8d94fc5b7c051637e30e6f;6a3da81e68e0c9b88d29a91c;;6a7b12dc0628997484b815ea;57.266400000000004;25;;Fundição Unibrás;;true;;;
6a8d94fc5b7c051637e30e70;6a3da81e68e0c9b88d29a91c;;6a7b12dc0628997484b815ff;108.55;25;;Furious Equipment;;true;;;
6a8d94fc5b7c051637e30e71;6a3da81e68e0c9b88d29a91c;;6a7b12dc0628997484b81600;162.83;25;;Furious Equipment;;true;;;
6a8d94fc5b7c051637e30e72;6a3da81e68e0c9b88d29a91c;;6a7b12dc0628997484b81601;162.83;25;;Furious Equipment;;true;;;
6a8d94fc5b7c051637e30e73;6a3da81e68e0c9b88d29a91c;;6a7b12dc0628997484b81602;208.06;25;;Furious Equipment;;true;;;
6a8d94fc5b7c051637e30e74;6a3da81e68e0c9b88d29a91c;;6a7b12dc0628997484b81620;184.76;25;;Furious Equipment;;true;;;
6a8d94fc5b7c051637e30e75;6a3da81e68e0c9b88d29a91c;;6a7b134f920160ed9c20e826;10.667900000000001;25;;Fundição Unibrás;;true;;;
6a8d94fc5b7c051637e30e76;6a3da81e68e0c9b88d29a91c;;6a7b134f920160ed9c20e825;21.335800000000003;25;;Fundição Unibrás;;true;;;
6a8d94fc5b7c051637e30e77;6a3da81e68e0c9b88d29a91c;;6a7b134f920160ed9c20e824;32.0037;25;;Fundição Unibrás;;true;;;
6a8d94fc5b7c051637e30e78;6a3da81e68e0c9b88d29a91c;;6a7b12dc0628997484b81631;42.671600000000005;25;;Fundição Unibrás;;true;;;
6a8d94fc5b7c051637e30e79;6a3da81e68e0c9b88d29a91c;;6a7b12dc0628997484b81630;53.33950000000001;25;;Fundição Unibrás;;true;;;
6a8d94fc5b7c051637e30e7a;6a3da81e68e0c9b88d29a91c;;6a7b12dc0628997484b8162f;106.67900000000002;25;;Fundição Unibrás;;true;;;
6a8d94fc5b7c051637e30e7b;6a3da81e68e0c9b88d29a91c;;6a7b12dc0628997484b8162e;160.01850000000002;25;;Fundição Unibrás;;true;;;
6a8d94fc5b7c051637e30e7c;6a3da81e68e0c9b88d29a91c;;6a7b12dc0628997484b8162d;213.35800000000003;25;;Fundição Unibrás;;true;;;
6a8d94fc5b7c051637e30e7d;6a3da81e68e0c9b88d29a91c;;6a7b12dc0628997484b8162c;266.6975;25;;Fundição Unibrás;;true;;;
6a8d94fc5b7c051637e30e7e;6a3da81e68e0c9b88d29a91c;;6a7b134f920160ed9c20e82b;7.7468;25;;Fundição Unibrás;;true;;;
6a8d94fc5b7c051637e30e7f;6a3da81e68e0c9b88d29a91c;;6a7b134f920160ed9c20e82a;9.6835;25;;Fundição Unibrás;;true;;;
6a8d94fc5b7c051637e30e80;6a3da81e68e0c9b88d29a91c;;6a7b134f920160ed9c20e829;15.4936;25;;Fundição Unibrás;;true;;;
6a8d94fc5b7c051637e30e81;6a3da81e68e0c9b88d29a91c;;6a7b134f920160ed9c20e828;17.4303;25;;Fundição Unibrás;;true;;;
6a8d94fc5b7c051637e30e82;6a3da81e68e0c9b88d29a91c;;6a7b134f920160ed9c20e827;19.367;25;;Fundição Unibrás;;true;;;
6a8d94fc5b7c051637e30e83;6a3da81e68e0c9b88d29a91c;;6a7b134f920160ed9c20e82c;93.33;25;;Furious Equipment;;true;;;
6a8d94fc5b7c051637e30e84;6a3da81e68e0c9b88d29a91c;;6a7b134f920160ed9c20e82d;116.67;25;;Furious Equipment;;true;;;
6a8d94fc5b7c051637e30e85;6a3da81e68e0c9b88d29a91c;;6a7b134f920160ed9c20e82e;119.23;25;;Furious Equipment;;true;;;
6a8d94fc5b7c051637e30e86;6a3da81e68e0c9b88d29a91c;;6a7b134f920160ed9c20e82f;238.46;25;;Furious Equipment;;true;;;
6a8d94fc5b7c051637e30e87;6a3da81e68e0c9b88d29a91c;;6a7b134f920160ed9c20e830;357.69;25;;Furious Equipment;;true;;;
6a8d94fc5b7c051637e30e88;6a3da81e68e0c9b88d29a91c;;6a7b134f920160ed9c20e831;476.92;25;;Furious Equipment;;true;;;
6a8d94fc5b7c051637e30e89;6a3da81e68e0c9b88d29a91c;;6a3de23bc03bf79c138cbc8e;8.7;25;;Fabricante PlaceFit;;true;;;
6a8d94fc5b7c051637e30e8a;6a3da81e68e0c9b88d29a91c;;6a3de23bc03bf79c138cbc8f;17.4;25;;Fabricante PlaceFit;;true;;;
6a8d94fc5b7c051637e30e8b;6a3da81e68e0c9b88d29a91c;;6a3de23bc03bf79c138cbc90;26.1;25;;Fabricante PlaceFit;;true;;;
6a8d94fc5b7c051637e30e8c;6a3da81e68e0c9b88d29a91c;;6a3de23bc03bf79c138cbc91;34.8;25;;Fabricante PlaceFit;;true;;;
6a8d94fc5b7c051637e30e8d;6a3da81e68e0c9b88d29a91c;;6a3de23bc03bf79c138cbc92;43.5;25;;Fabricante PlaceFit;;true;;;
6a8d94fc5b7c051637e30e8e;6a3da81e68e0c9b88d29a91c;;6a3de23bc03bf79c138cbc93;87;25;;Fabricante PlaceFit;;true;;;
6a8d94fc5b7c051637e30e8f;6a3da81e68e0c9b88d29a91c;;6a3de23bc03bf79c138cbc94;130.5;25;;Fabricante PlaceFit;;true;;;
6a8d94fc5b7c051637e30e90;6a3da81e68e0c9b88d29a91c;;6a3de23bc03bf79c138cbc95;174;25;;Fabricante PlaceFit;;true;;;
6a8d94fc5b7c051637e30e91;6a3da81e68e0c9b88d29a91c;;6a3de23bc03bf79c138cbc96;217.5;25;;Fabricante PlaceFit;;true;;;
6a8d94fc5b7c051637e30e92;6a3da81e68e0c9b88d29a91c;;6a3de23bc03bf79c138cbc97;11.61;25;;Muscular Fitness Brasil Ltda;;true;;;
6a8d94fc5b7c051637e30e93;6a3da81e68e0c9b88d29a91c;;6a3de23bc03bf79c138cbc98;23.22;25;;Muscular Fitness Brasil Ltda;;true;;;
6a8d94fc5b7c051637e30e94;6a3da81e68e0c9b88d29a91c;;6a3de23bc03bf79c138cbc99;34.83;25;;Muscular Fitness Brasil Ltda;;true;;;
6a8d94fc5b7c051637e30e95;6a3da81e68e0c9b88d29a91c;;6a3de23bc03bf79c138cbc9a;46.44;25;;Muscular Fitness Brasil Ltda;;true;;;
6a8d94fc5b7c051637e30e96;6a3da81e68e0c9b88d29a91c;;6a3de23bc03bf79c138cbc9b;58.05;25;;Muscular Fitness Brasil Ltda;;true;;;
6a8d94fc5b7c051637e30e97;6a3da81e68e0c9b88d29a91c;;6a3de23bc03bf79c138cbc9c;116.1;25;;Muscular Fitness Brasil Ltda;;true;;;
6a8d94fc5b7c051637e30e98;6a3da81e68e0c9b88d29a91c;;6a3de23bc03bf79c138cbc9d;174.15;25;;Muscular Fitness Brasil Ltda;;true;;;
6a8d94fc5b7c051637e30e99;6a3da81e68e0c9b88d29a91c;;6a3de23bc03bf79c138cbc9e;232.2;25;;Muscular Fitness Brasil Ltda;;true;;;
6a8d94fc5b7c051637e30e9a;6a3da81e68e0c9b88d29a91c;;6a3de23bc03bf79c138cbc9f;290.25;25;;Muscular Fitness Brasil Ltda;;true;;;
6a8d94fc5b7c051637e30e9b;6a3da81e68e0c9b88d29a91c;;6a3de23bc03bf79c138cbc58;6.6875;25;;Anilha X;;true;;;
6a8d94fc5b7c051637e30e9c;6a3da81e68e0c9b88d29a91c;;6a3de23bc03bf79c138cbc59;13.375;25;;Anilha X;;true;;;
6a8d94fc5b7c051637e30e9d;6a3da81e68e0c9b88d29a91c;;6a3de23bc03bf79c138cbc5a;20.0625;25;;Anilha X;;true;;;
6a8d94fc5b7c051637e30e9e;6a3da81e68e0c9b88d29a91c;;6a3de23bc03bf79c138cbc5b;26.75;25;;Anilha X;;true;;;
6a8d94fc5b7c051637e30e9f;6a3da81e68e0c9b88d29a91c;;6a3de23bc03bf79c138cbc5c;33.4375;25;;Anilha X;;true;;;
6a8d94fc5b7c051637e30ea0;6a3da81e68e0c9b88d29a91c;;6a3de23bc03bf79c138cbc5d;66.875;25;;Anilha X;;true;;;
6a8d94fc5b7c051637e30ea1;6a3da81e68e0c9b88d29a91c;;6a3de23bc03bf79c138cbc5e;100.3125;25;;Anilha X;;true;;;
6a8d94fc5b7c051637e30ea2;6a3da81e68e0c9b88d29a91c;;6a3de23bc03bf79c138cbc5f;133.75;25;;Anilha X;;true;;;
6a8d94fc5b7c051637e30ea3;6a3da81e68e0c9b88d29a91c;;6a3de23bc03bf79c138cbc60;167.1875;25;;Anilha X;;true;;;
6a8d94fc5b7c051637e30ea4;6a3da81e68e0c9b88d29a91c;;6a3de23bc03bf79c138cbc61;7.24;25;;Muscular Fitness Brasil Ltda;;true;;;
6a8d94fc5b7c051637e30ea5;6a3da81e68e0c9b88d29a91c;;6a3de23bc03bf79c138cbc62;14.48;25;;Muscular Fitness Brasil Ltda;;true;;;
6a8d94fc5b7c051637e30ea6;6a3da81e68e0c9b88d29a91c;;6a3de23bc03bf79c138cbc63;21.72;25;;Muscular Fitness Brasil Ltda;;true;;;
6a8d94fc5b7c051637e30ea7;6a3da81e68e0c9b88d29a91c;;6a3de23bc03bf79c138cbc64;28.96;25;;Muscular Fitness Brasil Ltda;;true;;;
6a8d94fc5b7c051637e30ea8;6a3da81e68e0c9b88d29a91c;;6a3de23bc03bf79c138cbc65;36.2;25;;Muscular Fitness Brasil Ltda;;true;;;
6a8d94fc5b7c051637e30ea9;6a3da81e68e0c9b88d29a91c;;6a3de23bc03bf79c138cbc66;72.4;25;;Muscular Fitness Brasil Ltda;;true;;;
6a8d94fc5b7c051637e30eaa;6a3da81e68e0c9b88d29a91c;;6a3de23bc03bf79c138cbc67;108.6;25;;Muscular Fitness Brasil Ltda;;true;;;
6a8d94fc5b7c051637e30eab;6a3da81e68e0c9b88d29a91c;;6a3de23bc03bf79c138cbc68;144.8;25;;Muscular Fitness Brasil Ltda;;true;;;
6a8d94fc5b7c051637e30eac;6a3da81e68e0c9b88d29a91c;;6a3de23bc03bf79c138cbc69;181;25;;Muscular Fitness Brasil Ltda;;true;;;
6a8d94fc5b7c051637e30ead;6a3da81e68e0c9b88d29a91c;;6a3de23bc03bf79c138cbc6a;8.8275;25;;Anilha X;;true;;;
6a8d94fc5b7c051637e30eae;6a3da81e68e0c9b88d29a91c;;6a3de23bc03bf79c138cbc6b;17.655;25;;Anilha X;;true;;;
6a8d94fc5b7c051637e30eaf;6a3da81e68e0c9b88d29a91c;;6a3de23bc03bf79c138cbc6c;26.4825;25;;Anilha X;;true;;;
6a8d94fc5b7c051637e30eb0;6a3da81e68e0c9b88d29a91c;;6a3de23bc03bf79c138cbc6d;35.31;25;;Anilha X;;true;;;
6a8d94fc5b7c051637e30eb1;6a3da81e68e0c9b88d29a91c;;6a3de23bc03bf79c138cbc6e;44.1375;25;;Anilha X;;true;;;
6a8d94fc5b7c051637e30eb2;6a3da81e68e0c9b88d29a91c;;6a3de23bc03bf79c138cbc6f;88.275;25;;Anilha X;;true;;;
6a8d94fc5b7c051637e30eb3;6a3da81e68e0c9b88d29a91c;;6a3de23bc03bf79c138cbc70;132.4125;25;;Anilha X;;true;;;
6a8d94fc5b7c051637e30eb4;6a3da81e68e0c9b88d29a91c;;6a3de23bc03bf79c138cbc71;176.55;25;;Anilha X;;true;;;
6a8d94fc5b7c051637e30eb5;6a3da81e68e0c9b88d29a91c;;6a3de23bc03bf79c138cbc72;220.6875;25;;Anilha X;;true;;;
6a8d94fc5b7c051637e30eb6;6a3da81e68e0c9b88d29a91c;;6a3de23bc03bf79c138cbc73;9.34;25;;Muscular Fitness Brasil Ltda;;true;;;
6a8d94fc5b7c051637e30eb7;6a3da81e68e0c9b88d29a91c;;6a3de23bc03bf79c138cbc74;18.68;25;;Muscular Fitness Brasil Ltda;;true;;;
6a8d94fc5b7c051637e30eb8;6a3da81e68e0c9b88d29a91c;;6a3de23bc03bf79c138cbc75;28.02;25;;Muscular Fitness Brasil Ltda;;true;;;
6a8d94fc5b7c051637e30eb9;6a3da81e68e0c9b88d29a91c;;6a3de23bc03bf79c138cbc76;37.36;25;;Muscular Fitness Brasil Ltda;;true;;;
6a8d94fc5b7c051637e30eba;6a3da81e68e0c9b88d29a91c;;6a3de23bc03bf79c138cbc77;46.7;25;;Muscular Fitness Brasil Ltda;;true;;;
6a8d94fc5b7c051637e30ebb;6a3da81e68e0c9b88d29a91c;;6a3de23bc03bf79c138cbc78;93.4;25;;Muscular Fitness Brasil Ltda;;true;;;
6a8d94fc5b7c051637e30ebc;6a3da81e68e0c9b88d29a91c;;6a3de23bc03bf79c138cbc79;140.1;25;;Muscular Fitness Brasil Ltda;;true;;;
6a8d94fc5b7c051637e30ebd;6a3da81e68e0c9b88d29a91c;;6a3de23bc03bf79c138cbc7a;186.8;25;;Muscular Fitness Brasil Ltda;;true;;;
6a8d94fc5b7c051637e30ebe;6a3da81e68e0c9b88d29a91c;;6a3de23bc03bf79c138cbc7b;233.5;25;;Muscular Fitness Brasil Ltda;;true;;;
6a8d94fc5b7c051637e30ebf;6a3da81e68e0c9b88d29a91c;;6a3de23bc03bf79c138cbc7c;9.97;25;;Muscular Fitness Brasil Ltda;;true;;;
6a8d94fc5b7c051637e30ec0;6a3da81e68e0c9b88d29a91c;;6a3de23bc03bf79c138cbc7d;19.94;25;;Muscular Fitness Brasil Ltda;;true;;;
6a8d94fc5b7c051637e30ec1;6a3da81e68e0c9b88d29a91c;;6a3de23bc03bf79c138cbc7e;29.91;25;;Muscular Fitness Brasil Ltda;;true;;;
6a8d94fc5b7c051637e30ec2;6a3da81e68e0c9b88d29a91c;;6a3de23bc03bf79c138cbc7f;39.88;25;;Muscular Fitness Brasil Ltda;;true;;;
6a8d94fc5b7c051637e30ec3;6a3da81e68e0c9b88d29a91c;;6a3de23bc03bf79c138cbc80;49.85;25;;Muscular Fitness Brasil Ltda;;true;;;
6a8d94fc5b7c051637e30ec4;6a3da81e68e0c9b88d29a91c;;6a3de23bc03bf79c138cbc81;99.7;25;;Muscular Fitness Brasil Ltda;;true;;;
6a8d94fc5b7c051637e30ec5;6a3da81e68e0c9b88d29a91c;;6a3de23bc03bf79c138cbc82;149.55;25;;Muscular Fitness Brasil Ltda;;true;;;
6a8d94fc5b7c051637e30ec6;6a3da81e68e0c9b88d29a91c;;6a3de23bc03bf79c138cbc83;199.4;25;;Muscular Fitness Brasil Ltda;;true;;;
6a8d94fc5b7c051637e30ec7;6a3da81e68e0c9b88d29a91c;;6a3de23bc03bf79c138cbc84;249.25;25;;Muscular Fitness Brasil Ltda;;true;;;
6a8d94fc5b7c051637e30ec8;6a3da81e68e0c9b88d29a91c;;6a3de23bc03bf79c138cbca9;7.03;25;;Muscular Fitness Brasil Ltda;;true;;;
6a8d94fc5b7c051637e30ec9;6a3da81e68e0c9b88d29a91c;;6a3de23bc03bf79c138cbcaa;14.06;25;;Muscular Fitness Brasil Ltda;;true;;;
6a8d94fc5b7c051637e30eca;6a3da81e68e0c9b88d29a91c;;6a3de23bc03bf79c138cbcab;21.09;25;;Muscular Fitness Brasil Ltda;;true;;;
6a8d94fc5b7c051637e30ecb;6a3da81e68e0c9b88d29a91c;;6a3de23bc03bf79c138cbcac;28.12;25;;Muscular Fitness Brasil Ltda;;true;;;
6a8d94fc5b7c051637e30ecc;6a3da81e68e0c9b88d29a91c;;6a3de23bc03bf79c138cbcad;35.15;25;;Muscular Fitness Brasil Ltda;;true;;;
6a8d94fc5b7c051637e30ecd;6a3da81e68e0c9b88d29a91c;;6a3de23bc03bf79c138cbcae;70.3;25;;Muscular Fitness Brasil Ltda;;true;;;
6a8d94fc5b7c051637e30ece;6a3da81e68e0c9b88d29a91c;;6a3de23bc03bf79c138cbcaf;105.45;25;;Muscular Fitness Brasil Ltda;;true;;;
6a8d94fc5b7c051637e30ecf;6a3da81e68e0c9b88d29a91c;;6a3de23bc03bf79c138cbcb0;140.6;25;;Muscular Fitness Brasil Ltda;;true;;;
6a8d94fc5b7c051637e30ed0;6a3da81e68e0c9b88d29a91c;;6a3de23bc03bf79c138cbcb1;8.79;25;;Muscular Fitness Brasil Ltda;;true;;;
6a8d94fc5b7c051637e30ed1;6a3da81e68e0c9b88d29a91c;;6a3de23b8b89cf4f585771ab;16.9;25;;Planeta Vendas;;true;;;
6a8d94fc5b7c051637e30ed2;6a3da81e68e0c9b88d29a91c;;6a3de23b8b89cf4f585771ac;33.8;25;;Planeta Vendas;;true;;;
6a8d94fc5b7c051637e30ed3;6a3da81e68e0c9b88d29a91c;;6a3de23b8b89cf4f585771ad;50.7;25;;Planeta Vendas;;true;;;
6a8d94fc5b7c051637e30ed4;6a3da81e68e0c9b88d29a91c;;6a3de23b8b89cf4f585771ae;67.6;25;;Planeta Vendas;;true;;;
6a8d94fc5b7c051637e30ed5;6a3da81e68e0c9b88d29a91c;;6a3de23b8b89cf4f585771af;84.5;25;;Planeta Vendas;;true;;;
6a8d94fc5b7c051637e30ed6;6a3da81e68e0c9b88d29a91c;;6a3de23b8b89cf4f585771b0;169;25;;Planeta Vendas;;true;;;
6a8d94fc5b7c051637e30ed7;6a3da81e68e0c9b88d29a91c;;6a3de23b8b89cf4f585771b1;253.5;25;;Planeta Vendas;;true;;;
6a8d94fc5b7c051637e30ed8;6a3da81e68e0c9b88d29a91c;;6a3de23b8b89cf4f585771b2;338;25;;Planeta Vendas;;true;;;
6a8d94fc5b7c051637e30ed9;6a3da81e68e0c9b88d29a91c;;6a3de23b8b89cf4f585771b3;422.5;25;;Planeta Vendas;;true;;;
6a8d94fc5b7c051637e30eda;6a3da81e68e0c9b88d29a91c;;6a3de23b8b89cf4f585771b4;17.89;25;;Planeta Vendas;;true;;;
6a8d94fc5b7c051637e30edb;6a3da81e68e0c9b88d29a91c;;6a3de23b8b89cf4f585771b5;35.78;25;;Planeta Vendas;;true;;;
6a8d94fc5b7c051637e30edc;6a3da81e68e0c9b88d29a91c;;6a3de23b8b89cf4f585771b6;53.67;25;;Planeta Vendas;;true;;;
6a8d94fc5b7c051637e30edd;6a3da81e68e0c9b88d29a91c;;6a3de23b8b89cf4f585771b7;71.56;25;;Planeta Vendas;;true;;;
6a8d94fc5b7c051637e30ede;6a3da81e68e0c9b88d29a91c;;6a3de23b8b89cf4f585771b8;89.45;25;;Planeta Vendas;;true;;;
6a8d94fc5b7c051637e30edf;6a3da81e68e0c9b88d29a91c;;6a3de23b8b89cf4f585771b9;178.9;25;;Planeta Vendas;;true;;;
6a8d94fc5b7c051637e30ee0;6a3da81e68e0c9b88d29a91c;;6a3de23b8b89cf4f585771ba;268.35;25;;Planeta Vendas;;true;;;
6a8d94fc5b7c051637e30ee1;6a3da81e68e0c9b88d29a91c;;6a3de23b8b89cf4f585771bb;357.8;25;;Planeta Vendas;;true;;;
6a8d94fc5b7c051637e30ee2;6a3da81e68e0c9b88d29a91c;;6a3de23b8b89cf4f585771bc;447.25;25;;Planeta Vendas;;true;;;
6a8d94fc5b7c051637e30ee3;6a3da81e68e0c9b88d29a91c;;6a3de23bc03bf79c138cbcbb;7.24;25;;Muscular Fitness Brasil Ltda;;true;;;
6a8d94fc5b7c051637e30ee4;6a3da81e68e0c9b88d29a91c;;6a3de23bc03bf79c138cbcbc;14.48;25;;Muscular Fitness Brasil Ltda;;true;;;
6a8d94fc5b7c051637e30ee5;6a3da81e68e0c9b88d29a91c;;6a3de23bc03bf79c138cbcbd;21.72;25;;Muscular Fitness Brasil Ltda;;true;;;
6a8d94fc5b7c051637e30ee6;6a3da81e68e0c9b88d29a91c;;6a3de23bc03bf79c138cbcbe;28.96;25;;Muscular Fitness Brasil Ltda;;true;;;
6a8d94fc5b7c051637e30ee7;6a3da81e68e0c9b88d29a91c;;6a3de23bc03bf79c138cbcbf;36.2;25;;Muscular Fitness Brasil Ltda;;true;;;
6a8d94fc5b7c051637e30ee8;6a3da81e68e0c9b88d29a91c;;6a3de23bc03bf79c138cbcc0;72.4;25;;Muscular Fitness Brasil Ltda;;true;;;
6a8d94fc5b7c051637e30ee9;6a3da81e68e0c9b88d29a91c;;6a3de23bc03bf79c138cbcc1;108.6;25;;Muscular Fitness Brasil Ltda;;true;;;
6a8d94fc5b7c051637e30eea;6a3da81e68e0c9b88d29a91c;;6a3de23bc03bf79c138cbcc2;144.8;25;;Muscular Fitness Brasil Ltda;;true;;;
6a8d94fc5b7c051637e30eeb;6a3da81e68e0c9b88d29a91c;;6a3de23bc03bf79c138cbcc3;9.05;25;;Muscular Fitness Brasil Ltda;;true;;;
6a8d94fc5b7c051637e30eec;6a3da81e68e0c9b88d29a91c;;6a3de23bc03bf79c138cbbec;5.5105;25;;Anilha X;;true;;;
6a8d94fc5b7c051637e30eed;6a3da81e68e0c9b88d29a91c;;6a3de23bc03bf79c138cbbed;11.021;25;;Anilha X;;true;;;
6a8d94fc5b7c051637e30eee;6a3da81e68e0c9b88d29a91c;;6a3de23bc03bf79c138cbbee;16.5315;25;;Anilha X;;true;;;
6a8d94fc5b7c051637e30eef;6a3da81e68e0c9b88d29a91c;;6a3de23bc03bf79c138cbbef;22.042;25;;Anilha X;;true;;;
6a8d94fc5b7c051637e30ef0;6a3da81e68e0c9b88d29a91c;;6a3de23bc03bf79c138cbbf0;25.9475;25;;Anilha X;;true;;;
6a8d94fc5b7c051637e30ef1;6a3da81e68e0c9b88d29a91c;;6a3de23bc03bf79c138cbbf1;51.895;25;;Anilha X;;true;;;
6a8d94fc5b7c051637e30ef2;6a3da81e68e0c9b88d29a91c;;6a3de23bc03bf79c138cbbf2;77.8425;25;;Anilha X;;true;;;
6a8d94fc5b7c051637e30ef3;6a3da81e68e0c9b88d29a91c;;6a3de23bc03bf79c138cbbf3;103.79;25;;Anilha X;;true;;;
6a8d94fc5b7c051637e30ef4;6a3da81e68e0c9b88d29a91c;;6a3de23bc03bf79c138cbbf4;129.7375;25;;Anilha X;;true;;;
6a8d94fc5b7c051637e30ef5;6a3da81e68e0c9b88d29a91c;;6a3de23bc03bf79c138cbc34;8.5;25;;Planeta Vendas;;true;;;
6a8d94fc5b7c051637e30ef6;6a3da81e68e0c9b88d29a91c;;6a3de23bc03bf79c138cbc35;17;25;;Planeta Vendas;;true;;;
6a8d94fc5b7c051637e30ef7;6a3da81e68e0c9b88d29a91c;;6a3de23bc03bf79c138cbc36;25.5;25;;Planeta Vendas;;true;;;
6a8d94fc5b7c051637e30ef8;6a3da81e68e0c9b88d29a91c;;6a3de23bc03bf79c138cbc37;34;25;;Planeta Vendas;;true;;;
6a8d94fc5b7c051637e30ef9;6a3da81e68e0c9b88d29a91c;;6a3de23bc03bf79c138cbc38;42.5;25;;Planeta Vendas;;true;;;
6a8d94fc5b7c051637e30efa;6a3da81e68e0c9b88d29a91c;;6a3de23bc03bf79c138cbc39;85;25;;Planeta Vendas;;true;;;
6a8d94fc5b7c051637e30efb;6a3da81e68e0c9b88d29a91c;;6a3de23bc03bf79c138cbc3a;127.5;25;;Planeta Vendas;;true;;;
6a8d94fc5b7c051637e30efc;6a3da81e68e0c9b88d29a91c;;6a3de23bc03bf79c138cbc3b;170;25;;Planeta Vendas;;true;;;
6a8d94fc5b7c051637e30efd;6a3da81e68e0c9b88d29a91c;;6a3de23bc03bf79c138cbc3c;212.5;25;;Planeta Vendas;;true;;;
6a8d94fc5b7c051637e30efe;6a3da81e68e0c9b88d29a91c;;6a3de23bc03bf79c138cbc3d;9.27;25;;Muscular Fitness Brasil Ltda;;true;;;
6a8d94fc5b7c051637e30eff;6a3da81e68e0c9b88d29a91c;;6a3de23bc03bf79c138cbc3e;18.54;25;;Muscular Fitness Brasil Ltda;;true;;;
6a8d94fc5b7c051637e30f00;6a3da81e68e0c9b88d29a91c;;6a3de23bc03bf79c138cbc3f;27.81;25;;Muscular Fitness Brasil Ltda;;true;;;
6a8d94fc5b7c051637e30f01;6a3da81e68e0c9b88d29a91c;;6a3de23bc03bf79c138cbc40;37.08;25;;Muscular Fitness Brasil Ltda;;true;;;
6a8d94fc5b7c051637e30f02;6a3da81e68e0c9b88d29a91c;;6a3de23bc03bf79c138cbc41;46.35;25;;Muscular Fitness Brasil Ltda;;true;;;
6a8d94fc5b7c051637e30f03;6a3da81e68e0c9b88d29a91c;;6a3de23bc03bf79c138cbc42;92.7;25;;Muscular Fitness Brasil Ltda;;true;;;
6a8d94fc5b7c051637e30f04;6a3da81e68e0c9b88d29a91c;;6a3de23bc03bf79c138cbc43;139.05;25;;Muscular Fitness Brasil Ltda;;true;;;
6a8d94fc5b7c051637e30f05;6a3da81e68e0c9b88d29a91c;;6a3de23bc03bf79c138cbc44;185.4;25;;Muscular Fitness Brasil Ltda;;true;;;
6a8d94fc5b7c051637e30f06;6a3da81e68e0c9b88d29a91c;;6a3de23bc03bf79c138cbc45;231.75;25;;Muscular Fitness Brasil Ltda;;true;;;
6a8d94fc5b7c051637e30f07;6a3da81e68e0c9b88d29a91c;;6a3de23bc03bf79c138cbbfe;6.0455000000000005;25;;Anilha X;;true;;;
6a8d94fc5b7c051637e30f08;6a3da81e68e0c9b88d29a91c;;6a3de23bc03bf79c138cbbff;12.091000000000001;25;;Anilha X;;true;;;
6a8d94fc5b7c051637e30f09;6a3da81e68e0c9b88d29a91c;;6a3de23bc03bf79c138cbc00;18.1365;25;;Anilha X;;true;;;
6a8d94fc5b7c051637e30f0a;6a3da81e68e0c9b88d29a91c;;6a3de23bc03bf79c138cbc01;24.182000000000002;25;;Anilha X;;true;;;
6a8d94fc5b7c051637e30f0b;6a3da81e68e0c9b88d29a91c;;6a3de23bc03bf79c138cbc02;28.622500000000002;25;;Anilha X;;true;;;
6a8d94fc5b7c051637e30f0c;6a3da81e68e0c9b88d29a91c;;6a3de23bc03bf79c138cbc03;57.245000000000005;25;;Anilha X;;true;;;
6a8d94fc5b7c051637e30f0d;6a3da81e68e0c9b88d29a91c;;6a3de23bc03bf79c138cbc04;85.8675;25;;Anilha X;;true;;;
6a8d94fc5b7c051637e30f0e;6a3da81e68e0c9b88d29a91c;;6a3de23bc03bf79c138cbc05;114.49000000000001;25;;Anilha X;;true;;;
6a8d94fc5b7c051637e30f0f;6a3da81e68e0c9b88d29a91c;;6a3de23bc03bf79c138cbc06;143.1125;25;;Anilha X;;true;;;
6a8d94fc5b7c051637e30f10;6a3da81e68e0c9b88d29a91c;;6a3de23bc03bf79c138cbc07;7.92;25;;Anilhas de Ferro;;true;;;
6a8d94fc5b7c051637e30f11;6a3da81e68e0c9b88d29a91c;;6a3de23bc03bf79c138cbc08;15.84;25;;Anilhas de Ferro;;true;;;
6a8d94fc5b7c051637e30f12;6a3da81e68e0c9b88d29a91c;;6a3de23bc03bf79c138cbc09;23.76;25;;Anilhas de Ferro;;true;;;
6a8d94fc5b7c051637e30f13;6a3da81e68e0c9b88d29a91c;;6a3de23bc03bf79c138cbc0a;31.68;25;;Anilhas de Ferro;;true;;;
6a8d94fc5b7c051637e30f14;6a3da81e68e0c9b88d29a91c;;6a3de23bc03bf79c138cbc0b;39.6;25;;Anilhas de Ferro;;true;;;
6a8d94fc5b7c051637e30f15;6a3da81e68e0c9b88d29a91c;;6a3de23bc03bf79c138cbc0c;79.2;25;;Anilhas de Ferro;;true;;;
6a8d94fc5b7c051637e30f16;6a3da81e68e0c9b88d29a91c;;6a3de23bc03bf79c138cbc0d;118.8;25;;Anilhas de Ferro;;true;;;
6a8d94fc5b7c051637e30f17;6a3da81e68e0c9b88d29a91c;;6a3de23bc03bf79c138cbc0e;158.4;25;;Anilhas de Ferro;;true;;;
6a8d94fc5b7c051637e30f18;6a3da81e68e0c9b88d29a91c;;6a3de23bc03bf79c138cbc0f;198;25;;Anilhas de Ferro;;true;;;
6a8d94fc5b7c051637e30f19;6a3da81e68e0c9b88d29a91c;;6a3de23bc03bf79c138cbc10;8.185500000000001;25;;Anilha X;;true;;;
6a8d94fc5b7c051637e30f1a;6a3da81e68e0c9b88d29a91c;;6a3de23bc03bf79c138cbc11;16.371000000000002;25;;Anilha X;;true;;;
6a8d94fc5b7c051637e30f1b;6a3da81e68e0c9b88d29a91c;;6a3de23bc03bf79c138cbc12;24.5565;25;;Anilha X;;true;;;
6a8d94fc5b7c051637e30f1c;6a3da81e68e0c9b88d29a91c;;6a3de23bc03bf79c138cbc13;32.742000000000004;25;;Anilha X;;true;;;
6a8d94fc5b7c051637e30f1d;6a3da81e68e0c9b88d29a91c;;6a3de23bc03bf79c138cbc14;39.322500000000005;25;;Anilha X;;true;;;
6a8d94fc5b7c051637e30f1e;6a3da81e68e0c9b88d29a91c;;6a3de23bc03bf79c138cbc15;78.64500000000001;25;;Anilha X;;true;;;
6a8d94fc5b7c051637e30f1f;6a3da81e68e0c9b88d29a91c;;6a3de23bc03bf79c138cbc16;117.9675;25;;Anilha X;;true;;;
6a8d94fc5b7c051637e30f20;6a3da81e68e0c9b88d29a91c;;6a3de23bc03bf79c138cbc17;157.29000000000002;25;;Anilha X;;true;;;
6a8d94fc5b7c051637e30f21;6a3da81e68e0c9b88d29a91c;;6a3de23bc03bf79c138cbc18;196.6125;25;;Anilha X;;true;;;
6a8d94fc5b7c051637e30f22;6a3da81e68e0c9b88d29a91c;;6a3de23bc03bf79c138cbc19;10.17;25;;Anilhas de Ferro;;true;;;
6a8d94fc5b7c051637e30f23;6a3da81e68e0c9b88d29a91c;;6a3de23bc03bf79c138cbc1a;20.34;25;;Anilhas de Ferro;;true;;;
6a8d94fc5b7c051637e30f24;6a3da81e68e0c9b88d29a91c;;6a3de23bc03bf79c138cbc1b;30.51;25;;Anilhas de Ferro;;true;;;
6a8d94fc5b7c051637e30f25;6a3da81e68e0c9b88d29a91c;;6a3de23bc03bf79c138cbc1c;40.68;25;;Anilhas de Ferro;;true;;;
6a8d94fc5b7c051637e30f26;6a3da81e68e0c9b88d29a91c;;6a3de23bc03bf79c138cbc1d;50.85;25;;Anilhas de Ferro;;true;;;
6a8d94fc5b7c051637e30f27;6a3da81e68e0c9b88d29a91c;;6a3de23bc03bf79c138cbc1e;101.7;25;;Anilhas de Ferro;;true;;;
6a8d94fc5b7c051637e30f28;6a3da81e68e0c9b88d29a91c;;6a3de23bc03bf79c138cbc1f;152.55;25;;Anilhas de Ferro;;true;;;
6a8d94fc5b7c051637e30f29;6a3da81e68e0c9b88d29a91c;;6a3de23bc03bf79c138cbc20;203.4;25;;Anilhas de Ferro;;true;;;
6a8d94fc5b7c051637e30f2a;6a3da81e68e0c9b88d29a91c;;6a3de23bc03bf79c138cbc21;254.25;25;;Anilhas de Ferro;;true;;;
6a8d94fc5b7c051637e30f2b;6a3da81e68e0c9b88d29a91c;;6a3de23bc03bf79c138cbc22;9.97;25;;Muscular Fitness Brasil Ltda;;true;;;
6a8d94fc5b7c051637e30f2c;6a3da81e68e0c9b88d29a91c;;6a3de23bc03bf79c138cbc23;19.94;25;;Muscular Fitness Brasil Ltda;;true;;;
6a8d94fc5b7c051637e30f2d;6a3da81e68e0c9b88d29a91c;;6a3de23bc03bf79c138cbc24;29.91;25;;Muscular Fitness Brasil Ltda;;true;;;
6a8d94fc5b7c051637e30f2e;6a3da81e68e0c9b88d29a91c;;6a3de23bc03bf79c138cbc25;39.88;25;;Muscular Fitness Brasil Ltda;;true;;;
6a8d94fc5b7c051637e30f2f;6a3da81e68e0c9b88d29a91c;;6a3de23bc03bf79c138cbc26;49.85;25;;Muscular Fitness Brasil Ltda;;true;;;
6a8d94fc5b7c051637e30f30;6a3da81e68e0c9b88d29a91c;;6a3de23bc03bf79c138cbc27;99.7;25;;Muscular Fitness Brasil Ltda;;true;;;
6a8d94fc5b7c051637e30f31;6a3da81e68e0c9b88d29a91c;;6a3de23bc03bf79c138cbc28;149.55;25;;Muscular Fitness Brasil Ltda;;true;;;
6a8d94fc5b7c051637e30f32;6a3da81e68e0c9b88d29a91c;;6a3de23bc03bf79c138cbc29;199.4;25;;Muscular Fitness Brasil Ltda;;true;;;
6a8d94fc5b7c051637e30f33;6a3da81e68e0c9b88d29a91c;;6a3de23bc03bf79c138cbc2a;249.25;25;;Muscular Fitness Brasil Ltda;;true;;;
6a8d94fc5b7c051637e30f34;6a3da81e68e0c9b88d29a91c;;6a57bd17f3c30862052b5968;209.0566;25;;Metal Forma;;true;;;
6a8d94fc5b7c051637e30f35;6a3da81e68e0c9b88d29a91c;;6a57bd17f3c30862052b596a;239.7442;25;;Metal Forma;;true;;;
6a8d94fc5b7c051637e30f36;6a3da81e68e0c9b88d29a91c;;6a57bd17f3c30862052b596b;263.6373;25;;Metal Forma;;true;;;
6a8d94fc5b7c051637e30f37;6a3da81e68e0c9b88d29a91c;;6a57bd17f3c30862052b596c;291.84250000000003;25;;Metal Forma;;true;;;
6a8d94fc5b7c051637e30f38;6a3da81e68e0c9b88d29a91c;;6a57bd17f3c30862052b596d;175.86520000000002;25;;Metal Forma;;true;;;
6a8d94fc5b7c051637e30f39;6a3da81e68e0c9b88d29a91c;;6a57bd17f3c30862052b596e;232.2863;25;;Metal Forma;;true;;;
6a8d94fc5b7c051637e30f3a;6a3da81e68e0c9b88d29a91c;;6a57bd17f3c30862052b596f;73.7123;25;;Metal Forma;;true;;;
6a8d94fc5b7c051637e30f3b;6a3da81e68e0c9b88d29a91c;;6a57bd17f3c30862052b5970;86.2206;25;;Metal Forma;;true;;;
6a8d94fc5b7c051637e30f3c;6a3da81e68e0c9b88d29a91c;;6a57bd17f3c30862052b5971;195.1038;25;;Metal Forma;;true;;;
6a8d94fc5b7c051637e30f3d;6a3da81e68e0c9b88d29a91c;;6a57bd17f3c30862052b5972;225.6416;25;;Metal Forma;;true;;;
6a8d94fc5b7c051637e30f3e;6a3da81e68e0c9b88d29a91c;;6a57bd17f3c30862052b5974;257.67740000000003;25;;Metal Forma;;true;;;
6a8d94fc5b7c051637e30f3f;6a3da81e68e0c9b88d29a91c;;6a57bd17f3c30862052b5975;280.2223;25;;Metal Forma;;true;;;
6a8d94fc5b7c051637e30f40;6a3da81e68e0c9b88d29a91c;;6a57bd17f3c30862052b5976;308.4382;25;;Metal Forma;;true;;;
6a8d94fc5b7c051637e30f41;6a3da81e68e0c9b88d29a91c;;6a57bd17f3c30862052b5978;248.86060000000003;25;;Metal Forma;;true;;;
6a8d94fc5b7c051637e30f42;6a3da81e68e0c9b88d29a91c;;6a57bd17f3c30862052b597a;116.3839;25;;Metal Forma;;true;;;
6a8d94fc5b7c051637e30f43;6a3da81e68e0c9b88d29a91c;;6a57bd17f3c30862052b597b;223.1485;25;;Metal Forma;;true;;;
6a8d94fc5b7c051637e30f44;6a3da81e68e0c9b88d29a91c;;6a57bd17f3c30862052b597c;234.79010000000002;25;;Metal Forma;;true;;;
6a8d94fc5b7c051637e30f45;6a3da81e68e0c9b88d29a91c;;6a57bd17f3c30862052b597d;39.01;25;;Anilhas e Halteres Brasil;;true;;;
6a8d94fc5b7c051637e30f46;6a3da81e68e0c9b88d29a91c;;6a57bd17f3c30862052b597e;43.36;25;;Anilhas e Halteres Brasil;;true;;;
6a8d94fc5b7c051637e30f47;6a3da81e68e0c9b88d29a91c;;6a57bd17f3c30862052b597f;88.44;25;;Anilhas e Halteres Brasil;;true;;;
6a8d94fc5b7c051637e30f48;6a3da81e68e0c9b88d29a91c;;6a57bd17f3c30862052b5980;103.83;25;;Anilhas e Halteres Brasil;;true;;;
6a8d94fc5b7c051637e30f49;6a3da81e68e0c9b88d29a91c;;6a57bd17f3c30862052b5982;43.4;25;;Anilhas e Halteres Brasil;;true;;;
6a8d94fc5b7c051637e30f4a;6a3da81e68e0c9b88d29a91c;;6a57bd17f3c30862052b5983;124;25;;Anilhas e Halteres Brasil;;true;;;
6a8d94fc5b7c051637e30f4b;6a3da81e68e0c9b88d29a91c;;6a57bd17f3c30862052b5984;148.8;25;;Anilhas e Halteres Brasil;;true;;;
6a8d94fc5b7c051637e30f4c;6a3da81e68e0c9b88d29a91c;;6a57bd17f3c30862052b5985;173.6;25;;Anilhas e Halteres Brasil;;true;;;
6a8d94fc5b7c051637e30f4d;6a3da81e68e0c9b88d29a91c;;6a57bd17f3c30862052b5989;124;25;;Anilhas e Halteres Brasil;;true;;;
6a8d94fc5b7c051637e30f4e;6a3da81e68e0c9b88d29a91c;;6a57bd17f3c30862052b598a;805.63;25;;Anilhas e Halteres Brasil;;true;;;
6a8d94fc5b7c051637e30f4f;6a3da81e68e0c9b88d29a91c;;6a57bd17f3c30862052b598b;1287.12;25;;Anilhas e Halteres Brasil;;true;;;
6a8d94fc5b7c051637e30f50;6a3da81e68e0c9b88d29a91c;;6a57bd17f3c30862052b598d;506.04580000000004;25;;Metal Forma;;true;;;
6a8d94fc5b7c051637e30f51;6a3da81e68e0c9b88d29a91c;;6a57bd17f3c30862052b598e;910.8589000000001;25;;Metal Forma;;true;;;
6a8d94fc5b7c051637e30f52;6a3da81e68e0c9b88d29a91c;;6a57bd17f3c30862052b598f;1055.57;25;;Anilhas e Halteres Brasil;;true;;;
6a8d94fc5b7c051637e30f53;6a3da81e68e0c9b88d29a91c;;6a57bd17f3c30862052b5993;788.0871;25;;Metal Forma;;true;;;
6a8d94fc5b7c051637e30f54;6a3da81e68e0c9b88d29a91c;;6a57bd17f3c30862052b5994;913.3;25;;Anilhas e Halteres Brasil;;true;;;
6a8d94fc5b7c051637e30f55;6a3da81e68e0c9b88d29a91c;;6a57bd17f3c30862052b5998;613.8804;25;;Metal Forma;;true;;;
6a8d94fc5b7c051637e30f56;6a3da81e68e0c9b88d29a91c;;6a57bd17f3c30862052b5999;711.41;25;;Anilhas e Halteres Brasil;;true;;;
6a8d94fc5b7c051637e30f57;6a3da81e68e0c9b88d29a91c;;6a57bd17f3c30862052b599d;572.4072000000001;25;;Metal Forma;;true;;;
6a8d94fc5b7c051637e30f58;6a3da81e68e0c9b88d29a91c;;6a57bd17f3c30862052b599e;495.24950000000007;25;;Metal Forma;;true;;;
6a8d94fc5b7c051637e30f59;6a3da81e68e0c9b88d29a91c;;6a57bd17f3c30862052b599f;463.8878;25;;Metal Forma;;true;;;
6a8d94fc5b7c051637e30f5a;6a3da81e68e0c9b88d29a91c;;6a57bd17f3c30862052b59a0;472.85440000000006;25;;Metal Forma;;true;;;
6a8d94fc5b7c051637e30f5b;6a3da81e68e0c9b88d29a91c;;6a57bd17f3c30862052b59a1;512.6691000000001;25;;Metal Forma;;true;;;
6a8d94fc5b7c051637e30f5c;6a3da81e68e0c9b88d29a91c;;6a57bd17f3c30862052b59a2;695.1790000000001;25;;Metal Forma;;true;;;
6a8d94fc5b7c051637e30f5d;6a3da81e68e0c9b88d29a91c;;6a57bd17f3c30862052b59a3;805.63;25;;Anilhas e Halteres Brasil;;true;;;
6a8d94fc5b7c051637e30f5e;6a3da81e68e0c9b88d29a91c;;6a57bd17f3c30862052b59a4;805.63;25;;Anilhas e Halteres Brasil;;true;;;
6a8d94fc5b7c051637e30f5f;6a3da81e68e0c9b88d29a91c;;6a57bd17f3c30862052b59a7;612.2112;25;;Metal Forma;;true;;;
6a8d94fc5b7c051637e30f60;6a3da81e68e0c9b88d29a91c;;6a57bd17f3c30862052b59a8;709.48;25;;Anilhas e Halteres Brasil;;true;;;
6a8d94fc5b7c051637e30f61;6a3da81e68e0c9b88d29a91c;;6a57bd17f3c30862052b59ac;512.6691000000001;25;;Metal Forma;;true;;;
6a8d94fc5b7c051637e30f62;6a3da81e68e0c9b88d29a91c;;6a57bd17f3c30862052b59ad;507.98;25;;Anilhas e Halteres Brasil;;true;;;
6a8d94fc5b7c051637e30f63;6a3da81e68e0c9b88d29a91c;;6a57bd17f3c30862052b59b6;8.774;25;;Metal Forma;;true;;;
6a8d94fc5b7c051637e30f64;6a3da81e68e0c9b88d29a91c;;6a57bd17f3c30862052b59b7;8.774;25;;Metal Forma;;true;;;
6a8d94fc5b7c051637e30f65;6a3da81e68e0c9b88d29a91c;;6a57bd17f3c30862052b59b8;19.153;25;;Metal Forma;;true;;;
6a8d94fc5b7c051637e30f66;6a3da81e68e0c9b88d29a91c;;6a57bd17f3c30862052b59b9;19.153;25;;Metal Forma;;true;;;
6a8d94fc5b7c051637e30f67;6a3da81e68e0c9b88d29a91c;;6a57bd17f3c30862052b59ba;38.413000000000004;25;;Metal Forma;;true;;;
6a8d94fc5b7c051637e30f68;6a3da81e68e0c9b88d29a91c;;6a7b134f920160ed9c20e868;1115.38;25;;Furious Equipment;;true;;;
6a8d94fc5b7c051637e30f69;6a3da81e68e0c9b88d29a91c;;6a7b134f920160ed9c20e869;792.31;25;;Furious Equipment;;true;;;
6a8d94fc5b7c051637e30f6a;6a3da81e68e0c9b88d29a91c;;6a7b134f920160ed9c20e86d;1135.85;25;;Furious Equipment;;true;;;
6a8d94fc5b7c051637e30f6b;6a3da81e68e0c9b88d29a91c;;6a7b134f920160ed9c20e86e;1000.28;25;;Furious Equipment;;true;;;
6a8d94fc5b7c051637e30f6c;6a3da81e68e0c9b88d29a91c;;6a7a5778c55f947381e6c2ad;49.77640000000001;25;;Fundição Unibrás;;true;;;
6a8d94fc5b7c051637e30f6d;6a3da81e68e0c9b88d29a91c;;6a7a5778c55f947381e6c2ae;74.66460000000001;25;;Fundição Unibrás;;true;;;
6a8d94fc5b7c051637e30f6e;6a3da81e68e0c9b88d29a91c;;6a7a5778c55f947381e6c2af;99.55280000000002;25;;Fundição Unibrás;;true;;;
6a8d94fc5b7c051637e30f6f;6a3da81e68e0c9b88d29a91c;;6a7a5778c55f947381e6c2b0;124.441;25;;Fundição Unibrás;;true;;;
6a8d94fc5b7c051637e30f70;6a3da81e68e0c9b88d29a91c;;6a7a5778c55f947381e6c2b1;149.32920000000001;25;;Fundição Unibrás;;true;;;
6a8d94fc5b7c051637e30f71;6a3da81e68e0c9b88d29a91c;;6a7a5778c55f947381e6c2a8;40.7884;25;;Fundição Unibrás;;true;;;
6a8d94fc5b7c051637e30f72;6a3da81e68e0c9b88d29a91c;;6a7a5778c55f947381e6c2a9;61.1826;25;;Fundição Unibrás;;true;;;
6a8d94fc5b7c051637e30f73;6a3da81e68e0c9b88d29a91c;;6a7a5778c55f947381e6c2aa;81.5768;25;;Fundição Unibrás;;true;;;
6a8d94fc5b7c051637e30f74;6a3da81e68e0c9b88d29a91c;;6a7a5778c55f947381e6c2ab;101.971;25;;Fundição Unibrás;;true;;;
6a8d94fc5b7c051637e30f75;6a3da81e68e0c9b88d29a91c;;6a7a5778c55f947381e6c2ac;122.3652;25;;Fundição Unibrás;;true;;;
6a8d94fc5b7c051637e30f76;6a3da81e68e0c9b88d29a91c;;6a57db9fcbeb4107550b2a51;59.92;25;;Caneleira e Cia;;true;;;
6a8d94fc5b7c051637e30f77;6a3da81e68e0c9b88d29a91c;;6a57db9fcbeb4107550b2a52;66.34;25;;Caneleira e Cia;;true;;;
6a8d94fc5b7c051637e30f78;6a3da81e68e0c9b88d29a91c;;6a57db9fcbeb4107550b2a50;43.870000000000005;25;;Caneleira e Cia;;true;;;
6a8d94fc5b7c051637e30f79;6a3da81e68e0c9b88d29a91c;;6a7b13c0603b667969eea322;76.36;25;;Furious Equipment;;true;;;
6a8d94fc5b7c051637e30f7a;6a3da81e68e0c9b88d29a91c;;6a3feaacbbf27f5ae7f1932e;126.9;25;;Anilhas de Ferro;;true;;;
6a8d94fc5b7c051637e30f7b;6a3da81e68e0c9b88d29a91c;;6a3feaacbbf27f5ae7f1932f;152.28;25;;Anilhas de Ferro;;true;;;
6a8d94fc5b7c051637e30f7c;6a3da81e68e0c9b88d29a91c;;6a3feaacbbf27f5ae7f19330;177.66;25;;Anilhas de Ferro;;true;;;
6a8d94fc5b7c051637e30f7d;6a3da81e68e0c9b88d29a91c;;6a3feaacbbf27f5ae7f19331;203.04;25;;Anilhas de Ferro;;true;;;
6a8d94fc5b7c051637e30f7e;6a3da81e68e0c9b88d29a91c;;6a3feaacbbf27f5ae7f19332;228.42;25;;Anilhas de Ferro;;true;;;
6a8d94fc5b7c051637e30f7f;6a3da81e68e0c9b88d29a91c;;6a3feaacbbf27f5ae7f19333;253.8;25;;Anilhas de Ferro;;true;;;
6a8d94fc5b7c051637e30f80;6a3da81e68e0c9b88d29a91c;;6a3feaacbbf27f5ae7f19334;279.18;25;;Anilhas de Ferro;;true;;;
6a8d94fc5b7c051637e30f81;6a3da81e68e0c9b88d29a91c;;6a3feaacbbf27f5ae7f19335;304.56;25;;Anilhas de Ferro;;true;;;
6a8d94fc5b7c051637e30f82;6a3da81e68e0c9b88d29a91c;;6a3feaacbbf27f5ae7f19336;329.94;25;;Anilhas de Ferro;;true;;;
6a8d94fc5b7c051637e30f83;6a3da81e68e0c9b88d29a91c;;6a3feaacbbf27f5ae7f19337;355.32;25;;Anilhas de Ferro;;true;;;
6a8d94fc5b7c051637e30f84;6a3da81e68e0c9b88d29a91c;;6a3feaacbbf27f5ae7f19338;380.7;25;;Anilhas de Ferro;;true;;;
6a8d94fc5b7c051637e30f85;6a3da81e68e0c9b88d29a91c;;6a3feaacbbf27f5ae7f19339;406.08;25;;Anilhas de Ferro;;true;;;
6a8d94fc5b7c051637e30f86;6a3da81e68e0c9b88d29a91c;;6a3feaacbbf27f5ae7f1933a;431.46;25;;Anilhas de Ferro;;true;;;
6a8d94fc5b7c051637e30f87;6a3da81e68e0c9b88d29a91c;;6a3feaacbbf27f5ae7f1933b;456.84;25;;Anilhas de Ferro;;true;;;
6a8d94fc5b7c051637e30f88;6a3da81e68e0c9b88d29a91c;;6a3feaacbbf27f5ae7f1933c;482.22;25;;Anilhas de Ferro;;true;;;
6a8d94fc5b7c051637e30f89;6a3da81e68e0c9b88d29a91c;;6a3feaacbbf27f5ae7f1933d;507.6;25;;Anilhas de Ferro;;true;;;
6a8d94fc5b7c051637e30f8a;6a3da81e68e0c9b88d29a91c;;6a3feaacbbf27f5ae7f1933e;532.98;25;;Anilhas de Ferro;;true;;;
6a8d94fc5b7c051637e30f8b;6a3da81e68e0c9b88d29a91c;;6a3feaacbbf27f5ae7f1933f;558.36;25;;Anilhas de Ferro;;true;;;
6a8d94fc5b7c051637e30f8c;6a3da81e68e0c9b88d29a91c;;6a3feaacbbf27f5ae7f19340;583.74;25;;Anilhas de Ferro;;true;;;
6a8d94fc5b7c051637e30f8d;6a3da81e68e0c9b88d29a91c;;6a3feaacbbf27f5ae7f19341;609.12;25;;Anilhas de Ferro;;true;;;
6a8d94fc5b7c051637e30f8e;6a3da81e68e0c9b88d29a91c;;6a3feaacbbf27f5ae7f19342;634.5;25;;Anilhas de Ferro;;true;;;
6a8d94fc5b7c051637e30f8f;6a3da81e68e0c9b88d29a91c;;6a3feaacbbf27f5ae7f19343;210.8;25;;Planeta Vendas;;true;;;
6a8d94fc5b7c051637e30f90;6a3da81e68e0c9b88d29a91c;;6a3feaacbbf27f5ae7f19344;252.96;25;;Planeta Vendas;;true;;;
6a8d94fc5b7c051637e30f91;6a3da81e68e0c9b88d29a91c;;6a3feaacbbf27f5ae7f19345;295.12;25;;Planeta Vendas;;true;;;
6a8d94fc5b7c051637e30f92;6a3da81e68e0c9b88d29a91c;;6a3feaacbbf27f5ae7f19346;337.28;25;;Planeta Vendas;;true;;;
6a8d94fc5b7c051637e30f93;6a3da81e68e0c9b88d29a91c;;6a3feaacbbf27f5ae7f19347;379.44;25;;Planeta Vendas;;true;;;
6a8d94fc5b7c051637e30f94;6a3da81e68e0c9b88d29a91c;;6a3feaacbbf27f5ae7f19348;421.6;25;;Planeta Vendas;;true;;;
6a8d94fc5b7c051637e30f95;6a3da81e68e0c9b88d29a91c;;6a3feaacbbf27f5ae7f19349;463.76;25;;Planeta Vendas;;true;;;
6a8d94fc5b7c051637e30f96;6a3da81e68e0c9b88d29a91c;;6a3feaacbbf27f5ae7f1934a;505.92;25;;Planeta Vendas;;true;;;
6a8d94fc5b7c051637e30f97;6a3da81e68e0c9b88d29a91c;;6a3feaacbbf27f5ae7f1934b;548.08;25;;Planeta Vendas;;true;;;
6a8d94fc5b7c051637e30f98;6a3da81e68e0c9b88d29a91c;;6a3feaacbbf27f5ae7f1934c;590.24;25;;Planeta Vendas;;true;;;
6a8d94fc5b7c051637e30f99;6a3da81e68e0c9b88d29a91c;;6a3feaacbbf27f5ae7f1934d;632.4;25;;Planeta Vendas;;true;;;
6a8d94fc5b7c051637e30f9a;6a3da81e68e0c9b88d29a91c;;6a3feaacbbf27f5ae7f1934e;674.56;25;;Planeta Vendas;;true;;;
6a8d94fc5b7c051637e30f9b;6a3da81e68e0c9b88d29a91c;;6a3feaacbbf27f5ae7f1934f;716.72;25;;Planeta Vendas;;true;;;
6a8d94fc5b7c051637e30f9c;6a3da81e68e0c9b88d29a91c;;6a3feaacbbf27f5ae7f19350;758.88;25;;Planeta Vendas;;true;;;
6a8d94fc5b7c051637e30f9d;6a3da81e68e0c9b88d29a91c;;6a3feaacbbf27f5ae7f19351;801.04;25;;Planeta Vendas;;true;;;
6a8d94fc5b7c051637e30f9e;6a3da81e68e0c9b88d29a91c;;6a3feaacbbf27f5ae7f19352;843.2;25;;Planeta Vendas;;true;;;
6a8d94fc5b7c051637e30f9f;6a3da81e68e0c9b88d29a91c;;6a3feaacbbf27f5ae7f19353;885.36;25;;Planeta Vendas;;true;;;
6a8d94fc5b7c051637e30fa0;6a3da81e68e0c9b88d29a91c;;6a3feaacbbf27f5ae7f19354;927.52;25;;Planeta Vendas;;true;;;
6a8d94fc5b7c051637e30fa1;6a3da81e68e0c9b88d29a91c;;6a3feaacbbf27f5ae7f19355;969.68;25;;Planeta Vendas;;true;;;
6a8d94fc5b7c051637e30fa2;6a3da81e68e0c9b88d29a91c;;6a3feaacbbf27f5ae7f19356;1011.84;25;;Planeta Vendas;;true;;;
6a8d94fc5b7c051637e30fa3;6a3da81e68e0c9b88d29a91c;;6a3feaacbbf27f5ae7f19357;1054;25;;Planeta Vendas;;true;;;
6a8d94fc5b7c051637e30fa4;6a3da81e68e0c9b88d29a91c;;6a3feaacbbf27f5ae7f19304;150.3;25;;Anilhas de Ferro;;true;;;
6a8d94fc5b7c051637e30fa5;6a3da81e68e0c9b88d29a91c;;6a3feaacbbf27f5ae7f19305;180.36;25;;Anilhas de Ferro;;true;;;
6a8d94fc5b7c051637e30fa6;6a3da81e68e0c9b88d29a91c;;6a3feaacbbf27f5ae7f19306;210.42;25;;Anilhas de Ferro;;true;;;
6a8d94fc5b7c051637e30fa7;6a3da81e68e0c9b88d29a91c;;6a3feaacbbf27f5ae7f19307;240.48;25;;Anilhas de Ferro;;true;;;
6a8d94fc5b7c051637e30fa8;6a3da81e68e0c9b88d29a91c;;6a3feaacbbf27f5ae7f19308;270.54;25;;Anilhas de Ferro;;true;;;
6a8d94fc5b7c051637e30fa9;6a3da81e68e0c9b88d29a91c;;6a3feaacbbf27f5ae7f19309;300.6;25;;Anilhas de Ferro;;true;;;
6a8d94fc5b7c051637e30faa;6a3da81e68e0c9b88d29a91c;;6a3feaacbbf27f5ae7f1930a;330.66;25;;Anilhas de Ferro;;true;;;
6a8d94fc5b7c051637e30fab;6a3da81e68e0c9b88d29a91c;;6a3feaacbbf27f5ae7f1930b;360.72;25;;Anilhas de Ferro;;true;;;
6a8d94fc5b7c051637e30fac;6a3da81e68e0c9b88d29a91c;;6a3feaacbbf27f5ae7f1930c;390.78;25;;Anilhas de Ferro;;true;;;
6a8d94fc5b7c051637e30fad;6a3da81e68e0c9b88d29a91c;;6a3feaacbbf27f5ae7f1930d;420.84;25;;Anilhas de Ferro;;true;;;
6a8d94fc5b7c051637e30fae;6a3da81e68e0c9b88d29a91c;;6a3feaacbbf27f5ae7f1930e;450.9;25;;Anilhas de Ferro;;true;;;
6a8d94fc5b7c051637e30faf;6a3da81e68e0c9b88d29a91c;;6a3feaacbbf27f5ae7f1930f;480.96;25;;Anilhas de Ferro;;true;;;
6a8d94fc5b7c051637e30fb0;6a3da81e68e0c9b88d29a91c;;6a3feaacbbf27f5ae7f19310;511.02;25;;Anilhas de Ferro;;true;;;
6a8d94fc5b7c051637e30fb1;6a3da81e68e0c9b88d29a91c;;6a3feaacbbf27f5ae7f19311;541.08;25;;Anilhas de Ferro;;true;;;
6a8d94fc5b7c051637e30fb2;6a3da81e68e0c9b88d29a91c;;6a3feaacbbf27f5ae7f19312;571.14;25;;Anilhas de Ferro;;true;;;
6a8d94fc5b7c051637e30fb3;6a3da81e68e0c9b88d29a91c;;6a3feaacbbf27f5ae7f19313;601.2;25;;Anilhas de Ferro;;true;;;
6a8d94fc5b7c051637e30fb4;6a3da81e68e0c9b88d29a91c;;6a3feaacbbf27f5ae7f19314;631.26;25;;Anilhas de Ferro;;true;;;
6a8d94fc5b7c051637e30fb5;6a3da81e68e0c9b88d29a91c;;6a3feaacbbf27f5ae7f19315;661.32;25;;Anilhas de Ferro;;true;;;
6a8d94fc5b7c051637e30fb6;6a3da81e68e0c9b88d29a91c;;6a3feaacbbf27f5ae7f19316;691.38;25;;Anilhas de Ferro;;true;;;
6a8d94fc5b7c051637e30fb7;6a3da81e68e0c9b88d29a91c;;6a3feaacbbf27f5ae7f19317;721.44;25;;Anilhas de Ferro;;true;;;
6a8d94fc5b7c051637e30fb8;6a3da81e68e0c9b88d29a91c;;6a3feaacbbf27f5ae7f19318;751.5;25;;Anilhas de Ferro;;true;;;
6a8d94fc5b7c051637e30fb9;6a3da81e68e0c9b88d29a91c;;6a3feaacbbf27f5ae7f192da;175.5;25;;Anilhas de Ferro;;true;;;
6a8d94fc5b7c051637e30fba;6a3da81e68e0c9b88d29a91c;;6a3feaacbbf27f5ae7f192db;210.6;25;;Anilhas de Ferro;;true;;;
6a8d94fc5b7c051637e30fbb;6a3da81e68e0c9b88d29a91c;;6a3feaacbbf27f5ae7f192dc;245.7;25;;Anilhas de Ferro;;true;;;
6a8d94fc5b7c051637e30fbc;6a3da81e68e0c9b88d29a91c;;6a3feaacbbf27f5ae7f192dd;280.8;25;;Anilhas de Ferro;;true;;;
6a8d94fc5b7c051637e30fbd;6a3da81e68e0c9b88d29a91c;;6a3feaacbbf27f5ae7f192de;315.9;25;;Anilhas de Ferro;;true;;;
6a8d94fc5b7c051637e30fbe;6a3da81e68e0c9b88d29a91c;;6a3feaacbbf27f5ae7f192df;351;25;;Anilhas de Ferro;;true;;;
6a8d94fc5b7c051637e30fbf;6a3da81e68e0c9b88d29a91c;;6a3feaacbbf27f5ae7f192e0;386.1;25;;Anilhas de Ferro;;true;;;
6a8d94fc5b7c051637e30fc0;6a3da81e68e0c9b88d29a91c;;6a3feaacbbf27f5ae7f192e1;421.2;25;;Anilhas de Ferro;;true;;;
6a8d94fc5b7c051637e30fc1;6a3da81e68e0c9b88d29a91c;;6a3feaacbbf27f5ae7f192e2;456.3;25;;Anilhas de Ferro;;true;;;
6a8d94fc5b7c051637e30fc2;6a3da81e68e0c9b88d29a91c;;6a3feaacbbf27f5ae7f192e3;491.4;25;;Anilhas de Ferro;;true;;;
6a8d94fc5b7c051637e30fc3;6a3da81e68e0c9b88d29a91c;;6a3feaacbbf27f5ae7f192e4;526.5;25;;Anilhas de Ferro;;true;;;
6a8d94fc5b7c051637e30fc4;6a3da81e68e0c9b88d29a91c;;6a3feaacbbf27f5ae7f192e5;561.6;25;;Anilhas de Ferro;;true;;;
6a8d94fc5b7c051637e30fc5;6a3da81e68e0c9b88d29a91c;;6a3feaacbbf27f5ae7f192e6;596.7;25;;Anilhas de Ferro;;true;;;
6a8d94fc5b7c051637e30fc6;6a3da81e68e0c9b88d29a91c;;6a3feaacbbf27f5ae7f192e7;631.8;25;;Anilhas de Ferro;;true;;;
6a8d94fc5b7c051637e30fc7;6a3da81e68e0c9b88d29a91c;;6a3feaacbbf27f5ae7f192e8;666.9;25;;Anilhas de Ferro;;true;;;
6a8d94fc5b7c051637e30fc8;6a3da81e68e0c9b88d29a91c;;6a3feaacbbf27f5ae7f192e9;702;25;;Anilhas de Ferro;;true;;;
6a8d94fc5b7c051637e30fc9;6a3da81e68e0c9b88d29a91c;;6a3feaacbbf27f5ae7f192ea;737.1;25;;Anilhas de Ferro;;true;;;
6a8d94fc5b7c051637e30fca;6a3da81e68e0c9b88d29a91c;;6a3feaacbbf27f5ae7f192eb;772.2;25;;Anilhas de Ferro;;true;;;
6a8d94fc5b7c051637e30fcb;6a3da81e68e0c9b88d29a91c;;6a3feaacbbf27f5ae7f192ec;807.3;25;;Anilhas de Ferro;;true;;;
6a8d94fc5b7c051637e30fcc;6a3da81e68e0c9b88d29a91c;;6a3feaacbbf27f5ae7f192ed;842.4;25;;Anilhas de Ferro;;true;;;
6a8d94fc5b7c051637e30fcd;6a3da81e68e0c9b88d29a91c;;6a3feaacbbf27f5ae7f192ee;877.5;25;;Anilhas de Ferro;;true;;;
6a8d94fc5b7c051637e30fce;6a3da81e68e0c9b88d29a91c;;6a3feaacbbf27f5ae7f192ef;251.1;25;;Planeta Vendas;;true;;;
6a8d94fc5b7c051637e30fcf;6a3da81e68e0c9b88d29a91c;;6a3feaacbbf27f5ae7f192f0;301.32;25;;Planeta Vendas;;true;;;
6a8d94fc5b7c051637e30fd0;6a3da81e68e0c9b88d29a91c;;6a3feaacbbf27f5ae7f192f1;351.54;25;;Planeta Vendas;;true;;;
6a8d94fc5b7c051637e30fd1;6a3da81e68e0c9b88d29a91c;;6a3feaacbbf27f5ae7f192f2;401.76;25;;Planeta Vendas;;true;;;
6a8d94fc5b7c051637e30fd2;6a3da81e68e0c9b88d29a91c;;6a3feaacbbf27f5ae7f192f3;451.98;25;;Planeta Vendas;;true;;;
6a8d94fc5b7c051637e30fd3;6a3da81e68e0c9b88d29a91c;;6a3feaacbbf27f5ae7f192f4;502.2;25;;Planeta Vendas;;true;;;
6a8d94fc5b7c051637e30fd4;6a3da81e68e0c9b88d29a91c;;6a3feaacbbf27f5ae7f192f5;552.42;25;;Planeta Vendas;;true;;;
6a8d94fc5b7c051637e30fd5;6a3da81e68e0c9b88d29a91c;;6a3feaacbbf27f5ae7f192f6;602.64;25;;Planeta Vendas;;true;;;
6a8d94fc5b7c051637e30fd6;6a3da81e68e0c9b88d29a91c;;6a3feaacbbf27f5ae7f192f7;652.86;25;;Planeta Vendas;;true;;;
6a8d94fc5b7c051637e30fd7;6a3da81e68e0c9b88d29a91c;;6a3feaacbbf27f5ae7f192f8;703.08;25;;Planeta Vendas;;true;;;
6a8d94fc5b7c051637e30fd8;6a3da81e68e0c9b88d29a91c;;6a3feaacbbf27f5ae7f192f9;753.3;25;;Planeta Vendas;;true;;;
6a8d94fc5b7c051637e30fd9;6a3da81e68e0c9b88d29a91c;;6a3feaacbbf27f5ae7f192fa;803.52;25;;Planeta Vendas;;true;;;
6a8d94fc5b7c051637e30fda;6a3da81e68e0c9b88d29a91c;;6a3feaacbbf27f5ae7f192fb;853.74;25;;Planeta Vendas;;true;;;
6a8d94fc5b7c051637e30fdb;6a3da81e68e0c9b88d29a91c;;6a3feaacbbf27f5ae7f192fc;903.96;25;;Planeta Vendas;;true;;;
6a8d94fc5b7c051637e30fdc;6a3da81e68e0c9b88d29a91c;;6a3feaacbbf27f5ae7f192fd;954.18;25;;Planeta Vendas;;true;;;
6a8d94fc5b7c051637e30fdd;6a3da81e68e0c9b88d29a91c;;6a3feaacbbf27f5ae7f192fe;1004.4;25;;Planeta Vendas;;true;;;
6a8d94fc5b7c051637e30fde;6a3da81e68e0c9b88d29a91c;;6a3feaacbbf27f5ae7f192ff;1054.62;25;;Planeta Vendas;;true;;;
6a8d94fc5b7c051637e30fdf;6a3da81e68e0c9b88d29a91c;;6a3feaacbbf27f5ae7f19300;1104.84;25;;Planeta Vendas;;true;;;
6a8d94fc5b7c051637e30fe0;6a3da81e68e0c9b88d29a91c;;6a3feaacbbf27f5ae7f19301;1155.06;25;;Planeta Vendas;;true;;;
6a8d94fc5b7c051637e30fe1;6a3da81e68e0c9b88d29a91c;;6a3feaacbbf27f5ae7f19302;1205.28;25;;Planeta Vendas;;true;;;
6a8d94fc5b7c051637e30fe2;6a3da81e68e0c9b88d29a91c;;6a3feaacbbf27f5ae7f19303;1255.5;25;;Planeta Vendas;;true;;;
6a8d94fc5b7c051637e30fe3;6a3da81e68e0c9b88d29a91c;;6a3feaacbbf27f5ae7f192b0;203.4;25;;Anilhas de Ferro;;true;;;
6a8d94fc5b7c051637e30fe4;6a3da81e68e0c9b88d29a91c;;6a3feaacbbf27f5ae7f192b1;244.08;25;;Anilhas de Ferro;;true;;;
6a8d94fc5b7c051637e30fe5;6a3da81e68e0c9b88d29a91c;;6a3feaacbbf27f5ae7f192b2;284.76;25;;Anilhas de Ferro;;true;;;
6a8d94fc5b7c051637e30fe6;6a3da81e68e0c9b88d29a91c;;6a3feaacbbf27f5ae7f192b3;325.44;25;;Anilhas de Ferro;;true;;;
6a8d94fc5b7c051637e30fe7;6a3da81e68e0c9b88d29a91c;;6a3feaacbbf27f5ae7f192b4;366.12;25;;Anilhas de Ferro;;true;;;
6a8d94fc5b7c051637e30fe8;6a3da81e68e0c9b88d29a91c;;6a3feaacbbf27f5ae7f192b5;406.8;25;;Anilhas de Ferro;;true;;;
6a8d94fc5b7c051637e30fe9;6a3da81e68e0c9b88d29a91c;;6a3feaacbbf27f5ae7f192b6;447.48;25;;Anilhas de Ferro;;true;;;
6a8d94fc5b7c051637e30fea;6a3da81e68e0c9b88d29a91c;;6a3feaacbbf27f5ae7f192b7;488.16;25;;Anilhas de Ferro;;true;;;
6a8d94fc5b7c051637e30feb;6a3da81e68e0c9b88d29a91c;;6a3feaacbbf27f5ae7f192b8;528.84;25;;Anilhas de Ferro;;true;;;
6a8d94fc5b7c051637e30fec;6a3da81e68e0c9b88d29a91c;;6a3feaacbbf27f5ae7f192b9;569.52;25;;Anilhas de Ferro;;true;;;
6a8d94fc5b7c051637e30fed;6a3da81e68e0c9b88d29a91c;;6a3feaacbbf27f5ae7f192ba;610.2;25;;Anilhas de Ferro;;true;;;
6a8d94fc5b7c051637e30fee;6a3da81e68e0c9b88d29a91c;;6a3feaacbbf27f5ae7f192bb;650.88;25;;Anilhas de Ferro;;true;;;
6a8d94fc5b7c051637e30fef;6a3da81e68e0c9b88d29a91c;;6a3feaacbbf27f5ae7f192bc;691.56;25;;Anilhas de Ferro;;true;;;
6a8d94fc5b7c051637e30ff0;6a3da81e68e0c9b88d29a91c;;6a3feaacbbf27f5ae7f192bd;732.24;25;;Anilhas de Ferro;;true;;;
6a8d94fc5b7c051637e30ff1;6a3da81e68e0c9b88d29a91c;;6a3feaacbbf27f5ae7f192be;772.92;25;;Anilhas de Ferro;;true;;;
6a8d94fc5b7c051637e30ff2;6a3da81e68e0c9b88d29a91c;;6a3feaacbbf27f5ae7f192bf;813.6;25;;Anilhas de Ferro;;true;;;
6a8d94fc5b7c051637e30ff3;6a3da81e68e0c9b88d29a91c;;6a3feaacbbf27f5ae7f192c0;854.28;25;;Anilhas de Ferro;;true;;;
6a8d94fc5b7c051637e30ff4;6a3da81e68e0c9b88d29a91c;;6a3feaacbbf27f5ae7f192c1;894.96;25;;Anilhas de Ferro;;true;;;
6a8d94fc5b7c051637e30ff5;6a3da81e68e0c9b88d29a91c;;6a3feaacbbf27f5ae7f192c2;935.64;25;;Anilhas de Ferro;;true;;;
6a8d94fc5b7c051637e30ff6;6a3da81e68e0c9b88d29a91c;;6a3feaacbbf27f5ae7f192c3;976.32;25;;Anilhas de Ferro;;true;;;
6a8d94fc5b7c051637e30ff7;6a3da81e68e0c9b88d29a91c;;6a3feaacbbf27f5ae7f192c4;1017;25;;Anilhas de Ferro;;true;;;
6a8d94fc5b7c051637e30ff8;6a3da81e68e0c9b88d29a91c;;6a3feaacbbf27f5ae7f19286;110.7;25;;Anilhas de Ferro;;true;;;
6a8d94fc5b7c051637e30ff9;6a3da81e68e0c9b88d29a91c;;6a3feaacbbf27f5ae7f19287;132.84;25;;Anilhas de Ferro;;true;;;
6a8d94fc5b7c051637e30ffa;6a3da81e68e0c9b88d29a91c;;6a3feaacbbf27f5ae7f19288;154.98;25;;Anilhas de Ferro;;true;;;
6a8d94fc5b7c051637e30ffb;6a3da81e68e0c9b88d29a91c;;6a3feaacbbf27f5ae7f19289;177.12;25;;Anilhas de Ferro;;true;;;
6a8d94fc5b7c051637e30ffc;6a3da81e68e0c9b88d29a91c;;6a3feaacbbf27f5ae7f1928a;199.26;25;;Anilhas de Ferro;;true;;;
6a8d94fc5b7c051637e30ffd;6a3da81e68e0c9b88d29a91c;;6a3feaacbbf27f5ae7f1928b;221.4;25;;Anilhas de Ferro;;true;;;
6a8d94fc5b7c051637e30ffe;6a3da81e68e0c9b88d29a91c;;6a3feaacbbf27f5ae7f1928c;243.54;25;;Anilhas de Ferro;;true;;;
6a8d94fc5b7c051637e30fff;6a3da81e68e0c9b88d29a91c;;6a3feaacbbf27f5ae7f1928d;265.68;25;;Anilhas de Ferro;;true;;;
6a8d94fc5b7c051637e31000;6a3da81e68e0c9b88d29a91c;;6a3feaacbbf27f5ae7f1928e;287.82;25;;Anilhas de Ferro;;true;;;
6a8d94fc5b7c051637e31001;6a3da81e68e0c9b88d29a91c;;6a3feaacbbf27f5ae7f1928f;309.96;25;;Anilhas de Ferro;;true;;;
6a8d94fc5b7c051637e31002;6a3da81e68e0c9b88d29a91c;;6a3feaacbbf27f5ae7f19290;332.1;25;;Anilhas de Ferro;;true;;;
6a8d94fc5b7c051637e31003;6a3da81e68e0c9b88d29a91c;;6a3feaacbbf27f5ae7f19291;354.24;25;;Anilhas de Ferro;;true;;;
6a8d94fc5b7c051637e31004;6a3da81e68e0c9b88d29a91c;;6a3feaacbbf27f5ae7f19292;376.38;25;;Anilhas de Ferro;;true;;;
6a8d94fc5b7c051637e31005;6a3da81e68e0c9b88d29a91c;;6a3feaacbbf27f5ae7f19293;398.52;25;;Anilhas de Ferro;;true;;;
6a8d94fc5b7c051637e31006;6a3da81e68e0c9b88d29a91c;;6a3feaacbbf27f5ae7f19294;420.66;25;;Anilhas de Ferro;;true;;;
6a8d94fc5b7c051637e31007;6a3da81e68e0c9b88d29a91c;;6a3feaacbbf27f5ae7f19295;442.8;25;;Anilhas de Ferro;;true;;;
6a8d94fc5b7c051637e31008;6a3da81e68e0c9b88d29a91c;;6a3feaacbbf27f5ae7f19296;464.94;25;;Anilhas de Ferro;;true;;;
6a8d94fc5b7c051637e31009;6a3da81e68e0c9b88d29a91c;;6a3feaacbbf27f5ae7f19297;487.08;25;;Anilhas de Ferro;;true;;;
6a8d94fc5b7c051637e3100a;6a3da81e68e0c9b88d29a91c;;6a3feaacbbf27f5ae7f19298;509.22;25;;Anilhas de Ferro;;true;;;
6a8d94fc5b7c051637e3100b;6a3da81e68e0c9b88d29a91c;;6a3feaacbbf27f5ae7f19299;531.36;25;;Anilhas de Ferro;;true;;;
6a8d94fc5b7c051637e3100c;6a3da81e68e0c9b88d29a91c;;6a3feaacbbf27f5ae7f1929a;553.5;25;;Anilhas de Ferro;;true;;;
6a8d94fc5b7c051637e3100d;6a3da81e68e0c9b88d29a91c;;6a3feaacbbf27f5ae7f1925c;132.3;25;;Anilhas de Ferro;;true;;;
6a8d94fc5b7c051637e3100e;6a3da81e68e0c9b88d29a91c;;6a3feaacbbf27f5ae7f1925d;158.76;25;;Anilhas de Ferro;;true;;;
6a8d94fc5b7c051637e3100f;6a3da81e68e0c9b88d29a91c;;6a3feaacbbf27f5ae7f1925e;185.22;25;;Anilhas de Ferro;;true;;;
6a8d94fc5b7c051637e31010;6a3da81e68e0c9b88d29a91c;;6a3feaacbbf27f5ae7f1925f;211.68;25;;Anilhas de Ferro;;true;;;
6a8d94fc5b7c051637e31011;6a3da81e68e0c9b88d29a91c;;6a3feaacbbf27f5ae7f19260;238.14;25;;Anilhas de Ferro;;true;;;
6a8d94fc5b7c051637e31012;6a3da81e68e0c9b88d29a91c;;6a3feaacbbf27f5ae7f19261;264.6;25;;Anilhas de Ferro;;true;;;
6a8d94fc5b7c051637e31013;6a3da81e68e0c9b88d29a91c;;6a3feaacbbf27f5ae7f19262;291.06;25;;Anilhas de Ferro;;true;;;
6a8d94fc5b7c051637e31014;6a3da81e68e0c9b88d29a91c;;6a3feaacbbf27f5ae7f19263;317.52;25;;Anilhas de Ferro;;true;;;
6a8d94fc5b7c051637e31015;6a3da81e68e0c9b88d29a91c;;6a3feaacbbf27f5ae7f19264;343.98;25;;Anilhas de Ferro;;true;;;
6a8d94fc5b7c051637e31016;6a3da81e68e0c9b88d29a91c;;6a3feaacbbf27f5ae7f19265;370.44;25;;Anilhas de Ferro;;true;;;
6a8d94fc5b7c051637e31017;6a3da81e68e0c9b88d29a91c;;6a3feaacbbf27f5ae7f19266;396.9;25;;Anilhas de Ferro;;true;;;
6a8d94fc5b7c051637e31018;6a3da81e68e0c9b88d29a91c;;6a3feaacbbf27f5ae7f19267;423.36;25;;Anilhas de Ferro;;true;;;
6a8d94fc5b7c051637e31019;6a3da81e68e0c9b88d29a91c;;6a3feaacbbf27f5ae7f19268;449.82;25;;Anilhas de Ferro;;true;;;
6a8d94fc5b7c051637e3101a;6a3da81e68e0c9b88d29a91c;;6a3feaacbbf27f5ae7f19269;476.28;25;;Anilhas de Ferro;;true;;;
6a8d94fc5b7c051637e3101b;6a3da81e68e0c9b88d29a91c;;6a3feaacbbf27f5ae7f1926a;502.74;25;;Anilhas de Ferro;;true;;;
6a8d94fc5b7c051637e3101c;6a3da81e68e0c9b88d29a91c;;6a3feaacbbf27f5ae7f1926b;529.2;25;;Anilhas de Ferro;;true;;;
6a8d94fc5b7c051637e3101d;6a3da81e68e0c9b88d29a91c;;6a3feaacbbf27f5ae7f1926c;555.66;25;;Anilhas de Ferro;;true;;;
6a8d94fc5b7c051637e3101e;6a3da81e68e0c9b88d29a91c;;6a3feaacbbf27f5ae7f1926d;582.12;25;;Anilhas de Ferro;;true;;;
6a8d94fc5b7c051637e3101f;6a3da81e68e0c9b88d29a91c;;6a3feaacbbf27f5ae7f1926e;608.58;25;;Anilhas de Ferro;;true;;;
6a8d94fc5b7c051637e31020;6a3da81e68e0c9b88d29a91c;;6a3feaacbbf27f5ae7f1926f;635.04;25;;Anilhas de Ferro;;true;;;
6a8d94fc5b7c051637e31021;6a3da81e68e0c9b88d29a91c;;6a3feaacbbf27f5ae7f19270;661.5;25;;Anilhas de Ferro;;true;;;
6a8d94fc5b7c051637e31022;6a3da81e68e0c9b88d29a91c;;6a3feaaa0cc7ebc213990c43;15.87;25;;Anilhas e Halteres Brasil;;true;;;
6a8d94fc5b7c051637e31023;6a3da81e68e0c9b88d29a91c;;6a3feaaa0cc7ebc213990c1a;101.31;25;;Planeta Vendas;;true;;;
6a8d94fc5b7c051637e31024;6a3da81e68e0c9b88d29a91c;;6a3feaaa0cc7ebc213990c1b;96.24;25;;Planeta Vendas;;true;;;
6a8d94fc5b7c051637e31025;6a3da81e68e0c9b88d29a91c;;6a3feaaa0cc7ebc213990c1c;141.83;25;;Planeta Vendas;;true;;;
6a8d94fc5b7c051637e31026;6a3da81e68e0c9b88d29a91c;;6a3feaaa0cc7ebc213990c1d;128.32;25;;Planeta Vendas;;true;;;
6a8d94fc5b7c051637e31027;6a3da81e68e0c9b88d29a91c;;6a3feaaa0cc7ebc213990c1e;182.35;25;;Planeta Vendas;;true;;;
6a8d94fc5b7c051637e31028;6a3da81e68e0c9b88d29a91c;;6a3feaaa0cc7ebc213990c1f;160.4;25;;Planeta Vendas;;true;;;
6a8d94fc5b7c051637e31029;6a3da81e68e0c9b88d29a91c;;6a3feaaa0cc7ebc213990c20;222.88;25;;Planeta Vendas;;true;;;
6a8d94fc5b7c051637e3102a;6a3da81e68e0c9b88d29a91c;;6a3feaaa0cc7ebc213990c21;192.48;25;;Planeta Vendas;;true;;;
6a8d94fc5b7c051637e3102b;6a3da81e68e0c9b88d29a91c;;6a3feaaa0cc7ebc213990c22;263.4;25;;Planeta Vendas;;true;;;
6a8d94fc5b7c051637e3102c;6a3da81e68e0c9b88d29a91c;;6a3feaaa0cc7ebc213990c23;224.56;25;;Planeta Vendas;;true;;;
6a8d94fc5b7c051637e3102d;6a3da81e68e0c9b88d29a91c;;6a3feaaa0cc7ebc213990c24;303.92;25;;Planeta Vendas;;true;;;
6a8d94fc5b7c051637e3102e;6a3da81e68e0c9b88d29a91c;;6a3feaaa0cc7ebc213990c25;256.65;25;;Planeta Vendas;;true;;;
6a8d94fc5b7c051637e3102f;6a3da81e68e0c9b88d29a91c;;6a3feaaa0cc7ebc213990c26;272.69;25;;Planeta Vendas;;true;;;
6a8d94fc5b7c051637e31030;6a3da81e68e0c9b88d29a91c;;6a3feaaa0cc7ebc213990c27;288.73;25;;Planeta Vendas;;true;;;
6a8d94fc5b7c051637e31031;6a3da81e68e0c9b88d29a91c;;6a3feaaa0cc7ebc213990c28;304.77;25;;Planeta Vendas;;true;;;
6a8d94fc5b7c051637e31032;6a3da81e68e0c9b88d29a91c;;6a3feaaa0cc7ebc213990c29;320.81;25;;Planeta Vendas;;true;;;
6a8d94fc5b7c051637e31033;6a3da81e68e0c9b88d29a91c;;6a3feaaa0cc7ebc213990c2a;336.85;25;;Planeta Vendas;;true;;;
6a8d94fc5b7c051637e31034;6a3da81e68e0c9b88d29a91c;;6a3feaaa0cc7ebc213990c2b;352.89;25;;Planeta Vendas;;true;;;
6a8d94fc5b7c051637e31035;6a3da81e68e0c9b88d29a91c;;6a3feaaa0cc7ebc213990c2c;368.93;25;;Planeta Vendas;;true;;;
6a8d94fc5b7c051637e31036;6a3da81e68e0c9b88d29a91c;;6a3feaaa0cc7ebc213990c2d;384.97;25;;Planeta Vendas;;true;;;
6a8d94fc5b7c051637e31037;6a3da81e68e0c9b88d29a91c;;6a3feaaa0cc7ebc213990c2e;401.01;25;;Planeta Vendas;;true;;;
6a8d94fc5b7c051637e31038;6a3da81e68e0c9b88d29a91c;;6a3feaaa0cc7ebc213990c05;125.24;25;;Planeta Vendas;;true;;;
6a8d94fc5b7c051637e31039;6a3da81e68e0c9b88d29a91c;;6a3feaaa0cc7ebc213990c06;150.29;25;;Planeta Vendas;;true;;;
6a8d94fc5b7c051637e3103a;6a3da81e68e0c9b88d29a91c;;6a3feaaa0cc7ebc213990c07;140.28;25;;Planeta Vendas;;true;;;
6a8d94fc5b7c051637e3103b;6a3da81e68e0c9b88d29a91c;;6a3feaaa0cc7ebc213990c08;200.38;25;;Planeta Vendas;;true;;;
6a8d94fc5b7c051637e3103c;6a3da81e68e0c9b88d29a91c;;6a3feaaa0cc7ebc213990c09;180.36;25;;Planeta Vendas;;true;;;
6a8d94fc5b7c051637e3103d;6a3da81e68e0c9b88d29a91c;;6a3feaaa0cc7ebc213990c0a;250.48;25;;Planeta Vendas;;true;;;
6a8d94fc5b7c051637e3103e;6a3da81e68e0c9b88d29a91c;;6a3feaaa0cc7ebc213990c0b;220.44;25;;Planeta Vendas;;true;;;
6a8d94fc5b7c051637e3103f;6a3da81e68e0c9b88d29a91c;;6a3feaaa0cc7ebc213990c0c;300.58;25;;Planeta Vendas;;true;;;
6a8d94fc5b7c051637e31040;6a3da81e68e0c9b88d29a91c;;6a3feaaa0cc7ebc213990c0d;260.52;25;;Planeta Vendas;;true;;;
6a8d94fc5b7c051637e31041;6a3da81e68e0c9b88d29a91c;;6a3feaaa0cc7ebc213990c0e;350.67;25;;Planeta Vendas;;true;;;
6a8d94fc5b7c051637e31042;6a3da81e68e0c9b88d29a91c;;6a3feaaa0cc7ebc213990c0f;300.6;25;;Planeta Vendas;;true;;;
6a8d94fc5b7c051637e31043;6a3da81e68e0c9b88d29a91c;;6a3feaaa0cc7ebc213990c10;400.77;25;;Planeta Vendas;;true;;;
6a8d94fc5b7c051637e31044;6a3da81e68e0c9b88d29a91c;;6a3feaaa0cc7ebc213990c11;340.68;25;;Planeta Vendas;;true;;;
6a8d94fc5b7c051637e31045;6a3da81e68e0c9b88d29a91c;;6a3feaaa0cc7ebc213990c12;450.86;25;;Planeta Vendas;;true;;;
6a8d94fc5b7c051637e31046;6a3da81e68e0c9b88d29a91c;;6a3feaaa0cc7ebc213990c13;380.76;25;;Planeta Vendas;;true;;;
6a8d94fc5b7c051637e31047;6a3da81e68e0c9b88d29a91c;;6a3feaaa0cc7ebc213990c14;500.96;25;;Planeta Vendas;;true;;;
6a8d94fc5b7c051637e31048;6a3da81e68e0c9b88d29a91c;;6a3feaaa0cc7ebc213990c15;420.84;25;;Planeta Vendas;;true;;;
6a8d94fc5b7c051637e31049;6a3da81e68e0c9b88d29a91c;;6a3feaaa0cc7ebc213990c16;551.06;25;;Planeta Vendas;;true;;;
6a8d94fc5b7c051637e3104a;6a3da81e68e0c9b88d29a91c;;6a3feaaa0cc7ebc213990c17;460.92;25;;Planeta Vendas;;true;;;
6a8d94fc5b7c051637e3104b;6a3da81e68e0c9b88d29a91c;;6a3feaaa0cc7ebc213990c18;601.15;25;;Planeta Vendas;;true;;;
6a8d94fc5b7c051637e3104c;6a3da81e68e0c9b88d29a91c;;6a3feaaa0cc7ebc213990c19;501;25;;Planeta Vendas;;true;;;
6a8d94fc5b7c051637e3104d;6a3da81e68e0c9b88d29a91c;;6a3feaaa0cc7ebc213990b73;120.1824;25;;Fundição Unibrás;;true;;;
6a8d94fc5b7c051637e3104e;6a3da81e68e0c9b88d29a91c;;6a3feaaa0cc7ebc213990b5d;85.06;25;;Planeta Vendas;;true;;;
6a8d94fc5b7c051637e3104f;6a3da81e68e0c9b88d29a91c;;6a3feaaa0cc7ebc213990b5e;102.08;25;;Planeta Vendas;;true;;;
6a8d94fc5b7c051637e31050;6a3da81e68e0c9b88d29a91c;;6a3feaaa0cc7ebc213990b5f;119.09;25;;Planeta Vendas;;true;;;
6a8d94fc5b7c051637e31051;6a3da81e68e0c9b88d29a91c;;6a3feaaa0cc7ebc213990b60;136.1;25;;Planeta Vendas;;true;;;
6a8d94fc5b7c051637e31052;6a3da81e68e0c9b88d29a91c;;6a3feaaa0cc7ebc213990b61;153.12;25;;Planeta Vendas;;true;;;
6a8d94fc5b7c051637e31053;6a3da81e68e0c9b88d29a91c;;6a3feaaa0cc7ebc213990b62;170.13;25;;Planeta Vendas;;true;;;
6a8d94fc5b7c051637e31054;6a3da81e68e0c9b88d29a91c;;6a3feaaa0cc7ebc213990b63;187.14;25;;Planeta Vendas;;true;;;
6a8d94fc5b7c051637e31055;6a3da81e68e0c9b88d29a91c;;6a3feaaa0cc7ebc213990b64;204.15;25;;Planeta Vendas;;true;;;
6a8d94fc5b7c051637e31056;6a3da81e68e0c9b88d29a91c;;6a3feaaa0cc7ebc213990b65;221.17;25;;Planeta Vendas;;true;;;
6a8d94fc5b7c051637e31057;6a3da81e68e0c9b88d29a91c;;6a3feaaa0cc7ebc213990b66;238.18;25;;Planeta Vendas;;true;;;
6a8d94fc5b7c051637e31058;6a3da81e68e0c9b88d29a91c;;6a3feaaa0cc7ebc213990b67;255.19;25;;Planeta Vendas;;true;;;
6a8d94fc5b7c051637e31059;6a3da81e68e0c9b88d29a91c;;6a3feaaa0cc7ebc213990b68;272.2;25;;Planeta Vendas;;true;;;
6a8d94fc5b7c051637e3105a;6a3da81e68e0c9b88d29a91c;;6a3feaaa0cc7ebc213990b69;289.22;25;;Planeta Vendas;;true;;;
6a8d94fc5b7c051637e3105b;6a3da81e68e0c9b88d29a91c;;6a3feaaa0cc7ebc213990b6a;306.23;25;;Planeta Vendas;;true;;;
6a8d94fc5b7c051637e3105c;6a3da81e68e0c9b88d29a91c;;6a3feaaa0cc7ebc213990b6b;323.24;25;;Planeta Vendas;;true;;;
6a8d94fc5b7c051637e3105d;6a3da81e68e0c9b88d29a91c;;6a3feaaa0cc7ebc213990b6c;340.26;25;;Planeta Vendas;;true;;;
6a8d94fc5b7c051637e3105e;6a3da81e68e0c9b88d29a91c;;6a3feaaa0cc7ebc213990b6d;357.27;25;;Planeta Vendas;;true;;;
6a8d94fc5b7c051637e3105f;6a3da81e68e0c9b88d29a91c;;6a3feaaa0cc7ebc213990b6e;374.28;25;;Planeta Vendas;;true;;;
6a8d94fc5b7c051637e31060;6a3da81e68e0c9b88d29a91c;;6a3feaaa0cc7ebc213990b6f;391.29;25;;Planeta Vendas;;true;;;
6a8d94fc5b7c051637e31061;6a3da81e68e0c9b88d29a91c;;6a3feaaa0cc7ebc213990b70;408.31;25;;Planeta Vendas;;true;;;
6a8d94fc5b7c051637e31062;6a3da81e68e0c9b88d29a91c;;6a3feaaa0cc7ebc213990b71;425.32;25;;Planeta Vendas;;true;;;
6a8d94fc5b7c051637e31063;6a3da81e68e0c9b88d29a91c;;6a3feaaa0cc7ebc213990b33;158.7;25;;Planeta Vendas;;true;;;
6a8d94fc5b7c051637e31064;6a3da81e68e0c9b88d29a91c;;6a3feaaa0cc7ebc213990b34;190.44;25;;Planeta Vendas;;true;;;
6a8d94fc5b7c051637e31065;6a3da81e68e0c9b88d29a91c;;6a3feaaa0cc7ebc213990b35;222.18;25;;Planeta Vendas;;true;;;
6a8d94fc5b7c051637e31066;6a3da81e68e0c9b88d29a91c;;6a3feaaa0cc7ebc213990b36;253.92;25;;Planeta Vendas;;true;;;
6a8d94fc5b7c051637e31067;6a3da81e68e0c9b88d29a91c;;6a3feaaa0cc7ebc213990b37;285.66;25;;Planeta Vendas;;true;;;
6a8d94fc5b7c051637e31068;6a3da81e68e0c9b88d29a91c;;6a3feaaa0cc7ebc213990b38;317.4;25;;Planeta Vendas;;true;;;
6a8d94fc5b7c051637e31069;6a3da81e68e0c9b88d29a91c;;6a3feaaa0cc7ebc213990b39;349.14;25;;Planeta Vendas;;true;;;
6a8d94fc5b7c051637e3106a;6a3da81e68e0c9b88d29a91c;;6a3feaaa0cc7ebc213990b3a;380.88;25;;Planeta Vendas;;true;;;
6a8d94fc5b7c051637e3106b;6a3da81e68e0c9b88d29a91c;;6a3feaaa0cc7ebc213990b3b;412.62;25;;Planeta Vendas;;true;;;
6a8d94fc5b7c051637e3106c;6a3da81e68e0c9b88d29a91c;;6a3feaaa0cc7ebc213990b3c;444.36;25;;Planeta Vendas;;true;;;
6a8d94fc5b7c051637e3106d;6a3da81e68e0c9b88d29a91c;;6a3feaaa0cc7ebc213990b3d;476.1;25;;Planeta Vendas;;true;;;
6a8d94fc5b7c051637e3106e;6a3da81e68e0c9b88d29a91c;;6a3feaaa0cc7ebc213990b3e;507.84;25;;Planeta Vendas;;true;;;
6a8d94fc5b7c051637e3106f;6a3da81e68e0c9b88d29a91c;;6a3feaaa0cc7ebc213990b3f;539.58;25;;Planeta Vendas;;true;;;
6a8d94fc5b7c051637e31070;6a3da81e68e0c9b88d29a91c;;6a3feaaa0cc7ebc213990b40;571.32;25;;Planeta Vendas;;true;;;
6a8d94fc5b7c051637e31071;6a3da81e68e0c9b88d29a91c;;6a3feaaa0cc7ebc213990b41;603.06;25;;Planeta Vendas;;true;;;
6a8d94fc5b7c051637e31072;6a3da81e68e0c9b88d29a91c;;6a3feaaa0cc7ebc213990b42;634.8;25;;Planeta Vendas;;true;;;
6a8d94fc5b7c051637e31073;6a3da81e68e0c9b88d29a91c;;6a3feaaa0cc7ebc213990b43;666.54;25;;Planeta Vendas;;true;;;
6a8d94fc5b7c051637e31074;6a3da81e68e0c9b88d29a91c;;6a3feaaa0cc7ebc213990b44;698.28;25;;Planeta Vendas;;true;;;
6a8d94fc5b7c051637e31075;6a3da81e68e0c9b88d29a91c;;6a3feaaa0cc7ebc213990b45;730.02;25;;Planeta Vendas;;true;;;
6a8d94fc5b7c051637e31076;6a3da81e68e0c9b88d29a91c;;6a3feaaa0cc7ebc213990b46;761.76;25;;Planeta Vendas;;true;;;
6a8d94fc5b7c051637e31077;6a3da81e68e0c9b88d29a91c;;6a3feaaa0cc7ebc213990b47;793.5;25;;Planeta Vendas;;true;;;
6a8d94fc5b7c051637e31078;6a3da81e68e0c9b88d29a91c;;6a3feaaa0cc7ebc213990b1e;105.4;25;;Planeta Vendas;;true;;;
6a8d94fc5b7c051637e31079;6a3da81e68e0c9b88d29a91c;;6a3feaaa0cc7ebc213990b1f;126.48;25;;Planeta Vendas;;true;;;
6a8d94fc5b7c051637e3107a;6a3da81e68e0c9b88d29a91c;;6a3feaaa0cc7ebc213990b20;147.56;25;;Planeta Vendas;;true;;;
6a8d94fc5b7c051637e3107b;6a3da81e68e0c9b88d29a91c;;6a3feaaa0cc7ebc213990b21;168.64;25;;Planeta Vendas;;true;;;
6a8d94fc5b7c051637e3107c;6a3da81e68e0c9b88d29a91c;;6a3feaaa0cc7ebc213990b22;189.72;25;;Planeta Vendas;;true;;;
6a8d94fc5b7c051637e3107d;6a3da81e68e0c9b88d29a91c;;6a3feaaa0cc7ebc213990b23;210.8;25;;Planeta Vendas;;true;;;
6a8d94fc5b7c051637e3107e;6a3da81e68e0c9b88d29a91c;;6a3feaaa0cc7ebc213990b24;231.88;25;;Planeta Vendas;;true;;;
6a8d94fc5b7c051637e3107f;6a3da81e68e0c9b88d29a91c;;6a3feaaa0cc7ebc213990b25;252.96;25;;Planeta Vendas;;true;;;
6a8d94fc5b7c051637e31080;6a3da81e68e0c9b88d29a91c;;6a3feaaa0cc7ebc213990b26;274.04;25;;Planeta Vendas;;true;;;
6a8d94fc5b7c051637e31081;6a3da81e68e0c9b88d29a91c;;6a3feaaa0cc7ebc213990b27;295.12;25;;Planeta Vendas;;true;;;
6a8d94fc5b7c051637e31082;6a3da81e68e0c9b88d29a91c;;6a3feaaa0cc7ebc213990b28;316.2;25;;Planeta Vendas;;true;;;
6a8d94fc5b7c051637e31083;6a3da81e68e0c9b88d29a91c;;6a3feaaa0cc7ebc213990b29;337.28;25;;Planeta Vendas;;true;;;
6a8d94fc5b7c051637e31084;6a3da81e68e0c9b88d29a91c;;6a3feaaa0cc7ebc213990b2a;358.36;25;;Planeta Vendas;;true;;;
6a8d94fc5b7c051637e31085;6a3da81e68e0c9b88d29a91c;;6a3feaaa0cc7ebc213990b2b;379.44;25;;Planeta Vendas;;true;;;
6a8d94fc5b7c051637e31086;6a3da81e68e0c9b88d29a91c;;6a3feaaa0cc7ebc213990b2c;400.52;25;;Planeta Vendas;;true;;;
6a8d94fc5b7c051637e31087;6a3da81e68e0c9b88d29a91c;;6a3feaaa0cc7ebc213990b2d;421.6;25;;Planeta Vendas;;true;;;
6a8d94fc5b7c051637e31088;6a3da81e68e0c9b88d29a91c;;6a3feaaa0cc7ebc213990b2e;442.68;25;;Planeta Vendas;;true;;;
6a8d94fc5b7c051637e31089;6a3da81e68e0c9b88d29a91c;;6a3feaaa0cc7ebc213990b2f;463.76;25;;Planeta Vendas;;true;;;
6a8d94fc5b7c051637e3108a;6a3da81e68e0c9b88d29a91c;;6a3feaaa0cc7ebc213990b30;484.84;25;;Planeta Vendas;;true;;;
6a8d94fc5b7c051637e3108b;6a3da81e68e0c9b88d29a91c;;6a3feaaa0cc7ebc213990b31;505.92;25;;Planeta Vendas;;true;;;
6a8d94fc5b7c051637e3108c;6a3da81e68e0c9b88d29a91c;;6a3feaaa0cc7ebc213990b32;527;25;;Planeta Vendas;;true;;;
6a8d94fc5b7c051637e3108d;6a3da81e68e0c9b88d29a91c;;6a3feaaa0cc7ebc213990b09;101.6;25;;Planeta Vendas;;true;;;
6a8d94fc5b7c051637e3108e;6a3da81e68e0c9b88d29a91c;;6a3feaaa0cc7ebc213990b0a;121.92;25;;Planeta Vendas;;true;;;
6a8d94fc5b7c051637e3108f;6a3da81e68e0c9b88d29a91c;;6a3feaaa0cc7ebc213990b0b;142.24;25;;Planeta Vendas;;true;;;
6a8d94fc5b7c051637e31090;6a3da81e68e0c9b88d29a91c;;6a3feaaa0cc7ebc213990b0c;162.56;25;;Planeta Vendas;;true;;;
6a8d94fc5b7c051637e31091;6a3da81e68e0c9b88d29a91c;;6a3feaaa0cc7ebc213990b0d;182.88;25;;Planeta Vendas;;true;;;
6a8d94fc5b7c051637e31092;6a3da81e68e0c9b88d29a91c;;6a3feaaa0cc7ebc213990b0e;203.2;25;;Planeta Vendas;;true;;;
6a8d94fc5b7c051637e31093;6a3da81e68e0c9b88d29a91c;;6a3feaaa0cc7ebc213990b0f;223.52;25;;Planeta Vendas;;true;;;
6a8d94fc5b7c051637e31094;6a3da81e68e0c9b88d29a91c;;6a3feaaa0cc7ebc213990b10;243.84;25;;Planeta Vendas;;true;;;
6a8d94fc5b7c051637e31095;6a3da81e68e0c9b88d29a91c;;6a3feaaa0cc7ebc213990b11;264.16;25;;Planeta Vendas;;true;;;
6a8d94fc5b7c051637e31096;6a3da81e68e0c9b88d29a91c;;6a3feaaa0cc7ebc213990b12;284.48;25;;Planeta Vendas;;true;;;
6a8d94fc5b7c051637e31097;6a3da81e68e0c9b88d29a91c;;6a3feaaa0cc7ebc213990b13;304.8;25;;Planeta Vendas;;true;;;
6a8d94fc5b7c051637e31098;6a3da81e68e0c9b88d29a91c;;6a3feaaa0cc7ebc213990b14;325.12;25;;Planeta Vendas;;true;;;
6a8d94fc5b7c051637e31099;6a3da81e68e0c9b88d29a91c;;6a3feaaa0cc7ebc213990b15;345.44;25;;Planeta Vendas;;true;;;
6a8d94fc5b7c051637e3109a;6a3da81e68e0c9b88d29a91c;;6a3feaaa0cc7ebc213990b16;365.76;25;;Planeta Vendas;;true;;;
6a8d94fc5b7c051637e3109b;6a3da81e68e0c9b88d29a91c;;6a3feaaa0cc7ebc213990b17;386.08;25;;Planeta Vendas;;true;;;
6a8d94fc5b7c051637e3109c;6a3da81e68e0c9b88d29a91c;;6a3feaaa0cc7ebc213990b18;406.4;25;;Planeta Vendas;;true;;;
6a8d94fc5b7c051637e3109d;6a3da81e68e0c9b88d29a91c;;6a3feaaa0cc7ebc213990b19;426.72;25;;Planeta Vendas;;true;;;
6a8d94fc5b7c051637e3109e;6a3da81e68e0c9b88d29a91c;;6a3feaaa0cc7ebc213990b1a;447.04;25;;Planeta Vendas;;true;;;
6a8d94fc5b7c051637e3109f;6a3da81e68e0c9b88d29a91c;;6a3feaaa0cc7ebc213990b1b;467.36;25;;Planeta Vendas;;true;;;
6a8d94fc5b7c051637e310a0;6a3da81e68e0c9b88d29a91c;;6a3feaaa0cc7ebc213990b1c;487.68;25;;Planeta Vendas;;true;;;
6a8d94fc5b7c051637e310a1;6a3da81e68e0c9b88d29a91c;;6a3feaaa0cc7ebc213990b1d;508;25;;Planeta Vendas;;true;;;
6a8d94fc5b7c051637e310a2;6a3da81e68e0c9b88d29a91c;;6a3feaaa0cc7ebc213990ab5;142.6;25;;Planeta Vendas;;true;;;
6a8d94fc5b7c051637e310a3;6a3da81e68e0c9b88d29a91c;;6a3feaaa0cc7ebc213990ab6;171.12;25;;Planeta Vendas;;true;;;
6a8d94fc5b7c051637e310a4;6a3da81e68e0c9b88d29a91c;;6a3feaaa0cc7ebc213990ab7;199.64;25;;Planeta Vendas;;true;;;
6a8d94fc5b7c051637e310a5;6a3da81e68e0c9b88d29a91c;;6a3feaaa0cc7ebc213990ab8;228.16;25;;Planeta Vendas;;true;;;
6a8d94fc5b7c051637e310a6;6a3da81e68e0c9b88d29a91c;;6a3feaaa0cc7ebc213990ab9;256.68;25;;Planeta Vendas;;true;;;
6a8d94fc5b7c051637e310a7;6a3da81e68e0c9b88d29a91c;;6a3feaaa0cc7ebc213990aba;285.2;25;;Planeta Vendas;;true;;;
6a8d94fc5b7c051637e310a8;6a3da81e68e0c9b88d29a91c;;6a3feaaa0cc7ebc213990abb;313.72;25;;Planeta Vendas;;true;;;
6a8d94fc5b7c051637e310a9;6a3da81e68e0c9b88d29a91c;;6a3feaaa0cc7ebc213990abc;342.24;25;;Planeta Vendas;;true;;;
6a8d94fc5b7c051637e310aa;6a3da81e68e0c9b88d29a91c;;6a3feaaa0cc7ebc213990abd;370.76;25;;Planeta Vendas;;true;;;
6a8d94fc5b7c051637e310ab;6a3da81e68e0c9b88d29a91c;;6a3feaaa0cc7ebc213990abe;399.28;25;;Planeta Vendas;;true;;;
6a8d94fc5b7c051637e310ac;6a3da81e68e0c9b88d29a91c;;6a3feaaa0cc7ebc213990abf;427.8;25;;Planeta Vendas;;true;;;
6a8d94fc5b7c051637e310ad;6a3da81e68e0c9b88d29a91c;;6a3feaaa0cc7ebc213990ac0;456.32;25;;Planeta Vendas;;true;;;
6a8d94fc5b7c051637e310ae;6a3da81e68e0c9b88d29a91c;;6a3feaaa0cc7ebc213990ac1;484.84;25;;Planeta Vendas;;true;;;
6a8d94fc5b7c051637e310af;6a3da81e68e0c9b88d29a91c;;6a3feaaa0cc7ebc213990ac2;513.36;25;;Planeta Vendas;;true;;;
6a8d94fc5b7c051637e310b0;6a3da81e68e0c9b88d29a91c;;6a3feaaa0cc7ebc213990ac3;541.88;25;;Planeta Vendas;;true;;;
6a8d94fc5b7c051637e310b1;6a3da81e68e0c9b88d29a91c;;6a3feaaa0cc7ebc213990ac4;570.4;25;;Planeta Vendas;;true;;;
6a8d94fc5b7c051637e310b2;6a3da81e68e0c9b88d29a91c;;6a3feaaa0cc7ebc213990ac5;598.92;25;;Planeta Vendas;;true;;;
6a8d94fc5b7c051637e310b3;6a3da81e68e0c9b88d29a91c;;6a3feaaa0cc7ebc213990ac6;627.44;25;;Planeta Vendas;;true;;;
6a8d94fc5b7c051637e310b4;6a3da81e68e0c9b88d29a91c;;6a3feaaa0cc7ebc213990ac7;655.96;25;;Planeta Vendas;;true;;;
6a8d94fc5b7c051637e310b5;6a3da81e68e0c9b88d29a91c;;6a3feaaa0cc7ebc213990ac8;684.48;25;;Planeta Vendas;;true;;;
6a8d94fc5b7c051637e310b6;6a3da81e68e0c9b88d29a91c;;6a3feaaa0cc7ebc213990ac9;713;25;;Planeta Vendas;;true;;;
6a8d94fc5b7c051637e310b7;6a3da81e68e0c9b88d29a91c;;6a3feaaa0cc7ebc213990a8b;106.6;25;;Planeta Vendas;;true;;;
6a8d94fc5b7c051637e310b8;6a3da81e68e0c9b88d29a91c;;6a3feaaa0cc7ebc213990a8c;127.92;25;;Planeta Vendas;;true;;;
6a8d94fc5b7c051637e310b9;6a3da81e68e0c9b88d29a91c;;6a3feaaa0cc7ebc213990a8d;149.24;25;;Planeta Vendas;;true;;;
6a8d94fc5b7c051637e310ba;6a3da81e68e0c9b88d29a91c;;6a3feaaa0cc7ebc213990a8e;170.56;25;;Planeta Vendas;;true;;;
6a8d94fc5b7c051637e310bb;6a3da81e68e0c9b88d29a91c;;6a3feaaa0cc7ebc213990a8f;191.88;25;;Planeta Vendas;;true;;;
6a8d94fc5b7c051637e310bc;6a3da81e68e0c9b88d29a91c;;6a3feaaa0cc7ebc213990a90;213.2;25;;Planeta Vendas;;true;;;
6a8d94fc5b7c051637e310bd;6a3da81e68e0c9b88d29a91c;;6a3feaaa0cc7ebc213990a91;234.52;25;;Planeta Vendas;;true;;;
6a8d94fc5b7c051637e310be;6a3da81e68e0c9b88d29a91c;;6a3feaaa0cc7ebc213990a92;255.84;25;;Planeta Vendas;;true;;;
6a8d94fc5b7c051637e310bf;6a3da81e68e0c9b88d29a91c;;6a3feaaa0cc7ebc213990a93;277.16;25;;Planeta Vendas;;true;;;
6a8d94fc5b7c051637e310c0;6a3da81e68e0c9b88d29a91c;;6a3feaaa0cc7ebc213990a94;298.48;25;;Planeta Vendas;;true;;;
6a8d94fc5b7c051637e310c1;6a3da81e68e0c9b88d29a91c;;6a3feaaa0cc7ebc213990a95;319.8;25;;Planeta Vendas;;true;;;
6a8d94fc5b7c051637e310c2;6a3da81e68e0c9b88d29a91c;;6a3feaaa0cc7ebc213990a96;341.12;25;;Planeta Vendas;;true;;;
6a8d94fc5b7c051637e310c3;6a3da81e68e0c9b88d29a91c;;6a3feaaa0cc7ebc213990a97;362.44;25;;Planeta Vendas;;true;;;
6a8d94fc5b7c051637e310c4;6a3da81e68e0c9b88d29a91c;;6a3feaaa0cc7ebc213990a98;383.76;25;;Planeta Vendas;;true;;;
6a8d94fc5b7c051637e310c5;6a3da81e68e0c9b88d29a91c;;6a3feaaa0cc7ebc213990a99;405.08;25;;Planeta Vendas;;true;;;
6a8d94fc5b7c051637e310c6;6a3da81e68e0c9b88d29a91c;;6a3feaaa0cc7ebc213990a9a;426.4;25;;Planeta Vendas;;true;;;
6a8d94fc5b7c051637e310c7;6a3da81e68e0c9b88d29a91c;;6a3feaaa0cc7ebc213990a9b;447.72;25;;Planeta Vendas;;true;;;
6a8d94fc5b7c051637e310c8;6a3da81e68e0c9b88d29a91c;;6a3feaaa0cc7ebc213990a9c;469.04;25;;Planeta Vendas;;true;;;
6a8d94fc5b7c051637e310c9;6a3da81e68e0c9b88d29a91c;;6a3feaaa0cc7ebc213990a9d;490.36;25;;Planeta Vendas;;true;;;
6a8d94fc5b7c051637e310ca;6a3da81e68e0c9b88d29a91c;;6a3feaaa0cc7ebc213990a9e;511.68;25;;Planeta Vendas;;true;;;
6a8d94fc5b7c051637e310cb;6a3da81e68e0c9b88d29a91c;;6a3feaaa0cc7ebc213990a9f;533;25;;Planeta Vendas;;true;;;
6a8d94fc5b7c051637e310cc;6a3da81e68e0c9b88d29a91c;;6a3feaaa0cc7ebc213990a77;120.1824;25;;Fundição Unibrás;;true;;;
6a8d94fc5b7c051637e310cd;6a3da81e68e0c9b88d29a91c;;6a3feaaa0cc7ebc213990a61;106.6;25;;Planeta Vendas;;true;;;
6a8d94fc5b7c051637e310ce;6a3da81e68e0c9b88d29a91c;;6a3feaaa0cc7ebc213990a62;127.92;25;;Planeta Vendas;;true;;;
6a8d94fc5b7c051637e310cf;6a3da81e68e0c9b88d29a91c;;6a3feaaa0cc7ebc213990a63;149.24;25;;Planeta Vendas;;true;;;
6a8d94fc5b7c051637e310d0;6a3da81e68e0c9b88d29a91c;;6a3feaaa0cc7ebc213990a64;170.56;25;;Planeta Vendas;;true;;;
6a8d94fc5b7c051637e310d1;6a3da81e68e0c9b88d29a91c;;6a3feaaa0cc7ebc213990a65;191.88;25;;Planeta Vendas;;true;;;
6a8d94fc5b7c051637e310d2;6a3da81e68e0c9b88d29a91c;;6a3feaaa0cc7ebc213990a66;213.2;25;;Planeta Vendas;;true;;;
6a8d94fc5b7c051637e310d3;6a3da81e68e0c9b88d29a91c;;6a3feaaa0cc7ebc213990a67;234.52;25;;Planeta Vendas;;true;;;
6a8d94fc5b7c051637e310d4;6a3da81e68e0c9b88d29a91c;;6a3feaaa0cc7ebc213990a68;255.84;25;;Planeta Vendas;;true;;;
6a8d94fc5b7c051637e310d5;6a3da81e68e0c9b88d29a91c;;6a3feaaa0cc7ebc213990a69;277.16;25;;Planeta Vendas;;true;;;
6a8d94fc5b7c051637e310d6;6a3da81e68e0c9b88d29a91c;;6a3feaaa0cc7ebc213990a6a;298.48;25;;Planeta Vendas;;true;;;
6a8d94fc5b7c051637e310d7;6a3da81e68e0c9b88d29a91c;;6a3feaaa0cc7ebc213990a6b;319.8;25;;Planeta Vendas;;true;;;
6a8d94fc5b7c051637e310d8;6a3da81e68e0c9b88d29a91c;;6a3feaaa0cc7ebc213990a6c;341.12;25;;Planeta Vendas;;true;;;
6a8d94fc5b7c051637e310d9;6a3da81e68e0c9b88d29a91c;;6a3feaaa0cc7ebc213990a6d;362.44;25;;Planeta Vendas;;true;;;
6a8d94fc5b7c051637e310da;6a3da81e68e0c9b88d29a91c;;6a3feaaa0cc7ebc213990a6e;383.76;25;;Planeta Vendas;;true;;;
6a8d94fc5b7c051637e310db;6a3da81e68e0c9b88d29a91c;;6a3feaaa0cc7ebc213990a6f;405.08;25;;Planeta Vendas;;true;;;
6a8d94fc5b7c051637e310dc;6a3da81e68e0c9b88d29a91c;;6a3feaaa0cc7ebc213990a70;426.4;25;;Planeta Vendas;;true;;;
6a8d94fc5b7c051637e310dd;6a3da81e68e0c9b88d29a91c;;6a3feaaa0cc7ebc213990a71;447.72;25;;Planeta Vendas;;true;;;
6a8d94fc5b7c051637e310de;6a3da81e68e0c9b88d29a91c;;6a3feaaa0cc7ebc213990a72;469.04;25;;Planeta Vendas;;true;;;
6a8d94fc5b7c051637e310df;6a3da81e68e0c9b88d29a91c;;6a3feaaa0cc7ebc213990a73;490.36;25;;Planeta Vendas;;true;;;
6a8d94fc5b7c051637e310e0;6a3da81e68e0c9b88d29a91c;;6a3feaaa0cc7ebc213990a74;511.68;25;;Planeta Vendas;;true;;;
6a8d94fc5b7c051637e310e1;6a3da81e68e0c9b88d29a91c;;6a3feaaa0cc7ebc213990a75;533;25;;Planeta Vendas;;true;;;
6a8d94fc5b7c051637e310e2;6a3da81e68e0c9b88d29a91c;;6a3feaacbbf27f5ae7f1942a;158.72;25;;Planeta Vendas;;true;;;
6a8d94fc5b7c051637e310e3;6a3da81e68e0c9b88d29a91c;;6a3feaacbbf27f5ae7f1942b;190.46;25;;Planeta Vendas;;true;;;
6a8d94fc5b7c051637e310e4;6a3da81e68e0c9b88d29a91c;;6a3feaacbbf27f5ae7f1942c;222.21;25;;Planeta Vendas;;true;;;
6a8d94fc5b7c051637e310e5;6a3da81e68e0c9b88d29a91c;;6a3feaacbbf27f5ae7f1942d;253.95;25;;Planeta Vendas;;true;;;
6a8d94fc5b7c051637e310e6;6a3da81e68e0c9b88d29a91c;;6a3feaacbbf27f5ae7f1942e;285.7;25;;Planeta Vendas;;true;;;
6a8d94fc5b7c051637e310e7;6a3da81e68e0c9b88d29a91c;;6a3feaacbbf27f5ae7f1942f;317.44;25;;Planeta Vendas;;true;;;
6a8d94fc5b7c051637e310e8;6a3da81e68e0c9b88d29a91c;;6a3feaacbbf27f5ae7f19430;349.18;25;;Planeta Vendas;;true;;;
6a8d94fc5b7c051637e310e9;6a3da81e68e0c9b88d29a91c;;6a3feaacbbf27f5ae7f19431;380.93;25;;Planeta Vendas;;true;;;
6a8d94fc5b7c051637e310ea;6a3da81e68e0c9b88d29a91c;;6a3feaacbbf27f5ae7f19432;412.67;25;;Planeta Vendas;;true;;;
6a8d94fc5b7c051637e310eb;6a3da81e68e0c9b88d29a91c;;6a3feaacbbf27f5ae7f19433;444.42;25;;Planeta Vendas;;true;;;
6a8d94fc5b7c051637e310ec;6a3da81e68e0c9b88d29a91c;;6a3feaacbbf27f5ae7f19434;476.16;25;;Planeta Vendas;;true;;;
6a8d94fc5b7c051637e310ed;6a3da81e68e0c9b88d29a91c;;6a3feaacbbf27f5ae7f19435;507.9;25;;Planeta Vendas;;true;;;
6a8d94fc5b7c051637e310ee;6a3da81e68e0c9b88d29a91c;;6a3feaacbbf27f5ae7f1943f;5.42;25;;Anilhas e Halteres Brasil;;true;;;
6a8d94fc5b7c051637e310ef;6a3da81e68e0c9b88d29a91c;;6a3feaacbbf27f5ae7f19440;6.51;25;;Anilhas e Halteres Brasil;;true;;;
6a8d94fc5b7c051637e310f0;6a3da81e68e0c9b88d29a91c;;6a3feaacbbf27f5ae7f19441;7.59;25;;Anilhas e Halteres Brasil;;true;;;
6a8d94fc5b7c051637e310f1;6a3da81e68e0c9b88d29a91c;;6a3feaacbbf27f5ae7f19442;8.68;25;;Anilhas e Halteres Brasil;;true;;;
6a8d94fc5b7c051637e310f2;6a3da81e68e0c9b88d29a91c;;6a3feaacbbf27f5ae7f19443;9.76;25;;Anilhas e Halteres Brasil;;true;;;
6a8d94fc5b7c051637e310f3;6a3da81e68e0c9b88d29a91c;;6a3feaacbbf27f5ae7f19444;10.85;25;;Anilhas e Halteres Brasil;;true;;;
6a8d94fc5b7c051637e310f4;6a3da81e68e0c9b88d29a91c;;6a3feaacbbf27f5ae7f19445;11.93;25;;Anilhas e Halteres Brasil;;true;;;
6a8d94fc5b7c051637e310f5;6a3da81e68e0c9b88d29a91c;;6a3feaacbbf27f5ae7f19446;13.02;25;;Anilhas e Halteres Brasil;;true;;;
6a8d94fc5b7c051637e310f6;6a3da81e68e0c9b88d29a91c;;6a3feaacbbf27f5ae7f19447;14.1;25;;Anilhas e Halteres Brasil;;true;;;
6a8d94fc5b7c051637e310f7;6a3da81e68e0c9b88d29a91c;;6a3feaacbbf27f5ae7f19448;15.19;25;;Anilhas e Halteres Brasil;;true;;;
6a8d94fc5b7c051637e310f8;6a3da81e68e0c9b88d29a91c;;6a3feaacbbf27f5ae7f19449;16.27;25;;Anilhas e Halteres Brasil;;true;;;
6a8d94fc5b7c051637e310f9;6a3da81e68e0c9b88d29a91c;;6a3feaacbbf27f5ae7f1944a;17.36;25;;Anilhas e Halteres Brasil;;true;;;
6a8d94fc5b7c051637e310fa;6a3da81e68e0c9b88d29a91c;;6a3feaacbbf27f5ae7f1944b;18.44;25;;Anilhas e Halteres Brasil;;true;;;
6a8d94fc5b7c051637e310fb;6a3da81e68e0c9b88d29a91c;;6a3feaac4a5d2ebad1e9494b;19.53;25;;Anilhas e Halteres Brasil;;true;;;
6a8d94fc5b7c051637e310fc;6a3da81e68e0c9b88d29a91c;;6a3feaac4a5d2ebad1e9494c;20.61;25;;Anilhas e Halteres Brasil;;true;;;
6a8d94fc5b7c051637e310fd;6a3da81e68e0c9b88d29a91c;;6a3feaac4a5d2ebad1e9494d;21.7;25;;Anilhas e Halteres Brasil;;true;;;
6a8d94fc5b7c051637e310fe;6a3da81e68e0c9b88d29a91c;;6a3feaac4a5d2ebad1e9494e;22.78;25;;Anilhas e Halteres Brasil;;true;;;
6a8d94fc5b7c051637e310ff;6a3da81e68e0c9b88d29a91c;;6a3feaac4a5d2ebad1e9494f;23.87;25;;Anilhas e Halteres Brasil;;true;;;
6a8d94fc5b7c051637e31100;6a3da81e68e0c9b88d29a91c;;6a3feaac4a5d2ebad1e94950;24.95;25;;Anilhas e Halteres Brasil;;true;;;
6a8d94fc5b7c051637e31101;6a3da81e68e0c9b88d29a91c;;6a3feaac4a5d2ebad1e94951;26.04;25;;Anilhas e Halteres Brasil;;true;;;
6a8d94fc5b7c051637e31102;6a3da81e68e0c9b88d29a91c;;6a3feaac4a5d2ebad1e94952;27.12;25;;Anilhas e Halteres Brasil;;true;;;
6a8d94fc5b7c051637e31103;6a3da81e68e0c9b88d29a91c;;6a3feaacbbf27f5ae7f19415;3.1;25;;Anilhas e Halteres Brasil;;true;;;
6a8d94fc5b7c051637e31104;6a3da81e68e0c9b88d29a91c;;6a3feaacbbf27f5ae7f19416;3.72;25;;Anilhas e Halteres Brasil;;true;;;
6a8d94fc5b7c051637e31105;6a3da81e68e0c9b88d29a91c;;6a3feaacbbf27f5ae7f19417;4.34;25;;Anilhas e Halteres Brasil;;true;;;
6a8d94fc5b7c051637e31106;6a3da81e68e0c9b88d29a91c;;6a3feaacbbf27f5ae7f19418;4.96;25;;Anilhas e Halteres Brasil;;true;;;
6a8d94fc5b7c051637e31107;6a3da81e68e0c9b88d29a91c;;6a3feaacbbf27f5ae7f19419;5.58;25;;Anilhas e Halteres Brasil;;true;;;
6a8d94fc5b7c051637e31108;6a3da81e68e0c9b88d29a91c;;6a3feaacbbf27f5ae7f1941a;6.2;25;;Anilhas e Halteres Brasil;;true;;;
6a8d94fc5b7c051637e31109;6a3da81e68e0c9b88d29a91c;;6a3feaacbbf27f5ae7f1941b;6.82;25;;Anilhas e Halteres Brasil;;true;;;
6a8d94fc5b7c051637e3110a;6a3da81e68e0c9b88d29a91c;;6a3feaacbbf27f5ae7f1941c;7.44;25;;Anilhas e Halteres Brasil;;true;;;
6a8d94fc5b7c051637e3110b;6a3da81e68e0c9b88d29a91c;;6a3feaacbbf27f5ae7f1941d;8.06;25;;Anilhas e Halteres Brasil;;true;;;
6a8d94fc5b7c051637e3110c;6a3da81e68e0c9b88d29a91c;;6a3feaacbbf27f5ae7f1941e;8.68;25;;Anilhas e Halteres Brasil;;true;;;
6a8d94fc5b7c051637e3110d;6a3da81e68e0c9b88d29a91c;;6a3feaacbbf27f5ae7f1941f;9.3;25;;Anilhas e Halteres Brasil;;true;;;
6a8d94fc5b7c051637e3110e;6a3da81e68e0c9b88d29a91c;;6a3feaacbbf27f5ae7f19420;9.92;25;;Anilhas e Halteres Brasil;;true;;;
6a8d94fc5b7c051637e3110f;6a3da81e68e0c9b88d29a91c;;6a3feaacbbf27f5ae7f19421;10.54;25;;Anilhas e Halteres Brasil;;true;;;
6a8d94fc5b7c051637e31110;6a3da81e68e0c9b88d29a91c;;6a3feaacbbf27f5ae7f19422;11.16;25;;Anilhas e Halteres Brasil;;true;;;
6a8d94fc5b7c051637e31111;6a3da81e68e0c9b88d29a91c;;6a3feaacbbf27f5ae7f19423;11.78;25;;Anilhas e Halteres Brasil;;true;;;
6a8d94fc5b7c051637e31112;6a3da81e68e0c9b88d29a91c;;6a3feaacbbf27f5ae7f19424;12.4;25;;Anilhas e Halteres Brasil;;true;;;
6a8d94fc5b7c051637e31113;6a3da81e68e0c9b88d29a91c;;6a3feaacbbf27f5ae7f19425;13.02;25;;Anilhas e Halteres Brasil;;true;;;
6a8d94fc5b7c051637e31114;6a3da81e68e0c9b88d29a91c;;6a3feaacbbf27f5ae7f19426;13.64;25;;Anilhas e Halteres Brasil;;true;;;
6a8d94fc5b7c051637e31115;6a3da81e68e0c9b88d29a91c;;6a3feaacbbf27f5ae7f19427;14.26;25;;Anilhas e Halteres Brasil;;true;;;
6a8d94fc5b7c051637e31116;6a3da81e68e0c9b88d29a91c;;6a3feaacbbf27f5ae7f19428;14.88;25;;Anilhas e Halteres Brasil;;true;;;
6a8d94fc5b7c051637e31117;6a3da81e68e0c9b88d29a91c;;6a3feaacbbf27f5ae7f19429;15.5;25;;Anilhas e Halteres Brasil;;true;;;
6a8d94fc5b7c051637e31118;6a3da81e68e0c9b88d29a91c;;6a3feaacbbf27f5ae7f19400;101.68;25;;Planeta Vendas;;true;;;
6a8d94fc5b7c051637e31119;6a3da81e68e0c9b88d29a91c;;6a3feaacbbf27f5ae7f19401;122.02;25;;Planeta Vendas;;true;;;
6a8d94fc5b7c051637e3111a;6a3da81e68e0c9b88d29a91c;;6a3feaacbbf27f5ae7f19402;243.04;25;;Planeta Vendas;;true;;;
6a8d94fc5b7c051637e3111b;6a3da81e68e0c9b88d29a91c;;6a3feaacbbf27f5ae7f19403;162.69;25;;Planeta Vendas;;true;;;
6a8d94fc5b7c051637e3111c;6a3da81e68e0c9b88d29a91c;;6a3feaacbbf27f5ae7f19404;183.02;25;;Planeta Vendas;;true;;;
6a8d94fc5b7c051637e3111d;6a3da81e68e0c9b88d29a91c;;6a3feaacbbf27f5ae7f19405;203.36;25;;Planeta Vendas;;true;;;
6a8d94fc5b7c051637e3111e;6a3da81e68e0c9b88d29a91c;;6a3feaacbbf27f5ae7f19406;223.7;25;;Planeta Vendas;;true;;;
6a8d94fc5b7c051637e3111f;6a3da81e68e0c9b88d29a91c;;6a3feaacbbf27f5ae7f19407;244.03;25;;Planeta Vendas;;true;;;
6a8d94fc5b7c051637e31120;6a3da81e68e0c9b88d29a91c;;6a3feaacbbf27f5ae7f19408;264.37;25;;Planeta Vendas;;true;;;
6a8d94fc5b7c051637e31121;6a3da81e68e0c9b88d29a91c;;6a3feaacbbf27f5ae7f19409;284.7;25;;Planeta Vendas;;true;;;
6a8d94fc5b7c051637e31122;6a3da81e68e0c9b88d29a91c;;6a3feaacbbf27f5ae7f1940a;305.04;25;;Planeta Vendas;;true;;;
6a8d94fc5b7c051637e31123;6a3da81e68e0c9b88d29a91c;;6a3feaacbbf27f5ae7f1940b;325.38;25;;Planeta Vendas;;true;;;
6a8d94fc5b7c051637e31124;6a3da81e68e0c9b88d29a91c;;6a3feaacbbf27f5ae7f1940c;345.71;25;;Planeta Vendas;;true;;;
6a8d94fc5b7c051637e31125;6a3da81e68e0c9b88d29a91c;;6a3feaacbbf27f5ae7f1940d;366.05;25;;Planeta Vendas;;true;;;
6a8d94fc5b7c051637e31126;6a3da81e68e0c9b88d29a91c;;6a3feaacbbf27f5ae7f1940e;386.38;25;;Planeta Vendas;;true;;;
6a8d94fc5b7c051637e31127;6a3da81e68e0c9b88d29a91c;;6a3feaacbbf27f5ae7f1940f;406.72;25;;Planeta Vendas;;true;;;
6a8d94fc5b7c051637e31128;6a3da81e68e0c9b88d29a91c;;6a3feaacbbf27f5ae7f19410;427.06;25;;Planeta Vendas;;true;;;
6a8d94fc5b7c051637e31129;6a3da81e68e0c9b88d29a91c;;6a3feaacbbf27f5ae7f19411;447.39;25;;Planeta Vendas;;true;;;
6a8d94fc5b7c051637e3112a;6a3da81e68e0c9b88d29a91c;;6a3feaacbbf27f5ae7f19412;467.73;25;;Planeta Vendas;;true;;;
6a8d94fc5b7c051637e3112b;6a3da81e68e0c9b88d29a91c;;6a3feaacbbf27f5ae7f19413;488.06;25;;Planeta Vendas;;true;;;
6a8d94fc5b7c051637e3112c;6a3da81e68e0c9b88d29a91c;;6a3feaacbbf27f5ae7f19414;508.4;25;;Planeta Vendas;;true;;;
6a8d94fc5b7c051637e3112d;6a3da81e68e0c9b88d29a91c;;6a3feaacbbf27f5ae7f193ac;142.6;25;;Planeta Vendas;;true;;;
6a8d94fc5b7c051637e3112e;6a3da81e68e0c9b88d29a91c;;6a3feaacbbf27f5ae7f193ad;171.12;25;;Planeta Vendas;;true;;;
6a8d94fc5b7c051637e3112f;6a3da81e68e0c9b88d29a91c;;6a3feaacbbf27f5ae7f193ae;199.64;25;;Planeta Vendas;;true;;;
6a8d94fc5b7c051637e31130;6a3da81e68e0c9b88d29a91c;;6a3feaacbbf27f5ae7f193af;228.16;25;;Planeta Vendas;;true;;;
6a8d94fc5b7c051637e31131;6a3da81e68e0c9b88d29a91c;;6a3feaacbbf27f5ae7f193b0;256.68;25;;Planeta Vendas;;true;;;
6a8d94fc5b7c051637e31132;6a3da81e68e0c9b88d29a91c;;6a3feaacbbf27f5ae7f193b1;285.2;25;;Planeta Vendas;;true;;;
6a8d94fc5b7c051637e31133;6a3da81e68e0c9b88d29a91c;;6a3feaacbbf27f5ae7f193b2;313.72;25;;Planeta Vendas;;true;;;
6a8d94fc5b7c051637e31134;6a3da81e68e0c9b88d29a91c;;6a3feaacbbf27f5ae7f193b3;342.24;25;;Planeta Vendas;;true;;;
6a8d94fc5b7c051637e31135;6a3da81e68e0c9b88d29a91c;;6a3feaacbbf27f5ae7f193b4;370.76;25;;Planeta Vendas;;true;;;
6a8d94fc5b7c051637e31136;6a3da81e68e0c9b88d29a91c;;6a3feaacbbf27f5ae7f193b5;399.28;25;;Planeta Vendas;;true;;;
6a8d94fc5b7c051637e31137;6a3da81e68e0c9b88d29a91c;;6a3feaacbbf27f5ae7f193b6;427.8;25;;Planeta Vendas;;true;;;
6a8d94fc5b7c051637e31138;6a3da81e68e0c9b88d29a91c;;6a3feaacbbf27f5ae7f193b7;456.32;25;;Planeta Vendas;;true;;;
6a8d94fc5b7c051637e31139;6a3da81e68e0c9b88d29a91c;;6a3feaacbbf27f5ae7f193b8;484.84;25;;Planeta Vendas;;true;;;
6a8d94fc5b7c051637e3113a;6a3da81e68e0c9b88d29a91c;;6a3feaacbbf27f5ae7f193b9;513.36;25;;Planeta Vendas;;true;;;
6a8d94fc5b7c051637e3113b;6a3da81e68e0c9b88d29a91c;;6a3feaacbbf27f5ae7f193ba;541.88;25;;Planeta Vendas;;true;;;
6a8d94fc5b7c051637e3113c;6a3da81e68e0c9b88d29a91c;;6a3feaacbbf27f5ae7f193bb;570.4;25;;Planeta Vendas;;true;;;
6a8d94fc5b7c051637e3113d;6a3da81e68e0c9b88d29a91c;;6a3feaacbbf27f5ae7f193bc;598.92;25;;Planeta Vendas;;true;;;
6a8d94fc5b7c051637e3113e;6a3da81e68e0c9b88d29a91c;;6a3feaacbbf27f5ae7f193bd;627.44;25;;Planeta Vendas;;true;;;
6a8d94fc5b7c051637e3113f;6a3da81e68e0c9b88d29a91c;;6a3feaacbbf27f5ae7f193be;655.96;25;;Planeta Vendas;;true;;;
6a8d94fc5b7c051637e31140;6a3da81e68e0c9b88d29a91c;;6a3feaacbbf27f5ae7f193bf;684.48;25;;Planeta Vendas;;true;;;
6a8d94fc5b7c051637e31141;6a3da81e68e0c9b88d29a91c;;6a3feaacbbf27f5ae7f193c0;713;25;;Planeta Vendas;;true;;;
6a8d94fc5b7c051637e31142;6a3da81e68e0c9b88d29a91c;;6a3feaacbbf27f5ae7f1936d;85.5;25;;Planeta Vendas;;true;;;
6a8d94fc5b7c051637e31143;6a3da81e68e0c9b88d29a91c;;6a3feaacbbf27f5ae7f1936e;102.6;25;;Planeta Vendas;;true;;;
6a8d94fc5b7c051637e31144;6a3da81e68e0c9b88d29a91c;;6a3feaacbbf27f5ae7f1936f;119.7;25;;Planeta Vendas;;true;;;
6a8d94fc5b7c051637e31145;6a3da81e68e0c9b88d29a91c;;6a3feaacbbf27f5ae7f19370;136.8;25;;Planeta Vendas;;true;;;
6a8d94fc5b7c051637e31146;6a3da81e68e0c9b88d29a91c;;6a3feaacbbf27f5ae7f19371;153.9;25;;Planeta Vendas;;true;;;
6a8d94fc5b7c051637e31147;6a3da81e68e0c9b88d29a91c;;6a3feaacbbf27f5ae7f19372;171;25;;Planeta Vendas;;true;;;
6a8d94fc5b7c051637e31148;6a3da81e68e0c9b88d29a91c;;6a3feaacbbf27f5ae7f19373;188.1;25;;Planeta Vendas;;true;;;
6a8d94fc5b7c051637e31149;6a3da81e68e0c9b88d29a91c;;6a3feaacbbf27f5ae7f19374;205.2;25;;Planeta Vendas;;true;;;
6a8d94fc5b7c051637e3114a;6a3da81e68e0c9b88d29a91c;;6a3feaacbbf27f5ae7f19375;222.3;25;;Planeta Vendas;;true;;;
6a8d94fc5b7c051637e3114b;6a3da81e68e0c9b88d29a91c;;6a3feaacbbf27f5ae7f19376;239.4;25;;Planeta Vendas;;true;;;
6a8d94fc5b7c051637e3114c;6a3da81e68e0c9b88d29a91c;;6a3feaacbbf27f5ae7f19377;256.5;25;;Planeta Vendas;;true;;;
6a8d94fc5b7c051637e3114d;6a3da81e68e0c9b88d29a91c;;6a3feaacbbf27f5ae7f19378;273.6;25;;Planeta Vendas;;true;;;
6a8d94fc5b7c051637e3114e;6a3da81e68e0c9b88d29a91c;;6a3feaacbbf27f5ae7f19358;106.64;25;;Planeta Vendas;;true;;;
6a8d94fc5b7c051637e3114f;6a3da81e68e0c9b88d29a91c;;6a3feaacbbf27f5ae7f19359;127.97;25;;Planeta Vendas;;true;;;
6a8d94fc5b7c051637e31150;6a3da81e68e0c9b88d29a91c;;6a3feaacbbf27f5ae7f1935a;149.3;25;;Planeta Vendas;;true;;;
6a8d94fc5b7c051637e31151;6a3da81e68e0c9b88d29a91c;;6a3feaacbbf27f5ae7f1935b;170.62;25;;Planeta Vendas;;true;;;
6a8d94fc5b7c051637e31152;6a3da81e68e0c9b88d29a91c;;6a3feaacbbf27f5ae7f1935c;191.95;25;;Planeta Vendas;;true;;;
6a8d94fc5b7c051637e31153;6a3da81e68e0c9b88d29a91c;;6a3feaacbbf27f5ae7f1935d;213.28;25;;Planeta Vendas;;true;;;
6a8d94fc5b7c051637e31154;6a3da81e68e0c9b88d29a91c;;6a3feaacbbf27f5ae7f1935e;234.61;25;;Planeta Vendas;;true;;;
6a8d94fc5b7c051637e31155;6a3da81e68e0c9b88d29a91c;;6a3feaacbbf27f5ae7f1935f;255.94;25;;Planeta Vendas;;true;;;
6a8d94fc5b7c051637e31156;6a3da81e68e0c9b88d29a91c;;6a3feaacbbf27f5ae7f19360;277.26;25;;Planeta Vendas;;true;;;
6a8d94fc5b7c051637e31157;6a3da81e68e0c9b88d29a91c;;6a3feaacbbf27f5ae7f19361;298.59;25;;Planeta Vendas;;true;;;
6a8d94fc5b7c051637e31158;6a3da81e68e0c9b88d29a91c;;6a3feaacbbf27f5ae7f19362;319.92;25;;Planeta Vendas;;true;;;
6a8d94fc5b7c051637e31159;6a3da81e68e0c9b88d29a91c;;6a3feaacbbf27f5ae7f19363;341.25;25;;Planeta Vendas;;true;;;
6a8d94fc5b7c051637e3115a;6a3da81e68e0c9b88d29a91c;;6a3feaacbbf27f5ae7f19364;362.58;25;;Planeta Vendas;;true;;;
6a8d94fc5b7c051637e3115b;6a3da81e68e0c9b88d29a91c;;6a3feaacbbf27f5ae7f19365;383.9;25;;Planeta Vendas;;true;;;
6a8d94fc5b7c051637e3115c;6a3da81e68e0c9b88d29a91c;;6a3feaacbbf27f5ae7f19366;405.23;25;;Planeta Vendas;;true;;;
6a8d94fc5b7c051637e3115d;6a3da81e68e0c9b88d29a91c;;6a3feaacbbf27f5ae7f19367;426.56;25;;Planeta Vendas;;true;;;
6a8d94fc5b7c051637e3115e;6a3da81e68e0c9b88d29a91c;;6a3feaacbbf27f5ae7f19368;447.89;25;;Planeta Vendas;;true;;;
6a8d94fc5b7c051637e3115f;6a3da81e68e0c9b88d29a91c;;6a3feaacbbf27f5ae7f19369;469.22;25;;Planeta Vendas;;true;;;
6a8d94fc5b7c051637e31160;6a3da81e68e0c9b88d29a91c;;6a3feaacbbf27f5ae7f1936a;490.54;25;;Planeta Vendas;;true;;;
6a8d94fc5b7c051637e31161;6a3da81e68e0c9b88d29a91c;;6a3feaacbbf27f5ae7f1936b;511.87;25;;Planeta Vendas;;true;;;
6a8d94fc5b7c051637e31162;6a3da81e68e0c9b88d29a91c;;6a3feaacbbf27f5ae7f1936c;533.2;25;;Planeta Vendas;;true;;;
6a8d94fc5b7c051637e31163;6a3da81e68e0c9b88d29a91c;;6a4d2f028f092573faefcc4d;17.36;25;;Anilhas e Halteres Brasil;;true;;;
6a8d94fc5b7c051637e31164;6a3da81e68e0c9b88d29a91c;;6a7b13c0603b667969eea323;486.8928;25;;Fundição Unibrás;;true;;;
6a8d94fc5b7c051637e31165;6a3da81e68e0c9b88d29a91c;;6a7b13c0603b667969eea327;135.63;25;;Furious Equipment;;true;;;
6a8d94fc5b7c051637e31166;6a3da81e68e0c9b88d29a91c;;6a7b13c0603b667969eea328;155;25;;Furious Equipment;;true;;;
6a8d94fc5b7c051637e31167;6a3da81e68e0c9b88d29a91c;;6a7b13c0603b667969eea329;174.37;25;;Furious Equipment;;true;;;
6a8d94fc5b7c051637e31168;6a3da81e68e0c9b88d29a91c;;6a7b13c0603b667969eea32a;193.73;25;;Furious Equipment;;true;;;
6a8d94fc5b7c051637e31169;6a3da81e68e0c9b88d29a91c;;6a7b13c0603b667969eea32b;232.46;25;;Furious Equipment;;true;;;
6a8d94fc5b7c051637e3116a;6a3da81e68e0c9b88d29a91c;;6a7b13c0603b667969eea32c;251.83;25;;Furious Equipment;;true;;;
6a8d94fc5b7c051637e3116b;6a3da81e68e0c9b88d29a91c;;6a7b13c0603b667969eea32d;271.19;25;;Furious Equipment;;true;;;
6a8d94fc5b7c051637e3116c;6a3da81e68e0c9b88d29a91c;;6a7b13c0603b667969eea32e;290.56;25;;Furious Equipment;;true;;;
6a8d94fc5b7c051637e3116d;6a3da81e68e0c9b88d29a91c;;6a7b13c0603b667969eea32f;133.79;25;;Furious Equipment;;true;;;
6a8d94fc5b7c051637e3116e;6a3da81e68e0c9b88d29a91c;;6a7b13c0603b667969eea330;156.07;25;;Furious Equipment;;true;;;
6a8d94fc5b7c051637e3116f;6a3da81e68e0c9b88d29a91c;;6a7b13c0603b667969eea331;178.36;25;;Furious Equipment;;true;;;
6a8d94fc5b7c051637e31170;6a3da81e68e0c9b88d29a91c;;6a7b13c0603b667969eea332;200.64;25;;Furious Equipment;;true;;;
6a8d94fc5b7c051637e31171;6a3da81e68e0c9b88d29a91c;;6a7b13c0603b667969eea333;245.21;25;;Furious Equipment;;true;;;
6a8d94fc5b7c051637e31172;6a3da81e68e0c9b88d29a91c;;6a7b13c0603b667969eea334;267.5;25;;Furious Equipment;;true;;;
6a8d94fc5b7c051637e31173;6a3da81e68e0c9b88d29a91c;;6a7b13c0603b667969eea335;289.79;25;;Furious Equipment;;true;;;
6a8d94fc5b7c051637e31174;6a3da81e68e0c9b88d29a91c;;6a7b13c0603b667969eea336;312.07;25;;Furious Equipment;;true;;;
6a8d94fc5b7c051637e31175;6a3da81e68e0c9b88d29a91c;;6a7b13c0603b667969eea337;356.64;25;;Furious Equipment;;true;;;
6a8d94fc5b7c051637e31176;6a3da81e68e0c9b88d29a91c;;6a3e9f1164a9e1e30880a287;7.6;25;;Planeta Vendas;;true;;;
6a8d94fc5b7c051637e31177;6a3da81e68e0c9b88d29a91c;;6a3e9f1164a9e1e30880a288;15.2;25;;Planeta Vendas;;true;;;
6a8d94fc5b7c051637e31178;6a3da81e68e0c9b88d29a91c;;6a3e9f1164a9e1e30880a289;22.8;25;;Planeta Vendas;;true;;;
6a8d94fc5b7c051637e31179;6a3da81e68e0c9b88d29a91c;;6a3e9f1164a9e1e30880a28a;30.4;25;;Planeta Vendas;;true;;;
6a8d94fc5b7c051637e3117a;6a3da81e68e0c9b88d29a91c;;6a3e9f1164a9e1e30880a28b;38;25;;Planeta Vendas;;true;;;
6a8d94fc5b7c051637e3117b;6a3da81e68e0c9b88d29a91c;;6a3e9f1164a9e1e30880a28c;45.6;25;;Planeta Vendas;;true;;;
6a8d94fc5b7c051637e3117c;6a3da81e68e0c9b88d29a91c;;6a3e9f1164a9e1e30880a28d;53.2;25;;Planeta Vendas;;true;;;
6a8d94fc5b7c051637e3117d;6a3da81e68e0c9b88d29a91c;;6a3e9f1164a9e1e30880a28e;60.8;25;;Planeta Vendas;;true;;;
6a8d94fc5b7c051637e3117e;6a3da81e68e0c9b88d29a91c;;6a3e9f1164a9e1e30880a28f;68.4;25;;Planeta Vendas;;true;;;
6a8d94fc5b7c051637e3117f;6a3da81e68e0c9b88d29a91c;;6a3e9f1164a9e1e30880a290;76;25;;Planeta Vendas;;true;;;
6a8d94fc5b7c051637e31180;6a3da81e68e0c9b88d29a91c;;6a3e9f1164a9e1e30880a29b;12.06;25;;Anilhas de Ferro;;true;;;
6a8d94fc5b7c051637e31181;6a3da81e68e0c9b88d29a91c;;6a3e9f1164a9e1e30880a27d;5.8;25;;Planeta Vendas;;true;;;
6a8d94fc5b7c051637e31182;6a3da81e68e0c9b88d29a91c;;6a3e9f1164a9e1e30880a27e;11.6;25;;Planeta Vendas;;true;;;
6a8d94fc5b7c051637e31183;6a3da81e68e0c9b88d29a91c;;6a3e9f1164a9e1e30880a27f;17.4;25;;Planeta Vendas;;true;;;
6a8d94fc5b7c051637e31184;6a3da81e68e0c9b88d29a91c;;6a3e9f1164a9e1e30880a280;23.2;25;;Planeta Vendas;;true;;;
6a8d94fc5b7c051637e31185;6a3da81e68e0c9b88d29a91c;;6a3e9f1164a9e1e30880a281;29;25;;Planeta Vendas;;true;;;
6a8d94fc5b7c051637e31186;6a3da81e68e0c9b88d29a91c;;6a3e9f1164a9e1e30880a282;34.8;25;;Planeta Vendas;;true;;;
6a8d94fc5b7c051637e31187;6a3da81e68e0c9b88d29a91c;;6a3e9f1164a9e1e30880a283;40.6;25;;Planeta Vendas;;true;;;
6a8d94fc5b7c051637e31188;6a3da81e68e0c9b88d29a91c;;6a3e9f1164a9e1e30880a284;46.4;25;;Planeta Vendas;;true;;;
6a8d94fc5b7c051637e31189;6a3da81e68e0c9b88d29a91c;;6a3e9f1164a9e1e30880a285;52.2;25;;Planeta Vendas;;true;;;
6a8d94fc5b7c051637e3118a;6a3da81e68e0c9b88d29a91c;;6a3e9f1164a9e1e30880a286;58;25;;Planeta Vendas;;true;;;
6a8d94fc5b7c051637e3118b;6a3da81e68e0c9b88d29a91c;;6a3e9f1164a9e1e30880a2a5;5.3500000000000005;25;;Fundição Santa Clara;;true;;;
6a8d94fc5b7c051637e3118c;6a3da81e68e0c9b88d29a91c;;6a3e9f1164a9e1e30880a2a6;10.700000000000001;25;;Fundição Santa Clara;;true;;;
6a8d94fc5b7c051637e3118d;6a3da81e68e0c9b88d29a91c;;6a3e9f1164a9e1e30880a2a7;16.05;25;;Fundição Santa Clara;;true;;;
6a8d94fc5b7c051637e3118e;6a3da81e68e0c9b88d29a91c;;6a3e9f1164a9e1e30880a2a8;21.400000000000002;25;;Fundição Santa Clara;;true;;;
6a8d94fc5b7c051637e3118f;6a3da81e68e0c9b88d29a91c;;6a3e9f1164a9e1e30880a2a9;26.75;25;;Fundição Santa Clara;;true;;;
6a8d94fc5b7c051637e31190;6a3da81e68e0c9b88d29a91c;;6a3e9f1164a9e1e30880a2aa;32.1;25;;Fundição Santa Clara;;true;;;
6a8d94fc5b7c051637e31191;6a3da81e68e0c9b88d29a91c;;6a3e9f1164a9e1e30880a2ab;37.45;25;;Fundição Santa Clara;;true;;;
6a8d94fc5b7c051637e31192;6a3da81e68e0c9b88d29a91c;;6a3e9f1164a9e1e30880a2ac;42.800000000000004;25;;Fundição Santa Clara;;true;;;
6a8d94fc5b7c051637e31193;6a3da81e68e0c9b88d29a91c;;6a3e9f1164a9e1e30880a2ad;48.150000000000006;25;;Fundição Santa Clara;;true;;;
6a8d94fc5b7c051637e31194;6a3da81e68e0c9b88d29a91c;;6a3e9f1164a9e1e30880a2ae;53.5;25;;Fundição Santa Clara;;true;;;
6a8d94fc5b7c051637e31195;6a3da81e68e0c9b88d29a91c;;6a3e9f1164a9e1e30880a2c3;14;25;;Planeta Vendas;;true;;;
6a8d94fc5b7c051637e31196;6a3da81e68e0c9b88d29a91c;;6a3e9f1164a9e1e30880a2c4;28;25;;Planeta Vendas;;true;;;
6a8d94fc5b7c051637e31197;6a3da81e68e0c9b88d29a91c;;6a3e9f1164a9e1e30880a2c5;42;25;;Planeta Vendas;;true;;;
6a8d94fc5b7c051637e31198;6a3da81e68e0c9b88d29a91c;;6a3e9f1164a9e1e30880a2c6;56;25;;Planeta Vendas;;true;;;
6a8d94fc5b7c051637e31199;6a3da81e68e0c9b88d29a91c;;6a3e9f1164a9e1e30880a2c7;70;25;;Planeta Vendas;;true;;;
6a8d94fc5b7c051637e3119a;6a3da81e68e0c9b88d29a91c;;6a3e9f1164a9e1e30880a2c8;84;25;;Planeta Vendas;;true;;;
6a8d94fc5b7c051637e3119b;6a3da81e68e0c9b88d29a91c;;6a3e9f1164a9e1e30880a2c9;98;25;;Planeta Vendas;;true;;;
6a8d94fc5b7c051637e3119c;6a3da81e68e0c9b88d29a91c;;6a3e9f1164a9e1e30880a2ca;112;25;;Planeta Vendas;;true;;;
6a8d94fc5b7c051637e3119d;6a3da81e68e0c9b88d29a91c;;6a3e9f1164a9e1e30880a2cb;126;25;;Planeta Vendas;;true;;;
6a8d94fc5b7c051637e3119e;6a3da81e68e0c9b88d29a91c;;6a3e9f1164a9e1e30880a2cc;140;25;;Planeta Vendas;;true;;;
6a8d94fc5b7c051637e3119f;6a3da81e68e0c9b88d29a91c;;6a3fc1585187527190c4c1da;9.544400000000001;25;;Fundição Unibrás;;true;;;
6a8d94fc5b7c051637e311a0;6a3da81e68e0c9b88d29a91c;;6a3fc1585187527190c4c1db;19.09;25;;Fundição Unibrás;;true;;;
6a8d94fc5b7c051637e311a1;6a3da81e68e0c9b88d29a91c;;6a3fc1585187527190c4c1dc;28.63;25;;Fundição Unibrás;;true;;;
6a8d94fc5b7c051637e311a2;6a3da81e68e0c9b88d29a91c;;6a3fc1585187527190c4c1dd;38.18;25;;Fundição Unibrás;;true;;;
6a8d94fc5b7c051637e311a3;6a3da81e68e0c9b88d29a91c;;6a3fc1585187527190c4c1de;47.72;25;;Fundição Unibrás;;true;;;
6a8d94fc5b7c051637e311a4;6a3da81e68e0c9b88d29a91c;;6a3fc1585187527190c4c1df;57.27;25;;Fundição Unibrás;;true;;;
6a8d94fc5b7c051637e311a5;6a3da81e68e0c9b88d29a91c;;6a3fc1585187527190c4c1e0;66.81;25;;Fundição Unibrás;;true;;;
6a8d94fc5b7c051637e311a6;6a3da81e68e0c9b88d29a91c;;6a3fc1585187527190c4c1e1;76.36;25;;Fundição Unibrás;;true;;;
6a8d94fc5b7c051637e311a7;6a3da81e68e0c9b88d29a91c;;6a3fc1585187527190c4c1e2;85.9;25;;Fundição Unibrás;;true;;;
6a8d94fc5b7c051637e311a8;6a3da81e68e0c9b88d29a91c;;6a3fc1585187527190c4c1e3;95.444;25;;Fundição Unibrás;;true;;;
6a8d94fc5b7c051637e311a9;6a3da81e68e0c9b88d29a91c;;6a3e9f1164a9e1e30880a2eb;22;25;;Planeta Vendas;;true;;;
6a8d94fc5b7c051637e311aa;6a3da81e68e0c9b88d29a91c;;6a3e9f1164a9e1e30880a2ec;44;25;;Planeta Vendas;;true;;;
6a8d94fc5b7c051637e311ab;6a3da81e68e0c9b88d29a91c;;6a3e9f1164a9e1e30880a2ed;66;25;;Planeta Vendas;;true;;;
6a8d94fc5b7c051637e311ac;6a3da81e68e0c9b88d29a91c;;6a3e9f1164a9e1e30880a2ee;88;25;;Planeta Vendas;;true;;;
6a8d94fc5b7c051637e311ad;6a3da81e68e0c9b88d29a91c;;6a3e9f1164a9e1e30880a2ef;110;25;;Planeta Vendas;;true;;;
6a8d94fc5b7c051637e311ae;6a3da81e68e0c9b88d29a91c;;6a3e9f1164a9e1e30880a2f0;132;25;;Planeta Vendas;;true;;;
6a8d94fc5b7c051637e311af;6a3da81e68e0c9b88d29a91c;;6a3e9f1164a9e1e30880a2f1;154;25;;Planeta Vendas;;true;;;
6a8d94fc5b7c051637e311b0;6a3da81e68e0c9b88d29a91c;;6a3e9f1164a9e1e30880a2f2;176;25;;Planeta Vendas;;true;;;
6a8d94fc5b7c051637e311b1;6a3da81e68e0c9b88d29a91c;;6a3e9f1164a9e1e30880a2f3;198;25;;Planeta Vendas;;true;;;
6a8d94fc5b7c051637e311b2;6a3da81e68e0c9b88d29a91c;;6a3e9f1164a9e1e30880a2f4;220;25;;Planeta Vendas;;true;;;
6a8d94fc5b7c051637e311b3;6a3da81e68e0c9b88d29a91c;;6a3e9f1164a9e1e30880a2af;13;25;;Planeta Vendas;;true;;;
6a8d94fc5b7c051637e311b4;6a3da81e68e0c9b88d29a91c;;6a3e9f1164a9e1e30880a2b0;26;25;;Planeta Vendas;;true;;;
6a8d94fc5b7c051637e311b5;6a3da81e68e0c9b88d29a91c;;6a3e9f1164a9e1e30880a2b1;39;25;;Planeta Vendas;;true;;;
6a8d94fc5b7c051637e311b6;6a3da81e68e0c9b88d29a91c;;6a3e9f1164a9e1e30880a2b2;52;25;;Planeta Vendas;;true;;;
6a8d94fc5b7c051637e311b7;6a3da81e68e0c9b88d29a91c;;6a3e9f1164a9e1e30880a2b3;65;25;;Planeta Vendas;;true;;;
6a8d94fc5b7c051637e311b8;6a3da81e68e0c9b88d29a91c;;6a3e9f1164a9e1e30880a2b4;78;25;;Planeta Vendas;;true;;;
6a8d94fc5b7c051637e311b9;6a3da81e68e0c9b88d29a91c;;6a3e9f1164a9e1e30880a2b5;91;25;;Planeta Vendas;;true;;;
6a8d94fc5b7c051637e311ba;6a3da81e68e0c9b88d29a91c;;6a3e9f1164a9e1e30880a2b6;104;25;;Planeta Vendas;;true;;;
6a8d94fc5b7c051637e311bb;6a3da81e68e0c9b88d29a91c;;6a3e9f1164a9e1e30880a2b7;117;25;;Planeta Vendas;;true;;;
6a8d94fc5b7c051637e311bc;6a3da81e68e0c9b88d29a91c;;6a3e9f1164a9e1e30880a2b8;130;25;;Planeta Vendas;;true;;;
6a8d94fc5b7c051637e311bd;6a3da81e68e0c9b88d29a91c;;6a3fc1585187527190c4c1d0;7.32;25;;Anilhas e Halteres Brasil;;true;;;
6a8d94fc5b7c051637e311be;6a3da81e68e0c9b88d29a91c;;6a3fc1585187527190c4c1d1;14.64;25;;Anilhas e Halteres Brasil;;true;;;
6a8d94fc5b7c051637e311bf;6a3da81e68e0c9b88d29a91c;;6a3fc1585187527190c4c1d2;21.96;25;;Anilhas e Halteres Brasil;;true;;;
6a8d94fc5b7c051637e311c0;6a3da81e68e0c9b88d29a91c;;6a3fc1585187527190c4c1d3;29.28;25;;Anilhas e Halteres Brasil;;true;;;
6a8d94fc5b7c051637e311c1;6a3da81e68e0c9b88d29a91c;;6a3fc1585187527190c4c1d4;36.6;25;;Anilhas e Halteres Brasil;;true;;;
6a8d94fc5b7c051637e311c2;6a3da81e68e0c9b88d29a91c;;6a3fc1585187527190c4c1d5;43.92;25;;Anilhas e Halteres Brasil;;true;;;
6a8d94fc5b7c051637e311c3;6a3da81e68e0c9b88d29a91c;;6a3fc1585187527190c4c1d6;51.24;25;;Anilhas e Halteres Brasil;;true;;;
6a8d94fc5b7c051637e311c4;6a3da81e68e0c9b88d29a91c;;6a3fc1585187527190c4c1d7;58.56;25;;Anilhas e Halteres Brasil;;true;;;
6a8d94fc5b7c051637e311c5;6a3da81e68e0c9b88d29a91c;;6a3fc1585187527190c4c1d8;65.88;25;;Anilhas e Halteres Brasil;;true;;;
6a8d94fc5b7c051637e311c6;6a3da81e68e0c9b88d29a91c;;6a3fc1585187527190c4c1d9;73.2;25;;Anilhas e Halteres Brasil;;true;;;
6a8d94fc5b7c051637e311c7;6a3da81e68e0c9b88d29a91c;;6a3e9f1164a9e1e30880a2d7;14;25;;Planeta Vendas;;true;;;
6a8d94fc5b7c051637e311c8;6a3da81e68e0c9b88d29a91c;;6a3e9f1164a9e1e30880a2d8;28;25;;Planeta Vendas;;true;;;
6a8d94fc5b7c051637e311c9;6a3da81e68e0c9b88d29a91c;;6a3e9f1164a9e1e30880a2d9;42;25;;Planeta Vendas;;true;;;
6a8d94fc5b7c051637e311ca;6a3da81e68e0c9b88d29a91c;;6a3e9f1164a9e1e30880a2da;56;25;;Planeta Vendas;;true;;;
6a8d94fc5b7c051637e311cb;6a3da81e68e0c9b88d29a91c;;6a3e9f1164a9e1e30880a2db;70;25;;Planeta Vendas;;true;;;
6a8d94fc5b7c051637e311cc;6a3da81e68e0c9b88d29a91c;;6a3e9f1164a9e1e30880a2dc;84;25;;Planeta Vendas;;true;;;
6a8d94fc5b7c051637e311cd;6a3da81e68e0c9b88d29a91c;;6a3e9f1164a9e1e30880a2dd;98;25;;Planeta Vendas;;true;;;
6a8d94fc5b7c051637e311ce;6a3da81e68e0c9b88d29a91c;;6a3e9f1164a9e1e30880a2de;112;25;;Planeta Vendas;;true;;;
6a8d94fc5b7c051637e311cf;6a3da81e68e0c9b88d29a91c;;6a3e9f1164a9e1e30880a2df;126;25;;Planeta Vendas;;true;;;
6a8d94fc5b7c051637e311d0;6a3da81e68e0c9b88d29a91c;;6a3e9f1164a9e1e30880a2e0;140;25;;Planeta Vendas;;true;;;
6a8d94fc5b7c051637e311d1;6a3da81e68e0c9b88d29a91c;;6a3ecab39928a9b8529fbc0a;9919.7;25;;Planeta Vendas;;true;;;
6a8d94fc5b7c051637e311d2;6a3da81e68e0c9b88d29a91c;;6a7b9947b59a65fb5ccabfe7;24.610000000000003;25;;Anilha X;;true;;;
6a8d94fc5b7c051637e311d3;6a3da81e68e0c9b88d29a91c;;6a7b9947b59a65fb5ccabfe8;36.915;25;;Anilha X;;true;;;
6a8d94fc5b7c051637e311d4;6a3da81e68e0c9b88d29a91c;;6a7b9947b59a65fb5ccabfe9;49.220000000000006;25;;Anilha X;;true;;;
6a8d94fc5b7c051637e311d5;6a3da81e68e0c9b88d29a91c;;6a7b9947b59a65fb5ccabfea;61.525000000000006;25;;Anilha X;;true;;;
6a8d94fc5b7c051637e311d6;6a3da81e68e0c9b88d29a91c;;6a7b9947b59a65fb5ccabfeb;73.83;25;;Anilha X;;true;;;
6a8d94fc5b7c051637e311d7;6a3da81e68e0c9b88d29a91c;;6a7b9947b59a65fb5ccabfec;86.135;25;;Anilha X;;true;;;
6a8d94fc5b7c051637e311d8;6a3da81e68e0c9b88d29a91c;;6a7b9947b59a65fb5ccabfed;98.44000000000001;25;;Anilha X;;true;;;
6a8d94fc5b7c051637e311d9;6a3da81e68e0c9b88d29a91c;;6a7b9947b59a65fb5ccabfee;110.745;25;;Anilha X;;true;;;
6a8d94fc5b7c051637e311da;6a3da81e68e0c9b88d29a91c;;6a7b9947b59a65fb5ccabfef;123.05000000000001;25;;Anilha X;;true;;;
6a8d94fc5b7c051637e311db;6a3da81e68e0c9b88d29a91c;;6a7b9947b59a65fb5ccabff0;135.35500000000002;25;;Anilha X;;true;;;
6a8d94fc5b7c051637e311dc;6a3da81e68e0c9b88d29a91c;;6a7b9947b59a65fb5ccabff1;147.66;25;;Anilha X;;true;;;
6a8d94fc5b7c051637e311dd;6a3da81e68e0c9b88d29a91c;;6a7b9947b59a65fb5ccabff2;159.965;25;;Anilha X;;true;;;
6a8d94fc5b7c051637e311de;6a3da81e68e0c9b88d29a91c;;6a3ecab39928a9b8529fbc07;6989.79;25;;Planeta Vendas;;true;;;
6a8d94fc5b7c051637e311df;6a3da81e68e0c9b88d29a91c;;6a3ecab39928a9b8529fbc08;4139.88;25;;Planeta Vendas;;true;;;
6a8d94fc5b7c051637e311e0;6a3da81e68e0c9b88d29a91c;;6a3ecab39928a9b8529fbc09;6989.79;25;;Planeta Vendas;;true;;;
6a8d94fc5b7c051637e311e1;6a3da81e68e0c9b88d29a91c;;6a3fd72af902fe48947f7930;35.31;25;;Anilha X;;true;;;
6a8d94fc5b7c051637e311e2;6a3da81e68e0c9b88d29a91c;;6a3fd72af902fe48947f7931;52.965;25;;Anilha X;;true;;;
6a8d94fc5b7c051637e311e3;6a3da81e68e0c9b88d29a91c;;6a3fd72af902fe48947f7932;70.62;25;;Anilha X;;true;;;
6a8d94fc5b7c051637e311e4;6a3da81e68e0c9b88d29a91c;;6a3fd72af902fe48947f7933;88.275;25;;Anilha X;;true;;;
6a8d94fc5b7c051637e311e5;6a3da81e68e0c9b88d29a91c;;6a3fd72af902fe48947f7934;105.93;25;;Anilha X;;true;;;
6a8d94fc5b7c051637e311e6;6a3da81e68e0c9b88d29a91c;;6a3fd72af902fe48947f7935;123.58500000000001;25;;Anilha X;;true;;;
6a8d94fc5b7c051637e311e7;6a3da81e68e0c9b88d29a91c;;6a3fd72af902fe48947f7936;141.24;25;;Anilha X;;true;;;
6a8d94fc5b7c051637e311e8;6a3da81e68e0c9b88d29a91c;;6a3fd72af902fe48947f7937;158.895;25;;Anilha X;;true;;;
6a8d94fc5b7c051637e311e9;6a3da81e68e0c9b88d29a91c;;6a3fd72af902fe48947f7938;176.55;25;;Anilha X;;true;;;
6a8d94fc5b7c051637e311ea;6a3da81e68e0c9b88d29a91c;;6a3fd72af902fe48947f7939;194.205;25;;Anilha X;;true;;;
6a8d94fc5b7c051637e311eb;6a3da81e68e0c9b88d29a91c;;6a3fd72af902fe48947f793a;211.86;25;;Anilha X;;true;;;
6a8d94fc5b7c051637e311ec;6a3da81e68e0c9b88d29a91c;;6a3fd72af902fe48947f793b;229.51500000000001;25;;Anilha X;;true;;;
6a8d94fc5b7c051637e311ed;6a3da81e68e0c9b88d29a91c;;6a3fd72af902fe48947f793c;247.17;25;;Anilha X;;true;;;
6a8d94fc5b7c051637e311ee;6a3da81e68e0c9b88d29a91c;;6a3fd72af902fe48947f793d;264.83;25;;Anilha X;;true;;;
6a8d94fc5b7c051637e311ef;6a3da81e68e0c9b88d29a91c;;6a3fd72af902fe48947f793e;282.48;25;;Anilha X;;true;;;
6a8d94fc5b7c051637e311f0;6a3da81e68e0c9b88d29a91c;;6a3fd72af902fe48947f793f;300.14;25;;Anilha X;;true;;;
6a8d94fc5b7c051637e311f1;6a3da81e68e0c9b88d29a91c;;6a3fd72af902fe48947f7940;317.79;25;;Anilha X;;true;;;
6a8d94fc5b7c051637e311f2;6a3da81e68e0c9b88d29a91c;;6a3fd72af902fe48947f7941;335.45;25;;Anilha X;;true;;;
6a8d94fc5b7c051637e311f3;6a3da81e68e0c9b88d29a91c;;6a3fd72af902fe48947f7942;353.1;25;;Anilha X;;true;;;
6a8d94fc5b7c051637e311f4;6a3da81e68e0c9b88d29a91c;;6a3fd72af902fe48947f7943;38;25;;Planeta Vendas;;true;;;
6a8d94fc5b7c051637e311f5;6a3da81e68e0c9b88d29a91c;;6a3fd72af902fe48947f7944;57;25;;Planeta Vendas;;true;;;
6a8d94fc5b7c051637e311f6;6a3da81e68e0c9b88d29a91c;;6a3fd72af902fe48947f7945;76;25;;Planeta Vendas;;true;;;
6a8d94fc5b7c051637e311f7;6a3da81e68e0c9b88d29a91c;;6a3fd72af902fe48947f7946;95;25;;Planeta Vendas;;true;;;
6a8d94fc5b7c051637e311f8;6a3da81e68e0c9b88d29a91c;;6a3fd72af902fe48947f7947;114;25;;Planeta Vendas;;true;;;
6a8d94fc5b7c051637e311f9;6a3da81e68e0c9b88d29a91c;;6a3fd72af902fe48947f7948;133;25;;Planeta Vendas;;true;;;
6a8d94fc5b7c051637e311fa;6a3da81e68e0c9b88d29a91c;;6a3fd72af902fe48947f7949;152;25;;Planeta Vendas;;true;;;
6a8d94fc5b7c051637e311fb;6a3da81e68e0c9b88d29a91c;;6a3fd72af902fe48947f794a;171;25;;Planeta Vendas;;true;;;
6a8d94fc5b7c051637e311fc;6a3da81e68e0c9b88d29a91c;;6a3fd72af902fe48947f794b;190;25;;Planeta Vendas;;true;;;
6a8d94fc5b7c051637e311fd;6a3da81e68e0c9b88d29a91c;;6a3fd72af902fe48947f794c;209;25;;Planeta Vendas;;true;;;
6a8d94fc5b7c051637e311fe;6a3da81e68e0c9b88d29a91c;;6a3fd72af902fe48947f794d;228;25;;Planeta Vendas;;true;;;
6a8d94fc5b7c051637e311ff;6a3da81e68e0c9b88d29a91c;;6a3fd72af902fe48947f794e;247;25;;Planeta Vendas;;true;;;
6a8d94fc5b7c051637e31200;6a3da81e68e0c9b88d29a91c;;6a3fd72af902fe48947f794f;266;25;;Planeta Vendas;;true;;;
6a8d94fc5b7c051637e31201;6a3da81e68e0c9b88d29a91c;;6a3fd72af902fe48947f7950;285;25;;Planeta Vendas;;true;;;
6a8d94fc5b7c051637e31202;6a3da81e68e0c9b88d29a91c;;6a3fd72af902fe48947f7951;304;25;;Planeta Vendas;;true;;;
6a8d94fc5b7c051637e31203;6a3da81e68e0c9b88d29a91c;;6a3fd72af902fe48947f7952;323;25;;Planeta Vendas;;true;;;
6a8d94fc5b7c051637e31204;6a3da81e68e0c9b88d29a91c;;6a3fd72af902fe48947f7953;342;25;;Planeta Vendas;;true;;;
6a8d94fc5b7c051637e31205;6a3da81e68e0c9b88d29a91c;;6a3fd72af902fe48947f7954;361;25;;Planeta Vendas;;true;;;
6a8d94fc5b7c051637e31206;6a3da81e68e0c9b88d29a91c;;6a3fd72af902fe48947f7955;380;25;;Planeta Vendas;;true;;;
6a8d94fc5b7c051637e31207;6a3da81e68e0c9b88d29a91c;;6a7b13c0603b667969eea355;44.854400000000005;25;;Fundição Unibrás;;true;;;
6a8d94fc5b7c051637e31208;6a3da81e68e0c9b88d29a91c;;6a7b13c0603b667969eea354;448.54400000000004;25;;Fundição Unibrás;;true;;;
6a8d94fc5b7c051637e31209;6a3da81e68e0c9b88d29a91c;;6a7b13c0603b667969eea35f;1493.06;25;;Furious Equipment;;true;;;
6a8d94fc5b7c051637e3120a;6a3da81e68e0c9b88d29a91c;;6a7b13c0603b667969eea364;1695.69;25;;Anilhas de Ferro;;true;;;
6a8d94fc5b7c051637e3120b;6a3da81e68e0c9b88d29a91c;;6a7b13c0603b667969eea366;1056.33;25;;Anilhas de Ferro;;true;;;
6a8d94fc5b7c051637e3120c;6a3da81e68e0c9b88d29a91c;;6a7b13c0603b667969eea367;851.4;25;;Anilhas de Ferro;;true;;;
6a8d94fc5b7c051637e3120d;6a3da81e68e0c9b88d29a91c;;6a7b141aa9c5d531620db92a;1940.13;25;;Anilhas de Ferro;;true;;;
6a8d94fc5b7c051637e3120e;6a3da81e68e0c9b88d29a91c;;6a7b141aa9c5d531620db92b;1758.06;25;;Anilhas de Ferro;;true;;;
6a8d94fc5b7c051637e3120f;6a3da81e68e0c9b88d29a91c;;6a7b141aa9c5d531620db92f;1106.82;25;;Anilhas de Ferro;;true;;;
6a8d94fc5b7c051637e31210;6a3da81e68e0c9b88d29a91c;;6a7b141aa9c5d531620db931;8542.8;25;;Anilhas de Ferro;;true;;;
6a8d94fc5b7c051637e31211;6a3da81e68e0c9b88d29a91c;;6a7b141aa9c5d531620db932;8542.8;25;;Anilhas de Ferro;;true;;;
6a8d94fc5b7c051637e31212;6a3da81e68e0c9b88d29a91c;;6a7b141aa9c5d531620db933;7371;25;;Anilhas de Ferro;;true;;;
6a8d94fc5b7c051637e31213;6a3da81e68e0c9b88d29a91c;;6a7b141aa9c5d531620db935;6312.6;25;;Anilhas de Ferro;;true;;;
6a8d94fc5b7c051637e31214;6a3da81e68e0c9b88d29a91c;;6a7b141aa9c5d531620db936;6312.6;25;;Anilhas de Ferro;;true;;;
6a8d94fc5b7c051637e31215;6a3da81e68e0c9b88d29a91c;;6a7b141aa9c5d531620db937;5329.8;25;;Anilhas de Ferro;;true;;;
6a8d94fc5b7c051637e31216;6a3da81e68e0c9b88d29a91c;;6a7b141aa9c5d531620db938;5556.6;25;;Anilhas de Ferro;;true;;;
6a8d94fc5b7c051637e31217;6a3da81e68e0c9b88d29a91c;;6a7b141aa9c5d531620db939;5556.6;25;;Anilhas de Ferro;;true;;;
6a8d94fc5b7c051637e31218;6a3da81e68e0c9b88d29a91c;;6a7b141aa9c5d531620db93a;4649.4;25;;Anilhas de Ferro;;true;;;
6a8d94fc5b7c051637e31219;6a3da81e68e0c9b88d29a91c;;6a7b141aa9c5d531620db93e;5254.2;25;;Anilhas de Ferro;;true;;;
6a8d94fc5b7c051637e3121a;6a3da81e68e0c9b88d29a91c;;6a7b141aa9c5d531620db93f;4573.8;25;;Anilhas de Ferro;;true;;;
6a8d94fc5b7c051637e3121b;6a3da81e68e0c9b88d29a91c;;6a7b141aa9c5d531620db942;154.08;25;;CPFit;;true;;;
6a8d94fc5b7c051637e3121c;6a3da81e68e0c9b88d29a91c;;6a3fd72af902fe48947f7969;26.75;25;;Anilha X;;true;;;
6a8d94fc5b7c051637e3121d;6a3da81e68e0c9b88d29a91c;;6a3fd72af902fe48947f796a;40.125;25;;Anilha X;;true;;;
6a8d94fc5b7c051637e3121e;6a3da81e68e0c9b88d29a91c;;6a3fd72af902fe48947f796b;53.5;25;;Anilha X;;true;;;
6a8d94fc5b7c051637e3121f;6a3da81e68e0c9b88d29a91c;;6a3fd72af902fe48947f796c;66.875;25;;Anilha X;;true;;;
6a8d94fc5b7c051637e31220;6a3da81e68e0c9b88d29a91c;;6a3fd72af902fe48947f796d;80.25;25;;Anilha X;;true;;;
6a8d94fc5b7c051637e31221;6a3da81e68e0c9b88d29a91c;;6a3fd72af902fe48947f796e;93.625;25;;Anilha X;;true;;;
6a8d94fc5b7c051637e31222;6a3da81e68e0c9b88d29a91c;;6a3fd72af902fe48947f796f;107;25;;Anilha X;;true;;;
6a8d94fc5b7c051637e31223;6a3da81e68e0c9b88d29a91c;;6a3fd72af902fe48947f7970;120.375;25;;Anilha X;;true;;;
6a8d94fc5b7c051637e31224;6a3da81e68e0c9b88d29a91c;;6a3fd72af902fe48947f7971;133.75;25;;Anilha X;;true;;;
6a8d94fc5b7c051637e31225;6a3da81e68e0c9b88d29a91c;;6a3fd72af902fe48947f7972;147.125;25;;Anilha X;;true;;;
6a8d94fc5b7c051637e31226;6a3da81e68e0c9b88d29a91c;;6a3fd72af902fe48947f7973;160.5;25;;Anilha X;;true;;;
6a8d94fc5b7c051637e31227;6a3da81e68e0c9b88d29a91c;;6a3fd72af902fe48947f7974;173.875;25;;Anilha X;;true;;;
6a8d94fc5b7c051637e31228;6a3da81e68e0c9b88d29a91c;;6a3fd72af902fe48947f7975;187.25;25;;Anilha X;;true;;;
6a8d94fc5b7c051637e31229;6a3da81e68e0c9b88d29a91c;;6a3fd72af902fe48947f7976;200.63;25;;Anilha X;;true;;;
6a8d94fc5b7c051637e3122a;6a3da81e68e0c9b88d29a91c;;6a3fd72af902fe48947f7977;214;25;;Anilha X;;true;;;
6a8d94fc5b7c051637e3122b;6a3da81e68e0c9b88d29a91c;;6a3fd72af902fe48947f7978;227.38;25;;Anilha X;;true;;;
6a8d94fc5b7c051637e3122c;6a3da81e68e0c9b88d29a91c;;6a3fd72af902fe48947f7979;240.75;25;;Anilha X;;true;;;
6a8d94fc5b7c051637e3122d;6a3da81e68e0c9b88d29a91c;;6a3fd72af902fe48947f797a;254.13;25;;Anilha X;;true;;;
6a8d94fc5b7c051637e3122e;6a3da81e68e0c9b88d29a91c;;6a3fd72af902fe48947f797b;267.5;25;;Anilha X;;true;;;
6a8d94fc5b7c051637e3122f;6a3da81e68e0c9b88d29a91c;;6a3f08db34609954cd1b140f;82;25;;Fabricante PlaceFit;;true;;;
6a8d94fc5b7c051637e31230;6a3da81e68e0c9b88d29a91c;;6a7b141aa9c5d531620db94c;94.14;25;;Furious Equipment;;true;;;
6a8d94fc5b7c051637e31231;6a3da81e68e0c9b88d29a91c;;6a3f054e70d826031108ed66;82;25;;Anilhas e Halteres Brasil;;true;;;
6a8d94fc5b7c051637e31232;6a3da81e68e0c9b88d29a91c;;6a3f08db34609954cd1b140d;82;25;;Anilhas e Halteres Brasil;;true;;;
6a8d94fc5b7c051637e31233;6a3da81e68e0c9b88d29a91c;;6a57db9fcbeb4107550b2a55;45.82;25;;Furious Equipment;;true;;;
6a8d94fc5b7c051637e31234;6a3da81e68e0c9b88d29a91c;;6a57bd17f3c30862052b59bb;152.28;25;;Anilhas e Halteres Brasil;;true;;;
6a8d94fc5b7c051637e31235;6a3da81e68e0c9b88d29a91c;;6a57bd657fa67faa93ade132;115.16;25;;Anilhas e Halteres Brasil;;true;;;
6a8d94fc5b7c051637e31236;6a3da81e68e0c9b88d29a91c;;6a57bd657fa67faa93ade136;160.9;25;;Anilhas e Halteres Brasil;;true;;;
6a8d94fc5b7c051637e31237;6a3da81e68e0c9b88d29a91c;;6a57bd657fa67faa93ade139;122.14;25;;Anilhas e Halteres Brasil;;true;;;
6a8d94fc5b7c051637e31238;6a3da81e68e0c9b88d29a91c;;6a57bd657fa67faa93ade13b;101.16;25;;Anilhas e Halteres Brasil;;true;;;
6a8d94fc5b7c051637e31239;6a3da81e68e0c9b88d29a91c;;6a57bd657fa67faa93ade13c;123.94;25;;Anilhas e Halteres Brasil;;true;;;
6a8d94fc5b7c051637e3123a;6a3da81e68e0c9b88d29a91c;;6a57bd657fa67faa93ade13d;122.45;25;;Anilhas e Halteres Brasil;;true;;;
6a8d94fc5b7c051637e3123b;6a3da81e68e0c9b88d29a91c;;6a57bd657fa67faa93ade13f;119.16;25;;Anilhas e Halteres Brasil;;true;;;
6a8d94fc5b7c051637e3123c;6a3da81e68e0c9b88d29a91c;;6a57bd657fa67faa93ade141;133.94;25;;Anilhas e Halteres Brasil;;true;;;
6a8d94fc5b7c051637e3123d;6a3da81e68e0c9b88d29a91c;;6a7b141aa9c5d531620db94e;66.48;25;;Furious Equipment;;true;;;
6a8d94fc5b7c051637e3123e;6a3da81e68e0c9b88d29a91c;;6a57bd657fa67faa93ade143;693.99;25;;Furious Equipment;;true;;;
6a8d94fc5b7c051637e3123f;6a3da81e68e0c9b88d29a91c;;6a57bd657fa67faa93ade145;904.3961;25;;Metal Forma;;true;;;
6a8d94fc5b7c051637e31240;6a3da81e68e0c9b88d29a91c;;6a57bd657fa67faa93ade146;270.9561;25;;Metal Forma;;true;;;
6a8d94fc5b7c051637e31241;6a3da81e68e0c9b88d29a91c;;6a57bd657fa67faa93ade147;484.62;25;;Furious Equipment;;true;;;
6a8d94fc5b7c051637e31242;6a3da81e68e0c9b88d29a91c;;6a57bd657fa67faa93ade148;350.639;25;;Metal Forma;;true;;;
6a8d94fc5b7c051637e31243;6a3da81e68e0c9b88d29a91c;;6a57bd657fa67faa93ade14a;206.29600000000002;25;;Metal Forma;;true;;;
6a8d94fc5b7c051637e31244;6a3da81e68e0c9b88d29a91c;;6a57bd657fa67faa93ade14d;786.8031000000001;25;;Metal Forma;;true;;;
6a8d94fc5b7c051637e31245;6a3da81e68e0c9b88d29a91c;;6a57bd657fa67faa93ade14e;684.1794;25;;Metal Forma;;true;;;
6a8d94fc5b7c051637e31246;6a3da81e68e0c9b88d29a91c;;6a57bd657fa67faa93ade14f;923.6454000000001;25;;Metal Forma;;true;;;
6a8d94fc5b7c051637e31247;6a3da81e68e0c9b88d29a91c;;6a57bd657fa67faa93ade151;757.1962;25;;Metal Forma;;true;;;
6a8d94fc5b7c051637e31248;6a3da81e68e0c9b88d29a91c;;6a57bd657fa67faa93ade152;406.4074;25;;Metal Forma;;true;;;
6a8d94fc5b7c051637e31249;6a3da81e68e0c9b88d29a91c;;6a57bd657fa67faa93ade153;199.84390000000002;25;;Metal Forma;;true;;;
6a8d94fc5b7c051637e3124a;6a3da81e68e0c9b88d29a91c;;6a57bd657fa67faa93ade154;417.3;25;;CrossRigs;;true;;;
6a8d94fc5b7c051637e3124b;6a3da81e68e0c9b88d29a91c;;6a57bd657fa67faa93ade155;162.5009;25;;Metal Forma;;true;;;
6a8d94fc5b7c051637e3124c;6a3da81e68e0c9b88d29a91c;;6a57bd657fa67faa93ade157;499.2085;25;;Metal Forma;;true;;;
6a8d94fc5b7c051637e3124d;6a3da81e68e0c9b88d29a91c;;6a57bd657fa67faa93ade158;182.79880000000003;25;;Metal Forma;;true;;;
6a8d94fc5b7c051637e3124e;6a3da81e68e0c9b88d29a91c;;6a57bd657fa67faa93ade159;301.5367;25;;Metal Forma;;true;;;
6a8d94fc5b7c051637e3124f;6a3da81e68e0c9b88d29a91c;;6a57bd657fa67faa93ade15a;181.4399;25;;Metal Forma;;true;;;
6a8d94fc5b7c051637e31250;6a3da81e68e0c9b88d29a91c;;6a57bd657fa67faa93ade15b;448.4;25;;Anilhas e Halteres Brasil;;true;;;
6a8d94fc5b7c051637e31251;6a3da81e68e0c9b88d29a91c;;6a57bd657fa67faa93ade15c;508.2;25;;Anilhas e Halteres Brasil;;true;;;
6a8d94fc5b7c051637e31252;6a3da81e68e0c9b88d29a91c;;6a57bd657fa67faa93ade15e;749;25;;CrossRigs;;true;;;
6a8d94fc5b7c051637e31253;6a3da81e68e0c9b88d29a91c;;6a57bd657fa67faa93ade15f;909.5;25;;CrossRigs;;true;;;
6a8d94fc5b7c051637e31254;6a3da81e68e0c9b88d29a91c;;6a57bd657fa67faa93ade160;535;25;;CrossRigs;;true;;;
6a8d94fc5b7c051637e31255;6a3da81e68e0c9b88d29a91c;;6a57bd657fa67faa93ade164;535;25;;CrossRigs;;true;;;
6a8d94fc5b7c051637e31256;6a3da81e68e0c9b88d29a91c;;6a57bd657fa67faa93ade16b;558;25;;Anilhas e Halteres Brasil;;true;;;
6a8d94fc5b7c051637e31257;6a3da81e68e0c9b88d29a91c;;6a57bd657fa67faa93ade16c;749;25;;CrossRigs;;true;;;
6a8d94fc5b7c051637e31258;6a3da81e68e0c9b88d29a91c;;6a57bd657fa67faa93ade16d;802.5;25;;CrossRigs;;true;;;
6a8d94fc5b7c051637e31259;6a3da81e68e0c9b88d29a91c;;6a57bdb389f31864ba0fb45e;802.5;25;;CrossRigs;;true;;;
6a8d94fc5b7c051637e3125a;6a3da81e68e0c9b88d29a91c;;6a57bdb389f31864ba0fb46b;1054;25;;Anilhas e Halteres Brasil;;true;;;
6a8d94fc5b7c051637e3125b;6a3da81e68e0c9b88d29a91c;;6a7b141aa9c5d531620db95a;646.15;25;;Furious Equipment;;true;;;
6a8d94fc5b7c051637e3125c;6a3da81e68e0c9b88d29a91c;;6a7b141aa9c5d531620db962;1.63;25;;Furious Equipment;;true;;;
6a8d94fc5b7c051637e3125d;6a3da81e68e0c9b88d29a91c;;6a7b141aa9c5d531620db963;1.63;25;;Furious Equipment;;true;;;
6a8d94fc5b7c051637e3125e;6a3da81e68e0c9b88d29a91c;;6a7b141aa9c5d531620db964;1.63;25;;Furious Equipment;;true;;;
6a8d94fc5b7c051637e3125f;6a3da81e68e0c9b88d29a91c;;6a7b141aa9c5d531620db965;7.02;25;;Furious Equipment;;true;;;
6a8d94fc5b7c051637e31260;6a3da81e68e0c9b88d29a91c;;6a7b141aa9c5d531620db966;7.02;25;;Furious Equipment;;true;;;
6a8d94fc5b7c051637e31261;6a3da81e68e0c9b88d29a91c;;6a7b141aa9c5d531620db967;7.02;25;;Furious Equipment;;true;;;
6a8d94fc5b7c051637e31262;6a3da81e68e0c9b88d29a91c;;6a7b141aa9c5d531620db968;7.02;25;;Furious Equipment;;true;;;
6a8d94fc5b7c051637e31263;6a3da81e68e0c9b88d29a91c;;6a7b141aa9c5d531620db96d;70.2;25;;Anilhas de Ferro;;true;;;
6a8d94fc5b7c051637e31264;6a3da81e68e0c9b88d29a91c;;6a7b141aa9c5d531620db96f;65.88;25;;Anilhas de Ferro;;true;;;
6a8d94fc5b7c051637e31265;6a3da81e68e0c9b88d29a91c;;6a7b141aa9c5d531620db970;53.55;25;;Anilhas de Ferro;;true;;;
6a8d94fc5b7c051637e31266;6a3da81e68e0c9b88d29a91c;;6a43d03d489599a52bac3e71;28.622500000000002;25;;Anilha X;;true;;;
6a8d94fc5b7c051637e31267;6a3da81e68e0c9b88d29a91c;;6a43d03d489599a52bac3e6b;36.915;25;;Anilha X;;true;;;
6a8d94fc5b7c051637e31268;6a3da81e68e0c9b88d29a91c;;6a43d03d489599a52bac3e6e;36.915;25;;Anilha X;;true;;;
6a8d94fc5b7c051637e31269;6a3da81e68e0c9b88d29a91c;;6a43d03d489599a52bac3e29;28.622500000000002;25;;Anilha X;;true;;;
6a8d94fc5b7c051637e3126a;6a3da81e68e0c9b88d29a91c;;6a43d03d489599a52bac3e23;36.915;25;;Anilha X;;true;;;
6a8d94fc5b7c051637e3126b;6a3da81e68e0c9b88d29a91c;;6a43d03d489599a52bac3e26;36.915;25;;Anilha X;;true;;;
6a8d94fc5b7c051637e3126c;6a3da81e68e0c9b88d29a91c;;6a43d03d489599a52bac3e39;72.5;25;;Furious Equipment;;true;;;
6a8d94fc5b7c051637e3126d;6a3da81e68e0c9b88d29a91c;;6a43d03d489599a52bac3e32;96.67;25;;Furious Equipment;;true;;;
6a8d94fc5b7c051637e3126e;6a3da81e68e0c9b88d29a91c;;6a43d03d489599a52bac3e59;28.622500000000002;25;;Anilha X;;true;;;
6a8d94fc5b7c051637e3126f;6a3da81e68e0c9b88d29a91c;;6a43d03d489599a52bac3e53;36.915;25;;Anilha X;;true;;;
6a8d94fc5b7c051637e31270;6a3da81e68e0c9b88d29a91c;;6a43d03d489599a52bac3e56;36.915;25;;Anilha X;;true;;;
6a8d94fc5b7c051637e31271;6a3da81e68e0c9b88d29a91c;;6a43d03d489599a52bac3e41;28.622500000000002;25;;Anilha X;;true;;;
6a8d94fc5b7c051637e31272;6a3da81e68e0c9b88d29a91c;;6a43d03d489599a52bac3e3b;36.915;25;;Anilha X;;true;;;
6a8d94fc5b7c051637e31273;6a3da81e68e0c9b88d29a91c;;6a43d03d489599a52bac3e3e;36.915;25;;Anilha X;;true;;;
6a8d971b1ac485c0b03389b3;697aeaf8e4420021ed5caeb1;;6a57bd657fa67faa93ade160;535;0;;CrossRigs;;true;;;
6a8db5e73f73b7830a63ead8;697aeaf8e4420021ed5caeb1;;6a3feaaa0cc7ebc213990ab5;142.6;0;;Planeta Vendas;;true;;;
6a8db5e73f73b7830a63ead9;697aeaf8e4420021ed5caeb1;;6a3feaaa0cc7ebc213990ab6;171.12;0;;Planeta Vendas;;true;;;
6a8db5e73f73b7830a63eada;697aeaf8e4420021ed5caeb1;;6a3feaaa0cc7ebc213990ab7;199.64;0;;Planeta Vendas;;true;;;
6a8db5e73f73b7830a63eadb;697aeaf8e4420021ed5caeb1;;6a3feaaa0cc7ebc213990ab8;228.16;0;;Planeta Vendas;;true;;;
6a8db5e73f73b7830a63eadc;697aeaf8e4420021ed5caeb1;;6a3feaaa0cc7ebc213990ab9;256.68;0;;Planeta Vendas;;true;;;
6a8db5e73f73b7830a63eadd;697aeaf8e4420021ed5caeb1;;6a3feaaa0cc7ebc213990aba;285.2;0;;Planeta Vendas;;true;;;
6a8db5e73f73b7830a63eade;697aeaf8e4420021ed5caeb1;;6a3feaaa0cc7ebc213990abb;313.72;0;;Planeta Vendas;;true;;;
6a8db5e73f73b7830a63eadf;697aeaf8e4420021ed5caeb1;;6a3feaaa0cc7ebc213990abc;342.24;0;;Planeta Vendas;;true;;;
6a8db5e73f73b7830a63eae0;697aeaf8e4420021ed5caeb1;;6a3feaaa0cc7ebc213990abd;370.76;0;;Planeta Vendas;;true;;;
6a8db5e73f73b7830a63eae1;697aeaf8e4420021ed5caeb1;;6a3feaaa0cc7ebc213990abe;399.28;0;;Planeta Vendas;;true;;;
6a8db5e73f73b7830a63eae2;697aeaf8e4420021ed5caeb1;;6a3feaaa0cc7ebc213990abf;427.8;0;;Planeta Vendas;;true;;;
6a8db5e73f73b7830a63eae3;697aeaf8e4420021ed5caeb1;;6a3feaaa0cc7ebc213990ac0;456.32;0;;Planeta Vendas;;true;;;
6a8db5e73f73b7830a63eae4;697aeaf8e4420021ed5caeb1;;6a3feaaa0cc7ebc213990ac1;484.84;0;;Planeta Vendas;;true;;;
6a8db5e73f73b7830a63eae5;697aeaf8e4420021ed5caeb1;;6a3feaaa0cc7ebc213990ac2;513.36;0;;Planeta Vendas;;true;;;
6a8db5e73f73b7830a63eae6;697aeaf8e4420021ed5caeb1;;6a3feaaa0cc7ebc213990ac3;541.88;0;;Planeta Vendas;;true;;;
6a8db5e73f73b7830a63eae7;697aeaf8e4420021ed5caeb1;;6a3feaaa0cc7ebc213990ac4;570.4;0;;Planeta Vendas;;true;;;
6a8db5e73f73b7830a63eae8;697aeaf8e4420021ed5caeb1;;6a3feaaa0cc7ebc213990ac5;598.92;0;;Planeta Vendas;;true;;;
6a8db5e73f73b7830a63eae9;697aeaf8e4420021ed5caeb1;;6a3feaaa0cc7ebc213990ac6;627.44;0;;Planeta Vendas;;true;;;
6a8db5e73f73b7830a63eaea;697aeaf8e4420021ed5caeb1;;6a3feaaa0cc7ebc213990ac7;655.96;0;;Planeta Vendas;;true;;;
6a8db5e73f73b7830a63eaeb;697aeaf8e4420021ed5caeb1;;6a3feaaa0cc7ebc213990ac8;684.48;0;;Planeta Vendas;;true;;;
6a8db5e73f73b7830a63eaec;697aeaf8e4420021ed5caeb1;;6a3feaaa0cc7ebc213990ac9;713;0;;Planeta Vendas;;true;;;
6a8db6e090b723dc7a245d29;697aeaf8e4420021ed5caeb1;;6a57bd657fa67faa93ade16c;868;0;;Anilhas e Halteres Brasil;;true;;;
6a8dc971e5816345e5d69d12;697aeaf8e4420021ed5caeb1;;6a57bdd225180899c32f9cfd;43.4;0;;Anilhas e Halteres Brasil;;true;;;
6a8dc971e5816345e5d69d13;697aeaf8e4420021ed5caeb1;;6a57bdd225180899c32f9cfe;136.4;0;;Anilhas e Halteres Brasil;;true;;;
6a8dc971e5816345e5d69d14;697aeaf8e4420021ed5caeb1;;6a57bdd225180899c32f9cff;86.8;0;;Anilhas e Halteres Brasil;;true;;;
6a8dc971e5816345e5d69d15;697aeaf8e4420021ed5caeb1;;6a57bdd225180899c32f9d00;53.5;0;;CPFit;;true;;;
6a8dc971e5816345e5d69d16;697aeaf8e4420021ed5caeb1;;6a57bdd225180899c32f9d01;114.08;0;;Anilhas e Halteres Brasil;;true;;;
6a8dc971e5816345e5d69d17;697aeaf8e4420021ed5caeb1;;6a7b13c0603b667969eea35f;1493.06;0;;Furious Equipment;;true;;;
6a8dc971e5816345e5d69d18;697aeaf8e4420021ed5caeb1;;6a7b141aa9c5d531620db940;450;0;;Anilhas de Ferro;;true;;;
6a8dc971e5816345e5d69d19;697aeaf8e4420021ed5caeb1;;6a7b141aa9c5d531620db941;2025;0;;Anilhas de Ferro;;true;;;
6a8dc971e5816345e5d69d1a;697aeaf8e4420021ed5caeb1;;6a57bd17f3c30862052b59bb;152.28;0;;Anilhas e Halteres Brasil;;true;;;
6a8dc971e5816345e5d69d1b;697aeaf8e4420021ed5caeb1;;6a57bd17f3c30862052b59bc;141.89;0;;Anilhas e Halteres Brasil;;true;;;
6a8dc971e5816345e5d69d1c;697aeaf8e4420021ed5caeb1;;6a57bd17f3c30862052b59bd;101.32;0;;Anilhas e Halteres Brasil;;true;;;
6a8dc971e5816345e5d69d1d;697aeaf8e4420021ed5caeb1;;6a57bd17f3c30862052b59be;113.48;0;;Anilhas e Halteres Brasil;;true;;;
6a8dc971e5816345e5d69d1e;697aeaf8e4420021ed5caeb1;;6a57bd657fa67faa93ade120;144.47;0;;Anilhas e Halteres Brasil;;true;;;
6a8dc971e5816345e5d69d1f;697aeaf8e4420021ed5caeb1;;6a57bd657fa67faa93ade121;134.25;0;;Anilhas e Halteres Brasil;;true;;;
6a8dc971e5816345e5d69d20;697aeaf8e4420021ed5caeb1;;6a57bd657fa67faa93ade122;141.6;0;;Anilhas e Halteres Brasil;;true;;;
6a8dc971e5816345e5d69d21;697aeaf8e4420021ed5caeb1;;6a57bd657fa67faa93ade123;131.38;0;;Anilhas e Halteres Brasil;;true;;;
6a8dc971e5816345e5d69d22;697aeaf8e4420021ed5caeb1;;6a57bd657fa67faa93ade124;91.21;0;;Anilhas e Halteres Brasil;;true;;;
6a8dc971e5816345e5d69d23;697aeaf8e4420021ed5caeb1;;6a57bd657fa67faa93ade125;107.47;0;;Anilhas e Halteres Brasil;;true;;;
6a8dc971e5816345e5d69d24;697aeaf8e4420021ed5caeb1;;6a57bd657fa67faa93ade126;72.76;0;;Anilhas e Halteres Brasil;;true;;;
6a8dc971e5816345e5d69d25;697aeaf8e4420021ed5caeb1;;6a57bd657fa67faa93ade127;89.02;0;;Anilhas e Halteres Brasil;;true;;;
6a8dc971e5816345e5d69d26;697aeaf8e4420021ed5caeb1;;6a57bd657fa67faa93ade128;123.95;0;;Anilhas e Halteres Brasil;;true;;;
6a8dc971e5816345e5d69d27;697aeaf8e4420021ed5caeb1;;6a57bd657fa67faa93ade129;116.47;0;;Anilhas e Halteres Brasil;;true;;;
6a8dc971e5816345e5d69d28;697aeaf8e4420021ed5caeb1;;6a57bd657fa67faa93ade12a;106.16;0;;Anilhas e Halteres Brasil;;true;;;
6a8dc971e5816345e5d69d29;697aeaf8e4420021ed5caeb1;;6a57bd657fa67faa93ade12b;116.47;0;;Anilhas e Halteres Brasil;;true;;;
6a8dc971e5816345e5d69d2a;697aeaf8e4420021ed5caeb1;;6a57bd657fa67faa93ade12c;106.16;0;;Anilhas e Halteres Brasil;;true;;;
6a8dc971e5816345e5d69d2b;697aeaf8e4420021ed5caeb1;;6a57bd657fa67faa93ade12d;117.87;0;;Anilhas e Halteres Brasil;;true;;;
6a8dc971e5816345e5d69d2c;697aeaf8e4420021ed5caeb1;;6a57bd657fa67faa93ade12e;82.67;0;;Anilhas e Halteres Brasil;;true;;;
6a8dc971e5816345e5d69d2d;697aeaf8e4420021ed5caeb1;;6a57bd657fa67faa93ade130;166.78;0;;Anilhas e Halteres Brasil;;true;;;
6a8dc971e5816345e5d69d2e;697aeaf8e4420021ed5caeb1;;6a57bd657fa67faa93ade131;136.6283;0;;Metal Forma;;true;;;
6a8dc971e5816345e5d69d2f;697aeaf8e4420021ed5caeb1;;6a57bd657fa67faa93ade132;115.16;0;;Anilhas e Halteres Brasil;;true;;;
6a8dc971e5816345e5d69d30;697aeaf8e4420021ed5caeb1;;6a57bd657fa67faa93ade133;128.44;0;;Anilhas e Halteres Brasil;;true;;;
6a8dc971e5816345e5d69d31;697aeaf8e4420021ed5caeb1;;6a57bd657fa67faa93ade134;164.16;0;;Anilhas e Halteres Brasil;;true;;;
6a8dc971e5816345e5d69d32;697aeaf8e4420021ed5caeb1;;6a57bd657fa67faa93ade135;152.54;0;;Anilhas e Halteres Brasil;;true;;;
6a8dc971e5816345e5d69d33;697aeaf8e4420021ed5caeb1;;6a57bd657fa67faa93ade136;160.9;0;;Anilhas e Halteres Brasil;;true;;;
6a8dc971e5816345e5d69d34;697aeaf8e4420021ed5caeb1;;6a57bd657fa67faa93ade137;149.3;0;;Anilhas e Halteres Brasil;;true;;;
6a8dc971e5816345e5d69d35;697aeaf8e4420021ed5caeb1;;6a57bd657fa67faa93ade138;103.66;0;;Anilhas e Halteres Brasil;;true;;;
6a8dc971e5816345e5d69d36;697aeaf8e4420021ed5caeb1;;6a57bd657fa67faa93ade139;122.14;0;;Anilhas e Halteres Brasil;;true;;;
6a8dc971e5816345e5d69d37;697aeaf8e4420021ed5caeb1;;6a57bd657fa67faa93ade13a;82.7;0;;Anilhas e Halteres Brasil;;true;;;
6a8dc971e5816345e5d69d38;697aeaf8e4420021ed5caeb1;;6a57bd657fa67faa93ade13b;101.16;0;;Anilhas e Halteres Brasil;;true;;;
6a8dc971e5816345e5d69d39;697aeaf8e4420021ed5caeb1;;6a57bd657fa67faa93ade13c;123.94;0;;Anilhas e Halteres Brasil;;true;;;
6a8dc971e5816345e5d69d3a;697aeaf8e4420021ed5caeb1;;6a57bd657fa67faa93ade13d;122.45;0;;Anilhas e Halteres Brasil;;true;;;
6a8dc971e5816345e5d69d3b;697aeaf8e4420021ed5caeb1;;6a57bd657fa67faa93ade13e;106.97;0;;Anilhas e Halteres Brasil;;true;;;
6a8dc971e5816345e5d69d3c;697aeaf8e4420021ed5caeb1;;6a57bd657fa67faa93ade13f;119.16;0;;Anilhas e Halteres Brasil;;true;;;
6a8dc971e5816345e5d69d3d;697aeaf8e4420021ed5caeb1;;6a57bd657fa67faa93ade140;100.99;0;;Anilhas e Halteres Brasil;;true;;;
6a8dc971e5816345e5d69d3e;697aeaf8e4420021ed5caeb1;;6a57bd657fa67faa93ade141;133.94;0;;Anilhas e Halteres Brasil;;true;;;
6a8dc971e5816345e5d69d3f;697aeaf8e4420021ed5caeb1;;6a57bd657fa67faa93ade142;93.94;0;;Anilhas e Halteres Brasil;;true;;;
6a8dc971e5816345e5d69d40;697aeaf8e4420021ed5caeb1;;6a7b141aa9c5d531620db94d;337.13;0;;Furious Equipment;;true;;;
6a8dc971e5816345e5d69d41;697aeaf8e4420021ed5caeb1;;6a7b141aa9c5d531620db94e;66.48;0;;Furious Equipment;;true;;;
6a8dc971e5816345e5d69d42;697aeaf8e4420021ed5caeb1;;6a7b141aa9c5d531620db94f;48.31;0;;Furious Equipment;;true;;;
6a8dc971e5816345e5d69d43;697aeaf8e4420021ed5caeb1;;6a7b141aa9c5d531620db950;135;0;;Anilhas de Ferro;;true;;;
6a8dc971e5816345e5d69d44;697aeaf8e4420021ed5caeb1;;6a7b141aa9c5d531620db952;117;0;;Anilhas de Ferro;;true;;;
6a8dc971e5816345e5d69d45;697aeaf8e4420021ed5caeb1;;6a7b141aa9c5d531620db953;126;0;;Anilhas de Ferro;;true;;;
6a8dc971e5816345e5d69d46;697aeaf8e4420021ed5caeb1;;6a7b141aa9c5d531620db954;117;0;;Anilhas de Ferro;;true;;;
6a8dc971e5816345e5d69d47;697aeaf8e4420021ed5caeb1;;6a7b141aa9c5d531620db955;126;0;;Anilhas de Ferro;;true;;;
6a8dc971e5816345e5d69d48;697aeaf8e4420021ed5caeb1;;6a7b141aa9c5d531620db956;124.2;0;;Anilhas de Ferro;;true;;;
6a8dc971e5816345e5d69d49;697aeaf8e4420021ed5caeb1;;6a7b141aa9c5d531620db957;142.2;0;;Anilhas de Ferro;;true;;;
6a8dc971e5816345e5d69d4a;697aeaf8e4420021ed5caeb1;;6a57db9fcbeb4107550b2a54;37.45;0;;Caneleira e Cia;;true;;;
6a8dcad15cb070ea4558c458;697aeaf8e4420021ed5caeb1;;6a3feaacbbf27f5ae7f19304;150.3;0;;Anilhas de Ferro;;true;;;
6a8dcad15cb070ea4558c459;697aeaf8e4420021ed5caeb1;;6a3feaacbbf27f5ae7f19305;180.36;0;;Anilhas de Ferro;;true;;;
6a8dcad15cb070ea4558c45a;697aeaf8e4420021ed5caeb1;;6a3feaacbbf27f5ae7f19306;210.42;0;;Anilhas de Ferro;;true;;;
6a8dcad15cb070ea4558c45b;697aeaf8e4420021ed5caeb1;;6a3feaacbbf27f5ae7f19307;240.48;0;;Anilhas de Ferro;;true;;;
6a8dcad15cb070ea4558c45c;697aeaf8e4420021ed5caeb1;;6a3feaacbbf27f5ae7f19308;270.54;0;;Anilhas de Ferro;;true;;;
6a8dcad15cb070ea4558c45d;697aeaf8e4420021ed5caeb1;;6a3feaacbbf27f5ae7f19309;300.6;0;;Anilhas de Ferro;;true;;;
6a8dcad15cb070ea4558c45e;697aeaf8e4420021ed5caeb1;;6a3feaacbbf27f5ae7f1930a;330.66;0;;Anilhas de Ferro;;true;;;
6a8dcad15cb070ea4558c45f;697aeaf8e4420021ed5caeb1;;6a3feaacbbf27f5ae7f1930b;360.72;0;;Anilhas de Ferro;;true;;;
6a8dcad15cb070ea4558c460;697aeaf8e4420021ed5caeb1;;6a3feaacbbf27f5ae7f1930c;390.78;0;;Anilhas de Ferro;;true;;;
6a8dcad15cb070ea4558c461;697aeaf8e4420021ed5caeb1;;6a3feaacbbf27f5ae7f1930d;420.84;0;;Anilhas de Ferro;;true;;;
6a8dcad15cb070ea4558c462;697aeaf8e4420021ed5caeb1;;6a3feaacbbf27f5ae7f1930e;450.9;0;;Anilhas de Ferro;;true;;;
6a8dcad15cb070ea4558c463;697aeaf8e4420021ed5caeb1;;6a3feaacbbf27f5ae7f1930f;480.96;0;;Anilhas de Ferro;;true;;;
6a8dcad15cb070ea4558c464;697aeaf8e4420021ed5caeb1;;6a3feaacbbf27f5ae7f19310;511.02;0;;Anilhas de Ferro;;true;;;
6a8dcad15cb070ea4558c465;697aeaf8e4420021ed5caeb1;;6a3feaacbbf27f5ae7f19311;541.08;0;;Anilhas de Ferro;;true;;;
6a8dcad15cb070ea4558c466;697aeaf8e4420021ed5caeb1;;6a3feaacbbf27f5ae7f19312;571.14;0;;Anilhas de Ferro;;true;;;
6a8dcad15cb070ea4558c467;697aeaf8e4420021ed5caeb1;;6a3feaacbbf27f5ae7f19313;601.2;0;;Anilhas de Ferro;;true;;;
6a8dcad15cb070ea4558c468;697aeaf8e4420021ed5caeb1;;6a3feaacbbf27f5ae7f19314;631.26;0;;Anilhas de Ferro;;true;;;
6a8dcad15cb070ea4558c469;697aeaf8e4420021ed5caeb1;;6a3feaacbbf27f5ae7f19315;661.32;0;;Anilhas de Ferro;;true;;;
6a8dcad15cb070ea4558c46a;697aeaf8e4420021ed5caeb1;;6a3feaacbbf27f5ae7f19316;691.38;0;;Anilhas de Ferro;;true;;;
6a8dcad15cb070ea4558c46b;697aeaf8e4420021ed5caeb1;;6a3feaacbbf27f5ae7f19317;721.44;0;;Anilhas de Ferro;;true;;;
6a8dcad15cb070ea4558c46c;697aeaf8e4420021ed5caeb1;;6a3feaacbbf27f5ae7f19318;751.5;0;;Anilhas de Ferro;;true;;;
6a8dcad15cb070ea4558c46d;697aeaf8e4420021ed5caeb1;;6a3feaacbbf27f5ae7f192da;175.5;0;;Anilhas de Ferro;;true;;;
6a8dcad15cb070ea4558c46e;697aeaf8e4420021ed5caeb1;;6a3feaacbbf27f5ae7f192db;210.6;0;;Anilhas de Ferro;;true;;;
6a8dcad15cb070ea4558c46f;697aeaf8e4420021ed5caeb1;;6a3feaacbbf27f5ae7f192dc;245.7;0;;Anilhas de Ferro;;true;;;
6a8dcad15cb070ea4558c470;697aeaf8e4420021ed5caeb1;;6a3feaacbbf27f5ae7f192dd;280.8;0;;Anilhas de Ferro;;true;;;
6a8dcad15cb070ea4558c471;697aeaf8e4420021ed5caeb1;;6a3feaacbbf27f5ae7f192de;315.9;0;;Anilhas de Ferro;;true;;;
6a8dcad15cb070ea4558c472;697aeaf8e4420021ed5caeb1;;6a3feaacbbf27f5ae7f192df;351;0;;Anilhas de Ferro;;true;;;
6a8dcad15cb070ea4558c473;697aeaf8e4420021ed5caeb1;;6a3feaacbbf27f5ae7f192e0;386.1;0;;Anilhas de Ferro;;true;;;
6a8dcad15cb070ea4558c474;697aeaf8e4420021ed5caeb1;;6a3feaacbbf27f5ae7f192e1;421.2;0;;Anilhas de Ferro;;true;;;
6a8dcad15cb070ea4558c475;697aeaf8e4420021ed5caeb1;;6a3feaacbbf27f5ae7f192e2;456.3;0;;Anilhas de Ferro;;true;;;
6a8dcad15cb070ea4558c476;697aeaf8e4420021ed5caeb1;;6a3feaacbbf27f5ae7f192e3;491.4;0;;Anilhas de Ferro;;true;;;
6a8dcad15cb070ea4558c477;697aeaf8e4420021ed5caeb1;;6a3feaacbbf27f5ae7f192e4;526.5;0;;Anilhas de Ferro;;true;;;
6a8dcad15cb070ea4558c478;697aeaf8e4420021ed5caeb1;;6a3feaacbbf27f5ae7f192e5;561.6;0;;Anilhas de Ferro;;true;;;
6a8dcad15cb070ea4558c479;697aeaf8e4420021ed5caeb1;;6a3feaacbbf27f5ae7f192e6;596.7;0;;Anilhas de Ferro;;true;;;
6a8dcad15cb070ea4558c47a;697aeaf8e4420021ed5caeb1;;6a3feaacbbf27f5ae7f192e7;631.8;0;;Anilhas de Ferro;;true;;;
6a8dcad15cb070ea4558c47b;697aeaf8e4420021ed5caeb1;;6a3feaacbbf27f5ae7f192e8;666.9;0;;Anilhas de Ferro;;true;;;
6a8dcad15cb070ea4558c47c;697aeaf8e4420021ed5caeb1;;6a3feaacbbf27f5ae7f192e9;702;0;;Anilhas de Ferro;;true;;;
6a8dcad15cb070ea4558c47d;697aeaf8e4420021ed5caeb1;;6a3feaacbbf27f5ae7f192ea;737.1;0;;Anilhas de Ferro;;true;;;
6a8dcad15cb070ea4558c47e;697aeaf8e4420021ed5caeb1;;6a3feaacbbf27f5ae7f192eb;772.2;0;;Anilhas de Ferro;;true;;;
6a8dcad15cb070ea4558c47f;697aeaf8e4420021ed5caeb1;;6a3feaacbbf27f5ae7f192ec;807.3;0;;Anilhas de Ferro;;true;;;
6a8dcad15cb070ea4558c480;697aeaf8e4420021ed5caeb1;;6a3feaacbbf27f5ae7f192ed;842.4;0;;Anilhas de Ferro;;true;;;
6a8dcad15cb070ea4558c481;697aeaf8e4420021ed5caeb1;;6a3feaacbbf27f5ae7f192ee;877.5;0;;Anilhas de Ferro;;true;;;
6a8dcad15cb070ea4558c482;697aeaf8e4420021ed5caeb1;;6a3feaacbbf27f5ae7f192ef;251.1;0;;Planeta Vendas;;true;;;
6a8dcad15cb070ea4558c483;697aeaf8e4420021ed5caeb1;;6a3feaacbbf27f5ae7f192f0;301.32;0;;Planeta Vendas;;true;;;
6a8dcad15cb070ea4558c484;697aeaf8e4420021ed5caeb1;;6a3feaacbbf27f5ae7f192f1;351.54;0;;Planeta Vendas;;true;;;
6a8dcad15cb070ea4558c485;697aeaf8e4420021ed5caeb1;;6a3feaacbbf27f5ae7f192f2;401.76;0;;Planeta Vendas;;true;;;
6a8dcad15cb070ea4558c486;697aeaf8e4420021ed5caeb1;;6a3feaacbbf27f5ae7f192f3;451.98;0;;Planeta Vendas;;true;;;
6a8dcad15cb070ea4558c487;697aeaf8e4420021ed5caeb1;;6a3feaacbbf27f5ae7f192f4;502.2;0;;Planeta Vendas;;true;;;
6a8dcad15cb070ea4558c488;697aeaf8e4420021ed5caeb1;;6a3feaacbbf27f5ae7f192f5;552.42;0;;Planeta Vendas;;true;;;
6a8dcad15cb070ea4558c489;697aeaf8e4420021ed5caeb1;;6a3feaacbbf27f5ae7f192f6;602.64;0;;Planeta Vendas;;true;;;
6a8dcad15cb070ea4558c48a;697aeaf8e4420021ed5caeb1;;6a3feaacbbf27f5ae7f192f7;652.86;0;;Planeta Vendas;;true;;;
6a8dcad15cb070ea4558c48b;697aeaf8e4420021ed5caeb1;;6a3feaacbbf27f5ae7f192f8;703.08;0;;Planeta Vendas;;true;;;
6a8dcad15cb070ea4558c48c;697aeaf8e4420021ed5caeb1;;6a3feaacbbf27f5ae7f192f9;753.3;0;;Planeta Vendas;;true;;;
6a8dcad15cb070ea4558c48d;697aeaf8e4420021ed5caeb1;;6a3feaacbbf27f5ae7f192fa;803.52;0;;Planeta Vendas;;true;;;
6a8dcad15cb070ea4558c48e;697aeaf8e4420021ed5caeb1;;6a3feaacbbf27f5ae7f192fb;853.74;0;;Planeta Vendas;;true;;;
6a8dcad15cb070ea4558c48f;697aeaf8e4420021ed5caeb1;;6a3feaacbbf27f5ae7f192fc;903.96;0;;Planeta Vendas;;true;;;
6a8dcad15cb070ea4558c490;697aeaf8e4420021ed5caeb1;;6a3feaacbbf27f5ae7f192fd;954.18;0;;Planeta Vendas;;true;;;
6a8dcad15cb070ea4558c491;697aeaf8e4420021ed5caeb1;;6a3feaacbbf27f5ae7f192fe;1004.4;0;;Planeta Vendas;;true;;;
6a8dcad15cb070ea4558c492;697aeaf8e4420021ed5caeb1;;6a3feaacbbf27f5ae7f192ff;1054.62;0;;Planeta Vendas;;true;;;
6a8dcad15cb070ea4558c493;697aeaf8e4420021ed5caeb1;;6a3feaacbbf27f5ae7f19300;1104.84;0;;Planeta Vendas;;true;;;
6a8dcad15cb070ea4558c494;697aeaf8e4420021ed5caeb1;;6a3feaacbbf27f5ae7f19301;1155.06;0;;Planeta Vendas;;true;;;
6a8dcad15cb070ea4558c495;697aeaf8e4420021ed5caeb1;;6a3feaacbbf27f5ae7f19302;1205.28;0;;Planeta Vendas;;true;;;
6a8dcad15cb070ea4558c496;697aeaf8e4420021ed5caeb1;;6a3feaacbbf27f5ae7f19303;1255.5;0;;Planeta Vendas;;true;;;
6a8dcad15cb070ea4558c497;697aeaf8e4420021ed5caeb1;;6a3feaacbbf27f5ae7f192b0;269;0;;Planeta Vendas;;true;;;
6a8dcad15cb070ea4558c498;697aeaf8e4420021ed5caeb1;;6a3feaacbbf27f5ae7f192b1;322.8;0;;Planeta Vendas;;true;;;
6a8dcad15cb070ea4558c499;697aeaf8e4420021ed5caeb1;;6a3feaacbbf27f5ae7f192b2;376.6;0;;Planeta Vendas;;true;;;
6a8dcad15cb070ea4558c49a;697aeaf8e4420021ed5caeb1;;6a3feaacbbf27f5ae7f192b3;430.4;0;;Planeta Vendas;;true;;;
6a8dcad15cb070ea4558c49b;697aeaf8e4420021ed5caeb1;;6a3feaacbbf27f5ae7f192b4;484.2;0;;Planeta Vendas;;true;;;
6a8dcad15cb070ea4558c49c;697aeaf8e4420021ed5caeb1;;6a3feaacbbf27f5ae7f192b5;538;0;;Planeta Vendas;;true;;;
6a8dcad15cb070ea4558c49d;697aeaf8e4420021ed5caeb1;;6a3feaacbbf27f5ae7f192b6;591.8;0;;Planeta Vendas;;true;;;
6a8dcad15cb070ea4558c49e;697aeaf8e4420021ed5caeb1;;6a3feaacbbf27f5ae7f192b7;645.6;0;;Planeta Vendas;;true;;;
6a8dcad15cb070ea4558c49f;697aeaf8e4420021ed5caeb1;;6a3feaacbbf27f5ae7f192b8;699.4;0;;Planeta Vendas;;true;;;
6a8dcad15cb070ea4558c4a0;697aeaf8e4420021ed5caeb1;;6a3feaacbbf27f5ae7f192b9;753.2;0;;Planeta Vendas;;true;;;
6a8dcad15cb070ea4558c4a1;697aeaf8e4420021ed5caeb1;;6a3feaacbbf27f5ae7f192ba;807;0;;Planeta Vendas;;true;;;
6a8dcad15cb070ea4558c4a2;697aeaf8e4420021ed5caeb1;;6a3feaacbbf27f5ae7f192bb;860.8;0;;Planeta Vendas;;true;;;
6a8dcad15cb070ea4558c4a3;697aeaf8e4420021ed5caeb1;;6a3feaacbbf27f5ae7f192bc;914.6;0;;Planeta Vendas;;true;;;
6a8dcad15cb070ea4558c4a4;697aeaf8e4420021ed5caeb1;;6a3feaacbbf27f5ae7f192bd;968.4;0;;Planeta Vendas;;true;;;
6a8dcad15cb070ea4558c4a5;697aeaf8e4420021ed5caeb1;;6a3feaacbbf27f5ae7f192be;1022.2;0;;Planeta Vendas;;true;;;
6a8dcad15cb070ea4558c4a6;697aeaf8e4420021ed5caeb1;;6a3feaacbbf27f5ae7f192bf;1076;0;;Planeta Vendas;;true;;;
6a8dcad15cb070ea4558c4a7;697aeaf8e4420021ed5caeb1;;6a3feaacbbf27f5ae7f192c0;1129.8;0;;Planeta Vendas;;true;;;
6a8dcad15cb070ea4558c4a8;697aeaf8e4420021ed5caeb1;;6a3feaacbbf27f5ae7f192c1;1183.6;0;;Planeta Vendas;;true;;;
6a8dcad15cb070ea4558c4a9;697aeaf8e4420021ed5caeb1;;6a3feaacbbf27f5ae7f192c2;1237.4;0;;Planeta Vendas;;true;;;
6a8dcad15cb070ea4558c4aa;697aeaf8e4420021ed5caeb1;;6a3feaacbbf27f5ae7f192c3;1291.2;0;;Planeta Vendas;;true;;;
6a8dcad15cb070ea4558c4ab;697aeaf8e4420021ed5caeb1;;6a3feaacbbf27f5ae7f192c4;1345;0;;Planeta Vendas;;true;;;
6a8dcad15cb070ea4558c4ac;697aeaf8e4420021ed5caeb1;;6a3feaacbbf27f5ae7f19286;110.7;0;;Anilhas de Ferro;;true;;;
6a8dcad15cb070ea4558c4ad;697aeaf8e4420021ed5caeb1;;6a3feaacbbf27f5ae7f19287;132.84;0;;Anilhas de Ferro;;true;;;
6a8dcad15cb070ea4558c4ae;697aeaf8e4420021ed5caeb1;;6a3feaacbbf27f5ae7f19288;154.98;0;;Anilhas de Ferro;;true;;;
6a8dcad15cb070ea4558c4af;697aeaf8e4420021ed5caeb1;;6a3feaacbbf27f5ae7f19289;177.12;0;;Anilhas de Ferro;;true;;;
6a8dcad15cb070ea4558c4b0;697aeaf8e4420021ed5caeb1;;6a3feaacbbf27f5ae7f1928a;199.26;0;;Anilhas de Ferro;;true;;;
6a8dcad15cb070ea4558c4b1;697aeaf8e4420021ed5caeb1;;6a3feaacbbf27f5ae7f1928b;221.4;0;;Anilhas de Ferro;;true;;;
6a8dcad15cb070ea4558c4b2;697aeaf8e4420021ed5caeb1;;6a3feaacbbf27f5ae7f1928c;243.54;0;;Anilhas de Ferro;;true;;;
6a8dcad15cb070ea4558c4b3;697aeaf8e4420021ed5caeb1;;6a3feaacbbf27f5ae7f1928d;265.68;0;;Anilhas de Ferro;;true;;;
6a8dcad15cb070ea4558c4b4;697aeaf8e4420021ed5caeb1;;6a3feaacbbf27f5ae7f1928e;287.82;0;;Anilhas de Ferro;;true;;;
6a8dcad15cb070ea4558c4b5;697aeaf8e4420021ed5caeb1;;6a3feaacbbf27f5ae7f1928f;309.96;0;;Anilhas de Ferro;;true;;;
6a8dcad15cb070ea4558c4b6;697aeaf8e4420021ed5caeb1;;6a3feaacbbf27f5ae7f19290;332.1;0;;Anilhas de Ferro;;true;;;
6a8dcad15cb070ea4558c4b7;697aeaf8e4420021ed5caeb1;;6a3feaacbbf27f5ae7f19291;354.24;0;;Anilhas de Ferro;;true;;;
6a8dcad15cb070ea4558c4b8;697aeaf8e4420021ed5caeb1;;6a3feaacbbf27f5ae7f19292;376.38;0;;Anilhas de Ferro;;true;;;
6a8dcad15cb070ea4558c4b9;697aeaf8e4420021ed5caeb1;;6a3feaacbbf27f5ae7f19293;398.52;0;;Anilhas de Ferro;;true;;;
6a8dcad15cb070ea4558c4ba;697aeaf8e4420021ed5caeb1;;6a3feaacbbf27f5ae7f19294;420.66;0;;Anilhas de Ferro;;true;;;
6a8dcad15cb070ea4558c4bb;697aeaf8e4420021ed5caeb1;;6a3feaacbbf27f5ae7f19295;442.8;0;;Anilhas de Ferro;;true;;;
6a8dcad15cb070ea4558c4bc;697aeaf8e4420021ed5caeb1;;6a3feaacbbf27f5ae7f19296;464.94;0;;Anilhas de Ferro;;true;;;
6a8dcad15cb070ea4558c4bd;697aeaf8e4420021ed5caeb1;;6a3feaacbbf27f5ae7f19297;487.08;0;;Anilhas de Ferro;;true;;;
6a8dcad15cb070ea4558c4be;697aeaf8e4420021ed5caeb1;;6a3feaacbbf27f5ae7f19298;509.22;0;;Anilhas de Ferro;;true;;;
6a8dcad15cb070ea4558c4bf;697aeaf8e4420021ed5caeb1;;6a3feaacbbf27f5ae7f19299;531.36;0;;Anilhas de Ferro;;true;;;
6a8dcad15cb070ea4558c4c0;697aeaf8e4420021ed5caeb1;;6a3feaacbbf27f5ae7f1929a;553.5;0;;Anilhas de Ferro;;true;;;
6a8dcad15cb070ea4558c4c1;697aeaf8e4420021ed5caeb1;;6a3feaacbbf27f5ae7f1925c;132.3;0;;Anilhas de Ferro;;true;;;
6a8dcad15cb070ea4558c4c2;697aeaf8e4420021ed5caeb1;;6a3feaacbbf27f5ae7f1925d;158.76;0;;Anilhas de Ferro;;true;;;
6a8dcad15cb070ea4558c4c3;697aeaf8e4420021ed5caeb1;;6a3feaacbbf27f5ae7f1925e;185.22;0;;Anilhas de Ferro;;true;;;
6a8dcad15cb070ea4558c4c4;697aeaf8e4420021ed5caeb1;;6a3feaacbbf27f5ae7f1925f;211.68;0;;Anilhas de Ferro;;true;;;
6a8dcad15cb070ea4558c4c5;697aeaf8e4420021ed5caeb1;;6a3feaacbbf27f5ae7f19260;238.14;0;;Anilhas de Ferro;;true;;;
6a8dcad15cb070ea4558c4c6;697aeaf8e4420021ed5caeb1;;6a3feaacbbf27f5ae7f19261;264.6;0;;Anilhas de Ferro;;true;;;
6a8dcad15cb070ea4558c4c7;697aeaf8e4420021ed5caeb1;;6a3feaacbbf27f5ae7f19262;291.06;0;;Anilhas de Ferro;;true;;;
6a8dcad15cb070ea4558c4c8;697aeaf8e4420021ed5caeb1;;6a3feaacbbf27f5ae7f19263;317.52;0;;Anilhas de Ferro;;true;;;
6a8dcad15cb070ea4558c4c9;697aeaf8e4420021ed5caeb1;;6a3feaacbbf27f5ae7f19264;343.98;0;;Anilhas de Ferro;;true;;;
6a8dcad15cb070ea4558c4ca;697aeaf8e4420021ed5caeb1;;6a3feaacbbf27f5ae7f19265;370.44;0;;Anilhas de Ferro;;true;;;
6a8dcad15cb070ea4558c4cb;697aeaf8e4420021ed5caeb1;;6a3feaacbbf27f5ae7f19266;396.9;0;;Anilhas de Ferro;;true;;;
6a8dcad15cb070ea4558c4cc;697aeaf8e4420021ed5caeb1;;6a3feaacbbf27f5ae7f19267;423.36;0;;Anilhas de Ferro;;true;;;
6a8dcad15cb070ea4558c4cd;697aeaf8e4420021ed5caeb1;;6a3feaacbbf27f5ae7f19268;449.82;0;;Anilhas de Ferro;;true;;;
6a8dcad15cb070ea4558c4ce;697aeaf8e4420021ed5caeb1;;6a3feaacbbf27f5ae7f19269;476.28;0;;Anilhas de Ferro;;true;;;
6a8dcad15cb070ea4558c4cf;697aeaf8e4420021ed5caeb1;;6a3feaacbbf27f5ae7f1926a;502.74;0;;Anilhas de Ferro;;true;;;
6a8dcad15cb070ea4558c4d0;697aeaf8e4420021ed5caeb1;;6a3feaacbbf27f5ae7f1926b;529.2;0;;Anilhas de Ferro;;true;;;
6a8dcad15cb070ea4558c4d1;697aeaf8e4420021ed5caeb1;;6a3feaacbbf27f5ae7f1926c;555.66;0;;Anilhas de Ferro;;true;;;
6a8dcad15cb070ea4558c4d2;697aeaf8e4420021ed5caeb1;;6a3feaacbbf27f5ae7f1926d;582.12;0;;Anilhas de Ferro;;true;;;
6a8dcad15cb070ea4558c4d3;697aeaf8e4420021ed5caeb1;;6a3feaacbbf27f5ae7f1926e;608.58;0;;Anilhas de Ferro;;true;;;
6a8dcad15cb070ea4558c4d4;697aeaf8e4420021ed5caeb1;;6a3feaacbbf27f5ae7f1926f;635.04;0;;Anilhas de Ferro;;true;;;
6a8dcad15cb070ea4558c4d5;697aeaf8e4420021ed5caeb1;;6a3feaacbbf27f5ae7f19270;661.5;0;;Anilhas de Ferro;;true;;;
6a8dcad15cb070ea4558c4d6;697aeaf8e4420021ed5caeb1;;6a3feaaa0cc7ebc213990c43;15.87;0;;Anilhas e Halteres Brasil;;true;;;
6a8dcad15cb070ea4558c4d7;697aeaf8e4420021ed5caeb1;;6a3feaaa0cc7ebc213990c05;125.2;0;;Anilhas e Halteres Brasil;;true;;;
6a8dcad15cb070ea4558c4d8;697aeaf8e4420021ed5caeb1;;6a3feaaa0cc7ebc213990c06;150.24;0;;Anilhas e Halteres Brasil;;true;;;
6a8dcad15cb070ea4558c4d9;697aeaf8e4420021ed5caeb1;;6a3feaaa0cc7ebc213990c07;175.28;0;;Anilhas e Halteres Brasil;;true;;;
6a8dcad15cb070ea4558c4da;697aeaf8e4420021ed5caeb1;;6a3feaaa0cc7ebc213990c08;200.32;0;;Anilhas e Halteres Brasil;;true;;;
6a8dcad15cb070ea4558c4db;697aeaf8e4420021ed5caeb1;;6a3feaaa0cc7ebc213990c09;225.36;0;;Anilhas e Halteres Brasil;;true;;;
6a8dcad15cb070ea4558c4dc;697aeaf8e4420021ed5caeb1;;6a3feaaa0cc7ebc213990c0a;250.4;0;;Anilhas e Halteres Brasil;;true;;;
6a8dcad15cb070ea4558c4dd;697aeaf8e4420021ed5caeb1;;6a3feaaa0cc7ebc213990c0b;275.44;0;;Anilhas e Halteres Brasil;;true;;;
6a8dcad15cb070ea4558c4de;697aeaf8e4420021ed5caeb1;;6a3feaaa0cc7ebc213990c0c;300.48;0;;Anilhas e Halteres Brasil;;true;;;
6a8dcad15cb070ea4558c4df;697aeaf8e4420021ed5caeb1;;6a3feaaa0cc7ebc213990c0d;325.52;0;;Anilhas e Halteres Brasil;;true;;;
6a8dcad15cb070ea4558c4e0;697aeaf8e4420021ed5caeb1;;6a3feaaa0cc7ebc213990c0e;350.56;0;;Anilhas e Halteres Brasil;;true;;;
6a8dcad15cb070ea4558c4e1;697aeaf8e4420021ed5caeb1;;6a3feaaa0cc7ebc213990c0f;375.6;0;;Anilhas e Halteres Brasil;;true;;;
6a8dcad15cb070ea4558c4e2;697aeaf8e4420021ed5caeb1;;6a3feaaa0cc7ebc213990c10;400.64;0;;Anilhas e Halteres Brasil;;true;;;
6a8dcad15cb070ea4558c4e3;697aeaf8e4420021ed5caeb1;;6a3feaaa0cc7ebc213990c11;425.68;0;;Anilhas e Halteres Brasil;;true;;;
6a8dcad15cb070ea4558c4e4;697aeaf8e4420021ed5caeb1;;6a3feaaa0cc7ebc213990c12;450.72;0;;Anilhas e Halteres Brasil;;true;;;
6a8dcad15cb070ea4558c4e5;697aeaf8e4420021ed5caeb1;;6a3feaaa0cc7ebc213990c13;475.76;0;;Anilhas e Halteres Brasil;;true;;;
6a8dcad15cb070ea4558c4e6;697aeaf8e4420021ed5caeb1;;6a3feaaa0cc7ebc213990c14;500.8;0;;Anilhas e Halteres Brasil;;true;;;
6a8dcad15cb070ea4558c4e7;697aeaf8e4420021ed5caeb1;;6a3feaaa0cc7ebc213990c15;525.84;0;;Anilhas e Halteres Brasil;;true;;;
6a8dcad15cb070ea4558c4e8;697aeaf8e4420021ed5caeb1;;6a3feaaa0cc7ebc213990c16;550.88;0;;Anilhas e Halteres Brasil;;true;;;
6a8dcad15cb070ea4558c4e9;697aeaf8e4420021ed5caeb1;;6a3feaaa0cc7ebc213990c17;575.92;0;;Anilhas e Halteres Brasil;;true;;;
6a8dcad15cb070ea4558c4ea;697aeaf8e4420021ed5caeb1;;6a3feaaa0cc7ebc213990c18;600.96;0;;Anilhas e Halteres Brasil;;true;;;
6a8dcad15cb070ea4558c4eb;697aeaf8e4420021ed5caeb1;;6a3feaaa0cc7ebc213990c19;626;0;;Anilhas e Halteres Brasil;;true;;;
6a8dcad15cb070ea4558c4ec;697aeaf8e4420021ed5caeb1;;6a3feaaa0cc7ebc213990b5d;85.1;0;;Anilhas e Halteres Brasil;;true;;;
6a8dcad15cb070ea4558c4ed;697aeaf8e4420021ed5caeb1;;6a3feaaa0cc7ebc213990b5e;102.12;0;;Anilhas e Halteres Brasil;;true;;;
6a8dcad15cb070ea4558c4ee;697aeaf8e4420021ed5caeb1;;6a3feaaa0cc7ebc213990b5f;119.14;0;;Anilhas e Halteres Brasil;;true;;;
6a8dcad15cb070ea4558c4ef;697aeaf8e4420021ed5caeb1;;6a3feaaa0cc7ebc213990b60;136.16;0;;Anilhas e Halteres Brasil;;true;;;
6a8dcad15cb070ea4558c4f0;697aeaf8e4420021ed5caeb1;;6a3feaaa0cc7ebc213990b61;153.18;0;;Anilhas e Halteres Brasil;;true;;;
6a8dcad15cb070ea4558c4f1;697aeaf8e4420021ed5caeb1;;6a3feaaa0cc7ebc213990b62;170.2;0;;Anilhas e Halteres Brasil;;true;;;
6a8dcad15cb070ea4558c4f2;697aeaf8e4420021ed5caeb1;;6a3feaaa0cc7ebc213990b63;187.22;0;;Anilhas e Halteres Brasil;;true;;;
6a8dcad15cb070ea4558c4f3;697aeaf8e4420021ed5caeb1;;6a3feaaa0cc7ebc213990b64;204.24;0;;Anilhas e Halteres Brasil;;true;;;
6a8dcad15cb070ea4558c4f4;697aeaf8e4420021ed5caeb1;;6a3feaaa0cc7ebc213990b65;221.26;0;;Anilhas e Halteres Brasil;;true;;;
6a8dcad15cb070ea4558c4f5;697aeaf8e4420021ed5caeb1;;6a3feaaa0cc7ebc213990b66;238.28;0;;Anilhas e Halteres Brasil;;true;;;
6a8dcad15cb070ea4558c4f6;697aeaf8e4420021ed5caeb1;;6a3feaaa0cc7ebc213990b67;255.3;0;;Anilhas e Halteres Brasil;;true;;;
6a8dcad15cb070ea4558c4f7;697aeaf8e4420021ed5caeb1;;6a3feaaa0cc7ebc213990b68;272.32;0;;Anilhas e Halteres Brasil;;true;;;
6a8dcad15cb070ea4558c4f8;697aeaf8e4420021ed5caeb1;;6a3feaaa0cc7ebc213990b69;289.34;0;;Anilhas e Halteres Brasil;;true;;;
6a8dcad15cb070ea4558c4f9;697aeaf8e4420021ed5caeb1;;6a3feaaa0cc7ebc213990b6a;306.36;0;;Anilhas e Halteres Brasil;;true;;;
6a8dcad15cb070ea4558c4fa;697aeaf8e4420021ed5caeb1;;6a3feaaa0cc7ebc213990b6b;323.38;0;;Anilhas e Halteres Brasil;;true;;;
6a8dcad15cb070ea4558c4fb;697aeaf8e4420021ed5caeb1;;6a3feaaa0cc7ebc213990b6c;340.4;0;;Anilhas e Halteres Brasil;;true;;;
6a8dcad15cb070ea4558c4fc;697aeaf8e4420021ed5caeb1;;6a3feaaa0cc7ebc213990b6d;357.42;0;;Anilhas e Halteres Brasil;;true;;;
6a8dcad15cb070ea4558c4fd;697aeaf8e4420021ed5caeb1;;6a3feaaa0cc7ebc213990b6e;374.44;0;;Anilhas e Halteres Brasil;;true;;;
6a8dcad15cb070ea4558c4fe;697aeaf8e4420021ed5caeb1;;6a3feaaa0cc7ebc213990b6f;391.46;0;;Anilhas e Halteres Brasil;;true;;;
6a8dcad15cb070ea4558c4ff;697aeaf8e4420021ed5caeb1;;6a3feaaa0cc7ebc213990b70;408.48;0;;Anilhas e Halteres Brasil;;true;;;
6a8dcad15cb070ea4558c500;697aeaf8e4420021ed5caeb1;;6a3feaaa0cc7ebc213990b71;425.5;0;;Anilhas e Halteres Brasil;;true;;;
6a8dcad15cb070ea4558c501;697aeaf8e4420021ed5caeb1;;6a3feaaa0cc7ebc213990b33;158.7;0;;Planeta Vendas;;true;;;
6a8dcad15cb070ea4558c502;697aeaf8e4420021ed5caeb1;;6a3feaaa0cc7ebc213990b34;190.44;0;;Planeta Vendas;;true;;;
6a8dcad15cb070ea4558c503;697aeaf8e4420021ed5caeb1;;6a3feaaa0cc7ebc213990b35;222.18;0;;Planeta Vendas;;true;;;
6a8dcad15cb070ea4558c504;697aeaf8e4420021ed5caeb1;;6a3feaaa0cc7ebc213990b36;253.92;0;;Planeta Vendas;;true;;;
6a8dcad15cb070ea4558c505;697aeaf8e4420021ed5caeb1;;6a3feaaa0cc7ebc213990b37;285.66;0;;Planeta Vendas;;true;;;
6a8dcad15cb070ea4558c506;697aeaf8e4420021ed5caeb1;;6a3feaaa0cc7ebc213990b38;317.4;0;;Planeta Vendas;;true;;;
6a8dcad15cb070ea4558c507;697aeaf8e4420021ed5caeb1;;6a3feaaa0cc7ebc213990b39;349.14;0;;Planeta Vendas;;true;;;
6a8dcad15cb070ea4558c508;697aeaf8e4420021ed5caeb1;;6a3feaaa0cc7ebc213990b3a;380.88;0;;Planeta Vendas;;true;;;
6a8dcad15cb070ea4558c509;697aeaf8e4420021ed5caeb1;;6a3feaaa0cc7ebc213990b3b;412.62;0;;Planeta Vendas;;true;;;
6a8dcad15cb070ea4558c50a;697aeaf8e4420021ed5caeb1;;6a3feaaa0cc7ebc213990b3c;444.36;0;;Planeta Vendas;;true;;;
6a8dcad15cb070ea4558c50b;697aeaf8e4420021ed5caeb1;;6a3feaaa0cc7ebc213990b3d;476.1;0;;Planeta Vendas;;true;;;
6a8dcad15cb070ea4558c50c;697aeaf8e4420021ed5caeb1;;6a3feaaa0cc7ebc213990b3e;507.84;0;;Planeta Vendas;;true;;;
6a8dcad15cb070ea4558c50d;697aeaf8e4420021ed5caeb1;;6a3feaaa0cc7ebc213990b3f;539.58;0;;Planeta Vendas;;true;;;
6a8dcad15cb070ea4558c50e;697aeaf8e4420021ed5caeb1;;6a3feaaa0cc7ebc213990b40;571.32;0;;Planeta Vendas;;true;;;
6a8dcad15cb070ea4558c50f;697aeaf8e4420021ed5caeb1;;6a3feaaa0cc7ebc213990b41;603.06;0;;Planeta Vendas;;true;;;
6a8dcad15cb070ea4558c510;697aeaf8e4420021ed5caeb1;;6a3feaaa0cc7ebc213990b42;634.8;0;;Planeta Vendas;;true;;;
6a8dcad15cb070ea4558c511;697aeaf8e4420021ed5caeb1;;6a3feaaa0cc7ebc213990b43;666.54;0;;Planeta Vendas;;true;;;
6a8dcad15cb070ea4558c512;697aeaf8e4420021ed5caeb1;;6a3feaaa0cc7ebc213990b44;698.28;0;;Planeta Vendas;;true;;;
6a8dcad15cb070ea4558c513;697aeaf8e4420021ed5caeb1;;6a3feaaa0cc7ebc213990b45;730.02;0;;Planeta Vendas;;true;;;
6a8dcad15cb070ea4558c514;697aeaf8e4420021ed5caeb1;;6a3feaaa0cc7ebc213990b46;761.76;0;;Planeta Vendas;;true;;;
6a8dcad15cb070ea4558c515;697aeaf8e4420021ed5caeb1;;6a3feaaa0cc7ebc213990b47;793.5;0;;Planeta Vendas;;true;;;
6a8dcad15cb070ea4558c516;697aeaf8e4420021ed5caeb1;;6a3feaaa0cc7ebc213990b1e;105.4;0;;Planeta Vendas;;true;;;
6a8dcad15cb070ea4558c517;697aeaf8e4420021ed5caeb1;;6a3feaaa0cc7ebc213990b1f;126.48;0;;Planeta Vendas;;true;;;
6a8dcad15cb070ea4558c518;697aeaf8e4420021ed5caeb1;;6a3feaaa0cc7ebc213990b20;147.56;0;;Planeta Vendas;;true;;;
6a8dcad15cb070ea4558c519;697aeaf8e4420021ed5caeb1;;6a3feaaa0cc7ebc213990b21;168.64;0;;Planeta Vendas;;true;;;
6a8dcad15cb070ea4558c51a;697aeaf8e4420021ed5caeb1;;6a3feaaa0cc7ebc213990b22;189.72;0;;Planeta Vendas;;true;;;
6a8dcad15cb070ea4558c51b;697aeaf8e4420021ed5caeb1;;6a3feaaa0cc7ebc213990b23;210.8;0;;Planeta Vendas;;true;;;
6a8dcad15cb070ea4558c51c;697aeaf8e4420021ed5caeb1;;6a3feaaa0cc7ebc213990b24;231.88;0;;Planeta Vendas;;true;;;
6a8dcad15cb070ea4558c51d;697aeaf8e4420021ed5caeb1;;6a3feaaa0cc7ebc213990b25;252.96;0;;Planeta Vendas;;true;;;
6a8dcad15cb070ea4558c51e;697aeaf8e4420021ed5caeb1;;6a3feaaa0cc7ebc213990b26;274.04;0;;Planeta Vendas;;true;;;
6a8dcad15cb070ea4558c51f;697aeaf8e4420021ed5caeb1;;6a3feaaa0cc7ebc213990b27;295.12;0;;Planeta Vendas;;true;;;
6a8dcad15cb070ea4558c520;697aeaf8e4420021ed5caeb1;;6a3feaaa0cc7ebc213990b28;316.2;0;;Planeta Vendas;;true;;;
6a8dcad15cb070ea4558c521;697aeaf8e4420021ed5caeb1;;6a3feaaa0cc7ebc213990b29;337.28;0;;Planeta Vendas;;true;;;
6a8dcad15cb070ea4558c522;697aeaf8e4420021ed5caeb1;;6a3feaaa0cc7ebc213990b2a;358.36;0;;Planeta Vendas;;true;;;
6a8dcad15cb070ea4558c523;697aeaf8e4420021ed5caeb1;;6a3feaaa0cc7ebc213990b2b;379.44;0;;Planeta Vendas;;true;;;
6a8dcad15cb070ea4558c524;697aeaf8e4420021ed5caeb1;;6a3feaaa0cc7ebc213990b2c;400.52;0;;Planeta Vendas;;true;;;
6a8dcad15cb070ea4558c525;697aeaf8e4420021ed5caeb1;;6a3feaaa0cc7ebc213990b2d;421.6;0;;Planeta Vendas;;true;;;
6a8dcad15cb070ea4558c526;697aeaf8e4420021ed5caeb1;;6a3feaaa0cc7ebc213990b2e;442.68;0;;Planeta Vendas;;true;;;
6a8dcad15cb070ea4558c527;697aeaf8e4420021ed5caeb1;;6a3feaaa0cc7ebc213990b2f;463.76;0;;Planeta Vendas;;true;;;
6a8dcad15cb070ea4558c528;697aeaf8e4420021ed5caeb1;;6a3feaaa0cc7ebc213990b30;484.84;0;;Planeta Vendas;;true;;;
6a8dcad15cb070ea4558c529;697aeaf8e4420021ed5caeb1;;6a3feaaa0cc7ebc213990b31;505.92;0;;Planeta Vendas;;true;;;
6a8dcad15cb070ea4558c52a;697aeaf8e4420021ed5caeb1;;6a3feaaa0cc7ebc213990b32;527;0;;Planeta Vendas;;true;;;
6a8dcad15cb070ea4558c52b;697aeaf8e4420021ed5caeb1;;6a3feaaa0cc7ebc213990b09;101.6;0;;Planeta Vendas;;true;;;
6a8dcad15cb070ea4558c52c;697aeaf8e4420021ed5caeb1;;6a3feaaa0cc7ebc213990b0a;121.92;0;;Planeta Vendas;;true;;;
6a8dcad15cb070ea4558c52d;697aeaf8e4420021ed5caeb1;;6a3feaaa0cc7ebc213990b0b;142.24;0;;Planeta Vendas;;true;;;
6a8dcad15cb070ea4558c52e;697aeaf8e4420021ed5caeb1;;6a3feaaa0cc7ebc213990b0c;162.56;0;;Planeta Vendas;;true;;;
6a8dcad15cb070ea4558c52f;697aeaf8e4420021ed5caeb1;;6a3feaaa0cc7ebc213990b0d;182.88;0;;Planeta Vendas;;true;;;
6a8dcad15cb070ea4558c530;697aeaf8e4420021ed5caeb1;;6a3feaaa0cc7ebc213990b0e;203.2;0;;Planeta Vendas;;true;;;
6a8dcad15cb070ea4558c531;697aeaf8e4420021ed5caeb1;;6a3feaaa0cc7ebc213990b0f;223.52;0;;Planeta Vendas;;true;;;
6a8dcad15cb070ea4558c532;697aeaf8e4420021ed5caeb1;;6a3feaaa0cc7ebc213990b10;243.84;0;;Planeta Vendas;;true;;;
6a8dcad15cb070ea4558c533;697aeaf8e4420021ed5caeb1;;6a3feaaa0cc7ebc213990b11;264.16;0;;Planeta Vendas;;true;;;
6a8dcad15cb070ea4558c534;697aeaf8e4420021ed5caeb1;;6a3feaaa0cc7ebc213990b12;284.48;0;;Planeta Vendas;;true;;;
6a8dcad15cb070ea4558c535;697aeaf8e4420021ed5caeb1;;6a3feaaa0cc7ebc213990b13;304.8;0;;Planeta Vendas;;true;;;
6a8dcad15cb070ea4558c536;697aeaf8e4420021ed5caeb1;;6a3feaaa0cc7ebc213990b14;325.12;0;;Planeta Vendas;;true;;;
6a8dcad15cb070ea4558c537;697aeaf8e4420021ed5caeb1;;6a3feaaa0cc7ebc213990b15;345.44;0;;Planeta Vendas;;true;;;
6a8dcad15cb070ea4558c538;697aeaf8e4420021ed5caeb1;;6a3feaaa0cc7ebc213990b16;365.76;0;;Planeta Vendas;;true;;;
6a8dcad15cb070ea4558c539;697aeaf8e4420021ed5caeb1;;6a3feaaa0cc7ebc213990b17;386.08;0;;Planeta Vendas;;true;;;
6a8dcad15cb070ea4558c53a;697aeaf8e4420021ed5caeb1;;6a3feaaa0cc7ebc213990b18;406.4;0;;Planeta Vendas;;true;;;
6a8dcad15cb070ea4558c53b;697aeaf8e4420021ed5caeb1;;6a3feaaa0cc7ebc213990b19;426.72;0;;Planeta Vendas;;true;;;
6a8dcad15cb070ea4558c53c;697aeaf8e4420021ed5caeb1;;6a3feaaa0cc7ebc213990b1a;447.04;0;;Planeta Vendas;;true;;;
6a8dcad15cb070ea4558c53d;697aeaf8e4420021ed5caeb1;;6a3feaaa0cc7ebc213990b1b;467.36;0;;Planeta Vendas;;true;;;
6a8dcad15cb070ea4558c53e;697aeaf8e4420021ed5caeb1;;6a3feaaa0cc7ebc213990b1c;487.68;0;;Planeta Vendas;;true;;;
6a8dcad15cb070ea4558c53f;697aeaf8e4420021ed5caeb1;;6a3feaaa0cc7ebc213990b1d;508;0;;Planeta Vendas;;true;;;
6a8dcad15cb070ea4558c540;697aeaf8e4420021ed5caeb1;;6a3feaaa0cc7ebc213990a8b;106.6;0;;Planeta Vendas;;true;;;
6a8dcad15cb070ea4558c541;697aeaf8e4420021ed5caeb1;;6a3feaaa0cc7ebc213990a8c;127.92;0;;Planeta Vendas;;true;;;
6a8dcad15cb070ea4558c542;697aeaf8e4420021ed5caeb1;;6a3feaaa0cc7ebc213990a8d;149.24;0;;Planeta Vendas;;true;;;
6a8dcad15cb070ea4558c543;697aeaf8e4420021ed5caeb1;;6a3feaaa0cc7ebc213990a8e;170.56;0;;Planeta Vendas;;true;;;
6a8dcad15cb070ea4558c544;697aeaf8e4420021ed5caeb1;;6a3feaaa0cc7ebc213990a8f;191.88;0;;Planeta Vendas;;true;;;
6a8dcad15cb070ea4558c545;697aeaf8e4420021ed5caeb1;;6a3feaaa0cc7ebc213990a90;213.2;0;;Planeta Vendas;;true;;;
6a8dcad15cb070ea4558c546;697aeaf8e4420021ed5caeb1;;6a3feaaa0cc7ebc213990a91;234.52;0;;Planeta Vendas;;true;;;
6a8dcad15cb070ea4558c547;697aeaf8e4420021ed5caeb1;;6a3feaaa0cc7ebc213990a92;255.84;0;;Planeta Vendas;;true;;;
6a8dcad15cb070ea4558c548;697aeaf8e4420021ed5caeb1;;6a3feaaa0cc7ebc213990a93;277.16;0;;Planeta Vendas;;true;;;
6a8dcad15cb070ea4558c549;697aeaf8e4420021ed5caeb1;;6a3feaaa0cc7ebc213990a94;298.48;0;;Planeta Vendas;;true;;;
6a8dcad15cb070ea4558c54a;697aeaf8e4420021ed5caeb1;;6a3feaaa0cc7ebc213990a95;319.8;0;;Planeta Vendas;;true;;;
6a8dcad15cb070ea4558c54b;697aeaf8e4420021ed5caeb1;;6a3feaaa0cc7ebc213990a96;341.12;0;;Planeta Vendas;;true;;;
6a8dcad15cb070ea4558c54c;697aeaf8e4420021ed5caeb1;;6a3feaaa0cc7ebc213990a97;362.44;0;;Planeta Vendas;;true;;;
6a8dcad15cb070ea4558c54d;697aeaf8e4420021ed5caeb1;;6a3feaaa0cc7ebc213990a98;383.76;0;;Planeta Vendas;;true;;;
6a8dcad15cb070ea4558c54e;697aeaf8e4420021ed5caeb1;;6a3feaaa0cc7ebc213990a99;405.08;0;;Planeta Vendas;;true;;;
6a8dcad15cb070ea4558c54f;697aeaf8e4420021ed5caeb1;;6a3feaaa0cc7ebc213990a9a;426.4;0;;Planeta Vendas;;true;;;
6a8dcad15cb070ea4558c550;697aeaf8e4420021ed5caeb1;;6a3feaaa0cc7ebc213990a9b;447.72;0;;Planeta Vendas;;true;;;
6a8dcad15cb070ea4558c551;697aeaf8e4420021ed5caeb1;;6a3feaaa0cc7ebc213990a9c;469.04;0;;Planeta Vendas;;true;;;
6a8dcad15cb070ea4558c552;697aeaf8e4420021ed5caeb1;;6a3feaaa0cc7ebc213990a9d;490.36;0;;Planeta Vendas;;true;;;
6a8dcad15cb070ea4558c553;697aeaf8e4420021ed5caeb1;;6a3feaaa0cc7ebc213990a9e;511.68;0;;Planeta Vendas;;true;;;
6a8dcad15cb070ea4558c554;697aeaf8e4420021ed5caeb1;;6a3feaaa0cc7ebc213990a9f;533;0;;Planeta Vendas;;true;;;
6a8dcad15cb070ea4558c555;697aeaf8e4420021ed5caeb1;;6a3feaaa0cc7ebc213990a61;106.6;0;;Planeta Vendas;;true;;;
6a8dcad15cb070ea4558c556;697aeaf8e4420021ed5caeb1;;6a3feaaa0cc7ebc213990a62;127.92;0;;Planeta Vendas;;true;;;
6a8dcad15cb070ea4558c557;697aeaf8e4420021ed5caeb1;;6a3feaaa0cc7ebc213990a63;149.24;0;;Planeta Vendas;;true;;;
6a8dcad15cb070ea4558c558;697aeaf8e4420021ed5caeb1;;6a3feaaa0cc7ebc213990a64;170.56;0;;Planeta Vendas;;true;;;
6a8dcad15cb070ea4558c559;697aeaf8e4420021ed5caeb1;;6a3feaaa0cc7ebc213990a65;191.88;0;;Planeta Vendas;;true;;;
6a8dcad15cb070ea4558c55a;697aeaf8e4420021ed5caeb1;;6a3feaaa0cc7ebc213990a66;213.2;0;;Planeta Vendas;;true;;;
6a8dcad15cb070ea4558c55b;697aeaf8e4420021ed5caeb1;;6a3feaaa0cc7ebc213990a67;234.52;0;;Planeta Vendas;;true;;;
6a8dcad15cb070ea4558c55c;697aeaf8e4420021ed5caeb1;;6a3feaaa0cc7ebc213990a68;255.84;0;;Planeta Vendas;;true;;;
6a8dcad15cb070ea4558c55d;697aeaf8e4420021ed5caeb1;;6a3feaaa0cc7ebc213990a69;277.16;0;;Planeta Vendas;;true;;;
6a8dcad15cb070ea4558c55e;697aeaf8e4420021ed5caeb1;;6a3feaaa0cc7ebc213990a6a;298.48;0;;Planeta Vendas;;true;;;
6a8dcad15cb070ea4558c55f;697aeaf8e4420021ed5caeb1;;6a3feaaa0cc7ebc213990a6b;319.8;0;;Planeta Vendas;;true;;;
6a8dcad15cb070ea4558c560;697aeaf8e4420021ed5caeb1;;6a3feaaa0cc7ebc213990a6c;341.12;0;;Planeta Vendas;;true;;;
6a8dcad15cb070ea4558c561;697aeaf8e4420021ed5caeb1;;6a3feaaa0cc7ebc213990a6d;362.44;0;;Planeta Vendas;;true;;;
6a8dcad15cb070ea4558c562;697aeaf8e4420021ed5caeb1;;6a3feaaa0cc7ebc213990a6e;383.76;0;;Planeta Vendas;;true;;;
6a8dcad15cb070ea4558c563;697aeaf8e4420021ed5caeb1;;6a3feaaa0cc7ebc213990a6f;405.08;0;;Planeta Vendas;;true;;;
6a8dcad15cb070ea4558c564;697aeaf8e4420021ed5caeb1;;6a3feaaa0cc7ebc213990a70;426.4;0;;Planeta Vendas;;true;;;
6a8dcad15cb070ea4558c565;697aeaf8e4420021ed5caeb1;;6a3feaaa0cc7ebc213990a71;447.72;0;;Planeta Vendas;;true;;;
6a8dcad15cb070ea4558c566;697aeaf8e4420021ed5caeb1;;6a3feaaa0cc7ebc213990a72;469.04;0;;Planeta Vendas;;true;;;
6a8dcad15cb070ea4558c567;697aeaf8e4420021ed5caeb1;;6a3feaaa0cc7ebc213990a73;490.36;0;;Planeta Vendas;;true;;;
6a8dcad15cb070ea4558c568;697aeaf8e4420021ed5caeb1;;6a3feaaa0cc7ebc213990a74;511.68;0;;Planeta Vendas;;true;;;
6a8dcad15cb070ea4558c569;697aeaf8e4420021ed5caeb1;;6a3feaaa0cc7ebc213990a75;533;0;;Planeta Vendas;;true;;;
6a8dcad15cb070ea4558c56a;697aeaf8e4420021ed5caeb1;;6a3feaacbbf27f5ae7f1942a;158.72;0;;Planeta Vendas;;true;;;
6a8dcad15cb070ea4558c56b;697aeaf8e4420021ed5caeb1;;6a3feaacbbf27f5ae7f1942b;190.46;0;;Planeta Vendas;;true;;;
6a8dcad15cb070ea4558c56c;697aeaf8e4420021ed5caeb1;;6a3feaacbbf27f5ae7f1942c;222.21;0;;Planeta Vendas;;true;;;
6a8dcad15cb070ea4558c56d;697aeaf8e4420021ed5caeb1;;6a3feaacbbf27f5ae7f1942d;253.95;0;;Planeta Vendas;;true;;;
6a8dcad15cb070ea4558c56e;697aeaf8e4420021ed5caeb1;;6a3feaacbbf27f5ae7f1942e;285.7;0;;Planeta Vendas;;true;;;
6a8dcad15cb070ea4558c56f;697aeaf8e4420021ed5caeb1;;6a3feaacbbf27f5ae7f1942f;317.44;0;;Planeta Vendas;;true;;;
6a8dcad15cb070ea4558c570;697aeaf8e4420021ed5caeb1;;6a3feaacbbf27f5ae7f19430;349.18;0;;Planeta Vendas;;true;;;
6a8dcad15cb070ea4558c571;697aeaf8e4420021ed5caeb1;;6a3feaacbbf27f5ae7f19431;380.93;0;;Planeta Vendas;;true;;;
6a8dcad15cb070ea4558c572;697aeaf8e4420021ed5caeb1;;6a3feaacbbf27f5ae7f19432;412.67;0;;Planeta Vendas;;true;;;
6a8dcad15cb070ea4558c573;697aeaf8e4420021ed5caeb1;;6a3feaacbbf27f5ae7f19433;444.42;0;;Planeta Vendas;;true;;;
6a8dcad15cb070ea4558c574;697aeaf8e4420021ed5caeb1;;6a3feaacbbf27f5ae7f19434;476.16;0;;Planeta Vendas;;true;;;
6a8dcad15cb070ea4558c575;697aeaf8e4420021ed5caeb1;;6a3feaacbbf27f5ae7f19435;507.9;0;;Planeta Vendas;;true;;;
6a8dcad15cb070ea4558c576;697aeaf8e4420021ed5caeb1;;6a3feaacbbf27f5ae7f19400;101.68;0;;Planeta Vendas;;true;;;
6a8dcad15cb070ea4558c577;697aeaf8e4420021ed5caeb1;;6a3feaacbbf27f5ae7f19401;122.02;0;;Planeta Vendas;;true;;;
6a8dcad15cb070ea4558c578;697aeaf8e4420021ed5caeb1;;6a3feaacbbf27f5ae7f19402;243.04;0;;Planeta Vendas;;true;;;
6a8dcad15cb070ea4558c579;697aeaf8e4420021ed5caeb1;;6a3feaacbbf27f5ae7f19403;162.69;0;;Planeta Vendas;;true;;;
6a8dcad15cb070ea4558c57a;697aeaf8e4420021ed5caeb1;;6a3feaacbbf27f5ae7f19404;183.02;0;;Planeta Vendas;;true;;;
6a8dcad15cb070ea4558c57b;697aeaf8e4420021ed5caeb1;;6a3feaacbbf27f5ae7f19405;203.36;0;;Planeta Vendas;;true;;;
6a8dcad15cb070ea4558c57c;697aeaf8e4420021ed5caeb1;;6a3feaacbbf27f5ae7f19406;223.7;0;;Planeta Vendas;;true;;;
6a8dcad15cb070ea4558c57d;697aeaf8e4420021ed5caeb1;;6a3feaacbbf27f5ae7f19407;244.03;0;;Planeta Vendas;;true;;;
6a8dcad15cb070ea4558c57e;697aeaf8e4420021ed5caeb1;;6a3feaacbbf27f5ae7f19408;264.37;0;;Planeta Vendas;;true;;;
6a8dcad15cb070ea4558c57f;697aeaf8e4420021ed5caeb1;;6a3feaacbbf27f5ae7f19409;284.7;0;;Planeta Vendas;;true;;;
6a8dcad15cb070ea4558c580;697aeaf8e4420021ed5caeb1;;6a3feaacbbf27f5ae7f1940a;305.04;0;;Planeta Vendas;;true;;;
6a8dcad15cb070ea4558c581;697aeaf8e4420021ed5caeb1;;6a3feaacbbf27f5ae7f1940b;325.38;0;;Planeta Vendas;;true;;;
6a8dcad15cb070ea4558c582;697aeaf8e4420021ed5caeb1;;6a3feaacbbf27f5ae7f1940c;345.71;0;;Planeta Vendas;;true;;;
6a8dcad15cb070ea4558c583;697aeaf8e4420021ed5caeb1;;6a3feaacbbf27f5ae7f1940d;366.05;0;;Planeta Vendas;;true;;;
6a8dcad15cb070ea4558c584;697aeaf8e4420021ed5caeb1;;6a3feaacbbf27f5ae7f1940e;386.38;0;;Planeta Vendas;;true;;;
6a8dcad15cb070ea4558c585;697aeaf8e4420021ed5caeb1;;6a3feaacbbf27f5ae7f1940f;406.72;0;;Planeta Vendas;;true;;;
6a8dcad15cb070ea4558c586;697aeaf8e4420021ed5caeb1;;6a3feaacbbf27f5ae7f19410;427.06;0;;Planeta Vendas;;true;;;
6a8dcad15cb070ea4558c587;697aeaf8e4420021ed5caeb1;;6a3feaacbbf27f5ae7f19411;447.39;0;;Planeta Vendas;;true;;;
6a8dcad15cb070ea4558c588;697aeaf8e4420021ed5caeb1;;6a3feaacbbf27f5ae7f19412;467.73;0;;Planeta Vendas;;true;;;
6a8dcad15cb070ea4558c589;697aeaf8e4420021ed5caeb1;;6a3feaacbbf27f5ae7f19413;488.06;0;;Planeta Vendas;;true;;;
6a8dcad15cb070ea4558c58a;697aeaf8e4420021ed5caeb1;;6a3feaacbbf27f5ae7f19414;508.4;0;;Planeta Vendas;;true;;;
6a8dcad15cb070ea4558c58b;697aeaf8e4420021ed5caeb1;;6a3feaacbbf27f5ae7f193ac;142.6;0;;Planeta Vendas;;true;;;
6a8dcad15cb070ea4558c58c;697aeaf8e4420021ed5caeb1;;6a3feaacbbf27f5ae7f193ad;171.12;0;;Planeta Vendas;;true;;;
6a8dcad15cb070ea4558c58d;697aeaf8e4420021ed5caeb1;;6a3feaacbbf27f5ae7f193ae;199.64;0;;Planeta Vendas;;true;;;
6a8dcad15cb070ea4558c58e;697aeaf8e4420021ed5caeb1;;6a3feaacbbf27f5ae7f193af;228.16;0;;Planeta Vendas;;true;;;
6a8dcad15cb070ea4558c58f;697aeaf8e4420021ed5caeb1;;6a3feaacbbf27f5ae7f193b0;256.68;0;;Planeta Vendas;;true;;;
6a8dcad15cb070ea4558c590;697aeaf8e4420021ed5caeb1;;6a3feaacbbf27f5ae7f193b1;285.2;0;;Planeta Vendas;;true;;;
6a8dcad15cb070ea4558c591;697aeaf8e4420021ed5caeb1;;6a3feaacbbf27f5ae7f193b2;313.72;0;;Planeta Vendas;;true;;;
6a8dcad15cb070ea4558c592;697aeaf8e4420021ed5caeb1;;6a3feaacbbf27f5ae7f193b3;342.24;0;;Planeta Vendas;;true;;;
6a8dcad15cb070ea4558c593;697aeaf8e4420021ed5caeb1;;6a3feaacbbf27f5ae7f193b4;370.76;0;;Planeta Vendas;;true;;;
6a8dcad15cb070ea4558c594;697aeaf8e4420021ed5caeb1;;6a3feaacbbf27f5ae7f193b5;399.28;0;;Planeta Vendas;;true;;;
6a8dcad15cb070ea4558c595;697aeaf8e4420021ed5caeb1;;6a3feaacbbf27f5ae7f193b6;427.8;0;;Planeta Vendas;;true;;;
6a8dcad15cb070ea4558c596;697aeaf8e4420021ed5caeb1;;6a3feaacbbf27f5ae7f193b7;456.32;0;;Planeta Vendas;;true;;;
6a8dcad15cb070ea4558c597;697aeaf8e4420021ed5caeb1;;6a3feaacbbf27f5ae7f193b8;484.84;0;;Planeta Vendas;;true;;;
6a8dcad15cb070ea4558c598;697aeaf8e4420021ed5caeb1;;6a3feaacbbf27f5ae7f193b9;513.36;0;;Planeta Vendas;;true;;;
6a8dcad15cb070ea4558c599;697aeaf8e4420021ed5caeb1;;6a3feaacbbf27f5ae7f193ba;541.88;0;;Planeta Vendas;;true;;;
6a8dcad15cb070ea4558c59a;697aeaf8e4420021ed5caeb1;;6a3feaacbbf27f5ae7f193bb;570.4;0;;Planeta Vendas;;true;;;
6a8dcad15cb070ea4558c59b;697aeaf8e4420021ed5caeb1;;6a3feaacbbf27f5ae7f193bc;598.92;0;;Planeta Vendas;;true;;;
6a8dcad15cb070ea4558c59c;697aeaf8e4420021ed5caeb1;;6a3feaacbbf27f5ae7f193bd;627.44;0;;Planeta Vendas;;true;;;
6a8dcad15cb070ea4558c59d;697aeaf8e4420021ed5caeb1;;6a3feaacbbf27f5ae7f193be;655.96;0;;Planeta Vendas;;true;;;
6a8dcad15cb070ea4558c59e;697aeaf8e4420021ed5caeb1;;6a3feaacbbf27f5ae7f193bf;684.48;0;;Planeta Vendas;;true;;;
6a8dcad15cb070ea4558c59f;697aeaf8e4420021ed5caeb1;;6a3feaacbbf27f5ae7f193c0;713;0;;Planeta Vendas;;true;;;
6a8dcad15cb070ea4558c5a0;697aeaf8e4420021ed5caeb1;;6a3feaacbbf27f5ae7f1936d;85.5;0;;Planeta Vendas;;true;;;
6a8dcad15cb070ea4558c5a1;697aeaf8e4420021ed5caeb1;;6a3feaacbbf27f5ae7f1936e;102.6;0;;Planeta Vendas;;true;;;
6a8dcad15cb070ea4558c5a2;697aeaf8e4420021ed5caeb1;;6a3feaacbbf27f5ae7f1936f;119.7;0;;Planeta Vendas;;true;;;
6a8dcad15cb070ea4558c5a3;697aeaf8e4420021ed5caeb1;;6a3feaacbbf27f5ae7f19370;136.8;0;;Planeta Vendas;;true;;;
6a8dcad15cb070ea4558c5a4;697aeaf8e4420021ed5caeb1;;6a3feaacbbf27f5ae7f19371;153.9;0;;Planeta Vendas;;true;;;
6a8dcad15cb070ea4558c5a5;697aeaf8e4420021ed5caeb1;;6a3feaacbbf27f5ae7f19372;171;0;;Planeta Vendas;;true;;;
6a8dcad15cb070ea4558c5a6;697aeaf8e4420021ed5caeb1;;6a3feaacbbf27f5ae7f19373;188.1;0;;Planeta Vendas;;true;;;
6a8dcad15cb070ea4558c5a7;697aeaf8e4420021ed5caeb1;;6a3feaacbbf27f5ae7f19374;205.2;0;;Planeta Vendas;;true;;;
6a8dcad15cb070ea4558c5a8;697aeaf8e4420021ed5caeb1;;6a3feaacbbf27f5ae7f19375;222.3;0;;Planeta Vendas;;true;;;
6a8dcad15cb070ea4558c5a9;697aeaf8e4420021ed5caeb1;;6a3feaacbbf27f5ae7f19376;239.4;0;;Planeta Vendas;;true;;;
6a8dcad15cb070ea4558c5aa;697aeaf8e4420021ed5caeb1;;6a3feaacbbf27f5ae7f19377;256.5;0;;Planeta Vendas;;true;;;
6a8dcad15cb070ea4558c5ab;697aeaf8e4420021ed5caeb1;;6a3feaacbbf27f5ae7f19378;273.6;0;;Planeta Vendas;;true;;;
6a8dcad15cb070ea4558c5ac;697aeaf8e4420021ed5caeb1;;6a3feaacbbf27f5ae7f19358;106.64;0;;Planeta Vendas;;true;;;
6a8dcad15cb070ea4558c5ad;697aeaf8e4420021ed5caeb1;;6a3feaacbbf27f5ae7f19359;127.97;0;;Planeta Vendas;;true;;;
6a8dcad15cb070ea4558c5ae;697aeaf8e4420021ed5caeb1;;6a3feaacbbf27f5ae7f1935a;149.3;0;;Planeta Vendas;;true;;;
6a8dcad15cb070ea4558c5af;697aeaf8e4420021ed5caeb1;;6a3feaacbbf27f5ae7f1935b;170.62;0;;Planeta Vendas;;true;;;
6a8dcad15cb070ea4558c5b0;697aeaf8e4420021ed5caeb1;;6a3feaacbbf27f5ae7f1935c;191.95;0;;Planeta Vendas;;true;;;
6a8dcad15cb070ea4558c5b1;697aeaf8e4420021ed5caeb1;;6a3feaacbbf27f5ae7f1935d;213.28;0;;Planeta Vendas;;true;;;
6a8dcad15cb070ea4558c5b2;697aeaf8e4420021ed5caeb1;;6a3feaacbbf27f5ae7f1935e;234.61;0;;Planeta Vendas;;true;;;
6a8dcad15cb070ea4558c5b3;697aeaf8e4420021ed5caeb1;;6a3feaacbbf27f5ae7f1935f;255.94;0;;Planeta Vendas;;true;;;
6a8dcad15cb070ea4558c5b4;697aeaf8e4420021ed5caeb1;;6a3feaacbbf27f5ae7f19360;277.26;0;;Planeta Vendas;;true;;;
6a8dcad15cb070ea4558c5b5;697aeaf8e4420021ed5caeb1;;6a3feaacbbf27f5ae7f19361;298.59;0;;Planeta Vendas;;true;;;
6a8dcad15cb070ea4558c5b6;697aeaf8e4420021ed5caeb1;;6a3feaacbbf27f5ae7f19362;319.92;0;;Planeta Vendas;;true;;;
6a8dcad15cb070ea4558c5b7;697aeaf8e4420021ed5caeb1;;6a3feaacbbf27f5ae7f19363;341.25;0;;Planeta Vendas;;true;;;
6a8dcad15cb070ea4558c5b8;697aeaf8e4420021ed5caeb1;;6a3feaacbbf27f5ae7f19364;362.58;0;;Planeta Vendas;;true;;;
6a8dcad15cb070ea4558c5b9;697aeaf8e4420021ed5caeb1;;6a3feaacbbf27f5ae7f19365;383.9;0;;Planeta Vendas;;true;;;
6a8dcad15cb070ea4558c5ba;697aeaf8e4420021ed5caeb1;;6a3feaacbbf27f5ae7f19366;405.23;0;;Planeta Vendas;;true;;;
6a8dcad15cb070ea4558c5bb;697aeaf8e4420021ed5caeb1;;6a3feaacbbf27f5ae7f19367;426.56;0;;Planeta Vendas;;true;;;
6a8dcad15cb070ea4558c5bc;697aeaf8e4420021ed5caeb1;;6a3feaacbbf27f5ae7f19368;447.89;0;;Planeta Vendas;;true;;;
6a8dcad15cb070ea4558c5bd;697aeaf8e4420021ed5caeb1;;6a3feaacbbf27f5ae7f19369;469.22;0;;Planeta Vendas;;true;;;
6a8dcad15cb070ea4558c5be;697aeaf8e4420021ed5caeb1;;6a3feaacbbf27f5ae7f1936a;490.54;0;;Planeta Vendas;;true;;;
6a8dcad15cb070ea4558c5bf;697aeaf8e4420021ed5caeb1;;6a3feaacbbf27f5ae7f1936b;511.87;0;;Planeta Vendas;;true;;;
6a8dcad15cb070ea4558c5c0;697aeaf8e4420021ed5caeb1;;6a3feaacbbf27f5ae7f1936c;533.2;0;;Planeta Vendas;;true;;;
6a8dcad15cb070ea4558c5c1;697aeaf8e4420021ed5caeb1;;6a4d2f028f092573faefcc4d;17.36;0;;Anilhas e Halteres Brasil;;true;;;
6a8dcaf847bb7730be9d1594;697aeaf8e4420021ed5caeb1;;6a43d03d489599a52bac3e39;72.5;0;;Furious Equipment;;true;;;
6a8dcaf847bb7730be9d1595;697aeaf8e4420021ed5caeb1;;6a43d03d489599a52bac3e32;96.67;0;;Furious Equipment;;true;;;
6a8dcb351cefdea339e5fb1d;697aeaf8e4420021ed5caeb1;;6a3ecab39928a9b8529fbc07;6989.79;0;;Planeta Vendas;;true;;;
6a8dcb351cefdea339e5fb1e;697aeaf8e4420021ed5caeb1;;6a3ecab39928a9b8529fbc08;4139.88;0;;Planeta Vendas;;true;;;
6a8dcb351cefdea339e5fb1f;697aeaf8e4420021ed5caeb1;;6a3ecab39928a9b8529fbc09;6989.79;0;;Planeta Vendas;;true;;;
6a8dcbcf26e40be8c1e8fabf;697aeaf8e4420021ed5caeb1;;6a57bdd225180899c32f9cfc;107.88;0;;Anilhas e Halteres Brasil;;true;;;
6a8dcbcf26e40be8c1e8fac0;697aeaf8e4420021ed5caeb1;;6a7b134f920160ed9c20e832;336.15;0;;Furious Equipment;;true;;;
6a8dcbcf26e40be8c1e8fac1;697aeaf8e4420021ed5caeb1;;6a7b134f920160ed9c20e833;403.38;0;;Furious Equipment;;true;;;
6a8dcbcf26e40be8c1e8fac2;697aeaf8e4420021ed5caeb1;;6a7b134f920160ed9c20e834;470.62;0;;Furious Equipment;;true;;;
6a8dcbcf26e40be8c1e8fac3;697aeaf8e4420021ed5caeb1;;6a7b134f920160ed9c20e835;537.85;0;;Furious Equipment;;true;;;
6a8dcbcf26e40be8c1e8fac4;697aeaf8e4420021ed5caeb1;;6a7b134f920160ed9c20e836;672.31;0;;Furious Equipment;;true;;;
6a8dcbcf26e40be8c1e8fac5;697aeaf8e4420021ed5caeb1;;6a7b134f920160ed9c20e837;739.54;0;;Furious Equipment;;true;;;
6a8dcbcf26e40be8c1e8fac6;697aeaf8e4420021ed5caeb1;;6a7b134f920160ed9c20e838;806.77;0;;Furious Equipment;;true;;;
6a8dcbcf26e40be8c1e8fac7;697aeaf8e4420021ed5caeb1;;6a7b134f920160ed9c20e839;874;0;;Furious Equipment;;true;;;
6a8dcbcf26e40be8c1e8fac8;697aeaf8e4420021ed5caeb1;;6a7b134f920160ed9c20e83a;1008.46;0;;Furious Equipment;;true;;;
6a8dcbcf26e40be8c1e8fac9;697aeaf8e4420021ed5caeb1;;6a7b134f920160ed9c20e83b;1075.69;0;;Furious Equipment;;true;;;
6a8dcbcf26e40be8c1e8faca;697aeaf8e4420021ed5caeb1;;6a7b134f920160ed9c20e83c;1142.92;0;;Furious Equipment;;true;;;
6a8dcbcf26e40be8c1e8facb;697aeaf8e4420021ed5caeb1;;6a7b134f920160ed9c20e83d;1210.15;0;;Furious Equipment;;true;;;
6a8dcbcf26e40be8c1e8facc;697aeaf8e4420021ed5caeb1;;6a7b134f920160ed9c20e83e;1344.62;0;;Furious Equipment;;true;;;
6a8dcbcf26e40be8c1e8facd;697aeaf8e4420021ed5caeb1;;6a7b134f920160ed9c20e83f;347.15;0;;Furious Equipment;;true;;;
6a8dcbcf26e40be8c1e8face;697aeaf8e4420021ed5caeb1;;6a7b134f920160ed9c20e840;370.54;0;;Furious Equipment;;true;;;
6a8dcbcf26e40be8c1e8facf;697aeaf8e4420021ed5caeb1;;6a7b134f920160ed9c20e841;393.92;0;;Furious Equipment;;true;;;
6a8dcbcf26e40be8c1e8fad0;697aeaf8e4420021ed5caeb1;;6a7b134f920160ed9c20e842;417.31;0;;Furious Equipment;;true;;;
6a8dcbcf26e40be8c1e8fad1;697aeaf8e4420021ed5caeb1;;6a7b134f920160ed9c20e843;464.08;0;;Furious Equipment;;true;;;
6a8dcbcf26e40be8c1e8fad2;697aeaf8e4420021ed5caeb1;;6a7b134f920160ed9c20e844;487.46;0;;Furious Equipment;;true;;;
6a8dcbcf26e40be8c1e8fad3;697aeaf8e4420021ed5caeb1;;6a7b134f920160ed9c20e845;510.85;0;;Furious Equipment;;true;;;
6a8dcbcf26e40be8c1e8fad4;697aeaf8e4420021ed5caeb1;;6a7b134f920160ed9c20e846;534.23;0;;Furious Equipment;;true;;;
6a8dcbcf26e40be8c1e8fad5;697aeaf8e4420021ed5caeb1;;6a7b134f920160ed9c20e847;581;0;;Furious Equipment;;true;;;
6a8dcbcf26e40be8c1e8fad6;697aeaf8e4420021ed5caeb1;;6a7b134f920160ed9c20e848;604.38;0;;Furious Equipment;;true;;;
6a8dcbcf26e40be8c1e8fad7;697aeaf8e4420021ed5caeb1;;6a7b134f920160ed9c20e849;627.77;0;;Furious Equipment;;true;;;
6a8dcbcf26e40be8c1e8fad8;697aeaf8e4420021ed5caeb1;;6a7b134f920160ed9c20e84a;651.15;0;;Furious Equipment;;true;;;
6a8dcbcf26e40be8c1e8fad9;697aeaf8e4420021ed5caeb1;;6a7b134f920160ed9c20e84b;330.85;0;;Furious Equipment;;true;;;
6a8dcbcf26e40be8c1e8fada;697aeaf8e4420021ed5caeb1;;6a7b134f920160ed9c20e84c;384.69;0;;Furious Equipment;;true;;;
6a8dcbcf26e40be8c1e8fadb;697aeaf8e4420021ed5caeb1;;6a7b134f920160ed9c20e84d;411.62;0;;Furious Equipment;;true;;;
6a8dcbcf26e40be8c1e8fadc;697aeaf8e4420021ed5caeb1;;6a7b134f920160ed9c20e84e;438.54;0;;Furious Equipment;;true;;;
6a8dcbcf26e40be8c1e8fadd;697aeaf8e4420021ed5caeb1;;6a7b134f920160ed9c20e84f;465.46;0;;Furious Equipment;;true;;;
6a8dcbcf26e40be8c1e8fade;697aeaf8e4420021ed5caeb1;;6a7b134f920160ed9c20e850;519.31;0;;Furious Equipment;;true;;;
6a8dcbcf26e40be8c1e8fadf;697aeaf8e4420021ed5caeb1;;6a7b134f920160ed9c20e851;546.23;0;;Furious Equipment;;true;;;
6a8dcbcf26e40be8c1e8fae0;697aeaf8e4420021ed5caeb1;;6a7b134f920160ed9c20e852;573.15;0;;Furious Equipment;;true;;;
6a8dcbcf26e40be8c1e8fae1;697aeaf8e4420021ed5caeb1;;6a7b134f920160ed9c20e853;600.08;0;;Furious Equipment;;true;;;
6a8dcbcf26e40be8c1e8fae2;697aeaf8e4420021ed5caeb1;;6a7b134f920160ed9c20e854;653.92;0;;Furious Equipment;;true;;;
6a8dcbcf26e40be8c1e8fae3;697aeaf8e4420021ed5caeb1;;6a7b134f920160ed9c20e855;680.85;0;;Furious Equipment;;true;;;
6a8dcbcf26e40be8c1e8fae4;697aeaf8e4420021ed5caeb1;;6a7b134f920160ed9c20e856;707.77;0;;Furious Equipment;;true;;;
6a8dcbcf26e40be8c1e8fae5;697aeaf8e4420021ed5caeb1;;6a7b134f920160ed9c20e857;734.69;0;;Furious Equipment;;true;;;
6a8dcbcf26e40be8c1e8fae6;697aeaf8e4420021ed5caeb1;;6a57bd17f3c30862052b5965;69.46;0;;Anilhas e Halteres Brasil;;true;;;
6a8dcbcf26e40be8c1e8fae7;697aeaf8e4420021ed5caeb1;;6a57bd17f3c30862052b5966;72.4604;0;;Metal Forma;;true;;;
6a8dcbcf26e40be8c1e8fae8;697aeaf8e4420021ed5caeb1;;6a57bd17f3c30862052b5967;201.88;0;;Anilhas e Halteres Brasil;;true;;;
6a8dcbcf26e40be8c1e8fae9;697aeaf8e4420021ed5caeb1;;6a57bd17f3c30862052b5968;242.27;0;;Anilhas e Halteres Brasil;;true;;;
6a8dcbcf26e40be8c1e8faea;697aeaf8e4420021ed5caeb1;;6a57bd17f3c30862052b5969;254.96;0;;Anilhas e Halteres Brasil;;true;;;
6a8dcbcf26e40be8c1e8faeb;697aeaf8e4420021ed5caeb1;;6a57bd17f3c30862052b596a;277.83;0;;Anilhas e Halteres Brasil;;true;;;
6a8dcbcf26e40be8c1e8faec;697aeaf8e4420021ed5caeb1;;6a57bd17f3c30862052b596b;316.613;0;;CrossRigs;;true;;;
6a8dcbcf26e40be8c1e8faed;697aeaf8e4420021ed5caeb1;;6a57bd17f3c30862052b596c;345.503;0;;CrossRigs;;true;;;
6a8dcbcf26e40be8c1e8faee;697aeaf8e4420021ed5caeb1;;6a57bd17f3c30862052b596d;203.81;0;;Anilhas e Halteres Brasil;;true;;;
6a8dcbcf26e40be8c1e8faef;697aeaf8e4420021ed5caeb1;;6a57bd17f3c30862052b596e;321.963;0;;CrossRigs;;true;;;
6a8dcbcf26e40be8c1e8faf0;697aeaf8e4420021ed5caeb1;;6a57bd17f3c30862052b596f;85.42;0;;Anilhas e Halteres Brasil;;true;;;
6a8dcbcf26e40be8c1e8faf1;697aeaf8e4420021ed5caeb1;;6a57bd17f3c30862052b5970;99.92;0;;Anilhas e Halteres Brasil;;true;;;
6a8dcbcf26e40be8c1e8faf2;697aeaf8e4420021ed5caeb1;;6a57bd17f3c30862052b5971;226.1;0;;Anilhas e Halteres Brasil;;true;;;
6a8dcbcf26e40be8c1e8faf3;697aeaf8e4420021ed5caeb1;;6a57bd17f3c30862052b5972;261.49;0;;Anilhas e Halteres Brasil;;true;;;
6a8dcbcf26e40be8c1e8faf4;697aeaf8e4420021ed5caeb1;;6a57bd17f3c30862052b5973;274.18;0;;Anilhas e Halteres Brasil;;true;;;
6a8dcbcf26e40be8c1e8faf5;697aeaf8e4420021ed5caeb1;;6a57bd17f3c30862052b5974;257.67740000000003;0;;Metal Forma;;true;;;
6a8dcbcf26e40be8c1e8faf6;697aeaf8e4420021ed5caeb1;;6a57bd17f3c30862052b5975;280.2223;0;;Metal Forma;;true;;;
6a8dcbcf26e40be8c1e8faf7;697aeaf8e4420021ed5caeb1;;6a57bd17f3c30862052b5976;308.4382;0;;Metal Forma;;true;;;
6a8dcbcf26e40be8c1e8faf8;697aeaf8e4420021ed5caeb1;;6a57bd17f3c30862052b5977;223.04;0;;Anilhas e Halteres Brasil;;true;;;
6a8dcbcf26e40be8c1e8faf9;697aeaf8e4420021ed5caeb1;;6a57bd17f3c30862052b5978;288.4;0;;Anilhas e Halteres Brasil;;true;;;
6a8dcbcf26e40be8c1e8fafa;697aeaf8e4420021ed5caeb1;;6a57bd17f3c30862052b5979;120.38;0;;Anilhas e Halteres Brasil;;true;;;
6a8dcbcf26e40be8c1e8fafb;697aeaf8e4420021ed5caeb1;;6a57bd17f3c30862052b597a;134.87;0;;Anilhas e Halteres Brasil;;true;;;
6a8dcbcf26e40be8c1e8fafc;697aeaf8e4420021ed5caeb1;;6a57bd17f3c30862052b597b;258.6;0;;Anilhas e Halteres Brasil;;true;;;
6a8dcbcf26e40be8c1e8fafd;697aeaf8e4420021ed5caeb1;;6a57bd17f3c30862052b597c;234.79010000000002;0;;Metal Forma;;true;;;
6a8dcbcf26e40be8c1e8fafe;697aeaf8e4420021ed5caeb1;;6a57bd17f3c30862052b597d;39.01;0;;Anilhas e Halteres Brasil;;true;;;
6a8dcbcf26e40be8c1e8faff;697aeaf8e4420021ed5caeb1;;6a57bd17f3c30862052b597e;43.36;0;;Anilhas e Halteres Brasil;;true;;;
6a8dcbcf26e40be8c1e8fb00;697aeaf8e4420021ed5caeb1;;6a57bd17f3c30862052b597f;88.44;0;;Anilhas e Halteres Brasil;;true;;;
6a8dcbcf26e40be8c1e8fb01;697aeaf8e4420021ed5caeb1;;6a57bd17f3c30862052b5980;103.83;0;;Anilhas e Halteres Brasil;;true;;;
6a8dcbcf26e40be8c1e8fb02;697aeaf8e4420021ed5caeb1;;6a57bd17f3c30862052b5981;100.4;0;;Anilhas e Halteres Brasil;;true;;;
6a8dcbcf26e40be8c1e8fb03;697aeaf8e4420021ed5caeb1;;6a57bd17f3c30862052b5982;43.4;0;;Anilhas e Halteres Brasil;;true;;;
6a8dcbcf26e40be8c1e8fb04;697aeaf8e4420021ed5caeb1;;6a57bd17f3c30862052b5983;124;0;;Anilhas e Halteres Brasil;;true;;;
6a8dcbcf26e40be8c1e8fb05;697aeaf8e4420021ed5caeb1;;6a57bd17f3c30862052b5984;148.8;0;;Anilhas e Halteres Brasil;;true;;;
6a8dcbcf26e40be8c1e8fb06;697aeaf8e4420021ed5caeb1;;6a57bd17f3c30862052b5985;173.6;0;;Anilhas e Halteres Brasil;;true;;;
6a8dcbcf26e40be8c1e8fb07;697aeaf8e4420021ed5caeb1;;6a57bd17f3c30862052b5989;124;0;;Anilhas e Halteres Brasil;;true;;;
6a8dcbcf26e40be8c1e8fb08;697aeaf8e4420021ed5caeb1;;6a57bd17f3c30862052b598a;805.63;0;;Anilhas e Halteres Brasil;;true;;;
6a8dcbcf26e40be8c1e8fb09;697aeaf8e4420021ed5caeb1;;6a57bd17f3c30862052b598b;1287.12;0;;Anilhas e Halteres Brasil;;true;;;
6a8dcbcf26e40be8c1e8fb0a;697aeaf8e4420021ed5caeb1;;6a57bd17f3c30862052b598c;394.16;0;;Anilhas e Halteres Brasil;;true;;;
6a8dcbcf26e40be8c1e8fb0b;697aeaf8e4420021ed5caeb1;;6a57bd17f3c30862052b598d;586.45;0;;Anilhas e Halteres Brasil;;true;;;
6a8dcbcf26e40be8c1e8fb0c;697aeaf8e4420021ed5caeb1;;6a57bd17f3c30862052b598e;1055.57;0;;Anilhas e Halteres Brasil;;true;;;
6a8dcbcf26e40be8c1e8fb0d;697aeaf8e4420021ed5caeb1;;6a57bd17f3c30862052b598f;1055.57;0;;Anilhas e Halteres Brasil;;true;;;
6a8dcbcf26e40be8c1e8fb0e;697aeaf8e4420021ed5caeb1;;6a57bd17f3c30862052b5990;1055.57;0;;Anilhas e Halteres Brasil;;true;;;
6a8dcbcf26e40be8c1e8fb0f;697aeaf8e4420021ed5caeb1;;6a57bd17f3c30862052b5991;1055.57;0;;Anilhas e Halteres Brasil;;true;;;
6a8dcbcf26e40be8c1e8fb10;697aeaf8e4420021ed5caeb1;;6a57bd17f3c30862052b5992;1055.59;0;;Anilhas e Halteres Brasil;;true;;;
6a8dcbcf26e40be8c1e8fb11;697aeaf8e4420021ed5caeb1;;6a57bd17f3c30862052b5993;913.3;0;;Anilhas e Halteres Brasil;;true;;;
6a8dcbcf26e40be8c1e8fb12;697aeaf8e4420021ed5caeb1;;6a57bd17f3c30862052b5994;913.3;0;;Anilhas e Halteres Brasil;;true;;;
6a8dcbcf26e40be8c1e8fb13;697aeaf8e4420021ed5caeb1;;6a57bd17f3c30862052b5995;913.3;0;;Anilhas e Halteres Brasil;;true;;;
6a8dcbcf26e40be8c1e8fb14;697aeaf8e4420021ed5caeb1;;6a57bd17f3c30862052b5996;913.3;0;;Anilhas e Halteres Brasil;;true;;;
6a8dcbcf26e40be8c1e8fb15;697aeaf8e4420021ed5caeb1;;6a57bd17f3c30862052b5997;788.0764;0;;Metal Forma;;true;;;
6a8dcbcf26e40be8c1e8fb16;697aeaf8e4420021ed5caeb1;;6a57bd17f3c30862052b5998;613.8804;0;;Metal Forma;;true;;;
6a8dcbcf26e40be8c1e8fb17;697aeaf8e4420021ed5caeb1;;6a57bd17f3c30862052b5999;711.41;0;;Anilhas e Halteres Brasil;;true;;;
6a8dcbcf26e40be8c1e8fb18;697aeaf8e4420021ed5caeb1;;6a57bd17f3c30862052b599a;613.8804;0;;Metal Forma;;true;;;
6a8dcbcf26e40be8c1e8fb19;697aeaf8e4420021ed5caeb1;;6a57bd17f3c30862052b599b;711.41;0;;Anilhas e Halteres Brasil;;true;;;
6a8dcbcf26e40be8c1e8fb1a;697aeaf8e4420021ed5caeb1;;6a57bd17f3c30862052b599c;613.8804;0;;Metal Forma;;true;;;
6a8dcbcf26e40be8c1e8fb1b;697aeaf8e4420021ed5caeb1;;6a57bd17f3c30862052b599d;572.4072000000001;0;;Metal Forma;;true;;;
6a8dcbcf26e40be8c1e8fb1c;697aeaf8e4420021ed5caeb1;;6a57bd17f3c30862052b599e;495.24950000000007;0;;Metal Forma;;true;;;
6a8dcbcf26e40be8c1e8fb1d;697aeaf8e4420021ed5caeb1;;6a57bd17f3c30862052b599f;463.8878;0;;Metal Forma;;true;;;
6a8dcbcf26e40be8c1e8fb1e;697aeaf8e4420021ed5caeb1;;6a57bd17f3c30862052b59a0;472.85440000000006;0;;Metal Forma;;true;;;
6a8dcbcf26e40be8c1e8fb1f;697aeaf8e4420021ed5caeb1;;6a57bd17f3c30862052b59a1;512.6691000000001;0;;Metal Forma;;true;;;
6a8dcbcf26e40be8c1e8fb20;697aeaf8e4420021ed5caeb1;;6a57bd17f3c30862052b59a2;695.1790000000001;0;;Metal Forma;;true;;;
6a8dcbcf26e40be8c1e8fb21;697aeaf8e4420021ed5caeb1;;6a57bd17f3c30862052b59a3;805.63;0;;Anilhas e Halteres Brasil;;true;;;
6a8dcbcf26e40be8c1e8fb22;697aeaf8e4420021ed5caeb1;;6a57bd17f3c30862052b59a4;805.63;0;;Anilhas e Halteres Brasil;;true;;;
6a8dcbcf26e40be8c1e8fb23;697aeaf8e4420021ed5caeb1;;6a57bd17f3c30862052b59a5;805.63;0;;Anilhas e Halteres Brasil;;true;;;
6a8dcbcf26e40be8c1e8fb24;697aeaf8e4420021ed5caeb1;;6a57bd17f3c30862052b59a6;695.1790000000001;0;;Metal Forma;;true;;;
6a8dcbcf26e40be8c1e8fb25;697aeaf8e4420021ed5caeb1;;6a57bd17f3c30862052b59a7;612.2112;0;;Metal Forma;;true;;;
6a8dcbcf26e40be8c1e8fb26;697aeaf8e4420021ed5caeb1;;6a57bd17f3c30862052b59a8;709.48;0;;Anilhas e Halteres Brasil;;true;;;
6a8dcbcf26e40be8c1e8fb27;697aeaf8e4420021ed5caeb1;;6a57bd17f3c30862052b59a9;709.48;0;;Anilhas e Halteres Brasil;;true;;;
6a8dcbcf26e40be8c1e8fb28;697aeaf8e4420021ed5caeb1;;6a57bd17f3c30862052b59aa;709.48;0;;Anilhas e Halteres Brasil;;true;;;
6a8dcbcf26e40be8c1e8fb29;697aeaf8e4420021ed5caeb1;;6a57bd17f3c30862052b59ab;709.48;0;;Anilhas e Halteres Brasil;;true;;;
6a8dcbcf26e40be8c1e8fb2a;697aeaf8e4420021ed5caeb1;;6a57bd17f3c30862052b59ac;512.6691000000001;0;;Metal Forma;;true;;;
6a8dcbcf26e40be8c1e8fb2b;697aeaf8e4420021ed5caeb1;;6a57bd17f3c30862052b59ad;507.98;0;;Anilhas e Halteres Brasil;;true;;;
6a8dcbcf26e40be8c1e8fb2c;697aeaf8e4420021ed5caeb1;;6a57bd17f3c30862052b59ae;438.3362000000001;0;;Metal Forma;;true;;;
6a8dcbcf26e40be8c1e8fb2d;697aeaf8e4420021ed5caeb1;;6a57bd17f3c30862052b59af;507.98;0;;Anilhas e Halteres Brasil;;true;;;
6a8dcbcf26e40be8c1e8fb2e;697aeaf8e4420021ed5caeb1;;6a57bd17f3c30862052b59b0;507.98;0;;Anilhas e Halteres Brasil;;true;;;
6a8dcbcf26e40be8c1e8fb2f;697aeaf8e4420021ed5caeb1;;6a57bd17f3c30862052b59b1;83.45;0;;Anilhas e Halteres Brasil;;true;;;
6a8dcbcf26e40be8c1e8fb30;697aeaf8e4420021ed5caeb1;;6a57bd17f3c30862052b59b2;76.5;0;;Anilhas e Halteres Brasil;;true;;;
6a8dcbcf26e40be8c1e8fb31;697aeaf8e4420021ed5caeb1;;6a57bd17f3c30862052b59b3;72.32;0;;Anilhas e Halteres Brasil;;true;;;
6a8dcbcf26e40be8c1e8fb32;697aeaf8e4420021ed5caeb1;;6a57bd17f3c30862052b59b4;69.54;0;;Anilhas e Halteres Brasil;;true;;;
6a8dcbcf26e40be8c1e8fb33;697aeaf8e4420021ed5caeb1;;6a57bd17f3c30862052b59b5;65.36;0;;Anilhas e Halteres Brasil;;true;;;
6a8dcbcf26e40be8c1e8fb34;697aeaf8e4420021ed5caeb1;;6a57bd17f3c30862052b59b6;8.774;0;;Metal Forma;;true;;;
6a8dcbcf26e40be8c1e8fb35;697aeaf8e4420021ed5caeb1;;6a57bd17f3c30862052b59b7;10.17;0;;Anilhas e Halteres Brasil;;true;;;
6a8dcbcf26e40be8c1e8fb36;697aeaf8e4420021ed5caeb1;;6a57bd17f3c30862052b59b8;22.2;0;;Anilhas e Halteres Brasil;;true;;;
6a8dcbcf26e40be8c1e8fb37;697aeaf8e4420021ed5caeb1;;6a57bd17f3c30862052b59b9;19.153;0;;Metal Forma;;true;;;
6a8dcbcf26e40be8c1e8fb38;697aeaf8e4420021ed5caeb1;;6a57bd17f3c30862052b59ba;44.52;0;;Anilhas e Halteres Brasil;;true;;;
6a8dcbcf26e40be8c1e8fb39;697aeaf8e4420021ed5caeb1;;6a7b134f920160ed9c20e863;50;0;;Furious Equipment;;true;;;
6a8dcbcf26e40be8c1e8fb3a;697aeaf8e4420021ed5caeb1;;6a7b134f920160ed9c20e864;77.37;0;;Furious Equipment;;true;;;
6a8dcbcf26e40be8c1e8fb3b;697aeaf8e4420021ed5caeb1;;6a7b134f920160ed9c20e865;96.32;0;;Furious Equipment;;true;;;
6a8dcbcf26e40be8c1e8fb3c;697aeaf8e4420021ed5caeb1;;6a7b134f920160ed9c20e866;64.47;0;;Furious Equipment;;true;;;
6a8dcbcf26e40be8c1e8fb3d;697aeaf8e4420021ed5caeb1;;6a7b134f920160ed9c20e867;239.47;0;;Furious Equipment;;true;;;
6a8dcbcf26e40be8c1e8fb3e;697aeaf8e4420021ed5caeb1;;6a7b134f920160ed9c20e868;1115.38;0;;Furious Equipment;;true;;;
6a8dcbcf26e40be8c1e8fb3f;697aeaf8e4420021ed5caeb1;;6a7b134f920160ed9c20e869;792.31;0;;Furious Equipment;;true;;;
6a8dcbcf26e40be8c1e8fb40;697aeaf8e4420021ed5caeb1;;6a7b134f920160ed9c20e86a;1287.65;0;;Furious Equipment;;true;;;
6a8dcbcf26e40be8c1e8fb41;697aeaf8e4420021ed5caeb1;;6a7b134f920160ed9c20e86b;1135.85;0;;Furious Equipment;;true;;;
6a8dcbcf26e40be8c1e8fb42;697aeaf8e4420021ed5caeb1;;6a7b134f920160ed9c20e86c;837.65;0;;Furious Equipment;;true;;;
6a8dcbcf26e40be8c1e8fb43;697aeaf8e4420021ed5caeb1;;6a7b134f920160ed9c20e86d;1135.85;0;;Furious Equipment;;true;;;
6a8dcbcf26e40be8c1e8fb44;697aeaf8e4420021ed5caeb1;;6a7b134f920160ed9c20e86e;1000.28;0;;Furious Equipment;;true;;;
6a8dcbcf26e40be8c1e8fb45;697aeaf8e4420021ed5caeb1;;6a7b134f920160ed9c20e86f;837.65;0;;Furious Equipment;;true;;;
6a8dcbcf26e40be8c1e8fb46;697aeaf8e4420021ed5caeb1;;6a7b13c0603b667969eea31c;333.33;0;;Furious Equipment;;true;;;
6a8dcbcf26e40be8c1e8fb47;697aeaf8e4420021ed5caeb1;;6a7b13c0603b667969eea31d;15.38;0;;Furious Equipment;;true;;;
6a8dcbcf26e40be8c1e8fb48;697aeaf8e4420021ed5caeb1;;6a7b13c0603b667969eea31e;15.38;0;;Furious Equipment;;true;;;
6a8dcbcf26e40be8c1e8fb49;697aeaf8e4420021ed5caeb1;;6a7b13c0603b667969eea321;71.73;0;;Anilhas de Ferro;;true;;;
6a8dcbcf26e40be8c1e8fb4a;697aeaf8e4420021ed5caeb1;;6a7b13c0603b667969eea33d;300;0;;Furious Equipment;;true;;;
6a8dcbcf26e40be8c1e8fb4b;697aeaf8e4420021ed5caeb1;;6a7b13c0603b667969eea33e;283.33;0;;Furious Equipment;;true;;;
6a8dcbcf26e40be8c1e8fb4c;697aeaf8e4420021ed5caeb1;;6a7b13c0603b667969eea33f;227.5;0;;Furious Equipment;;true;;;
6a8dcbcf26e40be8c1e8fb4d;697aeaf8e4420021ed5caeb1;;6a7b13c0603b667969eea340;192.5;0;;Furious Equipment;;true;;;
6a8dcbcf26e40be8c1e8fb4e;697aeaf8e4420021ed5caeb1;;6a3ecab39928a9b8529fbc0a;9919.7;0;;Planeta Vendas;;true;;;
6a8dcbcf26e40be8c1e8fb4f;697aeaf8e4420021ed5caeb1;;6a57db9fcbeb4107550b2a55;45.82;0;;Furious Equipment;;true;;;
6a8dcbcf26e40be8c1e8fb50;697aeaf8e4420021ed5caeb1;;6a57bd657fa67faa93ade147;484.62;0;;Furious Equipment;;true;;;
6a8dcbcf26e40be8c1e8fb51;697aeaf8e4420021ed5caeb1;;6a57bd657fa67faa93ade158;211.84;0;;Anilhas e Halteres Brasil;;true;;;
6a8dcbcf26e40be8c1e8fb52;697aeaf8e4420021ed5caeb1;;6a57bd657fa67faa93ade159;349.44;0;;Anilhas e Halteres Brasil;;true;;;
6a8dcbcf26e40be8c1e8fb53;697aeaf8e4420021ed5caeb1;;6a57bd657fa67faa93ade15a;210.27;0;;Anilhas e Halteres Brasil;;true;;;
6a8dcbcf26e40be8c1e8fb54;697aeaf8e4420021ed5caeb1;;6a57bd657fa67faa93ade15b;448.4;0;;Anilhas e Halteres Brasil;;true;;;
6a8dcbcf26e40be8c1e8fb55;697aeaf8e4420021ed5caeb1;;6a57bd657fa67faa93ade15c;508.2;0;;Anilhas e Halteres Brasil;;true;;;
6a8dcbcf26e40be8c1e8fb56;697aeaf8e4420021ed5caeb1;;6a57bd657fa67faa93ade163;558;0;;Anilhas e Halteres Brasil;;true;;;
6a8dcbcf26e40be8c1e8fb57;697aeaf8e4420021ed5caeb1;;6a57bdb389f31864ba0fb45b;481.5;0;;CrossRigs;;true;;;
6a8dcbcf26e40be8c1e8fb58;697aeaf8e4420021ed5caeb1;;6a57bdb389f31864ba0fb45c;620;0;;Anilhas e Halteres Brasil;;true;;;
6a8dcbcf26e40be8c1e8fb59;697aeaf8e4420021ed5caeb1;;6a57bdb389f31864ba0fb45d;682;0;;Anilhas e Halteres Brasil;;true;;;
6a8dcbcf26e40be8c1e8fb5a;697aeaf8e4420021ed5caeb1;;6a57bdb389f31864ba0fb45e;930;0;;Anilhas e Halteres Brasil;;true;;;
6a8dcbcf26e40be8c1e8fb5b;697aeaf8e4420021ed5caeb1;;6a57bdb389f31864ba0fb45f;186;0;;Anilhas e Halteres Brasil;;true;;;
6a8dcbcf26e40be8c1e8fb5c;697aeaf8e4420021ed5caeb1;;6a57bdb389f31864ba0fb460;248;0;;Anilhas e Halteres Brasil;;true;;;
6a8dcbcf26e40be8c1e8fb5d;697aeaf8e4420021ed5caeb1;;6a57bdb389f31864ba0fb461;310;0;;Anilhas e Halteres Brasil;;true;;;
6a8dcbcf26e40be8c1e8fb5e;697aeaf8e4420021ed5caeb1;;6a57bdb389f31864ba0fb462;372;0;;Anilhas e Halteres Brasil;;true;;;
6a8dcbcf26e40be8c1e8fb5f;697aeaf8e4420021ed5caeb1;;6a57bdb389f31864ba0fb463;434;0;;Anilhas e Halteres Brasil;;true;;;
6a8dcbcf26e40be8c1e8fb60;697aeaf8e4420021ed5caeb1;;6a57bdb389f31864ba0fb464;496;0;;Anilhas e Halteres Brasil;;true;;;
6a8dcbcf26e40be8c1e8fb61;697aeaf8e4420021ed5caeb1;;6a57bdb389f31864ba0fb465;186;0;;Anilhas e Halteres Brasil;;true;;;
6a8dcbcf26e40be8c1e8fb62;697aeaf8e4420021ed5caeb1;;6a57bdb389f31864ba0fb466;285.2;0;;Anilhas e Halteres Brasil;;true;;;
6a8dcbcf26e40be8c1e8fb63;697aeaf8e4420021ed5caeb1;;6a57bdb389f31864ba0fb467;310;0;;Anilhas e Halteres Brasil;;true;;;
6a8dcbcf26e40be8c1e8fb64;697aeaf8e4420021ed5caeb1;;6a57bdb389f31864ba0fb468;372;0;;Anilhas e Halteres Brasil;;true;;;
6a8dcbcf26e40be8c1e8fb65;697aeaf8e4420021ed5caeb1;;6a57bdb389f31864ba0fb469;434;0;;Anilhas e Halteres Brasil;;true;;;
6a8dcbcf26e40be8c1e8fb66;697aeaf8e4420021ed5caeb1;;6a57bdb389f31864ba0fb46a;496;0;;Anilhas e Halteres Brasil;;true;;;
6a8dcbcf26e40be8c1e8fb67;697aeaf8e4420021ed5caeb1;;6a7b141aa9c5d531620db95c;553.85;0;;Furious Equipment;;true;;;
6a8dcc5d84880f31578cca6d;697aeaf8e4420021ed5caeb1;;6a57bd657fa67faa93ade143;733.67;0;;Anilhas e Halteres Brasil;;true;;;
6a8dcc5d84880f31578cca6e;697aeaf8e4420021ed5caeb1;;6a57bd657fa67faa93ade144;979.17;0;;Anilhas e Halteres Brasil;;true;;;
6a8dcc5d84880f31578cca6f;697aeaf8e4420021ed5caeb1;;6a57bd657fa67faa93ade145;1048.09;0;;Anilhas e Halteres Brasil;;true;;;
6a8dcc5d84880f31578cca70;697aeaf8e4420021ed5caeb1;;6a57bd657fa67faa93ade146;314.01;0;;Anilhas e Halteres Brasil;;true;;;
6a8dcc5d84880f31578cca71;697aeaf8e4420021ed5caeb1;;6a57bd657fa67faa93ade148;406.35;0;;Anilhas e Halteres Brasil;;true;;;
6a8dcc5d84880f31578cca72;697aeaf8e4420021ed5caeb1;;6a57bd657fa67faa93ade149;406.35;0;;Anilhas e Halteres Brasil;;true;;;
6a8dcc5d84880f31578cca73;697aeaf8e4420021ed5caeb1;;6a57bd657fa67faa93ade14a;239.07;0;;Anilhas e Halteres Brasil;;true;;;
6a8dcc5d84880f31578cca74;697aeaf8e4420021ed5caeb1;;6a57bd657fa67faa93ade14d;911.81;0;;Anilhas e Halteres Brasil;;true;;;
6a8dcc5d84880f31578cca75;697aeaf8e4420021ed5caeb1;;6a57bd657fa67faa93ade14e;792.88;0;;Anilhas e Halteres Brasil;;true;;;
6a8dcc5d84880f31578cca76;697aeaf8e4420021ed5caeb1;;6a57bd657fa67faa93ade14f;1070.39;0;;Anilhas e Halteres Brasil;;true;;;
6a8dcc5d84880f31578cca77;697aeaf8e4420021ed5caeb1;;6a57bd657fa67faa93ade151;877.5;0;;Anilhas e Halteres Brasil;;true;;;
6a8dcc5d84880f31578cca78;697aeaf8e4420021ed5caeb1;;6a57bd657fa67faa93ade152;470.98;0;;Anilhas e Halteres Brasil;;true;;;
6a8dcc5d84880f31578cca79;697aeaf8e4420021ed5caeb1;;6a57bd657fa67faa93ade153;231.59;0;;Anilhas e Halteres Brasil;;true;;;
6a8dcc5d84880f31578cca7a;697aeaf8e4420021ed5caeb1;;6a57bd657fa67faa93ade154;495.55;0;;Anilhas e Halteres Brasil;;true;;;
6a8dcc5d84880f31578cca7b;697aeaf8e4420021ed5caeb1;;6a57bd657fa67faa93ade155;188.32;0;;Anilhas e Halteres Brasil;;true;;;
6a8dcc5d84880f31578cca7c;697aeaf8e4420021ed5caeb1;;6a57bd657fa67faa93ade156;658.28;0;;Anilhas e Halteres Brasil;;true;;;
6a8dcc5d84880f31578cca7d;697aeaf8e4420021ed5caeb1;;6a57bd657fa67faa93ade157;578.52;0;;Anilhas e Halteres Brasil;;true;;;
6a8dcc5d84880f31578cca7e;697aeaf8e4420021ed5caeb1;;6a57bd657fa67faa93ade15e;868;0;;Anilhas e Halteres Brasil;;true;;;
6a8dcc5d84880f31578cca7f;697aeaf8e4420021ed5caeb1;;6a57bd657fa67faa93ade15f;1054;0;;Anilhas e Halteres Brasil;;true;;;
6a8dcc5d84880f31578cca80;697aeaf8e4420021ed5caeb1;;6a57bd657fa67faa93ade161;310;0;;Anilhas e Halteres Brasil;;true;;;
6a8dcc5d84880f31578cca81;697aeaf8e4420021ed5caeb1;;6a57bd657fa67faa93ade162;744;0;;Anilhas e Halteres Brasil;;true;;;
6a8dcc5d84880f31578cca82;697aeaf8e4420021ed5caeb1;;6a57bd657fa67faa93ade164;620;0;;Anilhas e Halteres Brasil;;true;;;
6a8dcc5d84880f31578cca83;697aeaf8e4420021ed5caeb1;;6a57bd657fa67faa93ade165;558;0;;Anilhas e Halteres Brasil;;true;;;
6a8dcc5d84880f31578cca84;697aeaf8e4420021ed5caeb1;;6a57bd657fa67faa93ade166;111.6;0;;Anilhas e Halteres Brasil;;true;;;
6a8dcc5d84880f31578cca85;697aeaf8e4420021ed5caeb1;;6a57bd657fa67faa93ade167;124;0;;Anilhas e Halteres Brasil;;true;;;
6a8dcc5d84880f31578cca86;697aeaf8e4420021ed5caeb1;;6a57bd657fa67faa93ade16b;558;0;;Anilhas e Halteres Brasil;;true;;;
6a8dcc5d84880f31578cca87;697aeaf8e4420021ed5caeb1;;6a57bd657fa67faa93ade16d;930;0;;Anilhas e Halteres Brasil;;true;;;
6a8dcc5d84880f31578cca88;697aeaf8e4420021ed5caeb1;;6a57bd657fa67faa93ade16e;909.5;0;;CrossRigs;;true;;;
6a8dcc5d84880f31578cca89;697aeaf8e4420021ed5caeb1;;6a57bd657fa67faa93ade172;682;0;;Anilhas e Halteres Brasil;;true;;;
6a8dcc5d84880f31578cca8a;697aeaf8e4420021ed5caeb1;;6a57bd657fa67faa93ade173;1054;0;;Anilhas e Halteres Brasil;;true;;;
6a8dcc5d84880f31578cca8b;697aeaf8e4420021ed5caeb1;;6a57bd657fa67faa93ade174;1178;0;;Anilhas e Halteres Brasil;;true;;;
6a8dcc5d84880f31578cca8c;697aeaf8e4420021ed5caeb1;;6a57bd657fa67faa93ade175;1177;0;;CrossRigs;;true;;;
6a8dcc5d84880f31578cca8d;697aeaf8e4420021ed5caeb1;;6a57bd657fa67faa93ade179;682;0;;Anilhas e Halteres Brasil;;true;;;
6a8dcc5d84880f31578cca8e;697aeaf8e4420021ed5caeb1;;6a57bdb389f31864ba0fb459;1054;0;;Anilhas e Halteres Brasil;;true;;;
6a8dcc5d84880f31578cca8f;697aeaf8e4420021ed5caeb1;;6a57bdb389f31864ba0fb45a;496;0;;Anilhas e Halteres Brasil;;true;;;
6a8dcc5d84880f31578cca90;697aeaf8e4420021ed5caeb1;;6a57bdb389f31864ba0fb46b;1054;0;;Anilhas e Halteres Brasil;;true;;;
6a8dcc77fc9482f0610a6abd;697aeaf8e4420021ed5caeb1;;6a57bdb389f31864ba0fb475;682;0;;Anilhas e Halteres Brasil;;true;;;
6a8dcc7e2bdc7b66b772ca0f;697aeaf8e4420021ed5caeb1;;6a7b13c0603b667969eea33c;1176.92;0;;Furious Equipment;;true;;;
6a98925d4f28bc7809045156;697aeaf8e4420021ed5caeb1;;6a7b12dc0628997484b815fe;214;24;;Minas Jump;;true;;;
6aa6fa6334398cbc5ed0dd3e;6a57b971689d4fd05b9100d1;;6a7b134f920160ed9c20e82c;93.33;10;;Furious Equipment;;true;;;
6aa6fa6334398cbc5ed0dd3f;6a57b971689d4fd05b9100d1;;6a7b134f920160ed9c20e82d;116.67;10;;Furious Equipment;;true;;;
6aa6fa6334398cbc5ed0dd40;6a57b971689d4fd05b9100d1;;6a3de23bc03bf79c138cbc8e;8.7;10;;Fabricante PlaceFit;;true;;;
6aa6fa6334398cbc5ed0dd41;6a57b971689d4fd05b9100d1;;6a3de23bc03bf79c138cbc8f;17.4;10;;Fabricante PlaceFit;;true;;;
6aa6fa6334398cbc5ed0dd42;6a57b971689d4fd05b9100d1;;6a3de23bc03bf79c138cbc90;26.1;10;;Fabricante PlaceFit;;true;;;
6aa6fa6334398cbc5ed0dd43;6a57b971689d4fd05b9100d1;;6a3de23bc03bf79c138cbc91;34.8;10;;Fabricante PlaceFit;;true;;;
6aa6fa6334398cbc5ed0dd44;6a57b971689d4fd05b9100d1;;6a3de23bc03bf79c138cbc92;43.5;10;;Fabricante PlaceFit;;true;;;
6aa6fa6334398cbc5ed0dd45;6a57b971689d4fd05b9100d1;;6a3de23bc03bf79c138cbc93;87;10;;Fabricante PlaceFit;;true;;;
6aa6fa6334398cbc5ed0dd46;6a57b971689d4fd05b9100d1;;6a3de23bc03bf79c138cbc94;130.5;10;;Fabricante PlaceFit;;true;;;
6aa6fa6334398cbc5ed0dd47;6a57b971689d4fd05b9100d1;;6a3de23bc03bf79c138cbc95;174;10;;Fabricante PlaceFit;;true;;;
6aa6fa6334398cbc5ed0dd48;6a57b971689d4fd05b9100d1;;6a3de23bc03bf79c138cbc96;217.5;10;;Fabricante PlaceFit;;true;;;
6aa6fa6334398cbc5ed0dd49;6a57b971689d4fd05b9100d1;;6a3de23bc03bf79c138cbc97;11.61;10;;Muscular Fitness Brasil Ltda;;true;;;
6aa6fa6334398cbc5ed0dd4a;6a57b971689d4fd05b9100d1;;6a3de23bc03bf79c138cbc98;23.22;10;;Muscular Fitness Brasil Ltda;;true;;;
6aa6fa6334398cbc5ed0dd4b;6a57b971689d4fd05b9100d1;;6a3de23bc03bf79c138cbc99;34.83;10;;Muscular Fitness Brasil Ltda;;true;;;
6aa6fa6334398cbc5ed0dd4c;6a57b971689d4fd05b9100d1;;6a3de23bc03bf79c138cbc9a;46.44;10;;Muscular Fitness Brasil Ltda;;true;;;
6aa6fa6334398cbc5ed0dd4d;6a57b971689d4fd05b9100d1;;6a3de23bc03bf79c138cbc9b;58.05;10;;Muscular Fitness Brasil Ltda;;true;;;
6aa6fa6334398cbc5ed0dd4e;6a57b971689d4fd05b9100d1;;6a3de23bc03bf79c138cbc9c;116.1;10;;Muscular Fitness Brasil Ltda;;true;;;
6aa6fa6334398cbc5ed0dd4f;6a57b971689d4fd05b9100d1;;6a3de23bc03bf79c138cbc9d;174.15;10;;Muscular Fitness Brasil Ltda;;true;;;
6aa6fa6334398cbc5ed0dd50;6a57b971689d4fd05b9100d1;;6a3de23bc03bf79c138cbc9e;232.2;10;;Muscular Fitness Brasil Ltda;;true;;;
6aa6fa6334398cbc5ed0dd51;6a57b971689d4fd05b9100d1;;6a3de23bc03bf79c138cbc9f;290.25;10;;Muscular Fitness Brasil Ltda;;true;;;
6aa6fa6334398cbc5ed0dd52;6a57b971689d4fd05b9100d1;;6a3de23bc03bf79c138cbc58;6.6875;10;;Anilha X;;true;;;
6aa6fa6334398cbc5ed0dd53;6a57b971689d4fd05b9100d1;;6a3de23bc03bf79c138cbc59;13.375;10;;Anilha X;;true;;;
6aa6fa6334398cbc5ed0dd54;6a57b971689d4fd05b9100d1;;6a3de23bc03bf79c138cbc5a;20.0625;10;;Anilha X;;true;;;
6aa6fa6334398cbc5ed0dd55;6a57b971689d4fd05b9100d1;;6a3de23bc03bf79c138cbc5b;26.75;10;;Anilha X;;true;;;
6aa6fa6334398cbc5ed0dd56;6a57b971689d4fd05b9100d1;;6a3de23bc03bf79c138cbc5c;33.4375;10;;Anilha X;;true;;;
6aa6fa6334398cbc5ed0dd57;6a57b971689d4fd05b9100d1;;6a3de23bc03bf79c138cbc5d;66.875;10;;Anilha X;;true;;;
6aa6fa6334398cbc5ed0dd58;6a57b971689d4fd05b9100d1;;6a3de23bc03bf79c138cbc5e;100.3125;10;;Anilha X;;true;;;
6aa6fa6334398cbc5ed0dd59;6a57b971689d4fd05b9100d1;;6a3de23bc03bf79c138cbc5f;133.75;10;;Anilha X;;true;;;
6aa6fa6334398cbc5ed0dd5a;6a57b971689d4fd05b9100d1;;6a3de23bc03bf79c138cbc60;167.1875;10;;Anilha X;;true;;;
6aa6fa6334398cbc5ed0dd5b;6a57b971689d4fd05b9100d1;;6a3de23bc03bf79c138cbc61;7.24;10;;Muscular Fitness Brasil Ltda;;true;;;
6aa6fa6334398cbc5ed0dd5c;6a57b971689d4fd05b9100d1;;6a3de23bc03bf79c138cbc62;14.48;10;;Muscular Fitness Brasil Ltda;;true;;;
6aa6fa6334398cbc5ed0dd5d;6a57b971689d4fd05b9100d1;;6a3de23bc03bf79c138cbc63;21.72;10;;Muscular Fitness Brasil Ltda;;true;;;
6aa6fa6334398cbc5ed0dd5e;6a57b971689d4fd05b9100d1;;6a3de23bc03bf79c138cbc64;28.96;10;;Muscular Fitness Brasil Ltda;;true;;;
6aa6fa6334398cbc5ed0dd5f;6a57b971689d4fd05b9100d1;;6a3de23bc03bf79c138cbc65;36.2;10;;Muscular Fitness Brasil Ltda;;true;;;
6aa6fa6334398cbc5ed0dd60;6a57b971689d4fd05b9100d1;;6a3de23bc03bf79c138cbc66;72.4;10;;Muscular Fitness Brasil Ltda;;true;;;
6aa6fa6334398cbc5ed0dd61;6a57b971689d4fd05b9100d1;;6a3de23bc03bf79c138cbc67;108.6;10;;Muscular Fitness Brasil Ltda;;true;;;
6aa6fa6334398cbc5ed0dd62;6a57b971689d4fd05b9100d1;;6a3de23bc03bf79c138cbc68;144.8;10;;Muscular Fitness Brasil Ltda;;true;;;
6aa6fa6334398cbc5ed0dd63;6a57b971689d4fd05b9100d1;;6a3de23bc03bf79c138cbc69;181;10;;Muscular Fitness Brasil Ltda;;true;;;
6abe9e27c41069bf0146a519;;6a7a4fcfa3e5992c5a5cc2c9;6a57db9fcbeb4107550b2a53;88.41;0;;Caneleira e Cia;;true;;;
6abe9e56792af8b14ea18151;;6a7a4fcfa3e5992c5a5cc2c9;6a57db9fcbeb4107550b2a55;43.01;0;;Caneleira e Cia;;true;;;
6ac15149801059e008fa88aa;697aeaf8e4420021ed5caeb1;;6a57db9fcbeb4107550b2a3c;58.8072;24;;Caneleira e Cia;;true;;;
6ac15149801059e008fa88ab;697aeaf8e4420021ed5caeb1;;6a57db9fcbeb4107550b2a3d;66.4791;24;;Caneleira e Cia;;true;;;
6ac15149801059e008fa88ac;697aeaf8e4420021ed5caeb1;;6a57db9fcbeb4107550b2a3e;70.30969999999999;24;;Caneleira e Cia;;true;;;
6ac15149801059e008fa88ad;697aeaf8e4420021ed5caeb1;;6a57db9fcbeb4107550b2a3f;80.5389;24;;Caneleira e Cia;;true;;;
6ac15149801059e008fa88ae;697aeaf8e4420021ed5caeb1;;6a57db9fcbeb4107550b2a40;86.9268;24;;Caneleira e Cia;;true;;;
6ac15149801059e008fa88af;697aeaf8e4420021ed5caeb1;;6a57db9fcbeb4107550b2a41;104.8279;24;;Caneleira e Cia;;true;;;
6ac15149801059e008fa88b0;697aeaf8e4420021ed5caeb1;;6a57db9fcbeb4107550b2a42;113.7731;24;;Caneleira e Cia;;true;;;
6ac15149801059e008fa88b1;697aeaf8e4420021ed5caeb1;;6a57db9fcbeb4107550b2a43;118.88770000000001;24;;Caneleira e Cia;;true;;;
6ac15149801059e008fa88b2;697aeaf8e4420021ed5caeb1;;6a57db9fcbeb4107550b2a44;125.27560000000001;24;;Caneleira e Cia;;true;;;
6ac15149801059e008fa88b3;697aeaf8e4420021ed5caeb1;;6a57db9fcbeb4107550b2a45;139.3461;24;;Caneleira e Cia;;true;;;
6ac15149801059e008fa88b4;697aeaf8e4420021ed5caeb1;;6a57db9fcbeb4107550b2a46;144.4607;24;;Caneleira e Cia;;true;;;
6ac15149801059e008fa88b5;697aeaf8e4420021ed5caeb1;;6a57db9fcbeb4107550b2a47;150.8486;24;;Caneleira e Cia;;true;;;
6ac15149801059e008fa88b6;697aeaf8e4420021ed5caeb1;;6a57db9fcbeb4107550b2a48;153.4059;24;;Caneleira e Cia;;true;;;
6ac15149801059e008fa88b7;697aeaf8e4420021ed5caeb1;;6a57db9fcbeb4107550b2a49;161.0778;24;;Caneleira e Cia;;true;;;
6ac15149801059e008fa88b8;697aeaf8e4420021ed5caeb1;;6a57db9fcbeb4107550b2a4a;167.4657;24;;Caneleira e Cia;;true;;;
6ac15149801059e008fa88b9;697aeaf8e4420021ed5caeb1;;6a57db9fcbeb4107550b2a4b;175.13760000000002;24;;Caneleira e Cia;;true;;;
6ac15149801059e008fa88ba;697aeaf8e4420021ed5caeb1;;6a57db9fcbeb4107550b2a4c;180.25220000000002;24;;Caneleira e Cia;;true;;;
6ac15149801059e008fa88bb;697aeaf8e4420021ed5caeb1;;6a57db9fcbeb4107550b2a4d;185.3668;24;;Caneleira e Cia;;true;;;
6ac15149801059e008fa88bc;697aeaf8e4420021ed5caeb1;;6a57db9fcbeb4107550b2a4e;193.0387;24;;Caneleira e Cia;;true;;;
6ac15149801059e008fa88bd;697aeaf8e4420021ed5caeb1;;6a57db9fcbeb4107550b2a4f;199.4266;24;;Caneleira e Cia;;true;;;
6ac15149801059e008fa88be;697aeaf8e4420021ed5caeb1;;6a57db9fcbeb4107550b2a3b;54.9659;24;;Caneleira e Cia;;true;;;
6ac15149801059e008fa88bf;697aeaf8e4420021ed5caeb1;;6a57db9fcbeb4107550b2a53;94.59870000000001;24;;Caneleira e Cia;;true;;;
6ac15149801059e008fa88c0;697aeaf8e4420021ed5caeb1;;6a57db9fcbeb4107550b2a51;72.867;24;;Caneleira e Cia;;true;;;
6ac15149801059e008fa88c1;697aeaf8e4420021ed5caeb1;;6a57db9fcbeb4107550b2a52;80.5389;24;;Caneleira e Cia;;true;;;
6ac151afb0455da111829753;697aeaf8e4420021ed5caeb1;;6a7a5778c55f947381e6c2a8;40.7884;24;;Fundição Unibrás;;true;;;
6ac151afb0455da111829754;697aeaf8e4420021ed5caeb1;;6a7a5778c55f947381e6c2a9;61.1826;24;;Fundição Unibrás;;true;;;
6ac151afb0455da111829755;697aeaf8e4420021ed5caeb1;;6a7a5778c55f947381e6c2aa;81.5768;24;;Fundição Unibrás;;true;;;
6ac151afb0455da111829756;697aeaf8e4420021ed5caeb1;;6a7a5778c55f947381e6c2ab;101.971;24;;Fundição Unibrás;;true;;;
6ac151afb0455da111829757;697aeaf8e4420021ed5caeb1;;6a7a5778c55f947381e6c2ac;122.3652;24;;Fundição Unibrás;;true;;;
6ac28e5a8278982283f4e959;6a4e33d4165db6abf459b282;6a7a4fcfa3e5992c5a5cc2c5;6ac2708ea3d41ee967220d8d;88.2;0;;Anilhas de Ferro;AF-071;true;;;
6ac28eed04f1411277117d20;6a4e33d4165db6abf459b282;6a7a4fcfa3e5992c5a5cc2c5;6ac2708ea3d41ee967220d4c;7.29;0;;Anilhas de Ferro;AF-001;true;;;
6ac28eed353c6bc80b67bf39;6a4e33d4165db6abf459b282;6a7a4fcfa3e5992c5a5cc2c5;6a3e9f1164a9e1e30880a2ec;82.17;0;;Anilhas de Ferro;HSIC2;true;;;
6ac28eed6e7f891abd587503;6a4e33d4165db6abf459b282;6a7a4fcfa3e5992c5a5cc2c5;6ac2708ea3d41ee967220d4e;12.06;0;;Anilhas de Ferro;AF-003;true;;;
6ac28eed6fb31694cd61b373;6a4e33d4165db6abf459b282;6a7a4fcfa3e5992c5a5cc2c5;6a3e9f1164a9e1e30880a2ed;109.71;0;;Anilhas de Ferro;HSIC3;true;;;
6ac28eed80d6118fc42f3677;6a4e33d4165db6abf459b282;6a7a4fcfa3e5992c5a5cc2c5;6ac2708ea3d41ee967220d4d;9.72;0;;Anilhas de Ferro;AF-002;true;;;
6ac28eedf8307d250fa37b07;6a4e33d4165db6abf459b282;6a7a4fcfa3e5992c5a5cc2c5;6a3e9f1164a9e1e30880a2eb;53.73;0;;Anilhas de Ferro;HSIC1;true;;;
6ac28eee2350101b464e5f87;6a4e33d4165db6abf459b282;6a7a4fcfa3e5992c5a5cc2c5;6a3e9f1164a9e1e30880a2ef;137.07;0;;Anilhas de Ferro;HSIC5;true;;;
6ac28eee30f8eba0b9454a94;6a4e33d4165db6abf459b282;6a7a4fcfa3e5992c5a5cc2c5;6a3e9f1164a9e1e30880a2ee;115.92;0;;Anilhas de Ferro;HSIC4;true;;;
6ac28eee520844e8e2ee07f0;6a4e33d4165db6abf459b282;6a7a4fcfa3e5992c5a5cc2c5;6a3e9f1164a9e1e30880a2f1;189.72;0;;Anilhas de Ferro;HSIC7;true;;;
6ac28eee719ada816f123b00;6a4e33d4165db6abf459b282;6a7a4fcfa3e5992c5a5cc2c5;6a3e9f1164a9e1e30880a2f4;268.83;0;;Anilhas de Ferro;HSIC10;true;;;
6ac28eeeaee4b97b6b87e9ca;6a4e33d4165db6abf459b282;6a7a4fcfa3e5992c5a5cc2c5;6a3e9f1164a9e1e30880a2f0;161.28;0;;Anilhas de Ferro;HSIC6;true;;;
6ac28eeee999bf89e9168770;6a4e33d4165db6abf459b282;6a7a4fcfa3e5992c5a5cc2c5;6a3e9f1164a9e1e30880a2f3;243.45;0;;Anilhas de Ferro;HSIC9;true;;;
6ac28eeef621e05b9b88cd89;6a4e33d4165db6abf459b282;6a7a4fcfa3e5992c5a5cc2c5;6a3e9f1164a9e1e30880a2f2;215.01;0;;Anilhas de Ferro;HSIC8;true;;;
6ac28f50ad40013bcdc872ac;6a4e33d4165db6abf459b282;6a7a4fcfa3e5992c5a5cc2c5;6a7b13c0603b667969eea356;10.98;0;;Anilhas de Ferro;KET-N003;true;;;
6ac28f851be9814170d87403;6a4e33d4165db6abf459b282;6a7a4fcfa3e5992c5a5cc2c5;6ac2708ea3d41ee967220d50;31.16;0;;Anilhas de Ferro;AF-005;true;;;
6ac28f85221586d0a744f9be;6a4e33d4165db6abf459b282;6a7a4fcfa3e5992c5a5cc2c5;6a7f9c33903d2708a0eb3acc;1282.5;0;;Anilhas de Ferro;DUM-N051;true;;;
6ac28f85ab3a9335570aeecc;6a4e33d4165db6abf459b282;6a7a4fcfa3e5992c5a5cc2c5;6ac2708ea3d41ee967220d4f;31.16;0;;Anilhas de Ferro;AF-004;true;;;
6ac28fc423c0add97c2c0523;6a4e33d4165db6abf459b282;6a7a4fcfa3e5992c5a5cc2c5;6ac2708ea3d41ee967220d56;4.59;0;;Anilhas de Ferro;AF-014;true;;;
6ac28fc44d9563b3939e4840;6a4e33d4165db6abf459b282;6a7a4fcfa3e5992c5a5cc2c5;6ac2708ea3d41ee967220d53;7.65;0;;Anilhas de Ferro;AF-010;true;;;
6ac28fc4536297f3b260dddb;6a4e33d4165db6abf459b282;6a7a4fcfa3e5992c5a5cc2c5;6ac2708ea3d41ee967220d57;4.59;0;;Anilhas de Ferro;AF-015;true;;;
6ac28fc45e60e747459430fa;6a4e33d4165db6abf459b282;6a7a4fcfa3e5992c5a5cc2c5;6ac2708ea3d41ee967220d52;10.98;0;;Anilhas de Ferro;AF-008;true;;;
6ac28fc46e53ae8526feb0f3;6a4e33d4165db6abf459b282;6a7a4fcfa3e5992c5a5cc2c5;6ac2708ea3d41ee967220d54;7.29;0;;Anilhas de Ferro;AF-011;true;;;
6ac28fc488f280d9cc7a6c83;6a4e33d4165db6abf459b282;6a7a4fcfa3e5992c5a5cc2c5;6ac2708ea3d41ee967220d51;1.8;0;;Anilhas de Ferro;AF-007;true;;;
6ac28fc4a0de25466de1f9df;6a4e33d4165db6abf459b282;6a7a4fcfa3e5992c5a5cc2c5;6a7b141aa9c5d531620db968;4.59;0;;Anilhas de Ferro;TIJ-N014;true;;;
6ac28fc4a89e90781f601e58;6a4e33d4165db6abf459b282;6a7a4fcfa3e5992c5a5cc2c5;6ac2708ea3d41ee967220d55;4.59;0;;Anilhas de Ferro;AF-013;true;;;
6ac28fc4b230c8ea71069f81;6a4e33d4165db6abf459b282;6a7a4fcfa3e5992c5a5cc2c5;6a7b141aa9c5d531620db967;4.59;0;;Anilhas de Ferro;TIJ-N013;true;;;
6ac28fc4d92b4c04f1c30ed7;6a4e33d4165db6abf459b282;6a7a4fcfa3e5992c5a5cc2c5;6a7b141aa9c5d531620db965;4.59;0;;Anilhas de Ferro;TIJ-N011;true;;;
6ac28fc4df6a20adb055cd4f;6a4e33d4165db6abf459b282;6a7a4fcfa3e5992c5a5cc2c5;6a7b141aa9c5d531620db96c;7.65;0;;Anilhas de Ferro;TIJ-N018;true;;;
6ac28fc4e4956c65d45cf798;6a4e33d4165db6abf459b282;6a7a4fcfa3e5992c5a5cc2c5;6a7b141aa9c5d531620db966;4.59;0;;Anilhas de Ferro;TIJ-N012;true;;;
6ac28fc50b7036cb0a7daf24;6a4e33d4165db6abf459b282;6a7a4fcfa3e5992c5a5cc2c5;6a7b141aa9c5d531620db964;0.81;0;;Anilhas de Ferro;TIJ-N010;true;;;
6ac28fc59309d2cbd6ff531f;6a4e33d4165db6abf459b282;6a7a4fcfa3e5992c5a5cc2c5;6a7b141aa9c5d531620db963;0.81;0;;Anilhas de Ferro;TIJ-N009;true;;;
6ac28fc5a7995f9b546fbbe8;6a4e33d4165db6abf459b282;6a7a4fcfa3e5992c5a5cc2c5;6a7b141aa9c5d531620db96e;1.8;0;;Anilhas de Ferro;TIJ-N020;true;;;
6ac28fc5eb27ec1d4776225a;6a4e33d4165db6abf459b282;6a7a4fcfa3e5992c5a5cc2c5;6a7b141aa9c5d531620db962;0.81;0;;Anilhas de Ferro;TIJ-N008;true;;;
6ac28ffb3cadad6fbda8991a;6a4e33d4165db6abf459b282;6a7a4fcfa3e5992c5a5cc2c5;6ac9b21454ebf421bd0f7708;224.1;0;;Anilhas de Ferro;ANI-N064;true;;;10/10/2026: era o template de faixa ANI-N064 (5 A 25 kg) a R$ 44,82/kg, virou peça de 5kg = 5 x 44,82
6ac28ffbdf6a20adb055cdb0;6a4e33d4165db6abf459b282;6a7a4fcfa3e5992c5a5cc2c5;6a7b134f920160ed9c20e85e;44.82;0;;Anilhas de Ferro;ANI-N065;true;;;
6ac28ffc17806c2c7062a65d;6a4e33d4165db6abf459b282;6a7a4fcfa3e5992c5a5cc2c5;6a3de23bc03bf79c138cbc79;162;0;;Anilhas de Ferro;ASRO1;true;;;
6ac28ffc18f05cd1be39fbcf;6a4e33d4165db6abf459b282;6a7a4fcfa3e5992c5a5cc2c5;6a7b134f920160ed9c20e85f;28.26;0;;Anilhas de Ferro;ANI-N066;true;;;
6ac28ffc24ca02b652c8a85e;6a4e33d4165db6abf459b282;6a7a4fcfa3e5992c5a5cc2c5;6a7b134f920160ed9c20e859;26.28;0;;Anilhas de Ferro;ANI-N060;true;;;
6ac28ffc30f8eba0b9454c18;6a4e33d4165db6abf459b282;6a7a4fcfa3e5992c5a5cc2c5;6a7b134f920160ed9c20e85a;26.28;0;;Anilhas de Ferro;ANI-N061;true;;;
6ac28ffc39c486d337b8baee;6a4e33d4165db6abf459b282;6a7a4fcfa3e5992c5a5cc2c5;6a3de23bc03bf79c138cbc76;43.2;0;;Anilhas de Ferro;ASRO1;true;;;
6ac28ffc61a7ce68c838bb95;6a4e33d4165db6abf459b282;6a7a4fcfa3e5992c5a5cc2c5;6a3de23bc03bf79c138cbc75;32.4;0;;Anilhas de Ferro;ASRO1;true;;;
6ac28ffc7b741efbee3d6d85;6a4e33d4165db6abf459b282;6a7a4fcfa3e5992c5a5cc2c5;6a7b134f920160ed9c20e85b;21.15;0;;Anilhas de Ferro;ANI-N062;true;;;
6ac28ffc807f94bbb93b9618;6a4e33d4165db6abf459b282;6a7a4fcfa3e5992c5a5cc2c5;6a7b134f920160ed9c20e85c;40.05;0;;Anilhas de Ferro;ANI-N063;true;;;
6ac28ffc9e1ef3fa70e98614;6a4e33d4165db6abf459b282;6a7a4fcfa3e5992c5a5cc2c5;6a3de23bc03bf79c138cbc7a;216;0;;Anilhas de Ferro;ASRO1;true;;;
6ac28ffcbb4829ee6254e83c;6a4e33d4165db6abf459b282;6a7a4fcfa3e5992c5a5cc2c5;6a3de23bc03bf79c138cbc78;108;0;;Anilhas de Ferro;ASRO1;true;;;
6ac28ffcc497844efd347ebe;6a4e33d4165db6abf459b282;6a7a4fcfa3e5992c5a5cc2c5;6a3de23bc03bf79c138cbc74;21.6;0;;Anilhas de Ferro;ASRO1;true;;;
6ac28ffcd1a4d595f204c073;6a4e33d4165db6abf459b282;6a7a4fcfa3e5992c5a5cc2c5;6a3de23bc03bf79c138cbc77;54;0;;Anilhas de Ferro;ASRO1;true;;;
6ac28ffcd266735588df09a8;6a4e33d4165db6abf459b282;6a7a4fcfa3e5992c5a5cc2c5;6a3de23bc03bf79c138cbc73;10.8;0;;Anilhas de Ferro;ASRO1;true;;;
6ac28ffce5b4ed9fb74f31c9;6a4e33d4165db6abf459b282;6a7a4fcfa3e5992c5a5cc2c5;6a3de23bc03bf79c138cbc7b;270;0;;Anilhas de Ferro;ASRO1;true;;;
6ac2905a5944147dffcdde2b;6a4e33d4165db6abf459b282;6a7a4fcfa3e5992c5a5cc2c5;6a57bd17f3c30862052b598c;634.05;0;;Anilhas de Ferro;BAR-040;true;;;
6ac2905abfb3c2eb6ee35663;6a4e33d4165db6abf459b282;6a7a4fcfa3e5992c5a5cc2c5;6a57bd17f3c30862052b598a;1295.37;0;;Anilhas de Ferro;BAR-038;true;;;
6ac2905ad77d86d3fd8f007e;6a4e33d4165db6abf459b282;6a7a4fcfa3e5992c5a5cc2c5;6a57bd17f3c30862052b598b;1295.37;0;;Anilhas de Ferro;BAR-039;true;;;
6ac2905b034e735b3b37f9ea;6a4e33d4165db6abf459b282;6a7a4fcfa3e5992c5a5cc2c5;6a7b134f920160ed9c20e862;21.6;0;;Anilhas de Ferro;ANI-N069;true;;;
6ac2905b58511f36b5a7e314;6a4e33d4165db6abf459b282;6a7a4fcfa3e5992c5a5cc2c5;6a7b13c0603b667969eea320;24.3;0;;Anilhas de Ferro;BAR-N020;true;;;
6ac2905b90b439aae616ac7c;6a4e33d4165db6abf459b282;6a7a4fcfa3e5992c5a5cc2c5;6a7b13c0603b667969eea31f;25.29;0;;Anilhas de Ferro;BAR-N019;true;;;
6ac2905b9cce8b89f8f92334;6a4e33d4165db6abf459b282;6a7a4fcfa3e5992c5a5cc2c5;6a7b134f920160ed9c20e860;22.14;0;;Anilhas de Ferro;ANI-N067;true;;;
6ac2905ba6b7a49e60316893;6a4e33d4165db6abf459b282;6a7a4fcfa3e5992c5a5cc2c5;6a57bd17f3c30862052b59a1;883.44;0;;Anilhas de Ferro;BAR-061;true;;;
6ac2905bc3929d7e33e7bbf4;6a4e33d4165db6abf459b282;6a7a4fcfa3e5992c5a5cc2c5;6a57bd17f3c30862052b59a0;815.22;0;;Anilhas de Ferro;BAR-060;true;;;
6ac2905bef81e70ee336943e;6a4e33d4165db6abf459b282;6a7a4fcfa3e5992c5a5cc2c5;6a7b134f920160ed9c20e861;22.14;0;;Anilhas de Ferro;ANI-N068;true;;;
6ac29091218e67db5d8c6d52;6a4e33d4165db6abf459b282;6a7a4fcfa3e5992c5a5cc2c5;6ac2708ea3d41ee967220d67;680.85;0;;Anilhas de Ferro;AF-033;true;;;
6ac290912488d84ad2dbdcb2;6a4e33d4165db6abf459b282;6a7a4fcfa3e5992c5a5cc2c5;6ac2708ea3d41ee967220d66;523.08;0;;Anilhas de Ferro;AF-032;true;;;
6ac290920d7ae26b33f8a3a7;6a4e33d4165db6abf459b282;6a7a4fcfa3e5992c5a5cc2c5;6ac2708ea3d41ee967220d6b;454.86;0;;Anilhas de Ferro;AF-037;true;;;
6ac2909212d2c886817b3bcb;6a4e33d4165db6abf459b282;6a7a4fcfa3e5992c5a5cc2c5;6ac2708ea3d41ee967220d6a;715.86;0;;Anilhas de Ferro;AF-036;true;;;
6ac2909216b49c6cf992e608;6a4e33d4165db6abf459b282;6a7a4fcfa3e5992c5a5cc2c5;6ac2708ea3d41ee967220d6c;512.28;0;;Anilhas de Ferro;AF-038;true;;;
6ac2909229b8a6e297d5f73e;6a4e33d4165db6abf459b282;6a7a4fcfa3e5992c5a5cc2c5;6ac2708ea3d41ee967220d74;950.4;0;;Anilhas de Ferro;AF-046;true;;;
6ac2909230a9c6339275cbd9;6a4e33d4165db6abf459b282;6a7a4fcfa3e5992c5a5cc2c5;6ac2708ea3d41ee967220d68;618.48;0;;Anilhas de Ferro;AF-034;true;;;
6ac290923ec1ffb659120088;6a4e33d4165db6abf459b282;6a7a4fcfa3e5992c5a5cc2c5;6ac2708ea3d41ee967220d72;693;0;;Anilhas de Ferro;AF-044;true;;;
6ac29092408bc9de6c4ebb00;6a4e33d4165db6abf459b282;6a7a4fcfa3e5992c5a5cc2c5;6ac2708ea3d41ee967220d70;504;0;;Anilhas de Ferro;AF-042;true;;;
6ac290925d3d2f9e33016641;6a4e33d4165db6abf459b282;6a7a4fcfa3e5992c5a5cc2c5;6ac2708ea3d41ee967220d6d;1269;0;;Anilhas de Ferro;AF-039;true;;;
6ac2909298c3a84eb5a103e3;6a4e33d4165db6abf459b282;6a7a4fcfa3e5992c5a5cc2c5;6ac2708ea3d41ee967220d71;522;0;;Anilhas de Ferro;AF-043;true;;;
6ac29092a0969111df5d13ab;6a4e33d4165db6abf459b282;6a7a4fcfa3e5992c5a5cc2c5;6ac2708ea3d41ee967220d69;657.45;0;;Anilhas de Ferro;AF-035;true;;;
6ac29092a7d8f2aeb1b4f2a6;6a4e33d4165db6abf459b282;6a7a4fcfa3e5992c5a5cc2c5;6ac2708ea3d41ee967220d73;769.5;0;;Anilhas de Ferro;AF-045;true;;;
6ac29092da5649a23087fb99;6a4e33d4165db6abf459b282;6a7a4fcfa3e5992c5a5cc2c5;6ac2708ea3d41ee967220d6f;426.6;0;;Anilhas de Ferro;AF-041;true;;;
6ac29092f334a40555f11912;6a4e33d4165db6abf459b282;6a7a4fcfa3e5992c5a5cc2c5;6ac2708ea3d41ee967220d6e;1431;0;;Anilhas de Ferro;AF-040;true;;;
6ac290931207c064d8243e64;6a4e33d4165db6abf459b282;6a7a4fcfa3e5992c5a5cc2c5;6ac2708ea3d41ee967220d75;1188;0;;Anilhas de Ferro;AF-047;true;;;
6ac2909315e2fbe89ebfa4e2;6a4e33d4165db6abf459b282;6a7a4fcfa3e5992c5a5cc2c5;6ac2708ea3d41ee967220d77;436.32;0;;Anilhas de Ferro;AF-049;true;;;
6ac29093221586d0a744fcea;6a4e33d4165db6abf459b282;6a7a4fcfa3e5992c5a5cc2c5;6ac2708ea3d41ee967220d76;1341;0;;Anilhas de Ferro;AF-048;true;;;
6ac290932d3c6fb1924e4485;6a4e33d4165db6abf459b282;6a7a4fcfa3e5992c5a5cc2c5;6ac2708ea3d41ee967220d7c;1002.74;0;;Anilhas de Ferro;AF-054;true;;;
6ac290934c7f4f502b17b979;6a4e33d4165db6abf459b282;6a7a4fcfa3e5992c5a5cc2c5;6ac2708ea3d41ee967220d7b;934.57;0;;Anilhas de Ferro;AF-053;true;;;
6ac290934ecb3253d736d670;6a4e33d4165db6abf459b282;6a7a4fcfa3e5992c5a5cc2c5;6ac2708ea3d41ee967220d7e;486.9;0;;Anilhas de Ferro;AF-056;true;;;
6ac2909353b557b37021eb27;6a4e33d4165db6abf459b282;6a7a4fcfa3e5992c5a5cc2c5;6ac2708ea3d41ee967220d7a;1285.2;0;;Anilhas de Ferro;AF-052;true;;;
6ac290935b4fcd84b6554e43;6a4e33d4165db6abf459b282;6a7a4fcfa3e5992c5a5cc2c5;6ac2708ea3d41ee967220d78;850.5;0;;Anilhas de Ferro;AF-050;true;;;
6ac2909363e521f6ea7af2d6;6a4e33d4165db6abf459b282;6a7a4fcfa3e5992c5a5cc2c5;6ac2708ea3d41ee967220d81;416.88;0;;Anilhas de Ferro;AF-059;true;;;
6ac29093a28484c9d90aface;6a4e33d4165db6abf459b282;6a7a4fcfa3e5992c5a5cc2c5;6ac2708ea3d41ee967220d7f;409.05;0;;Anilhas de Ferro;AF-057;true;;;
6ac29093dc80a86f254979b2;6a4e33d4165db6abf459b282;6a7a4fcfa3e5992c5a5cc2c5;6ac2708ea3d41ee967220d80;534.69;0;;Anilhas de Ferro;AF-058;true;;;
6ac29093e01a6193cb32008f;6a4e33d4165db6abf459b282;6a7a4fcfa3e5992c5a5cc2c5;6ac2708ea3d41ee967220d79;963;0;;Anilhas de Ferro;AF-051;true;;;
6ac29093e19bdca19334ccb6;6a4e33d4165db6abf459b282;6a7a4fcfa3e5992c5a5cc2c5;6ac2708ea3d41ee967220d7d;1265.71;0;;Anilhas de Ferro;AF-055;true;;;
6ac29093f311526e201eac99;6a4e33d4165db6abf459b282;6a7a4fcfa3e5992c5a5cc2c5;6ac2708ea3d41ee967220d82;486;0;;Anilhas de Ferro;AF-060;true;;;
6ac2909401ef2315511c89e4;6a4e33d4165db6abf459b282;6a7a4fcfa3e5992c5a5cc2c5;6ac2708ea3d41ee967220d8a;680.85;0;;Anilhas de Ferro;AF-068;true;;;
6ac2909404f1411277118057;6a4e33d4165db6abf459b282;6a7a4fcfa3e5992c5a5cc2c5;6ac2708ea3d41ee967220d8c;810.36;0;;Anilhas de Ferro;AF-070;true;;;
6ac290941ba401a512876d80;6a4e33d4165db6abf459b282;6a7a4fcfa3e5992c5a5cc2c5;6ac2708ea3d41ee967220d88;774.27;0;;Anilhas de Ferro;AF-066;true;;;
6ac290942504097634681b0c;6a4e33d4165db6abf459b282;6a7a4fcfa3e5992c5a5cc2c5;6ac2708ea3d41ee967220d89;1044.09;0;;Anilhas de Ferro;AF-067;true;;;
6ac290943173d36ca76ca032;6a4e33d4165db6abf459b282;6a7a4fcfa3e5992c5a5cc2c5;6ac2708ea3d41ee967220d83;833.76;0;;Anilhas de Ferro;AF-061;true;;;
6ac290943f6df3ad46a9a513;6a4e33d4165db6abf459b282;6a7a4fcfa3e5992c5a5cc2c5;6ac2708ea3d41ee967220d87;377.91;0;;Anilhas de Ferro;AF-065;true;;;
6ac290945002f9cea0ac70b3;6a4e33d4165db6abf459b282;6a7a4fcfa3e5992c5a5cc2c5;6ac2708ea3d41ee967220d8b;680.85;0;;Anilhas de Ferro;AF-069;true;;;
6ac29094c55390f0f55ebedd;6a4e33d4165db6abf459b282;6a7a4fcfa3e5992c5a5cc2c5;6ac2708ea3d41ee967220d86;214.2;0;;Anilhas de Ferro;AF-064;true;;;
6ac29094ce893c66fa9c4022;6a4e33d4165db6abf459b282;6a7a4fcfa3e5992c5a5cc2c5;6a57bd657fa67faa93ade176;681.75;0;;Anilhas de Ferro;SUP-052;true;;;
6ac29094dc54ee619c449c16;6a4e33d4165db6abf459b282;6a7a4fcfa3e5992c5a5cc2c5;6ac2708ea3d41ee967220d84;954;0;;Anilhas de Ferro;AF-062;true;;;
6ac29094e85e86d69547f8dd;6a4e33d4165db6abf459b282;6a7a4fcfa3e5992c5a5cc2c5;6ac2708ea3d41ee967220d85;214.2;0;;Anilhas de Ferro;AF-063;true;;;
6ac290954b851350d705696c;6a4e33d4165db6abf459b282;6a7a4fcfa3e5992c5a5cc2c5;6a57bd657fa67faa93ade177;767.52;0;;Anilhas de Ferro;SUP-053;true;;;
6ac2909568a6c39eb2e08df0;6a4e33d4165db6abf459b282;6a7a4fcfa3e5992c5a5cc2c5;6a57bd657fa67faa93ade15e;906.75;0;;Anilhas de Ferro;SUP-028;true;;;
6ac290957f5ad6b567eca84c;6a4e33d4165db6abf459b282;6a7a4fcfa3e5992c5a5cc2c5;6a57bd657fa67faa93ade179;973.98;0;;Anilhas de Ferro;SUP-055;true;;;
6ac290959326f6dc193331a8;6a4e33d4165db6abf459b282;6a7a4fcfa3e5992c5a5cc2c5;6a57bdb389f31864ba0fb459;1116.18;0;;Anilhas de Ferro;SUP-056;true;;;
6ac29139194d5b5befd235b9;6a4e33d4165db6abf459b282;6a7a4fcfa3e5992c5a5cc2c5;6ac2708ea3d41ee967220d62;41.85;0;;Anilhas de Ferro;AF-028;true;;;
6ac291391be9814170d87600;6a4e33d4165db6abf459b282;6a7a4fcfa3e5992c5a5cc2c5;6ac2708ea3d41ee967220d5b;135.36;0;;Anilhas de Ferro;AF-019;true;;;
6ac291392772f0c06fa968aa;6a4e33d4165db6abf459b282;6a7a4fcfa3e5992c5a5cc2c5;6ac2708ea3d41ee967220d63;48.6;0;;Anilhas de Ferro;AF-029;true;;;
6ac291392954af6177f72733;6a4e33d4165db6abf459b282;6a7a4fcfa3e5992c5a5cc2c5;6ac2708ea3d41ee967220d64;7.29;0;;Anilhas de Ferro;AF-030;true;;;
6ac2913939c486d337b8bc0f;6a4e33d4165db6abf459b282;6a7a4fcfa3e5992c5a5cc2c5;6ac2708ea3d41ee967220d5f;491.85;0;;Anilhas de Ferro;AF-023;true;;;
6ac29139538c70226d7d1f69;6a4e33d4165db6abf459b282;6a7a4fcfa3e5992c5a5cc2c5;6ac2708ea3d41ee967220d5d;389.61;0;;Anilhas de Ferro;AF-021;true;;;
6ac291395c03240447df8fd4;6a4e33d4165db6abf459b282;6a7a4fcfa3e5992c5a5cc2c5;6ac2708ea3d41ee967220d61;36;0;;Anilhas de Ferro;AF-027;true;;;
6ac291395eb2d454522d3376;6a4e33d4165db6abf459b282;6a7a4fcfa3e5992c5a5cc2c5;6ac2708ea3d41ee967220d60;544.41;0;;Anilhas de Ferro;AF-024;true;;;
6ac291399044012ce1247abc;6a4e33d4165db6abf459b282;6a7a4fcfa3e5992c5a5cc2c5;6ac2708ea3d41ee967220d5e;447.03;0;;Anilhas de Ferro;AF-022;true;;;
6ac291399deb68d49c92a5c7;6a4e33d4165db6abf459b282;6a7a4fcfa3e5992c5a5cc2c5;6ac2708ea3d41ee967220d58;56.52;0;;Anilhas de Ferro;AF-016;true;;;
6ac29139b4bb7644be4b23ab;6a4e33d4165db6abf459b282;6a7a4fcfa3e5992c5a5cc2c5;6ac2708ea3d41ee967220d5c;325.35;0;;Anilhas de Ferro;AF-020;true;;;
6ac29139cff050f7696b390c;6a4e33d4165db6abf459b282;6a7a4fcfa3e5992c5a5cc2c5;6ac2708ea3d41ee967220d5a;97.38;0;;Anilhas de Ferro;AF-018;true;;;
6ac29139d92b4c04f1c30f5b;6a4e33d4165db6abf459b282;6a7a4fcfa3e5992c5a5cc2c5;6ac2708ea3d41ee967220d59;52.56;0;;Anilhas de Ferro;AF-017;true;;;
6ac2913a04f46b8ed5e686ff;6a4e33d4165db6abf459b282;6a7a4fcfa3e5992c5a5cc2c5;6ac2708ea3d41ee967220d65;7.29;0;;Anilhas de Ferro;AF-031;true;;;
6ac2913a060b995659fe3f68;6a4e33d4165db6abf459b282;6a7a4fcfa3e5992c5a5cc2c5;6ac2708ea3d41ee967220d8f;229.5;0;;Anilhas de Ferro;AF-073;true;;;
6ac2913a2d3c6fb1924e4d40;6a4e33d4165db6abf459b282;6a7a4fcfa3e5992c5a5cc2c5;6ac2708ea3d41ee967220d93;243;0;;Anilhas de Ferro;AF-077;true;;;
6ac2913a4384d35812d98e51;6a4e33d4165db6abf459b282;6a7a4fcfa3e5992c5a5cc2c5;6ac2708ea3d41ee967220d8e;188.1;0;;Anilhas de Ferro;AF-072;true;;;
6ac2913a4be767e9c065399c;6a4e33d4165db6abf459b282;6a7a4fcfa3e5992c5a5cc2c5;6ac2708ea3d41ee967220d90;427.5;0;;Anilhas de Ferro;AF-074;true;;;
6ac2913a583988bd45c4dc06;6a4e33d4165db6abf459b282;6a7a4fcfa3e5992c5a5cc2c5;6ac2708ea3d41ee967220d91;400.5;0;;Anilhas de Ferro;AF-075;true;;;
6ac2913a8c78dbc5fc329e69;6a4e33d4165db6abf459b282;6a7a4fcfa3e5992c5a5cc2c5;6ac2708ea3d41ee967220d92;369.9;0;;Anilhas de Ferro;AF-076;true;;;
6ac2913aa7f4815116648a29;6a4e33d4165db6abf459b282;6a7a4fcfa3e5992c5a5cc2c5;6ac2708ea3d41ee967220d94;270;0;;Anilhas de Ferro;AF-078;true;;;
6ac2913c88b9bbd09b3a3278;6a4e33d4165db6abf459b282;6a7a4fcfa3e5992c5a5cc2c5;6ac2708ea3d41ee967220d99;121.5;0;;Anilhas de Ferro;AF-083;true;;;
6ac2913c9c2cf80c5bf6efce;6a4e33d4165db6abf459b282;6a7a4fcfa3e5992c5a5cc2c5;6ac2708ea3d41ee967220d95;297;0;;Anilhas de Ferro;AF-079;true;;;
6ac2913c9cce8b89f8f923d3;6a4e33d4165db6abf459b282;6a7a4fcfa3e5992c5a5cc2c5;6ac2708ea3d41ee967220d9a;135;0;;Anilhas de Ferro;AF-084;true;;;
6ac2913cb3f14d2a88814fd9;6a4e33d4165db6abf459b282;6a7a4fcfa3e5992c5a5cc2c5;6ac2708ea3d41ee967220d97;54;0;;Anilhas de Ferro;AF-081;true;;;
6ac2913cb85e510e46b775a2;6a4e33d4165db6abf459b282;6a7a4fcfa3e5992c5a5cc2c5;6ac2708ea3d41ee967220d98;160.2;0;;Anilhas de Ferro;AF-082;true;;;
6ac2913ceb204be1bd79f15a;6a4e33d4165db6abf459b282;6a7a4fcfa3e5992c5a5cc2c5;6ac2708ea3d41ee967220d96;324;0;;Anilhas de Ferro;AF-080;true;;;
6ac2913d825b6d8ca95b07c9;6a4e33d4165db6abf459b282;6a7a4fcfa3e5992c5a5cc2c5;6a7b12dc0628997484b81626;9.54;0;;Anilhas de Ferro;ACE-N098;true;;;
6ac3b383263cf56137e982a1;6a4e33d4165db6abf459b282;6a7a4fcfa3e5992c5a5cc2c5;6a43d03d489599a52bac3e39;54.9;0;;Anilhas de Ferro;TJJIN5;true;;;Tabela SELLER 8 mar/26 ×0,90, peça
6ac3b3833c354c7d25560693;6a4e33d4165db6abf459b282;6a7a4fcfa3e5992c5a5cc2c5;6ac3b3838a6973dcd4e0f208;1114.2;0;;Anilhas de Ferro;AF-086;true;;;Tabela SELLER 8 mar/26 ×0,90, un
6ac3b38356549033fb4bee27;6a4e33d4165db6abf459b282;6a7a4fcfa3e5992c5a5cc2c5;6a43d03d489599a52bac3e3a;109.8;0;;Anilhas de Ferro;TJJIN10;true;;;Tabela SELLER 8 mar/26 ×0,90, peça
6ac3b383c21950340ae2a3b6;6a4e33d4165db6abf459b282;6a7a4fcfa3e5992c5a5cc2c5;6ac3b383b4dc1ab1ad1b7f02;1191.15;0;;Anilhas de Ferro;AF-087;true;;;Tabela SELLER 8 mar/26 ×0,90, un
6ac3b383d809f00556ca8f87;6a4e33d4165db6abf459b282;6a7a4fcfa3e5992c5a5cc2c5;6ac3b3826e84f2304c6eca3a;0.81;0;;Anilhas de Ferro;AF-085;true;;;Tabela SELLER 8 mar/26 ×0,90, un
6ac3b3840d759bec62a2a919;6a4e33d4165db6abf459b282;6a7a4fcfa3e5992c5a5cc2c5;6a57bd657fa67faa93ade16d;1264.23;0;;Anilhas de Ferro;SUP-043;true;;;Tabela SELLER 8 mar/26 ×0,90, un
6ac3b38419b01db95b334782;6a4e33d4165db6abf459b282;6a7a4fcfa3e5992c5a5cc2c5;6a57bd657fa67faa93ade16e;1511.64;0;;Anilhas de Ferro;SUP-044;true;;;Tabela SELLER 8 mar/26 ×0,90, un
6ac3b38439dff6da77cfbe61;6a4e33d4165db6abf459b282;6a7a4fcfa3e5992c5a5cc2c5;6ac3b3843a22440290779bff;79.2;0;;Anilhas de Ferro;AF-088;true;;;Tabela SELLER 8 mar/26 ×0,90, par
6ac3b385110fa4b01d7b2781;6a4e33d4165db6abf459b282;6a7a4fcfa3e5992c5a5cc2c5;6ac3b3857bbf4d9039f0ad99;124.2;0;;Anilhas de Ferro;AF-091;true;;;Tabela SELLER 8 mar/26 ×0,90, par
6ac3b3857afff6a9bb532a32;6a4e33d4165db6abf459b282;6a7a4fcfa3e5992c5a5cc2c5;6ac3b385c4aa5a0c64641699;99;0;;Anilhas de Ferro;AF-089;true;;;Tabela SELLER 8 mar/26 ×0,90, par
6ac3b3858e41e52461be0505;6a4e33d4165db6abf459b282;6a7a4fcfa3e5992c5a5cc2c5;6ac3b385ea39ddd80464d7be;111.15;0;;Anilhas de Ferro;AF-090;true;;;Tabela SELLER 8 mar/26 ×0,90, par
6ac3b3868dfd299e65b68555;6a4e33d4165db6abf459b282;6a7a4fcfa3e5992c5a5cc2c5;6ac3b38645652574e23040fc;193.5;0;;Anilhas de Ferro;AF-094;true;;;Tabela SELLER 8 mar/26 ×0,90, par
6ac3b386d79a69860e230287;6a4e33d4165db6abf459b282;6a7a4fcfa3e5992c5a5cc2c5;6ac3b38552bc336773ea7ede;152.1;0;;Anilhas de Ferro;AF-092;true;;;Tabela SELLER 8 mar/26 ×0,90, par
6ac3b386e340ad78baedd0dc;6a4e33d4165db6abf459b282;6a7a4fcfa3e5992c5a5cc2c5;6ac3b386d00eb557181ddc40;175.5;0;;Anilhas de Ferro;AF-093;true;;;Tabela SELLER 8 mar/26 ×0,90, par
6ac3b3875743198b2193eea0;6a4e33d4165db6abf459b282;6a7a4fcfa3e5992c5a5cc2c5;6ac3b387c84ef2bd3f05eac3;228.6;0;;Anilhas de Ferro;AF-096;true;;;Tabela SELLER 8 mar/26 ×0,90, par
6ac3b38774cb549944ec2e4e;6a4e33d4165db6abf459b282;6a7a4fcfa3e5992c5a5cc2c5;6ac3b386a1c50823e09a146c;211.5;0;;Anilhas de Ferro;AF-095;true;;;Tabela SELLER 8 mar/26 ×0,90, par
6ac3b387f84c3547d0ff3e4f;6a4e33d4165db6abf459b282;6a7a4fcfa3e5992c5a5cc2c5;6a7b13c0603b667969eea360;5400;0;;Anilhas de Ferro;KIT-N012;true;;;Tabela SELLER 8 mar/26 ×0,90, kit
6ac3b3884d117eb4fce12596;6a4e33d4165db6abf459b282;6a7a4fcfa3e5992c5a5cc2c5;6a7b13c0603b667969eea361;4500;0;;Anilhas de Ferro;KIT-N013;true;;;Tabela SELLER 8 mar/26 ×0,90, kit
6ac3b388775623b16e6dbcde;6a4e33d4165db6abf459b282;6a7a4fcfa3e5992c5a5cc2c5;6a7b141aa9c5d531620db92c;2532.33;0;;Anilhas de Ferro;KIT-N027;true;;;Tabela SELLER 8 mar/26 ×0,90, kit
6ac3b3887afff6a9bb532a35;6a4e33d4165db6abf459b282;6a7a4fcfa3e5992c5a5cc2c5;6a7b141aa9c5d531620db929;2419.38;0;;Anilhas de Ferro;KIT-N023;true;;;Tabela SELLER 8 mar/26 ×0,90, kit
6ac3b388c3245ba041ff1673;6a4e33d4165db6abf459b282;6a7a4fcfa3e5992c5a5cc2c5;6a7b141aa9c5d531620db927;3372.87;0;;Anilhas de Ferro;KIT-N021;true;;;Tabela SELLER 8 mar/26 ×0,90, kit
6ac3b388e320c554d414eb24;6a4e33d4165db6abf459b282;6a7a4fcfa3e5992c5a5cc2c5;6a7b141aa9c5d531620db928;1366.47;0;;Anilhas de Ferro;KIT-N022;true;;;Tabela SELLER 8 mar/26 ×0,90, kit
6ac3b3890d96128196f11cde;6a4e33d4165db6abf459b282;6a7a4fcfa3e5992c5a5cc2c5;6a7b141aa9c5d531620db92d;954.54;0;;Anilhas de Ferro;KIT-N028;true;;;Tabela SELLER 8 mar/26 ×0,90, kit
6ac3b3895d2f3ac17cdf2a48;6a4e33d4165db6abf459b282;6a7a4fcfa3e5992c5a5cc2c5;6a7b141aa9c5d531620db93b;10206;0;;Anilhas de Ferro;KIT-N042;true;;;Tabela SELLER 8 mar/26 ×0,90, kit
6ac3b38984db3d4f9fe9fa8a;6a4e33d4165db6abf459b282;6a7a4fcfa3e5992c5a5cc2c5;6a7b141aa9c5d531620db934;5850;0;;Anilhas de Ferro;KIT-N035;true;;;Tabela SELLER 8 mar/26 ×0,90, kit
6ac3b389f674897547c9b3e4;6a4e33d4165db6abf459b282;6a7a4fcfa3e5992c5a5cc2c5;6a7b141aa9c5d531620db92e;1970.37;0;;Anilhas de Ferro;KIT-N029;true;;;Tabela SELLER 8 mar/26 ×0,90, kit
6ac3b38a0b1c649eed8cf296;6a4e33d4165db6abf459b282;6a7a4fcfa3e5992c5a5cc2c5;6a7b141aa9c5d531620db93c;9714.6;0;;Anilhas de Ferro;KIT-N043;true;;;Tabela SELLER 8 mar/26 ×0,90, kit
6ac3b38a6d1cb46cc0d9e84b;6a4e33d4165db6abf459b282;6a7a4fcfa3e5992c5a5cc2c5;6a7b141aa9c5d531620db93d;10733.38;0;;Anilhas de Ferro;KIT-N044;true;;;Tabela SELLER 8 mar/26 ×0,90, kit
6ac3b38a88c77c2bf3925cfe;6a4e33d4165db6abf459b282;6a7a4fcfa3e5992c5a5cc2c5;6ac3b38aedca1fe86a5a3fdb;3510;0;;Anilhas de Ferro;AF-097;true;;;Tabela SELLER 8 mar/26 ×0,90, kit
6ac3b38acd300f6bcc34e517;6a4e33d4165db6abf459b282;6a7a4fcfa3e5992c5a5cc2c5;6ac3b38a55ff2063c1dde1c9;2682;0;;Anilhas de Ferro;AF-098;true;;;Tabela SELLER 8 mar/26 ×0,90, kit
6ac3b4e356024fb665b19914;6a4e33d4165db6abf459b282;6a7a4fcfa3e5992c5a5cc2c5;6a3fc1585187527190c4c1da;10.17;0;;Anilhas de Ferro;HSEE1;true;;;Tabela SELLER8 mar/26 ×0,90, R$11.3/kg ×1kg ×0,90
6ac3b4e3ed70e2d086d14e30;6a4e33d4165db6abf459b282;6a7a4fcfa3e5992c5a5cc2c5;6a3fc1585187527190c4c1db;20.34;0;;Anilhas de Ferro;HSEE2;true;;;Tabela SELLER8 mar/26 ×0,90, R$11.3/kg ×2kg ×0,90
6ac3b4e400b2e8506936b3c0;6a4e33d4165db6abf459b282;6a7a4fcfa3e5992c5a5cc2c5;6a3fc1585187527190c4c1dc;30.51;0;;Anilhas de Ferro;HSEE3;true;;;Tabela SELLER8 mar/26 ×0,90, R$11.3/kg ×3kg ×0,90
6ac3b4e47ef8db9236cdad4b;6a4e33d4165db6abf459b282;6a7a4fcfa3e5992c5a5cc2c5;6a3fc1585187527190c4c1de;50.85;0;;Anilhas de Ferro;HSEE5;true;;;Tabela SELLER8 mar/26 ×0,90, R$11.3/kg ×5kg ×0,90
6ac3b4e4c28c925b0a644bae;6a4e33d4165db6abf459b282;6a7a4fcfa3e5992c5a5cc2c5;6a3fc1585187527190c4c1dd;40.68;0;;Anilhas de Ferro;HSEE4;true;;;Tabela SELLER8 mar/26 ×0,90, R$11.3/kg ×4kg ×0,90
6ac3b4e4e86d8b94e61274d5;6a4e33d4165db6abf459b282;6a7a4fcfa3e5992c5a5cc2c5;6a3fc1585187527190c4c1df;61.02;0;;Anilhas de Ferro;HSEE6;true;;;Tabela SELLER8 mar/26 ×0,90, R$11.3/kg ×6kg ×0,90
6ac3b4e73adfea37cf5a2956;6a4e33d4165db6abf459b282;6a7a4fcfa3e5992c5a5cc2c5;6a3fc1585187527190c4c1e1;81.36;0;;Anilhas de Ferro;HSEE8;true;;;Tabela SELLER8 mar/26 ×0,90, R$11.3/kg ×8kg ×0,90
6ac3b4e75f9f5efc150d8d93;6a4e33d4165db6abf459b282;6a7a4fcfa3e5992c5a5cc2c5;6a3fc1585187527190c4c1e0;71.19;0;;Anilhas de Ferro;HSEE7;true;;;Tabela SELLER8 mar/26 ×0,90, R$11.3/kg ×7kg ×0,90
6ac3b4e760060ab65044f9c7;6a4e33d4165db6abf459b282;6a7a4fcfa3e5992c5a5cc2c5;6a3fc1585187527190c4c1e3;101.7;0;;Anilhas de Ferro;HSEE10;true;;;Tabela SELLER8 mar/26 ×0,90, R$11.3/kg ×10kg ×0,90
6ac3b4e7784a52ae2b6fb8a2;6a4e33d4165db6abf459b282;6a7a4fcfa3e5992c5a5cc2c5;6a3fc1585187527190c4c1e2;91.53;0;;Anilhas de Ferro;HSEE9;true;;;Tabela SELLER8 mar/26 ×0,90, R$11.3/kg ×9kg ×0,90
6ac3b4e8168c7a20a224476b;6a4e33d4165db6abf459b282;6a7a4fcfa3e5992c5a5cc2c5;6a3de23bc03bf79c138cbc6c;32.4;0;;Anilhas de Ferro;ASR3;true;;;Tabela SELLER8 mar/26 ×0,90, R$12/kg ×3kg ×0,90
6ac3b4e877b0766758648111;6a4e33d4165db6abf459b282;6a7a4fcfa3e5992c5a5cc2c5;6a3de23bc03bf79c138cbc6a;10.8;0;;Anilhas de Ferro;ASR1;true;;;Tabela SELLER8 mar/26 ×0,90, R$12/kg ×1kg ×0,90
6ac3b4e8a98b9f7881a2bcfa;6a4e33d4165db6abf459b282;6a7a4fcfa3e5992c5a5cc2c5;6a3de23bc03bf79c138cbc6b;21.6;0;;Anilhas de Ferro;ASR2;true;;;Tabela SELLER8 mar/26 ×0,90, R$12/kg ×2kg ×0,90
6ac3b4e8cca92224150274ba;6a4e33d4165db6abf459b282;6a7a4fcfa3e5992c5a5cc2c5;6a3de23bc03bf79c138cbc6d;43.2;0;;Anilhas de Ferro;ASR4;true;;;Tabela SELLER8 mar/26 ×0,90, R$12/kg ×4kg ×0,90
6ac3b4e9109886e97565d531;6a4e33d4165db6abf459b282;6a7a4fcfa3e5992c5a5cc2c5;6a3de23bc03bf79c138cbc6f;108;0;;Anilhas de Ferro;ASR10;true;;;Tabela SELLER8 mar/26 ×0,90, R$12/kg ×10kg ×0,90
6ac3b4e931460374a1487dd9;6a4e33d4165db6abf459b282;6a7a4fcfa3e5992c5a5cc2c5;6a3de23bc03bf79c138cbc71;216;0;;Anilhas de Ferro;ASR20;true;;;Tabela SELLER8 mar/26 ×0,90, R$12/kg ×20kg ×0,90
6ac3b4e93394e088b79cbc6f;6a4e33d4165db6abf459b282;6a7a4fcfa3e5992c5a5cc2c5;6a3de23bc03bf79c138cbc6e;54;0;;Anilhas de Ferro;ASR5;true;;;Tabela SELLER8 mar/26 ×0,90, R$12/kg ×5kg ×0,90
6ac3b4e9f97dbfb80f43ef25;6a4e33d4165db6abf459b282;6a7a4fcfa3e5992c5a5cc2c5;6a3de23bc03bf79c138cbc70;162;0;;Anilhas de Ferro;ASR15;true;;;Tabela SELLER8 mar/26 ×0,90, R$12/kg ×15kg ×0,90
6ac3b4ea016198c5ce0d39a5;6a4e33d4165db6abf459b282;6a7a4fcfa3e5992c5a5cc2c5;6a3de23bc03bf79c138cbc37;43.92;0;;Anilhas de Ferro;AVI4;true;;;Tabela SELLER8 mar/26 ×0,90, R$12.2/kg ×4kg ×0,90
6ac3b4ea234692f5d17b6f81;6a4e33d4165db6abf459b282;6a7a4fcfa3e5992c5a5cc2c5;6a3de23bc03bf79c138cbc34;10.98;0;;Anilhas de Ferro;AVI1;true;;;Tabela SELLER8 mar/26 ×0,90, R$12.2/kg ×1kg ×0,90
6ac3b4ea94818b582c6385d0;6a4e33d4165db6abf459b282;6a7a4fcfa3e5992c5a5cc2c5;6a3de23bc03bf79c138cbc36;32.94;0;;Anilhas de Ferro;AVI3;true;;;Tabela SELLER8 mar/26 ×0,90, R$12.2/kg ×3kg ×0,90
6ac3b4eab3a907122c35f3bc;6a4e33d4165db6abf459b282;6a7a4fcfa3e5992c5a5cc2c5;6a3de23bc03bf79c138cbc35;21.96;0;;Anilhas de Ferro;AVI2;true;;;Tabela SELLER8 mar/26 ×0,90, R$12.2/kg ×2kg ×0,90
6ac3b4eae829a134292b2b2e;6a4e33d4165db6abf459b282;6a7a4fcfa3e5992c5a5cc2c5;6a3de23bc03bf79c138cbc72;270;0;;Anilhas de Ferro;ASR25;true;;;Tabela SELLER8 mar/26 ×0,90, R$12/kg ×25kg ×0,90
6ac3b4eb2ea76b4562827edd;6a4e33d4165db6abf459b282;6a7a4fcfa3e5992c5a5cc2c5;6a3de23bc03bf79c138cbc3e;21.96;0;;Anilhas de Ferro;AVIO2;true;;;Tabela SELLER8 mar/26 ×0,90, R$12.2/kg ×2kg ×0,90
6ac3b4eb56b26a0d3bf8bf0e;6a4e33d4165db6abf459b282;6a7a4fcfa3e5992c5a5cc2c5;6a3de23bc03bf79c138cbc38;54.9;0;;Anilhas de Ferro;AVI5;true;;;Tabela SELLER8 mar/26 ×0,90, R$12.2/kg ×5kg ×0,90
6ac3b4eb90491df341585531;6a4e33d4165db6abf459b282;6a7a4fcfa3e5992c5a5cc2c5;6a3de23bc03bf79c138cbc3d;10.98;0;;Anilhas de Ferro;AVIO1;true;;;Tabela SELLER8 mar/26 ×0,90, R$12.2/kg ×1kg ×0,90
6ac3b4eba7f6eaf615a0e8c9;6a4e33d4165db6abf459b282;6a7a4fcfa3e5992c5a5cc2c5;6a3de23bc03bf79c138cbc3a;164.7;0;;Anilhas de Ferro;AVI15;true;;;Tabela SELLER8 mar/26 ×0,90, R$12.2/kg ×15kg ×0,90
6ac3b4ebd6da67d1202b53c8;6a4e33d4165db6abf459b282;6a7a4fcfa3e5992c5a5cc2c5;6a3de23bc03bf79c138cbc39;109.8;0;;Anilhas de Ferro;AVI10;true;;;Tabela SELLER8 mar/26 ×0,90, R$12.2/kg ×10kg ×0,90
6ac3b4ec022256a4fc055c0c;6a4e33d4165db6abf459b282;6a7a4fcfa3e5992c5a5cc2c5;6a3de23bc03bf79c138cbc3f;32.94;0;;Anilhas de Ferro;AVIO3;true;;;Tabela SELLER8 mar/26 ×0,90, R$12.2/kg ×3kg ×0,90
6ac3b4ec17da99e2de62f008;6a4e33d4165db6abf459b282;6a7a4fcfa3e5992c5a5cc2c5;6a3de23bc03bf79c138cbc41;54.9;0;;Anilhas de Ferro;AVIO5;true;;;Tabela SELLER8 mar/26 ×0,90, R$12.2/kg ×5kg ×0,90
6ac3b4ec2e9c32de065004cc;6a4e33d4165db6abf459b282;6a7a4fcfa3e5992c5a5cc2c5;6a3de23bc03bf79c138cbc42;109.8;0;;Anilhas de Ferro;AVIO10;true;;;Tabela SELLER8 mar/26 ×0,90, R$12.2/kg ×10kg ×0,90
6ac3b4ecc552ab7bdcd01625;6a4e33d4165db6abf459b282;6a7a4fcfa3e5992c5a5cc2c5;6a3de23bc03bf79c138cbc40;43.92;0;;Anilhas de Ferro;AVIO4;true;;;Tabela SELLER8 mar/26 ×0,90, R$12.2/kg ×4kg ×0,90
6ac3b4ece9518cdbeb30bee1;6a4e33d4165db6abf459b282;6a7a4fcfa3e5992c5a5cc2c5;6a3de23bc03bf79c138cbc43;164.7;0;;Anilhas de Ferro;AVIO15;true;;;Tabela SELLER8 mar/26 ×0,90, R$12.2/kg ×15kg ×0,90
6ac3b4ed3a29d21dae230e57;6a4e33d4165db6abf459b282;6a7a4fcfa3e5992c5a5cc2c5;6a7f9c33903d2708a0eb3aca;2110.5;0;;Anilhas de Ferro;DUM-N048;true;;;Tabela SELLER8 mar/26 ×0,90, R$46,90/kg ×50kg
6ac3b4edb2566ae643efb2e9;6a4e33d4165db6abf459b282;6a7a4fcfa3e5992c5a5cc2c5;6a57bd17f3c30862052b599f;799.65;0;;Anilhas de Ferro;BAR-059;true;;;Tabela SELLER8 mar/26 ×0,90, unidade1,20m com rolamento
6ac3b4edc28c925b0a644bc3;6a4e33d4165db6abf459b282;6a7a4fcfa3e5992c5a5cc2c5;6a7b13c0603b667969eea338;697.5;0;;Anilhas de Ferro;DUM-N045;true;;;Tabela SELLER8 mar/26 ×0,90, R$15,50/kg ×50kg
6ac3b4edca619e387ddf2d05;6a4e33d4165db6abf459b282;6a7a4fcfa3e5992c5a5cc2c5;6a7f9c33903d2708a0eb3acb;1215;0;;Anilhas de Ferro;DUM-N050;true;;;Tabela SELLER8 mar/26 ×0,90, R$27/kg ×50kg
6ac3b4edeb650b8ef9528812;6a4e33d4165db6abf459b282;6a7a4fcfa3e5992c5a5cc2c5;6a7b13c0603b667969eea339;2110.5;0;;Anilhas de Ferro;DUM-N049;true;;;Tabela SELLER8 mar/26 ×0,90, R$46,90/kg ×50kg
6ac3b4ee4d8e1d001e760eb8;6a4e33d4165db6abf459b282;6a7a4fcfa3e5992c5a5cc2c5;6a57bd17f3c30862052b599d;986.67;0;;Anilhas de Ferro;BAR-057;true;;;Tabela SELLER8 mar/26 ×0,90, unidade1,80m com rolamento
6ac3b4ee8e41e52461be0921;6a4e33d4165db6abf459b282;6a7a4fcfa3e5992c5a5cc2c5;6a57bdb389f31864ba0fb475;864.9;0;;Anilhas de Ferro;EST-009;true;;;Tabela SELLER8 mar/26 ×0,90, unidade
6ac3b90280b9af1db6d3e3cf;6a4e33d4165db6abf459b282;6a7a4fcfa3e5992c5a5cc2c5;6ac3b9023e885cb8b79dc9e8;87.14;0;;Anilhas de Ferro;AF-100;true;;;Tabela SELLER8 mar/26 ×0,90
6ac3b90292cd21bdd40cf1ea;6a4e33d4165db6abf459b282;6a7a4fcfa3e5992c5a5cc2c5;6ac3b902b203d1438907783b;56.94;0;;Anilhas de Ferro;AF-099;true;;;Tabela SELLER8 mar/26 ×0,90
6ac3b9039cc4c16a8f560bbe;6a4e33d4165db6abf459b282;6a7a4fcfa3e5992c5a5cc2c5;6ac3b90374b9367572c8edc9;145.25;0;;Anilhas de Ferro;AF-103;true;;;Tabela SELLER8 mar/26 ×0,90
6ac3b903b7026628aafb038e;6a4e33d4165db6abf459b282;6a7a4fcfa3e5992c5a5cc2c5;6ac3b903c108c8c59a89eb0c;170.92;0;;Anilhas de Ferro;AF-104;true;;;Tabela SELLER8 mar/26 ×0,90
6ac3b903dbc132d9ff015381;6a4e33d4165db6abf459b282;6a7a4fcfa3e5992c5a5cc2c5;6ac3b903c72842f9dab38a2b;201.11;0;;Anilhas de Ferro;AF-105;true;;;Tabela SELLER8 mar/26 ×0,90
6ac3b903e924292b5da59f5c;6a4e33d4165db6abf459b282;6a7a4fcfa3e5992c5a5cc2c5;6ac3b903e0640abc6b1f59b3;122.73;0;;Anilhas de Ferro;AF-102;true;;;Tabela SELLER8 mar/26 ×0,90
6ac3b903f7cbcada9d57215d;6a4e33d4165db6abf459b282;6a7a4fcfa3e5992c5a5cc2c5;6ac3b902d08d268021d73cbc;116.24;0;;Anilhas de Ferro;AF-101;true;;;Tabela SELLER8 mar/26 ×0,90
6ac3b90442b7dc1467c7a144;6a4e33d4165db6abf459b282;6a7a4fcfa3e5992c5a5cc2c5;6ac3b904c3914a1e988fd613;53.73;0;;Anilhas de Ferro;AF-109;true;;;Tabela SELLER8 mar/26 ×0,90
6ac3b90466d7d5cb1910a7f0;6a4e33d4165db6abf459b282;6a7a4fcfa3e5992c5a5cc2c5;6ac3b90409defc7894ce4967;227.87;0;;Anilhas de Ferro;AF-106;true;;;Tabela SELLER8 mar/26 ×0,90
6ac3b904a9d8704a71282dd8;6a4e33d4165db6abf459b282;6a7a4fcfa3e5992c5a5cc2c5;6ac3b904f79396fccb9651fd;284.42;0;;Anilhas de Ferro;AF-108;true;;;Tabela SELLER8 mar/26 ×0,90
6ac3b904ce4aca0b647e20e0;6a4e33d4165db6abf459b282;6a7a4fcfa3e5992c5a5cc2c5;6ac3b904a5ffab0bc9f306f5;258.07;0;;Anilhas de Ferro;AF-107;true;;;Tabela SELLER8 mar/26 ×0,90
6ac3b9050d1bf63ef314c831;6a4e33d4165db6abf459b282;6a7a4fcfa3e5992c5a5cc2c5;6ac3b9042891c9729d7252fa;82.17;0;;Anilhas de Ferro;AF-110;true;;;Tabela SELLER8 mar/26 ×0,90
6ac3b9051bcfb3c8c3adaf76;6a4e33d4165db6abf459b282;6a7a4fcfa3e5992c5a5cc2c5;6ac3b9050b485be3c4ade9e0;161.28;0;;Anilhas de Ferro;AF-114;true;;;Tabela SELLER8 mar/26 ×0,90
6ac3b9052db06d419fd76d8d;6a4e33d4165db6abf459b282;6a7a4fcfa3e5992c5a5cc2c5;6ac3b9055414f3fc4967e92f;109.71;0;;Anilhas de Ferro;AF-111;true;;;Tabela SELLER8 mar/26 ×0,90
6ac3b905cecf7809812c66cf;6a4e33d4165db6abf459b282;6a7a4fcfa3e5992c5a5cc2c5;6ac3b905068f6d414702ccdb;115.92;0;;Anilhas de Ferro;AF-112;true;;;Tabela SELLER8 mar/26 ×0,90
6ac3b905ec273c740d2ca9da;6a4e33d4165db6abf459b282;6a7a4fcfa3e5992c5a5cc2c5;6ac3b90507627f99902385f4;137.07;0;;Anilhas de Ferro;AF-113;true;;;Tabela SELLER8 mar/26 ×0,90
6ac3b905fed5696e4c8ed16a;6a4e33d4165db6abf459b282;6a7a4fcfa3e5992c5a5cc2c5;6ac3b9056474e6f03fba3b58;189.72;0;;Anilhas de Ferro;AF-115;true;;;Tabela SELLER8 mar/26 ×0,90
6ac3b90656d430a556e59d9f;6a4e33d4165db6abf459b282;6a7a4fcfa3e5992c5a5cc2c5;6ac3b9055d2e30bff7fa2cc8;215.01;0;;Anilhas de Ferro;AF-116;true;;;Tabela SELLER8 mar/26 ×0,90
6ac3b906716180a86a860b71;6a4e33d4165db6abf459b282;6a7a4fcfa3e5992c5a5cc2c5;6ac3b906002a3274de230cc0;268.83;0;;Anilhas de Ferro;AF-118;true;;;Tabela SELLER8 mar/26 ×0,90
6ac3b906c72e871c6d719648;6a4e33d4165db6abf459b282;6a7a4fcfa3e5992c5a5cc2c5;6ac3b9069dbe8b4bc5518b12;243.45;0;;Anilhas de Ferro;AF-117;true;;;Tabela SELLER8 mar/26 ×0,90
6ac3b9070610128ef4abcf24;6a4e33d4165db6abf459b282;6a7a4fcfa3e5992c5a5cc2c5;6a57bd657fa67faa93ade15f;1254.51;0;;Anilhas de Ferro;SUP-029;true;;;Tabela SELLER8 mar/26 ×0,90
6ac3b9077ddc215288f4aef1;6a4e33d4165db6abf459b282;6a7a4fcfa3e5992c5a5cc2c5;6a7b141aa9c5d531620db95b;674.01;0;;Anilhas de Ferro;SUP-N002;true;;;Tabela SELLER8 mar/26 ×0,90
6ac3b9098e49c3bfff143e5b;6a4e33d4165db6abf459b282;6a7a4fcfa3e5992c5a5cc2c5;6ac3b907dc01b5cd6258703a;549;0;;Anilhas de Ferro;AF-119;true;;;Tabela SELLER8 mar/26 ×0,90
6ac3b909e51a7a0bc3dd9814;6a4e33d4165db6abf459b282;6a7a4fcfa3e5992c5a5cc2c5;6a57bd17f3c30862052b5998;1056.78;0;;Anilhas de Ferro;BAR-052;true;;;Tabela SELLER8 mar/26 ×0,90
6ac3b90a2ba5d67e6be0d142;6a4e33d4165db6abf459b282;6a7a4fcfa3e5992c5a5cc2c5;6a57bd17f3c30862052b598e;1569.06;0;;Anilhas de Ferro;BAR-042;true;;;Tabela SELLER8 mar/26 ×0,90
6ac3b90a678da82b8eb841d2;6a4e33d4165db6abf459b282;6a7a4fcfa3e5992c5a5cc2c5;6a4d3256fdbb5001ac61dd6d;323.82;0;;Anilhas de Ferro;DMSIIN14;true;;;Tabela SELLER8 mar/26 ×0,90
6ac3b90a78ca48f42a180e28;6a4e33d4165db6abf459b282;6a7a4fcfa3e5992c5a5cc2c5;6a57bd17f3c30862052b5993;1357.74;0;;Anilhas de Ferro;BAR-047;true;;;Tabela SELLER8 mar/26 ×0,90
6ac3b90a8a7105a727ec18ff;6a4e33d4165db6abf459b282;6a7a4fcfa3e5992c5a5cc2c5;6a4d3256fdbb5001ac61dd6c;277.56;0;;Anilhas de Ferro;DMSIIN12;true;;;Tabela SELLER8 mar/26 ×0,90
6ac3b90ae3d40024be496f91;6a4e33d4165db6abf459b282;6a7a4fcfa3e5992c5a5cc2c5;6a4d3256fdbb5001ac61dd6e;370.08;0;;Anilhas de Ferro;DMSIIN16;true;;;Tabela SELLER8 mar/26 ×0,90
6ac3b90b18e5da1389167060;6a4e33d4165db6abf459b282;6a7a4fcfa3e5992c5a5cc2c5;6a4d3256fdbb5001ac61dd71;508.86;0;;Anilhas de Ferro;DMSIIN22;true;;;Tabela SELLER8 mar/26 ×0,90
6ac3b90b2c130e6c668ce87c;6a4e33d4165db6abf459b282;6a7a4fcfa3e5992c5a5cc2c5;6a4d3256fdbb5001ac61dd6f;416.34;0;;Anilhas de Ferro;DMSIIN18;true;;;Tabela SELLER8 mar/26 ×0,90
6ac3b90b4847003ee8dda4d4;6a4e33d4165db6abf459b282;6a7a4fcfa3e5992c5a5cc2c5;6a4d3256fdbb5001ac61dd72;555.12;0;;Anilhas de Ferro;DMSIIN24;true;;;Tabela SELLER8 mar/26 ×0,90
6ac3b90b9eb05aff5709dc86;6a4e33d4165db6abf459b282;6a7a4fcfa3e5992c5a5cc2c5;6a4d3256fdbb5001ac61dd70;462.6;0;;Anilhas de Ferro;DMSIIN20;true;;;Tabela SELLER8 mar/26 ×0,90
6ac3b90bca4993e27529db2a;6a4e33d4165db6abf459b282;6a7a4fcfa3e5992c5a5cc2c5;6a4d3256fdbb5001ac61dd73;601.38;0;;Anilhas de Ferro;DMSIIN26;true;;;Tabela SELLER8 mar/26 ×0,90
6ac3b90c50dd1cb210f2e81b;6a4e33d4165db6abf459b282;6a7a4fcfa3e5992c5a5cc2c5;6ac3b90c391da103e89880c9;786.42;0;;Anilhas de Ferro;AF-121;true;;;Tabela SELLER8 mar/26 ×0,90
6ac3b90c5645cf7361ef63e6;6a4e33d4165db6abf459b282;6a7a4fcfa3e5992c5a5cc2c5;6ac3b90c9c3360c67b188a90;832.68;0;;Anilhas de Ferro;AF-122;true;;;Tabela SELLER8 mar/26 ×0,90
6ac3b90c9f05b6666c8eec1d;6a4e33d4165db6abf459b282;6a7a4fcfa3e5992c5a5cc2c5;6a4d3256fdbb5001ac61dd75;693.9;0;;Anilhas de Ferro;DMSIIN30;true;;;Tabela SELLER8 mar/26 ×0,90
6ac3b90cc77e74cac4093968;6a4e33d4165db6abf459b282;6a7a4fcfa3e5992c5a5cc2c5;6a4d3256fdbb5001ac61dd74;647.64;0;;Anilhas de Ferro;DMSIIN28;true;;;Tabela SELLER8 mar/26 ×0,90
6ac3b90cea74591b0580753a;6a4e33d4165db6abf459b282;6a7a4fcfa3e5992c5a5cc2c5;6ac3b90c50a23155826bc298;740.16;0;;Anilhas de Ferro;AF-120;true;;;Tabela SELLER8 mar/26 ×0,90
6ac3b90d3ad8834a0fe0c593;6a4e33d4165db6abf459b282;6a7a4fcfa3e5992c5a5cc2c5;6ac3b90df23afc741177eab7;925.2;0;;Anilhas de Ferro;AF-124;true;;;Tabela SELLER8 mar/26 ×0,90
6ac3b90d83e14a19e6ab9a14;6a4e33d4165db6abf459b282;6a7a4fcfa3e5992c5a5cc2c5;6ac3b90d756e1b851b41b029;1017.72;0;;Anilhas de Ferro;AF-126;true;;;Tabela SELLER8 mar/26 ×0,90
6ac3b90d987443663855ac75;6a4e33d4165db6abf459b282;6a7a4fcfa3e5992c5a5cc2c5;6ac3b90d334009a8b131d454;971.46;0;;Anilhas de Ferro;AF-125;true;;;Tabela SELLER8 mar/26 ×0,90
6ac3b90db0111fd7368e3f8b;6a4e33d4165db6abf459b282;6a7a4fcfa3e5992c5a5cc2c5;6ac3b90d257a4a402c7c136c;878.94;0;;Anilhas de Ferro;AF-123;true;;;Tabela SELLER8 mar/26 ×0,90
6ac3b90e1795c24e72536974;6a4e33d4165db6abf459b282;6a7a4fcfa3e5992c5a5cc2c5;6ac3b90d6790aa3b9cf7aead;1063.98;0;;Anilhas de Ferro;AF-127;true;;;Tabela SELLER8 mar/26 ×0,90
6ac3b90e6d353da823863667;6a4e33d4165db6abf459b282;6a7a4fcfa3e5992c5a5cc2c5;6ac3b90e068f6d414702cce1;1156.5;0;;Anilhas de Ferro;AF-129;true;;;Tabela SELLER8 mar/26 ×0,90
6ac3b90e70501e796d1ab958;6a4e33d4165db6abf459b282;6a7a4fcfa3e5992c5a5cc2c5;6ac3b90e3bc43c421284e9b9;351;0;;Anilhas de Ferro;AF-131;true;;;Tabela SELLER8 mar/26 ×0,90
6ac3b90ea31c3b509af308de;6a4e33d4165db6abf459b282;6a7a4fcfa3e5992c5a5cc2c5;6ac3b90e189f172d6d7e1b5d;1110.24;0;;Anilhas de Ferro;AF-128;true;;;Tabela SELLER8 mar/26 ×0,90
6ac3b90ed3c9c833ebb36a93;6a4e33d4165db6abf459b282;6a7a4fcfa3e5992c5a5cc2c5;6ac3b90e6cbd6c5163f2c9a9;409.5;0;;Anilhas de Ferro;AF-132;true;;;Tabela SELLER8 mar/26 ×0,90
6ac3b90efef8bfe6cbe9903e;6a4e33d4165db6abf459b282;6a7a4fcfa3e5992c5a5cc2c5;6ac3b90e0873b61778311e9a;292.5;0;;Anilhas de Ferro;AF-130;true;;;Tabela SELLER8 mar/26 ×0,90
6ac3b90f09136dda346e57ac;6a4e33d4165db6abf459b282;6a7a4fcfa3e5992c5a5cc2c5;6ac3b90f6ff515e255d76071;526.5;0;;Anilhas de Ferro;AF-134;true;;;Tabela SELLER8 mar/26 ×0,90
6ac3b90f37f27b58e1fe223b;6a4e33d4165db6abf459b282;6a7a4fcfa3e5992c5a5cc2c5;6ac3b90f434e4261fad44c25;702;0;;Anilhas de Ferro;AF-137;true;;;Tabela SELLER8 mar/26 ×0,90
6ac3b90f72969cb69d6f52ac;6a4e33d4165db6abf459b282;6a7a4fcfa3e5992c5a5cc2c5;6ac3b90fd98c2ad899077e24;468;0;;Anilhas de Ferro;AF-133;true;;;Tabela SELLER8 mar/26 ×0,90
6ac3b90f80378eb8fc3e18a9;6a4e33d4165db6abf459b282;6a7a4fcfa3e5992c5a5cc2c5;6ac3b90fb904e950b11676b6;643.5;0;;Anilhas de Ferro;AF-136;true;;;Tabela SELLER8 mar/26 ×0,90
6ac3b90f8c78bc0df4094ad4;6a4e33d4165db6abf459b282;6a7a4fcfa3e5992c5a5cc2c5;6ac3b90f0cf2e9992ec4d11a;585;0;;Anilhas de Ferro;AF-135;true;;;Tabela SELLER8 mar/26 ×0,90
6ac3b9123f900f357460806e;6a4e33d4165db6abf459b282;6a7a4fcfa3e5992c5a5cc2c5;6ac3b91266d3d9909d993bee;877.5;0;;Anilhas de Ferro;AF-140;true;;;Tabela SELLER8 mar/26 ×0,90
6ac3b912556b6d0277cd4b11;6a4e33d4165db6abf459b282;6a7a4fcfa3e5992c5a5cc2c5;6ac3b910e06964ec19134beb;760.5;0;;Anilhas de Ferro;AF-138;true;;;Tabela SELLER8 mar/26 ×0,90
6ac3b91255820e94e245edb3;6a4e33d4165db6abf459b282;6a7a4fcfa3e5992c5a5cc2c5;6ac3b9122e90ee68f268772f;819;0;;Anilhas de Ferro;AF-139;true;;;Tabela SELLER8 mar/26 ×0,90
6ac3b912e06fd829ecde8e40;6a4e33d4165db6abf459b282;6a7a4fcfa3e5992c5a5cc2c5;6ac3b912c5693980378b234d;936;0;;Anilhas de Ferro;AF-141;true;;;Tabela SELLER8 mar/26 ×0,90
6ac3b91308824b24535e486d;6a4e33d4165db6abf459b282;6a7a4fcfa3e5992c5a5cc2c5;6ac3b91329a0987a56186924;1170;0;;Anilhas de Ferro;AF-145;true;;;Tabela SELLER8 mar/26 ×0,90
6ac3b91334722d29ac5d1ac0;6a4e33d4165db6abf459b282;6a7a4fcfa3e5992c5a5cc2c5;6ac3b9136fc62fb628f73029;1053;0;;Anilhas de Ferro;AF-143;true;;;Tabela SELLER8 mar/26 ×0,90
6ac3b91342884da807b45097;6a4e33d4165db6abf459b282;6a7a4fcfa3e5992c5a5cc2c5;6ac3b913dd5a727131d24c06;1111.5;0;;Anilhas de Ferro;AF-144;true;;;Tabela SELLER8 mar/26 ×0,90
6ac3b9137cd4e97c9ef8e01e;6a4e33d4165db6abf459b282;6a7a4fcfa3e5992c5a5cc2c5;6ac3b9138a7241103d9efa86;994.5;0;;Anilhas de Ferro;AF-142;true;;;Tabela SELLER8 mar/26 ×0,90
6ac3b92c2ffd7b8fb9711141;6a4e33d4165db6abf459b282;6a7a4fcfa3e5992c5a5cc2c5;6ac3b92c28cf8ece2b1fbb49;54.9;0;;Anilhas de Ferro;AF-148;true;;;Tabela SELLER8 mar/26 ×0,90 ×peso
6ac3b92cc82a1ddf72f1a8f1;6a4e33d4165db6abf459b282;6a7a4fcfa3e5992c5a5cc2c5;6ac3b92c818fb265e19ba666;58.5;0;;Anilhas de Ferro;AF-146;true;;;Tabela SELLER8 mar/26 ×0,90 ×peso
6ac3b92cdc01b5cd6258705a;6a4e33d4165db6abf459b282;6a7a4fcfa3e5992c5a5cc2c5;6ac3b92c310c5ba562d783dd;117;0;;Anilhas de Ferro;AF-147;true;;;Tabela SELLER8 mar/26 ×0,90 ×peso
6ac3b92d1604bce1b03c1ba1;6a4e33d4165db6abf459b282;6a7a4fcfa3e5992c5a5cc2c5;6ac3b92d2ba5d67e6be0d15d;109.8;0;;Anilhas de Ferro;AF-149;true;;;Tabela SELLER8 mar/26 ×0,90 ×peso
6ac3b92d96206fdf249b3510;6a4e33d4165db6abf459b282;6a7a4fcfa3e5992c5a5cc2c5;6ac3b92decc2102c562b12ac;76.5;0;;Anilhas de Ferro;AF-151;true;;;Tabela SELLER8 mar/26 ×0,90 ×peso
6ac3b92d9e4c5cb2b880b34a;6a4e33d4165db6abf459b282;6a7a4fcfa3e5992c5a5cc2c5;6ac3b92db2b4c24f23d9ba17;38.25;0;;Anilhas de Ferro;AF-150;true;;;Tabela SELLER8 mar/26 ×0,90 ×peso
6ac3b9f6600446666a1d5186;6a4e33d4165db6abf459b282;6a7a4fcfa3e5992c5a5cc2c5;6a57bd17f3c30862052b596e;433.44;0;;Anilhas de Ferro;BAR-010;true;;;Tabela SELLER8 mar/26 ×0,90, presilha espiral confirmada pelo dono
6ac3b9f7618b33ba5377b15d;6a4e33d4165db6abf459b282;6a7a4fcfa3e5992c5a5cc2c5;6a57bd17f3c30862052b596d;328.23;0;;Anilhas de Ferro;BAR-009;true;;;Tabela SELLER8 mar/26 ×0,90, presilha espiral confirmada pelo dono
6ac7f6d51986392edd922296;697aeaf8e4420021ed5caeb1;;6ac2708ea3d41ee967220d52;10.98;24;;Salomé e Prado Ind.& Com. Ltda-ME;;true;;;
6ac7f6d51986392edd922297;697aeaf8e4420021ed5caeb1;;6ac2708ea3d41ee967220d53;7.65;24;;Salomé e Prado Ind.& Com. Ltda-ME;;true;;;
6ac7f6d51986392edd922298;697aeaf8e4420021ed5caeb1;;6ac2708ea3d41ee967220d54;7.29;24;;Salomé e Prado Ind.& Com. Ltda-ME;;true;;;
6ac7f6d51986392edd922299;697aeaf8e4420021ed5caeb1;;6ac2708ea3d41ee967220d55;4.59;24;;Salomé e Prado Ind.& Com. Ltda-ME;;true;;;
6ac7f6d51986392edd92229a;697aeaf8e4420021ed5caeb1;;6ac3b3826e84f2304c6eca3a;0.81;24;;Salomé e Prado Ind.& Com. Ltda-ME;;true;;;
6ac7f6d51986392edd92229b;697aeaf8e4420021ed5caeb1;;6ac3b92c818fb265e19ba666;58.5;24;;Salomé e Prado Ind.& Com. Ltda-ME;;true;;;
6ac7f6d51986392edd92229c;697aeaf8e4420021ed5caeb1;;6ac3b92c310c5ba562d783dd;117;24;;Salomé e Prado Ind.& Com. Ltda-ME;;true;;;
6ac7f6d51986392edd92229d;697aeaf8e4420021ed5caeb1;;6ac3b92c28cf8ece2b1fbb49;54.9;24;;Salomé e Prado Ind.& Com. Ltda-ME;;true;;;
6ac7f6d51986392edd92229e;697aeaf8e4420021ed5caeb1;;6ac3b92d2ba5d67e6be0d15d;109.8;24;;Salomé e Prado Ind.& Com. Ltda-ME;;true;;;
6ac7f6d51986392edd92229f;697aeaf8e4420021ed5caeb1;;6ac3b92db2b4c24f23d9ba17;38.25;24;;Salomé e Prado Ind.& Com. Ltda-ME;;true;;;
6ac7f6d51986392edd9222a0;697aeaf8e4420021ed5caeb1;;6ac3b92decc2102c562b12ac;76.5;24;;Salomé e Prado Ind.& Com. Ltda-ME;;true;;;
6ac7f6d51986392edd9222a1;697aeaf8e4420021ed5caeb1;;6a7b141aa9c5d531620db962;0.81;24;;Salomé e Prado Ind.& Com. Ltda-ME;;true;;;
6ac7f6d51986392edd9222a2;697aeaf8e4420021ed5caeb1;;6a7b141aa9c5d531620db963;0.81;24;;Salomé e Prado Ind.& Com. Ltda-ME;;true;;;
6ac7f6d51986392edd9222a3;697aeaf8e4420021ed5caeb1;;6a7b141aa9c5d531620db964;0.81;24;;Salomé e Prado Ind.& Com. Ltda-ME;;true;;;
6ac7f6d51986392edd9222a4;697aeaf8e4420021ed5caeb1;;6a7b141aa9c5d531620db965;4.59;24;;Salomé e Prado Ind.& Com. Ltda-ME;;true;;;
6ac7f6d51986392edd9222a5;697aeaf8e4420021ed5caeb1;;6a7b141aa9c5d531620db966;4.59;24;;Salomé e Prado Ind.& Com. Ltda-ME;;true;;;
6ac7f6d51986392edd9222a6;697aeaf8e4420021ed5caeb1;;6a7b141aa9c5d531620db967;4.59;24;;Salomé e Prado Ind.& Com. Ltda-ME;;true;;;
6ac7f6d51986392edd9222a7;697aeaf8e4420021ed5caeb1;;6a7b141aa9c5d531620db968;4.59;24;;Salomé e Prado Ind.& Com. Ltda-ME;;true;;;
6ac7f6d51986392edd9222a8;697aeaf8e4420021ed5caeb1;;6a7b141aa9c5d531620db96c;7.65;24;;Salomé e Prado Ind.& Com. Ltda-ME;;true;;;
6ac7f6d51986392edd9222a9;697aeaf8e4420021ed5caeb1;;6a7b141aa9c5d531620db96d;70.2;24;;Anilhas de Ferro;;true;;;
6ac7f6d51986392edd9222aa;697aeaf8e4420021ed5caeb1;;6a7b141aa9c5d531620db96e;1.8;24;;Salomé e Prado Ind.& Com. Ltda-ME;;true;;;
6ac7f6d51986392edd9222ab;697aeaf8e4420021ed5caeb1;;6a7b141aa9c5d531620db96f;65.88;24;;Anilhas de Ferro;;true;;;
6ac7f6d51986392edd9222ac;697aeaf8e4420021ed5caeb1;;6a7b141aa9c5d531620db970;53.55;24;;Anilhas de Ferro;;true;;;
6ac7f6d51986392edd9222ad;697aeaf8e4420021ed5caeb1;;6a43d03d489599a52bac3e6b;36.915;24;;Anilha X;;true;;;
6ac7f6d51986392edd9222ae;697aeaf8e4420021ed5caeb1;;6a43d03d489599a52bac3e6e;36.915;24;;Anilha X;;true;;;
6ac7f6d51986392edd9222af;697aeaf8e4420021ed5caeb1;;6a43d03d489599a52bac3e29;28.622500000000002;24;;Anilha X;;true;;;
6ac7f6d51986392edd9222b0;697aeaf8e4420021ed5caeb1;;6a43d03d489599a52bac3e26;36.915;24;;Anilha X;;true;;;
6ac7f6d51986392edd9222b1;697aeaf8e4420021ed5caeb1;;6a43d03d489599a52bac3e59;28.622500000000002;24;;Anilha X;;true;;;
6ac7f6d51986392edd9222b2;697aeaf8e4420021ed5caeb1;;6a43d03d489599a52bac3e53;36.915;24;;Anilha X;;true;;;
6ac7f6d51986392edd9222b3;697aeaf8e4420021ed5caeb1;;6a43d03d489599a52bac3e56;36.915;24;;Anilha X;;true;;;
6ac7f6d51986392edd9222b4;697aeaf8e4420021ed5caeb1;;6a43d03d489599a52bac3e41;28.622500000000002;24;;Anilha X;;true;;;
6ac7f6d51986392edd9222b5;697aeaf8e4420021ed5caeb1;;6a43d03d489599a52bac3e3e;36.915;24;;Anilha X;;true;;;
6ac7fbddb453789d20f59a60;697aeaf8e4420021ed5caeb1;;6a7b12dc0628997484b815ff;108.55;24;;Furious Equipment;;true;;;
6ac97799c90a72cf4abc4b43;697aeaf8e4420021ed5caeb1;;6a7b134f920160ed9c20e859;26.28;12;;Salomé e Prado Ind.& Com. Ltda-ME;;true;;;
6ac97799c90a72cf4abc4b44;697aeaf8e4420021ed5caeb1;;6a7b134f920160ed9c20e85a;26.28;12;;Salomé e Prado Ind.& Com. Ltda-ME;;true;;;
6ac97799c90a72cf4abc4b45;697aeaf8e4420021ed5caeb1;;6a7b134f920160ed9c20e85b;21.15;12;;Salomé e Prado Ind.& Com. Ltda-ME;;true;;;
6ac97799c90a72cf4abc4b46;697aeaf8e4420021ed5caeb1;;6a7b134f920160ed9c20e85c;40.05;12;;Salomé e Prado Ind.& Com. Ltda-ME;;true;;;
6ac97799c90a72cf4abc4b47;697aeaf8e4420021ed5caeb1;;6ac9b21454ebf421bd0f7708;224.1;12;;Salomé e Prado Ind.& Com. Ltda-ME;;true;;;10/10/2026: era o template de faixa ANI-N064 (5 A 25 kg) a R$ 44,82/kg, virou peça de 5kg = 5 x 44,82
6ac97799c90a72cf4abc4b48;697aeaf8e4420021ed5caeb1;;6a7b134f920160ed9c20e85e;44.82;12;;Salomé e Prado Ind.& Com. Ltda-ME;;true;;;
6ac9b22c95eb907e06e0331f;697aeaf8e4420021ed5caeb1;;6ac9b21454ebf421bd0f7709;448.2;12;;Salomé e Prado Ind.& Com. Ltda-ME;;true;;;10/10/2026: 10kg x R$ 44,82/kg (do template de faixa ANI-N064)
6ac9b22c95eb907e06e03320;697aeaf8e4420021ed5caeb1;;6ac9b21454ebf421bd0f770a;672.3;12;;Salomé e Prado Ind.& Com. Ltda-ME;;true;;;10/10/2026: 15kg x R$ 44,82/kg (do template de faixa ANI-N064)
6ac9b22c95eb907e06e03321;697aeaf8e4420021ed5caeb1;;6ac9b21454ebf421bd0f770b;896.4;12;;Salomé e Prado Ind.& Com. Ltda-ME;;true;;;10/10/2026: 20kg x R$ 44,82/kg (do template de faixa ANI-N064)
6ac9b22c95eb907e06e03322;697aeaf8e4420021ed5caeb1;;6ac9b21454ebf421bd0f770c;1120.5;12;;Salomé e Prado Ind.& Com. Ltda-ME;;true;;;10/10/2026: 25kg x R$ 44,82/kg (do template de faixa ANI-N064)
6ac9b22c95eb907e06e03323;6a4e33d4165db6abf459b282;6a7a4fcfa3e5992c5a5cc2c5;6ac9b21454ebf421bd0f7709;448.2;0;;Anilhas de Ferro;ANI-N064;true;;;10/10/2026: 10kg x R$ 44,82/kg (do template de faixa ANI-N064)
6ac9b22c95eb907e06e03324;6a4e33d4165db6abf459b282;6a7a4fcfa3e5992c5a5cc2c5;6ac9b21454ebf421bd0f770a;672.3;0;;Anilhas de Ferro;ANI-N064;true;;;10/10/2026: 15kg x R$ 44,82/kg (do template de faixa ANI-N064)
6ac9b22c95eb907e06e03325;6a4e33d4165db6abf459b282;6a7a4fcfa3e5992c5a5cc2c5;6ac9b21454ebf421bd0f770b;896.4;0;;Anilhas de Ferro;ANI-N064;true;;;10/10/2026: 20kg x R$ 44,82/kg (do template de faixa ANI-N064)
6ac9b22c95eb907e06e03326;6a4e33d4165db6abf459b282;6a7a4fcfa3e5992c5a5cc2c5;6ac9b21454ebf421bd0f770c;1120.5;0;;Anilhas de Ferro;ANI-N064;true;;;10/10/2026: 25kg x R$ 44,82/kg (do template de faixa ANI-N064)
6aca0f8cebb957bd330de1d5;697aeaf8e4420021ed5caeb1;;6a3de23bc03bf79c138cbc3d;9.27;0;;Muscular Fitness Brasil Ltda;;true;;;
6aca0f8cebb957bd330de1d6;697aeaf8e4420021ed5caeb1;;6a3de23bc03bf79c138cbc3e;18.54;0;;Muscular Fitness Brasil Ltda;;true;;;
6aca0f8cebb957bd330de1d7;697aeaf8e4420021ed5caeb1;;6a3de23bc03bf79c138cbc3f;27.81;0;;Muscular Fitness Brasil Ltda;;true;;;
6aca0f8cebb957bd330de1d8;697aeaf8e4420021ed5caeb1;;6a3de23bc03bf79c138cbc40;37.08;0;;Muscular Fitness Brasil Ltda;;true;;;
6aca0f8cebb957bd330de1d9;697aeaf8e4420021ed5caeb1;;6a3de23bc03bf79c138cbc41;46.35;0;;Muscular Fitness Brasil Ltda;;true;;;
6aca0f8cebb957bd330de1da;697aeaf8e4420021ed5caeb1;;6a3de23bc03bf79c138cbc42;92.7;0;;Muscular Fitness Brasil Ltda;;true;;;
6aca0f8cebb957bd330de1db;697aeaf8e4420021ed5caeb1;;6a3de23bc03bf79c138cbc43;139.05;0;;Muscular Fitness Brasil Ltda;;true;;;
6aca0f8cebb957bd330de1dc;697aeaf8e4420021ed5caeb1;;6a3de23bc03bf79c138cbc44;185.4;0;;Muscular Fitness Brasil Ltda;;true;;;
6aca0f8cebb957bd330de1dd;697aeaf8e4420021ed5caeb1;;6a3de23bc03bf79c138cbc45;231.75;0;;Muscular Fitness Brasil Ltda;;true;;;